url_length,domain_length,subdomain_length,path_length,num_dots,num_hyphens,num_underscores,num_slashes,num_digits,num_special_chars,num_sensitive_words,has_@,has_https,has_ip,has_suspicious_tld,is_shortened,label
24,5,4,10,2,0,0,2,0,0,0,0,1,0,0,0,1
40,12,0,25,2,0,1,2,4,0,0,0,0,0,0,0,0
22,19,0,0,1,1,0,0,0,0,0,0,0,0,0,0,1
33,7,0,22,1,1,0,2,0,0,0,0,0,0,0,0,0
48,3,0,40,2,1,0,5,0,0,0,0,0,0,0,0,1
76,6,5,7,2,1,1,3,4,4,1,0,0,0,0,0,1
143,10,15,42,6,5,0,5,33,6,1,1,0,0,0,0,1
192,8,0,180,2,2,0,9,69,0,3,0,0,0,0,0,0
67,6,0,57,1,5,0,3,10,0,1,0,0,0,0,0,0
82,6,0,32,2,4,0,3,23,2,0,0,0,0,0,0,0
40,9,7,19,2,0,0,2,0,0,0,0,0,0,0,0,0
40,17,0,19,1,1,0,2,0,0,0,0,0,0,0,0,1
227,10,0,48,2,1,1,7,84,8,1,0,0,0,0,0,1
86,5,0,18,2,0,2,2,8,10,0,0,0,0,0,0,1
36,8,16,7,4,0,0,1,0,0,2,0,1,0,0,0,1
297,17,220,53,17,13,0,5,89,1,3,0,0,0,0,0,0
35,31,0,0,1,0,0,0,0,0,0,0,0,0,0,0,0
58,7,0,47,1,3,0,3,5,0,0,0,0,0,0,0,0
52,7,0,38,3,1,0,3,2,0,0,0,0,0,0,0,1
116,5,6,100,3,8,3,4,2,0,0,0,0,0,0,0,1
27,2,0,21,1,1,0,3,7,0,0,0,0,0,0,0,1
65,10,0,51,2,6,1,3,8,0,0,0,0,0,0,0,1
240,7,0,10,2,4,3,1,20,2,0,0,0,0,1,0,1
42,8,0,31,2,0,0,5,3,0,0,0,0,0,0,0,1
80,2,11,25,3,0,1,4,7,4,0,0,0,0,0,0,0
29,12,0,17,5,0,0,1,14,0,0,0,0,1,0,0,1
15,6,0,6,1,0,0,1,5,0,0,0,0,0,0,0,1
31,9,0,19,2,0,0,2,2,0,0,0,0,0,0,0,1
30,11,15,0,2,2,0,0,4,0,0,0,0,0,1,0,1
34,11,0,19,1,0,0,4,0,0,0,0,0,0,0,0,1
72,4,5,10,3,0,1,1,5,8,0,0,0,0,0,0,1
52,18,0,30,1,1,0,6,2,0,0,0,0,0,0,0,1
85,7,0,74,1,10,0,2,10,0,0,0,0,0,0,0,0
43,9,0,30,1,1,0,3,0,0,0,0,0,0,0,0,0
56,17,0,36,2,1,0,3,0,0,0,0,0,0,0,0,1
28,14,0,10,1,0,0,1,3,0,0,0,0,0,0,0,0
94,8,0,80,6,1,0,5,13,0,0,0,0,0,0,0,1
81,5,0,10,3,0,1,1,3,10,0,0,0,0,0,0,1
61,18,0,39,1,4,0,4,8,0,0,0,0,0,0,0,0
58,17,2,34,2,5,0,2,0,0,0,0,0,0,0,0,0
115,9,13,88,2,11,0,3,0,0,0,0,0,0,0,0,0
24,12,0,8,1,0,0,1,4,0,0,0,0,0,0,0,1
104,8,0,92,1,9,0,5,10,0,0,0,0,0,0,0,0
39,4,0,31,1,2,0,2,5,0,0,0,0,0,0,0,0
166,15,0,96,6,2,3,8,11,2,1,0,1,0,0,0,1
76,16,0,53,3,4,0,4,0,0,0,0,0,0,0,0,1
79,6,0,70,1,15,0,4,42,0,0,0,0,0,0,0,1
80,7,0,55,2,4,0,4,8,2,0,0,0,0,0,0,1
58,26,0,28,1,2,0,2,0,0,0,0,0,0,0,0,1
38,13,0,25,4,0,1,2,10,0,1,0,0,1,0,0,1
52,11,0,10,2,0,1,1,0,4,0,0,0,0,0,0,1
77,4,0,70,1,8,0,3,8,0,0,0,0,0,0,0,0
26,22,0,0,1,0,0,0,0,0,0,0,0,0,0,0,0
27,12,0,4,1,1,0,2,2,2,0,0,0,0,1,0,1
49,11,0,32,2,0,4,4,8,0,0,0,0,0,0,0,1
24,7,0,13,1,0,0,1,0,0,0,0,0,0,0,0,0
9,5,0,0,1,0,0,0,0,0,0,0,0,0,0,0,0
44,7,0,33,1,3,0,2,0,0,0,0,0,0,0,0,0
25,12,0,9,1,0,0,1,2,0,0,0,0,0,0,0,1
30,8,0,18,3,0,0,1,1,0,0,0,0,0,0,0,0
120,10,0,106,2,11,0,6,6,0,0,0,0,0,0,0,0
112,25,0,59,2,2,2,5,2,2,0,0,0,0,0,0,1
83,19,0,10,3,0,1,1,3,8,0,0,0,0,0,0,1
69,10,0,11,3,0,1,1,2,5,0,0,0,0,0,0,0
23,15,0,4,1,0,0,1,0,0,0,0,0,0,0,0,1
33,12,0,18,1,1,0,3,0,0,0,0,0,0,0,0,1
41,11,0,24,3,0,0,3,3,0,0,0,0,0,0,0,1
38,3,10,21,4,0,0,2,0,0,0,0,0,0,0,0,1
66,16,0,10,2,0,1,1,1,6,0,0,0,0,0,0,1
33,7,0,5,1,0,0,1,6,2,0,0,0,0,0,0,0
124,6,5,24,3,1,3,2,7,2,0,0,0,0,0,0,1
69,5,0,10,2,0,1,1,6,8,0,0,0,0,0,0,1
94,13,50,21,8,1,0,4,0,0,0,0,1,0,0,0,1
57,21,31,0,5,0,0,0,5,0,1,0,0,0,0,0,1
57,6,0,47,2,5,0,3,0,0,0,0,0,0,0,0,1
65,18,0,41,2,5,0,2,0,0,0,0,0,0,0,0,1
247,7,0,5,2,1,0,1,69,64,0,0,0,0,0,0,0
39,5,0,27,2,2,0,5,0,0,0,0,0,0,0,0,1
245,11,0,37,8,0,1,10,10,28,1,0,1,0,0,0,1
76,6,6,59,2,0,0,3,25,6,1,0,0,0,0,0,0
114,6,0,10,2,5,1,1,6,8,0,0,0,0,0,0,1
29,5,0,9,2,0,0,1,2,2,0,0,0,0,0,0,1
27,15,0,8,1,0,0,1,0,0,0,0,0,0,1,0,1
58,15,4,34,3,1,1,3,0,0,0,0,0,0,0,0,0
283,18,0,30,15,0,0,4,61,29,1,1,0,0,0,0,1
73,9,0,60,2,1,0,7,0,0,0,0,0,0,0,0,0
175,8,0,163,2,20,0,4,2,0,0,0,0,0,0,0,1
28,11,0,11,3,0,0,1,0,0,0,0,0,0,0,0,1
56,3,9,39,4,0,0,4,0,0,0,0,0,0,0,0,1
43,9,2,27,2,0,2,2,2,1,0,0,0,0,0,0,0
42,7,0,31,4,0,0,2,5,0,0,0,0,0,0,0,0
24,7,0,13,1,0,0,1,0,0,0,0,0,0,0,0,0
136,9,11,111,2,14,0,4,18,6,0,0,0,0,0,0,0
35,14,11,6,3,1,0,1,10,0,0,0,0,0,0,0,1
255,11,0,10,3,1,1,1,30,8,0,0,0,0,0,0,1
69,9,0,56,1,0,5,2,2,1,0,0,0,0,0,0,0
104,8,0,9,4,0,0,1,5,9,2,0,0,0,0,0,0
43,4,12,23,3,1,0,2,5,0,0,0,0,0,0,0,1
154,17,0,133,3,1,2,11,0,1,1,1,0,0,0,0,1
41,19,0,18,1,0,0,2,3,0,0,0,0,0,0,0,1
85,9,0,72,2,2,8,3,6,0,0,0,0,0,0,0,0
257,17,2,5,2,2,0,2,31,5,0,0,0,0,0,0,1
94,16,0,10,3,0,2,1,4,8,0,0,0,0,0,0,1
11,7,0,0,1,0,0,0,0,0,0,0,0,0,0,0,0
102,7,0,23,3,0,1,3,11,1,0,0,0,0,0,0,1
47,8,0,35,2,2,0,2,7,0,0,0,0,0,0,0,0
245,11,0,37,8,0,1,10,10,28,1,0,1,0,0,0,1
24,13,0,7,1,0,0,1,0,0,0,0,0,0,0,0,0
47,14,0,29,2,1,0,4,0,0,0,0,0,0,0,0,1
28,1,12,11,3,0,0,1,0,0,0,0,0,0,0,0,0
48,7,10,15,3,0,0,1,6,2,0,0,0,0,0,0,0
76,5,0,10,3,0,1,1,2,10,0,0,0,0,0,0,1
28,19,0,6,1,0,0,1,0,0,0,0,1,0,0,0,1
25,8,0,13,2,0,0,1,0,0,0,0,0,0,0,0,1
108,7,73,23,7,8,0,1,7,0,3,0,0,0,0,0,0
110,5,16,20,7,1,0,5,1,11,2,0,1,0,0,0,1
196,9,61,119,11,3,0,1,18,1,2,0,0,0,0,0,1
51,8,6,32,2,1,2,2,9,0,0,0,0,0,0,0,0
23,13,0,10,3,0,0,2,10,0,0,0,0,1,0,0,1
38,4,0,31,1,0,1,4,0,2,0,0,0,0,0,0,0
36,19,0,14,1,1,0,2,3,0,0,0,0,0,0,0,1
73,19,0,48,2,5,0,3,5,0,0,0,0,0,0,0,1
54,7,0,15,1,1,0,2,4,6,0,0,0,0,0,0,1
32,6,2,19,3,0,0,2,0,0,0,0,0,0,0,0,1
97,5,0,21,5,1,0,6,0,6,2,0,1,0,0,0,1
146,5,16,20,7,1,0,5,1,20,2,0,1,0,0,0,0
162,24,0,10,2,6,0,1,5,14,0,0,0,0,0,0,1
70,6,0,60,2,0,0,7,0,1,0,0,0,0,0,0,0
18,7,0,8,1,0,1,1,0,0,0,0,0,0,0,0,0
33,15,0,14,1,0,0,2,0,0,0,0,0,0,0,0,1
40,4,7,24,3,1,1,3,1,0,0,0,0,0,0,0,0
31,13,2,8,4,0,0,1,0,0,0,0,0,0,0,0,1
21,8,0,9,1,0,0,2,3,0,0,0,0,0,0,0,0
18,12,0,2,1,0,0,1,1,0,0,0,0,0,0,0,1
77,9,9,10,3,0,0,1,5,6,0,0,0,0,0,0,0
25,6,4,10,2,0,0,2,0,0,1,0,0,0,0,0,1
172,3,62,103,2,0,0,3,0,0,2,0,1,0,0,0,1
82,8,6,63,11,1,0,1,0,0,2,0,0,0,0,0,0
54,14,0,36,1,2,0,3,6,0,0,0,0,0,0,0,0
25,13,0,8,1,0,0,1,0,0,0,0,0,0,0,0,1
52,15,0,33,1,2,0,3,0,0,0,0,0,0,0,0,1
91,11,0,76,1,11,0,3,6,0,0,0,0,0,0,0,0
18,9,4,0,2,0,0,0,0,0,0,0,0,0,0,0,0
49,3,14,9,3,0,0,1,3,2,0,0,0,0,0,0,1
39,18,0,17,2,0,0,2,0,0,0,0,0,0,0,0,1
158,7,7,38,5,1,4,3,36,5,3,0,0,0,0,0,1
38,9,0,25,2,0,0,4,7,0,0,0,0,0,0,0,1
46,8,0,17,3,1,0,4,0,1,1,0,1,0,0,0,1
68,4,12,48,3,1,0,2,23,0,0,0,0,0,0,0,1
158,7,7,38,5,1,4,3,42,5,3,0,0,0,0,0,1
50,5,21,17,6,1,0,2,8,0,0,0,0,0,0,0,0
26,15,0,7,2,0,0,1,2,0,0,0,0,0,0,0,1
70,11,0,55,1,7,0,2,0,0,0,0,0,0,0,0,0
105,9,0,45,4,1,0,6,5,2,0,0,1,0,0,0,1
20,16,0,0,1,0,0,0,0,0,0,0,0,0,0,0,0
31,7,0,6,1,0,0,1,1,2,0,0,0,0,0,0,0
71,17,0,50,1,4,0,2,0,0,0,0,0,0,0,0,0
115,8,4,20,9,0,0,3,10,10,0,0,1,0,0,0,1
391,10,7,24,3,12,0,8,218,38,1,0,0,0,0,0,1
55,18,0,10,3,1,0,2,0,3,0,0,0,0,0,0,1
20,5,0,12,2,0,0,1,0,0,0,0,0,0,0,0,1
15,11,0,0,1,0,0,0,0,0,0,0,0,0,0,0,1
98,9,0,10,3,0,1,1,10,12,0,0,0,0,0,0,1
27,7,0,15,2,0,0,1,0,0,0,0,0,0,1,0,1
59,15,7,32,3,3,0,3,0,0,0,0,0,0,0,0,0
60,14,5,21,3,0,0,2,6,4,0,0,0,0,0,0,0
50,10,0,21,2,0,0,2,4,2,0,0,0,0,0,0,0
41,9,3,24,3,0,0,3,5,0,0,0,0,0,0,0,0
46,14,13,14,3,0,1,1,0,0,0,0,0,0,0,0,0
60,7,0,49,2,2,4,1,1,0,0,0,0,0,0,0,0
69,15,8,41,2,0,0,3,19,0,0,0,0,0,0,0,1
17,12,0,0,3,0,0,0,13,0,0,0,0,1,0,0,1
60,13,0,43,2,2,3,2,5,0,0,0,0,0,0,0,1
163,10,0,149,2,16,0,2,9,0,0,0,0,0,0,0,0
64,15,8,36,2,3,0,1,0,0,0,0,0,0,0,0,0
20,9,7,0,2,0,0,0,0,0,0,0,0,0,0,0,0
345,12,28,34,3,7,6,3,47,11,2,0,0,0,0,0,0
91,8,0,80,1,2,2,7,0,0,1,0,0,0,0,0,0
80,6,0,70,2,6,0,3,5,0,0,0,0,0,0,0,0
33,7,0,22,1,1,0,2,0,0,0,0,0,0,0,0,0
59,21,0,34,3,0,0,3,0,0,0,0,0,0,0,0,1
35,5,0,26,1,0,0,5,0,0,0,0,0,0,0,0,1
52,5,9,33,2,0,3,2,0,0,0,0,0,0,0,0,0
16,10,0,0,2,0,0,0,0,0,0,0,0,0,0,0,1
55,16,0,35,1,0,4,1,0,0,0,0,0,0,0,0,0
47,17,0,26,1,4,0,1,2,0,0,0,0,0,0,0,0
23,14,0,6,1,0,0,1,0,0,0,0,1,0,0,0,1
134,9,0,28,2,0,0,3,10,6,0,0,0,0,0,0,1
35,18,0,13,2,2,0,1,0,0,0,0,0,0,0,0,0
84,22,0,10,2,0,1,1,4,8,0,0,0,0,0,0,1
19,9,0,6,1,0,0,1,3,0,0,0,0,0,0,0,1
52,3,0,45,1,0,0,4,8,0,0,0,0,0,0,0,0
19,8,2,4,2,0,0,1,0,1,0,0,0,0,0,0,1
59,6,0,46,2,5,0,2,0,0,0,0,0,0,0,0,1
52,30,0,19,2,3,0,2,0,0,0,0,0,0,0,0,0
61,6,0,51,1,4,0,3,10,0,1,0,0,0,0,0,0
111,15,0,74,2,0,2,4,39,1,0,0,0,0,0,0,1
45,8,0,33,1,4,0,2,2,0,0,0,0,0,0,0,0
34,9,0,11,2,0,0,1,0,2,0,0,0,0,0,0,1
59,11,0,31,2,0,0,5,6,2,1,0,0,0,0,0,1
52,7,0,41,1,2,1,3,0,0,0,0,0,0,0,0,0
69,7,0,10,2,0,1,1,1,8,0,0,0,0,0,0,1
69,6,0,60,2,5,0,2,1,0,0,0,0,0,0,0,1
23,4,0,15,1,0,0,2,7,0,0,0,0,0,0,0,0
64,5,10,44,2,2,0,4,0,0,0,0,0,0,0,0,0
51,12,0,33,2,6,0,2,1,0,0,0,0,0,0,0,1
19,7,0,8,1,1,0,1,4,0,0,0,0,0,0,0,1
21,9,0,9,1,0,0,2,0,0,0,0,0,0,0,0,1
37,8,6,18,2,0,0,2,5,0,0,0,0,0,0,0,0
26,8,0,14,2,0,0,1,0,0,0,0,0,0,0,0,0
48,20,0,21,2,0,0,3,0,0,0,0,0,0,0,0,1
61,7,0,50,2,0,1,5,0,0,0,0,0,0,0,0,0
17,13,0,0,1,0,0,0,0,0,0,0,0,0,0,0,1
9,3,2,0,2,0,0,0,0,0,0,0,0,0,0,0,1
39,9,0,10,3,1,0,1,0,2,0,0,0,0,0,0,1
78,9,0,10,2,0,1,1,3,8,0,0,0,0,0,0,1
32,14,0,14,2,0,0,1,0,0,0,0,0,0,0,0,0
12,9,0,0,1,0,0,0,0,0,0,0,0,0,0,0,1
39,9,0,22,1,0,0,4,4,2,0,0,0,0,0,0,0
43,5,11,22,3,0,0,2,0,0,0,0,0,0,0,0,1
68,21,42,0,5,0,0,0,4,0,0,0,0,0,0,0,1
34,5,0,25,1,0,0,3,5,0,0,0,0,0,0,0,0
30,13,0,13,1,0,0,3,0,0,0,0,0,0,0,0,1
130,9,0,10,2,1,1,1,5,16,0,0,0,0,0,0,1
84,12,0,69,3,2,0,8,0,0,1,0,0,0,0,0,0
68,4,12,48,3,1,0,2,20,0,0,0,0,0,0,0,1
38,10,0,21,2,0,0,3,2,0,1,0,0,0,0,0,1
108,22,0,10,2,2,1,1,3,10,0,0,0,0,0,0,1
42,9,10,18,2,1,0,2,0,1,0,0,0,0,0,0,0
32,9,2,16,2,0,1,2,0,0,0,0,0,0,0,0,0
69,10,0,37,5,1,0,4,11,2,0,0,0,1,0,0,1
35,5,4,21,3,0,0,2,0,0,0,0,0,0,0,0,1
111,6,0,34,4,4,1,8,0,5,1,0,1,0,0,0,1
20,10,0,6,1,0,0,1,0,0,0,0,0,0,0,0,0
27,13,0,14,4,0,0,2,10,0,0,0,0,1,0,0,1
24,4,0,16,1,0,0,2,7,0,0,0,0,0,0,0,0
135,6,0,125,1,15,0,4,6,0,0,0,0,0,0,0,0
83,18,0,61,2,4,0,3,0,0,0,0,0,0,0,0,1
32,11,0,18,2,0,0,2,0,0,0,0,0,0,0,0,1
23,14,0,6,1,0,0,1,0,0,0,0,1,0,0,0,1
84,25,0,10,2,0,1,1,2,8,0,0,0,0,0,0,1
158,15,0,96,6,2,3,8,7,2,1,0,1,0,0,0,1
71,15,0,37,3,0,1,4,2,1,1,0,0,0,0,0,0
99,20,0,10,2,0,1,1,4,13,0,0,0,0,0,0,1
19,15,0,0,1,0,0,0,0,0,0,0,0,0,0,0,0
89,7,0,78,2,0,9,3,6,0,0,0,0,0,0,0,0
86,19,0,63,2,0,1,3,21,0,1,0,0,0,0,0,0
52,8,4,32,4,0,1,3,0,0,0,0,0,0,0,0,1
83,13,0,10,2,0,1,1,3,8,0,0,0,0,0,0,1
50,10,6,29,3,1,0,3,0,0,0,0,0,0,0,0,1
44,9,0,31,1,1,0,4,4,0,0,0,0,0,0,0,0
70,10,0,56,1,9,0,2,1,0,0,0,0,0,0,0,1
31,7,0,6,1,0,0,1,1,2,0,0,0,0,0,0,0
67,12,0,52,2,2,0,4,3,0,0,0,0,0,0,0,1
20,9,0,7,1,0,0,1,1,0,0,0,0,0,0,0,1
41,5,0,32,1,0,0,2,0,2,0,0,0,0,0,0,0
60,8,0,48,2,0,5,3,1,0,0,0,0,0,0,0,0
93,10,0,80,3,8,0,2,10,0,2,0,1,0,0,0,1
37,5,6,21,2,0,1,2,0,0,0,0,0,0,0,0,0
11,8,0,0,1,0,0,0,0,0,0,0,0,0,0,0,1
75,4,0,10,2,0,1,1,6,10,0,0,0,0,0,0,1
56,5,20,26,5,1,0,2,0,1,2,0,0,0,0,0,1
43,12,0,27,1,1,1,2,7,0,0,0,0,0,0,0,0
28,6,0,4,3,0,0,2,0,2,0,0,0,0,0,0,1
105,8,0,10,2,0,1,1,15,12,0,0,0,0,0,0,1
29,13,0,16,3,0,0,2,10,0,0,0,0,1,0,0,1
40,11,0,25,1,0,0,3,3,1,0,0,0,0,0,0,0
59,8,3,43,3,0,0,5,1,0,0,0,0,0,0,0,1
65,19,0,42,1,0,0,4,26,0,1,0,1,0,0,0,1
38,10,0,24,1,1,0,3,0,0,0,0,0,0,0,0,1
117,5,16,47,8,0,0,7,1,11,2,0,1,0,0,0,1
32,9,0,19,2,0,0,1,0,0,0,0,0,0,0,0,0
18,9,0,6,1,0,0,1,1,0,0,0,0,0,0,0,1
89,9,13,62,2,7,0,2,0,0,0,0,0,0,0,0,0
44,5,9,23,5,0,1,1,0,0,0,0,0,0,0,0,0
26,11,0,11,2,0,0,1,0,0,0,0,0,0,0,0,1
27,14,0,7,4,0,0,1,16,0,0,0,0,1,0,0,1
25,21,0,0,1,0,0,0,0,0,0,0,0,0,0,0,1
48,9,6,28,2,1,0,2,0,0,0,0,0,0,0,0,1
73,7,0,35,1,0,3,2,5,6,0,0,0,0,0,0,0
24,9,0,11,1,0,0,2,0,0,0,0,0,0,0,0,1
77,6,0,37,2,1,0,3,9,4,0,0,0,0,0,0,0
21,17,0,0,1,0,0,0,0,0,0,0,0,0,0,0,1
54,14,0,40,4,2,1,5,11,0,0,0,0,1,0,0,1
35,14,0,17,1,1,0,2,3,0,0,0,0,0,0,0,1
239,14,121,99,12,4,0,8,51,1,2,0,0,0,0,0,0
48,11,0,1,1,1,0,1,5,7,0,0,0,0,0,0,0
39,11,0,24,1,0,0,5,1,0,0,0,0,0,0,0,0
34,9,2,18,2,0,1,2,0,0,0,0,0,0,0,0,0
17,13,0,0,1,0,0,0,0,0,0,0,0,0,0,0,1
19,15,0,0,1,0,0,0,0,0,0,0,0,0,0,0,1
59,16,0,10,1,0,0,1,1,6,0,0,0,0,0,0,1
84,7,0,73,1,6,0,3,12,1,0,0,0,0,0,0,0
41,4,12,21,3,1,0,2,5,0,0,0,0,0,0,0,1
43,8,0,31,1,1,0,3,9,0,0,0,0,0,0,0,0
36,6,0,26,1,1,0,3,0,0,0,0,0,0,0,0,1
93,8,0,82,2,2,0,7,21,0,1,0,0,0,0,0,1
25,10,0,11,1,0,0,3,3,0,0,0,0,0,0,0,0
20,16,0,0,1,0,0,0,0,0,0,0,0,0,0,0,1
223,18,0,10,2,0,2,1,12,38,0,0,0,0,0,0,1
89,19,7,58,3,5,0,3,6,0,0,0,0,0,0,0,0
106,7,0,14,2,3,1,2,8,10,0,0,0,0,0,0,1
58,7,0,24,2,0,0,2,1,7,0,0,0,0,0,0,0
53,29,0,20,1,0,0,2,2,4,0,0,0,0,0,0,0
74,19,0,51,2,4,0,3,6,0,0,0,0,0,0,0,0
98,11,0,81,4,7,0,3,0,0,0,0,0,0,0,0,1
31,7,0,6,1,1,0,1,0,2,0,0,0,0,0,0,0
77,2,0,71,1,8,0,2,6,0,0,0,0,0,0,0,0
119,5,0,110,1,2,0,3,38,32,0,0,0,0,0,0,0
93,6,0,14,6,1,0,8,8,6,1,0,0,0,0,0,0
70,4,6,19,5,0,0,6,0,2,1,0,0,0,0,0,1
32,3,15,9,7,0,0,1,8,0,0,0,0,1,0,0,1
26,19,0,0,2,0,0,0,0,0,0,0,0,0,0,0,1
35,10,0,22,2,0,0,3,0,0,0,0,0,0,0,0,1
71,22,0,36,2,1,0,4,0,2,0,0,0,0,0,0,1
19,8,0,7,1,0,0,1,1,0,0,0,0,0,0,0,1
48,5,0,40,1,2,0,4,3,0,0,0,0,0,0,0,1
29,9,0,16,2,0,0,1,0,0,1,0,0,0,0,0,1
186,4,0,11,3,4,0,1,77,34,0,0,0,0,0,0,1
28,13,0,11,2,0,0,1,0,0,0,0,0,0,0,0,0
28,13,10,0,2,0,0,0,3,0,0,0,0,0,0,0,1
36,7,0,13,3,0,0,1,2,2,0,0,0,0,0,0,1
37,20,0,1,1,0,1,1,3,2,0,0,0,0,0,0,0
32,14,0,15,2,0,0,2,0,0,0,0,0,0,0,0,1
77,25,0,10,3,0,1,1,3,6,0,0,0,0,0,0,1
120,10,0,98,1,16,0,2,10,2,0,0,0,0,0,0,0
11,8,0,0,1,0,0,0,0,0,0,0,0,0,0,0,0
32,5,0,24,3,0,0,3,2,0,0,0,0,0,0,0,1
28,11,0,14,2,0,0,1,0,0,0,0,0,0,0,0,0
43,6,0,34,1,0,0,2,0,0,0,0,0,0,0,0,0
12,8,0,0,1,0,0,0,0,0,0,0,0,0,1,0,1
23,12,0,11,4,0,0,1,11,0,0,0,0,1,0,0,1
70,21,5,39,2,2,0,4,0,0,0,0,0,0,0,0,1
22,6,0,12,2,0,0,1,0,0,0,0,0,0,0,0,1
79,12,0,10,3,0,1,1,6,8,0,0,0,0,0,0,1
114,7,0,84,2,11,1,4,5,2,0,0,0,0,0,0,0
30,9,0,18,2,0,0,2,0,0,2,0,0,0,0,0,1
58,15,0,39,1,3,0,2,0,0,0,0,0,0,0,0,0
92,19,0,69,1,4,0,6,16,2,0,0,0,0,0,0,0
62,13,0,17,2,0,2,1,9,4,0,0,0,0,0,0,0
136,10,0,10,2,10,1,1,20,10,0,0,0,0,0,0,1
144,12,21,54,4,6,3,6,13,4,2,0,0,0,0,0,1
92,3,0,85,1,11,0,3,6,0,0,0,0,0,0,0,0
142,9,0,129,2,5,2,11,6,2,5,0,1,0,0,0,1
84,15,0,65,2,1,0,4,23,0,0,0,0,0,0,0,1
52,9,10,28,3,1,0,2,0,3,0,0,0,0,0,0,0
50,11,0,35,2,3,0,2,0,0,0,0,0,0,0,0,0
106,14,0,92,3,0,0,2,11,0,1,0,1,1,0,0,1
49,14,0,9,2,0,0,1,3,8,0,0,0,0,0,0,0
29,13,0,12,2,0,0,2,0,0,0,0,0,0,0,0,0
19,7,0,8,1,0,0,1,0,0,0,0,0,0,0,0,0
82,10,0,10,2,0,1,1,7,8,0,0,0,0,0,0,1
30,11,5,9,2,0,0,1,0,0,0,0,0,0,0,0,0
16,13,0,0,1,0,0,0,0,0,0,0,0,0,0,0,1
52,16,0,33,2,1,0,3,0,0,0,0,0,0,0,0,1
37,20,0,11,3,1,1,1,1,0,0,0,0,0,0,0,0
41,26,0,11,2,0,0,1,0,0,0,0,0,0,0,0,1
16,13,0,0,1,0,0,0,0,0,0,0,0,0,0,0,1
87,3,0,81,1,9,0,4,11,0,0,0,0,0,0,0,1
17,7,0,6,2,0,0,1,0,0,0,0,0,0,0,0,1
37,10,0,24,2,2,0,1,0,0,0,0,0,0,0,0,1
158,15,0,96,6,2,3,8,7,2,1,0,1,0,0,0,1
23,4,0,15,1,0,0,2,7,0,0,0,0,0,0,0,0
47,16,0,19,2,0,0,3,0,2,1,0,0,0,0,0,1
76,7,0,65,1,8,0,4,8,0,0,0,0,0,0,0,0
26,3,2,16,2,0,1,2,0,0,0,0,0,0,0,0,0
7,4,0,0,1,0,0,0,0,0,0,0,0,0,0,0,1
68,16,0,45,6,0,0,4,0,0,1,0,0,0,0,0,0
73,10,4,54,2,1,0,5,0,0,0,0,0,0,0,0,1
135,12,0,119,5,0,0,10,19,0,0,0,0,0,0,0,1
64,10,0,15,3,0,1,2,2,4,0,0,0,0,0,0,1
63,14,0,45,2,4,0,1,14,0,0,0,0,0,0,0,0
27,4,5,13,2,0,0,2,4,0,0,0,0,0,0,0,1
48,11,7,11,3,0,0,1,6,2,0,0,0,0,0,0,0
117,13,4,10,6,1,0,1,6,19,2,0,1,0,1,0,0
26,9,0,13,1,0,0,2,0,0,0,0,0,0,0,0,1
99,16,0,79,3,0,0,5,23,0,0,0,0,0,0,0,1
24,9,0,12,3,0,0,1,1,0,0,0,0,0,0,0,1
127,21,0,95,1,2,0,4,27,7,0,0,0,0,0,0,0
37,8,0,25,1,0,1,3,0,0,0,0,0,0,0,0,0
206,11,0,10,2,0,1,1,27,9,0,0,0,0,0,0,1
28,11,0,13,1,0,0,1,0,0,0,0,0,0,0,0,0
25,6,0,15,2,0,0,1,0,0,0,0,0,0,0,0,1
157,13,0,10,2,3,1,1,8,18,0,0,0,0,0,0,1
52,16,0,23,2,1,0,2,0,2,0,0,0,0,0,0,0
23,8,0,11,2,0,0,1,0,0,0,0,0,0,0,0,1
50,10,0,37,2,1,0,4,2,0,0,0,0,0,0,0,1
33,10,0,19,2,0,0,3,0,0,0,0,0,0,0,0,1
23,13,0,6,1,0,0,1,3,0,0,0,0,0,0,0,1
37,10,21,0,2,3,0,0,0,0,2,0,0,0,1,0,1
56,9,0,21,3,1,0,7,0,1,1,0,1,0,0,0,1
89,11,0,75,2,6,0,4,5,0,0,0,0,0,0,0,0
34,6,0,25,2,0,0,3,0,0,0,0,0,0,0,0,1
98,6,0,15,2,0,0,2,3,18,0,0,0,0,0,0,0
60,18,0,39,1,0,0,3,0,0,0,0,0,0,0,0,1
103,5,0,31,2,0,0,4,6,3,1,0,0,0,0,0,1
56,13,17,22,3,0,0,2,0,0,0,0,0,0,0,0,1
55,12,0,39,2,2,0,2,0,0,0,0,0,0,0,0,0
48,4,0,40,2,0,0,3,0,1,0,0,0,0,0,0,0
24,10,0,10,1,0,0,2,0,0,0,0,0,0,0,0,1
17,4,0,9,1,0,0,1,0,1,0,0,0,0,0,0,1
44,8,0,32,1,0,0,3,5,0,0,0,0,0,0,0,0
46,15,0,25,3,0,0,3,0,0,0,0,0,0,0,0,1
17,14,0,0,1,1,0,0,0,0,0,0,0,0,0,0,1
117,8,0,6,3,2,0,1,11,8,1,0,1,0,0,0,1
14,10,0,0,1,0,0,0,2,0,0,0,0,0,0,0,1
26,13,0,7,4,0,0,1,15,0,0,0,0,1,0,0,1
117,5,16,47,8,0,0,7,1,11,2,0,1,0,0,0,1
79,7,6,18,3,0,0,2,25,2,0,0,0,0,0,0,0
39,9,6,19,2,0,1,1,0,0,0,0,0,0,0,0,0
73,6,0,60,2,0,1,3,19,0,1,0,0,0,0,0,0
89,24,0,10,2,1,1,1,2,6,0,0,0,0,0,0,1
24,9,0,11,2,0,0,1,0,0,0,0,0,0,0,0,1
25,11,0,10,2,0,0,1,0,0,0,0,0,0,0,0,1
18,7,0,8,1,0,0,1,1,0,0,0,0,0,0,0,1
39,7,0,29,1,0,0,4,2,0,0,0,0,0,0,0,1
31,7,0,20,2,0,0,1,0,0,0,0,0,0,0,0,1
30,3,7,16,2,0,0,2,0,1,0,0,0,0,0,0,1
64,5,0,10,2,0,1,1,2,8,0,0,0,0,0,0,1
45,8,4,25,4,0,0,3,0,0,2,0,0,0,0,0,1
33,15,0,14,2,0,0,1,0,0,0,0,0,0,0,0,1
37,14,0,19,1,1,1,1,0,0,1,0,0,0,0,0,0
21,6,0,8,2,0,0,1,1,0,0,0,0,0,0,0,1
75,6,0,4,4,0,0,5,0,5,2,0,1,0,0,0,0
54,8,3,38,2,2,0,3,3,0,0,0,0,0,0,0,0
31,7,0,6,1,0,1,1,1,2,0,0,0,0,0,0,0
64,8,0,53,3,2,0,4,0,0,0,0,0,0,0,0,1
28,6,0,19,1,1,0,2,0,0,0,0,0,0,0,0,1
75,14,0,10,2,1,1,1,4,8,0,0,0,0,0,0,1
18,2,0,12,1,0,1,1,0,0,0,0,0,0,0,0,0
31,5,6,13,4,0,0,1,2,0,0,0,0,0,0,0,1
31,7,0,6,1,1,0,1,3,2,0,0,0,0,0,0,0
39,7,9,19,2,0,0,2,0,0,0,0,0,0,0,0,1
90,11,0,72,3,1,0,7,0,0,1,0,0,0,0,0,1
25,7,2,11,2,0,0,2,0,1,0,0,0,0,0,0,1
47,8,0,35,2,0,1,2,17,0,0,0,0,0,0,0,1
11,7,0,0,1,0,0,0,4,0,0,0,0,0,0,0,1
33,8,0,12,2,0,0,1,1,2,0,0,0,0,0,0,1
45,8,2,30,2,1,0,5,7,0,0,0,0,0,0,0,0
25,18,0,0,2,0,0,0,0,0,0,0,0,0,0,0,0
27,15,0,12,4,0,0,1,12,0,0,0,0,1,0,0,1
245,10,8,54,3,1,5,5,65,14,0,0,0,0,0,0,1
43,5,0,34,1,2,0,3,1,0,0,0,0,0,0,0,0
24,9,0,12,2,0,0,1,0,0,0,0,0,0,0,0,1
35,8,0,24,1,2,0,3,2,0,0,0,0,0,0,0,1
28,13,0,11,2,0,0,1,0,0,0,0,0,0,0,0,1
60,11,7,19,3,0,1,1,9,2,0,0,0,0,0,0,1
42,7,10,20,3,0,0,2,6,0,0,0,0,0,0,0,1
14,10,0,0,1,0,0,0,0,0,0,0,0,0,0,0,1
33,19,0,11,2,1,0,1,0,0,0,0,0,0,0,0,1
39,5,0,30,3,0,0,4,3,0,0,0,0,0,0,0,1
21,16,0,0,1,0,0,0,0,0,0,0,0,0,0,0,1
115,10,0,10,2,4,1,1,4,8,0,0,0,0,0,0,1
21,16,0,0,1,0,0,0,0,1,0,0,0,0,0,0,1
41,6,0,31,1,0,0,3,20,1,0,1,0,0,0,0,0
26,10,0,12,1,1,0,1,0,0,0,0,0,0,0,0,1
23,14,0,4,3,0,0,1,16,0,0,0,0,1,0,0,1
53,8,2,38,2,2,0,5,7,0,0,0,0,0,0,0,0
25,13,0,8,1,0,0,1,2,0,0,0,0,0,0,0,1
49,9,2,33,2,1,0,1,20,0,1,0,0,0,0,0,1
106,7,0,20,2,7,0,2,15,12,0,0,0,0,0,0,0
17,13,0,0,1,0,0,0,0,0,0,0,0,0,0,0,1
39,18,0,17,1,0,0,3,0,0,1,0,0,0,0,0,1
81,11,0,66,2,13,0,1,3,0,0,0,0,0,0,0,0
22,18,0,0,1,0,0,0,0,0,1,0,0,0,0,0,1
10,5,0,2,1,0,0,1,0,0,0,0,0,0,0,0,1
31,7,0,6,1,0,1,1,4,2,0,0,0,0,0,0,0
11,7,0,0,1,0,0,0,0,0,0,0,0,0,0,0,1
56,11,0,41,1,4,0,3,4,0,0,0,0,0,0,0,0
45,16,0,25,2,0,0,3,0,0,0,0,0,0,0,0,1
31,12,0,15,2,0,0,2,0,0,0,0,0,0,0,0,1
27,5,0,18,2,0,1,2,2,0,0,0,0,0,0,0,1
8,5,0,0,1,0,0,0,1,0,0,0,0,0,1,0,0
20,8,0,8,1,0,0,1,2,0,0,0,0,0,0,0,0
30,13,0,17,4,0,0,2,10,0,0,0,0,1,0,0,1
123,4,35,4,4,1,1,2,29,4,0,0,1,0,0,0,0
54,10,0,40,2,2,0,4,6,0,0,0,0,0,0,0,0
48,8,0,36,1,1,0,3,15,0,0,0,0,0,0,0,0
74,18,0,53,4,4,0,2,0,0,0,0,0,0,0,0,1
13,9,0,0,1,0,0,0,0,0,0,0,0,0,0,0,0
59,14,0,38,2,0,0,5,15,0,0,0,0,0,0,0,0
18,14,0,0,1,0,0,0,0,0,0,0,0,0,0,0,1
72,11,0,10,2,0,1,1,4,8,0,0,0,0,0,0,1
53,3,7,38,3,1,0,5,0,0,0,0,0,0,0,0,0
33,5,14,7,4,0,0,1,0,0,0,0,0,0,0,0,0
50,13,0,34,2,0,0,5,0,0,0,0,0,0,0,0,0
27,7,0,16,1,0,0,1,0,0,0,0,0,0,0,0,0
140,12,0,10,2,11,1,1,6,8,0,0,0,0,0,0,1
74,5,0,65,2,3,0,5,0,3,2,0,0,0,0,0,0
117,5,16,47,8,0,0,7,1,11,2,0,1,0,0,0,1
176,23,0,58,3,1,3,4,63,4,1,0,0,0,0,0,0
43,13,0,26,5,0,0,2,0,0,0,0,0,0,0,0,0
58,13,0,41,1,1,0,5,3,0,0,0,0,0,0,0,1
48,12,0,33,4,0,0,5,2,0,0,0,1,0,0,0,1
33,11,4,13,2,0,0,2,6,0,0,0,0,0,0,0,0
79,9,5,60,2,9,0,2,8,0,0,0,0,0,0,0,0
28,5,10,2,3,0,0,1,0,2,0,0,0,0,0,0,0
38,8,0,26,1,0,0,3,12,0,0,0,0,0,0,0,0
39,12,0,10,2,1,0,1,2,2,0,0,0,0,0,0,1
100,14,0,82,1,9,0,2,13,0,0,0,0,0,0,0,0
220,10,0,38,3,0,0,4,20,4,0,0,0,0,0,0,1
52,2,4,41,2,1,1,7,0,0,0,0,0,0,0,0,0
73,10,0,10,2,1,2,1,3,8,0,0,0,0,0,0,1
37,14,18,0,2,2,0,0,0,0,1,0,0,0,0,0,0
85,10,4,66,3,1,3,3,13,3,0,0,0,0,0,0,0
49,14,0,31,1,3,0,1,0,0,0,0,0,0,0,0,0
83,21,0,10,2,0,1,1,4,8,0,0,0,0,0,0,1
94,13,50,21,8,1,0,4,0,0,0,0,1,0,0,0,1
60,9,0,10,2,0,1,1,2,6,0,0,0,0,0,0,1
89,8,0,10,2,0,1,1,3,12,0,0,0,0,0,0,1
89,9,0,59,3,1,0,7,0,4,2,0,1,0,0,0,1
29,7,0,18,2,0,0,2,2,1,1,0,0,0,0,0,1
55,4,0,47,2,0,0,5,3,0,0,0,0,0,0,0,1
17,13,0,0,1,0,0,0,0,0,0,0,0,0,0,0,1
112,6,0,17,6,1,0,7,8,12,1,0,0,0,0,0,1
31,14,0,13,2,0,0,1,0,0,0,0,0,0,0,0,1
53,25,0,24,1,2,0,3,0,0,0,0,0,0,0,0,1
162,9,0,57,4,2,1,7,43,5,2,0,0,0,0,0,1
58,21,0,24,1,3,0,3,3,2,0,0,0,0,0,0,1
30,14,0,16,4,0,0,2,11,0,0,0,0,1,0,0,1
27,6,0,14,2,0,0,3,0,0,0,0,0,0,0,0,1
103,11,0,19,2,1,1,1,19,11,0,0,0,0,0,0,0
159,4,7,52,12,1,0,12,6,7,0,0,1,0,0,0,1
93,2,7,79,2,0,8,5,9,0,0,0,0,0,0,0,0
16,12,0,0,1,1,0,0,0,0,0,0,0,0,0,0,0
16,11,0,0,3,0,0,0,12,0,0,0,0,1,0,0,1
97,10,0,83,4,1,0,4,30,0,2,0,0,0,0,0,1
32,19,0,10,2,0,0,1,0,0,0,0,0,0,0,0,1
71,8,0,10,2,0,1,1,4,8,0,0,0,0,0,0,1
92,11,0,77,1,12,0,4,8,0,0,0,0,0,0,0,0
90,5,0,13,7,1,0,8,2,5,1,0,0,0,0,0,0
17,5,0,8,1,0,0,1,0,0,0,0,0,0,0,0,1
70,30,0,37,2,0,0,3,3,0,1,0,0,0,0,0,1
36,9,0,23,1,2,0,1,6,0,0,0,0,0,0,0,0
19,15,0,0,1,0,0,0,0,0,0,0,0,0,0,0,0
130,12,0,17,2,4,1,2,16,10,0,0,0,0,0,0,1
60,9,19,27,2,2,0,1,0,0,0,0,0,0,0,0,0
16,12,0,0,1,0,0,0,0,0,0,0,0,0,0,0,0
32,9,10,8,2,0,0,2,6,0,0,0,0,0,0,0,0
33,7,0,22,1,2,0,2,0,0,0,0,0,0,0,0,0
80,26,0,47,2,4,0,2,0,0,0,0,0,0,0,0,1
66,9,2,50,2,0,3,2,0,0,0,0,0,0,0,0,0
89,6,0,79,1,11,0,2,22,0,0,0,0,0,0,0,0
71,8,8,50,3,0,5,3,4,1,0,0,0,0,0,0,0
132,14,24,23,8,5,2,5,2,5,1,0,1,0,0,0,0
44,8,4,27,3,0,0,3,2,0,0,0,0,0,0,0,0
70,8,19,38,3,3,0,3,6,0,0,0,0,0,0,0,0
31,20,0,4,2,0,0,1,0,0,0,0,0,0,0,0,1
24,11,0,9,1,0,0,1,1,0,0,0,0,0,0,0,1
27,9,0,14,2,1,0,1,0,0,0,0,0,0,0,0,0
31,13,0,15,1,0,0,1,4,0,0,0,0,0,0,0,1
25,4,6,10,3,0,0,1,1,0,0,0,0,0,0,0,0
12,9,0,0,1,0,0,0,0,0,0,0,0,0,0,0,0
81,7,0,70,2,2,0,6,13,0,0,0,0,0,0,0,1
36,12,0,21,2,0,0,3,0,0,0,0,0,0,0,0,1
81,4,0,13,2,0,1,2,4,10,0,0,0,0,0,0,0
23,8,0,11,1,0,0,1,0,0,0,0,0,0,0,0,1
30,11,0,15,1,0,0,2,0,0,0,0,0,0,0,0,1
105,9,0,92,7,0,1,5,15,0,0,0,1,1,0,0,1
18,13,0,0,3,0,0,0,14,0,0,0,0,1,0,0,1
86,5,0,28,3,0,0,3,0,6,0,0,0,0,0,0,1
57,10,2,40,3,3,0,5,8,0,0,0,0,0,0,0,0
49,8,5,31,2,2,0,3,9,0,0,0,0,0,0,0,0
163,8,0,4,2,6,3,1,29,13,0,0,0,0,0,0,0
29,11,0,15,2,1,0,1,0,0,0,0,0,0,0,0,1
27,14,0,7,4,0,0,1,16,0,0,0,0,1,0,0,1
48,9,0,36,2,1,0,3,0,0,0,0,0,0,0,0,1
76,8,0,64,1,7,0,5,9,0,0,0,0,0,0,0,0
36,15,0,17,2,0,0,2,3,0,0,0,0,0,0,0,0
33,12,0,17,2,0,0,2,1,0,0,0,0,0,0,0,1
17,7,0,6,1,0,0,1,4,0,0,0,0,0,0,0,1
60,8,0,48,1,2,2,3,6,0,0,0,0,0,0,0,0
27,7,0,15,2,0,0,2,0,0,0,0,0,0,1,0,1
46,13,0,14,2,0,0,3,4,4,0,0,0,0,0,0,0
20,15,0,0,1,1,0,0,1,0,0,0,0,0,1,0,1
45,10,0,17,2,0,0,2,4,2,0,0,0,0,0,0,0
42,14,0,24,1,4,0,2,0,0,0,0,0,0,0,0,0
21,7,0,10,1,0,0,2,2,0,0,0,0,0,0,0,1
14,6,3,0,2,0,0,0,4,0,0,0,0,0,0,0,1
45,9,0,32,2,0,0,3,0,0,0,0,0,0,0,0,0
71,11,0,53,3,2,0,6,0,0,0,0,0,0,0,0,1
13,5,0,4,1,0,0,1,3,0,0,0,0,0,0,0,1
53,8,0,41,1,1,0,3,15,0,0,0,0,0,0,0,0
28,13,0,15,3,1,0,2,11,0,0,0,0,1,0,0,1
34,11,0,19,1,0,0,2,0,0,0,0,0,0,0,0,1
12,4,0,4,1,0,0,1,0,0,0,0,0,0,0,0,1
117,13,4,10,6,1,0,1,6,19,2,0,1,0,1,0,0
108,9,0,45,4,1,0,6,6,2,0,0,1,0,0,0,1
70,9,0,11,2,1,1,1,0,6,0,0,0,0,0,0,1
33,9,0,20,2,0,0,2,3,0,0,0,0,0,0,0,1
80,0,0,74,2,3,0,5,0,0,0,0,0,0,0,0,0
103,10,0,67,2,2,0,8,5,2,0,0,0,0,1,0,1
29,13,0,16,4,0,0,2,12,0,0,0,0,1,0,0,1
53,48,0,0,1,5,0,0,0,0,0,0,0,0,1,0,1
254,8,0,128,2,4,0,9,85,6,0,0,0,0,0,0,1
40,10,8,18,3,0,0,2,2,0,0,0,0,0,0,0,1
26,13,0,7,2,0,0,1,0,0,0,0,0,0,0,0,1
17,14,0,0,3,0,0,0,13,0,0,0,0,1,0,0,1
89,9,0,21,5,1,0,12,1,2,1,0,1,0,0,0,1
14,4,5,0,1,0,0,0,1,2,0,0,0,0,0,0,1
94,17,0,74,1,6,0,3,2,0,0,0,0,0,0,0,1
93,10,0,80,3,8,0,2,10,0,2,0,1,0,0,0,1
68,9,31,5,6,0,0,3,1,7,2,0,0,0,0,0,1
33,9,0,20,2,0,0,2,2,0,0,0,0,0,0,0,1
42,4,0,34,3,1,0,2,0,0,0,0,0,0,0,0,1
36,5,9,17,3,0,0,3,8,0,0,0,0,0,0,0,1
65,29,0,32,2,0,0,4,3,1,0,0,0,0,0,0,0
117,12,23,58,3,2,0,1,9,4,0,0,0,0,0,0,1
26,11,0,11,1,1,0,1,3,0,0,0,0,0,0,0,1
31,13,0,15,2,0,0,1,0,0,0,0,0,0,0,0,1
76,5,20,26,5,0,0,2,1,6,2,0,0,0,0,0,0
57,8,0,42,3,2,0,2,0,0,0,0,0,0,0,0,1
216,15,0,43,2,1,1,5,87,4,0,0,0,0,0,0,0
84,19,0,56,2,2,0,6,1,2,1,0,0,0,0,0,1
46,16,0,10,3,0,0,1,2,1,0,0,0,0,0,0,1
244,5,5,12,12,0,0,2,55,25,1,0,1,0,0,0,1
15,11,0,0,1,0,0,0,0,0,0,0,0,0,0,0,1
70,13,0,44,2,1,0,3,2,2,0,0,0,0,0,0,0
62,19,0,39,2,0,0,5,2,0,0,0,0,0,0,0,1
21,9,0,8,1,0,0,1,3,0,0,0,0,0,0,0,1
33,7,2,19,3,0,0,3,1,1,0,0,0,0,0,0,1
23,8,0,11,1,0,0,2,1,0,0,0,0,0,0,0,0
78,12,5,56,4,1,1,4,0,1,1,0,0,0,0,0,1
11,7,0,0,1,0,0,0,0,0,0,0,0,0,0,0,1
13,9,0,0,1,0,0,0,0,0,0,0,0,0,0,0,0
15,11,0,0,1,0,0,0,0,0,0,0,0,0,0,0,1
35,10,0,18,3,0,0,2,4,1,0,0,0,0,0,0,1
345,12,28,34,3,9,5,3,46,11,2,0,0,0,0,0,0
43,14,0,26,2,3,0,1,0,0,0,0,0,0,0,0,1
40,13,22,0,2,3,0,0,7,0,0,0,0,0,0,0,1
95,10,0,81,2,7,0,3,4,0,0,0,0,0,0,0,1
81,9,0,10,2,0,0,1,0,8,0,0,0,0,0,0,0
111,10,0,94,3,11,0,3,4,0,0,0,0,0,0,0,1
31,3,7,16,2,0,0,3,0,0,0,0,0,0,0,0,1
138,9,0,10,4,0,4,1,6,14,0,0,0,0,0,0,1
97,4,0,20,4,0,0,8,5,6,1,0,0,0,1,0,1
54,4,0,10,2,0,1,1,0,6,0,0,0,0,0,0,1
51,8,0,39,1,1,0,3,15,0,0,0,0,0,0,0,0
72,5,54,6,12,0,0,1,2,0,4,0,1,0,0,0,1
125,7,0,10,2,3,1,1,8,12,0,0,0,0,0,0,1
41,14,0,14,2,0,0,2,2,2,0,0,0,0,0,0,1
72,6,5,3,2,0,1,1,6,4,1,0,0,0,0,0,1
41,9,2,25,2,0,1,2,0,0,0,0,0,0,0,0,0
99,6,0,89,1,12,0,3,5,0,0,0,0,0,0,0,0
26,11,0,11,1,0,0,2,0,0,0,0,0,0,0,0,0
46,8,0,34,2,0,1,2,16,0,0,0,0,0,0,0,1
28,11,0,13,1,0,0,2,7,0,0,0,0,0,0,0,0
87,2,18,62,3,4,0,4,0,0,0,0,0,0,0,0,0
103,11,0,10,2,0,1,1,27,6,0,0,0,0,0,0,1
72,21,0,47,1,2,0,3,2,0,0,0,0,0,0,0,1
10,3,0,4,1,0,0,1,1,0,0,0,0,0,0,0,1
104,6,0,94,1,9,0,6,4,0,0,0,0,0,0,0,0
56,16,0,37,2,2,0,2,0,0,0,0,0,0,0,0,1
22,9,0,10,1,0,0,1,0,1,0,0,0,0,0,0,1
54,8,0,42,2,0,0,5,0,0,0,0,0,0,0,0,1
21,10,0,7,1,0,0,1,4,0,0,0,0,0,0,0,1
33,16,0,13,1,1,0,3,0,0,0,0,0,0,0,0,1
38,14,7,10,3,0,0,1,0,0,0,0,0,0,0,0,1
28,8,0,16,2,0,0,2,0,0,0,0,0,0,0,0,1
39,5,0,30,1,3,0,3,2,0,0,0,0,0,0,0,0
29,9,5,8,3,0,0,1,0,1,0,0,0,0,0,0,1
39,13,0,23,1,1,0,2,0,0,0,0,0,0,0,0,1
38,4,0,30,1,0,0,4,0,0,0,0,0,0,0,0,0
541,11,0,35,3,1,0,4,142,2,0,0,1,0,0,0,1
45,9,8,23,3,0,0,3,1,0,0,0,0,0,0,0,0
144,9,23,107,2,1,0,1,17,0,0,0,0,0,0,0,1
19,15,0,0,1,0,0,0,0,0,0,0,0,0,0,0,0
49,14,0,28,3,1,0,4,1,0,0,0,0,0,0,0,1
37,13,0,20,1,1,0,2,3,0,0,0,0,0,0,0,1
34,9,0,21,2,0,0,2,0,0,0,0,0,0,0,0,1
71,7,0,10,2,0,1,1,6,8,0,0,0,0,0,0,1
28,10,13,0,2,0,0,0,2,0,0,0,0,0,0,0,0
146,6,0,134,5,2,0,7,17,0,1,0,1,0,0,0,1
52,9,8,30,2,0,0,1,1,0,0,0,0,0,0,0,1
60,15,0,41,2,2,0,3,7,0,0,0,0,0,0,0,0
81,16,0,10,3,0,1,1,4,8,0,0,0,0,0,0,1
99,19,0,76,2,5,0,5,8,0,0,0,0,0,0,0,0
110,9,0,98,2,10,0,3,2,0,0,0,0,0,0,0,1
31,27,0,0,1,2,0,0,0,0,1,0,0,0,0,0,1
16,11,0,0,1,1,0,0,0,0,0,0,0,0,1,0,0
74,12,0,10,2,1,1,1,4,8,0,0,0,0,0,0,1
38,3,0,28,3,0,0,3,0,0,0,0,0,0,0,0,0
78,7,0,67,1,8,0,1,10,0,0,0,0,0,0,0,0
35,17,12,0,4,0,0,0,7,0,1,0,0,0,0,0,1
103,14,0,10,3,0,1,1,10,12,0,0,0,0,0,0,1
37,12,0,21,2,0,0,2,0,0,0,0,0,0,0,0,1
92,10,0,79,2,15,0,2,6,0,0,0,0,0,0,0,0
48,11,0,33,2,3,0,2,0,0,0,0,0,0,0,0,0
154,8,9,11,3,0,2,1,7,20,0,0,0,0,0,0,1
117,13,4,10,6,1,0,1,6,19,2,0,1,0,1,0,0
409,11,111,186,17,5,2,14,114,9,4,0,1,0,0,0,0
40,12,0,24,1,0,0,2,2,0,0,0,0,0,0,0,0
51,8,0,37,4,0,0,4,5,0,0,0,0,0,0,0,0
39,6,0,8,1,0,0,2,1,6,0,0,0,0,0,0,1
42,17,0,21,1,0,1,2,0,0,0,0,0,0,0,0,0
50,19,26,0,2,2,0,0,2,0,1,0,0,0,0,0,1
29,10,0,15,2,0,0,2,1,0,0,0,0,0,0,0,0
42,9,0,29,1,0,0,4,2,0,0,0,0,0,0,0,1
49,12,0,33,1,1,0,3,19,0,0,0,0,0,0,0,0
115,8,4,20,9,0,0,3,10,10,0,0,1,0,0,0,1
23,2,6,10,3,0,0,1,0,0,0,0,0,0,0,0,0
34,10,0,20,1,1,0,2,0,0,0,0,0,0,0,0,0
244,10,5,84,7,1,8,1,41,34,0,0,0,0,0,0,1
105,12,0,10,2,0,1,1,6,10,0,0,0,0,0,0,1
43,9,0,30,2,0,0,3,1,0,0,0,0,0,0,0,1
33,7,0,22,3,0,0,3,0,0,0,0,0,0,0,0,1
26,22,0,0,1,0,0,0,0,0,0,0,0,0,0,0,0
96,2,0,90,1,13,0,2,5,0,0,0,0,0,0,0,0
40,14,0,22,2,0,0,3,4,0,0,0,0,0,0,0,0
31,7,0,6,1,0,0,1,0,2,0,0,0,0,0,0,0
154,15,0,135,9,3,1,8,9,0,2,0,0,0,0,0,0
48,18,0,23,3,0,0,3,0,0,1,0,0,0,0,0,1
71,10,0,49,1,0,0,3,9,5,0,0,0,0,0,0,0
177,10,0,38,3,0,0,4,19,5,0,0,0,0,0,0,1
31,3,2,21,2,0,1,2,0,0,0,0,0,0,0,0,0
27,23,0,0,1,0,0,0,0,0,0,0,0,0,1,0,1
126,4,0,98,2,11,1,3,1,4,2,0,0,0,0,0,1
166,7,0,155,3,5,3,13,0,2,5,0,1,0,0,0,0
51,8,0,32,2,1,1,4,1,2,1,0,0,0,0,0,1
97,5,0,21,5,1,0,6,0,6,2,0,1,0,0,0,1
58,17,8,28,2,0,0,1,0,4,0,0,0,0,0,0,0
17,5,0,8,1,0,0,1,7,0,0,0,0,0,0,0,0
19,7,0,8,1,0,0,1,1,0,0,0,0,0,0,1,0
16,7,0,6,1,0,0,1,0,0,0,0,0,0,0,0,1
22,8,0,9,1,0,0,1,3,0,0,0,0,0,0,0,1
36,17,0,14,2,0,0,2,0,0,0,0,0,0,1,0,1
32,9,0,19,2,0,0,3,4,0,0,0,0,0,0,0,0
59,8,0,44,3,1,0,3,0,0,0,0,0,0,0,0,1
91,15,0,10,3,0,1,1,3,10,0,0,0,0,0,0,1
25,21,0,0,1,0,0,0,0,0,0,0,0,0,0,0,1
73,7,3,58,3,3,0,5,0,0,0,0,0,0,0,0,1
103,11,0,17,2,0,2,2,5,10,0,0,0,0,0,0,1
26,13,0,7,4,0,0,1,15,0,0,0,0,1,0,0,1
220,24,0,53,2,3,1,4,83,5,1,0,0,0,0,0,1
157,8,64,80,9,0,0,4,49,0,2,0,0,0,0,0,1
89,9,0,76,1,0,0,3,28,21,0,0,0,0,0,0,0
13,4,0,5,1,0,0,1,0,0,0,0,0,0,0,0,1
12,8,0,0,1,0,0,0,0,0,0,0,0,0,0,0,1
23,11,0,8,1,0,0,1,0,0,0,0,0,0,0,0,0
127,10,0,49,2,0,1,2,33,1,0,0,0,0,0,0,0
83,18,0,61,5,0,1,5,0,0,1,0,0,0,0,0,1
44,7,0,33,2,1,0,2,7,0,0,0,0,0,0,0,0
99,14,0,81,1,13,0,1,0,0,0,0,0,0,0,0,0
20,16,0,0,1,2,0,0,1,0,1,0,0,0,1,0,1
69,12,0,44,2,4,0,4,6,1,0,0,0,0,0,0,0
46,7,0,35,1,1,0,3,6,0,0,0,0,0,0,0,0
245,9,0,18,14,0,0,3,62,28,0,0,0,0,0,0,1
65,15,0,13,2,0,0,1,8,6,0,0,0,0,0,0,0
73,14,0,24,2,1,0,4,4,4,0,0,0,0,0,0,1
31,15,0,12,2,1,0,1,0,0,0,0,0,0,0,0,0
34,18,0,12,2,0,0,2,0,0,0,0,0,0,0,0,0
51,9,0,38,1,3,0,1,0,0,0,0,0,0,0,0,0
244,12,0,41,9,0,1,9,8,27,1,0,1,0,0,0,1
50,7,6,32,3,3,0,1,6,0,0,0,0,0,0,0,0
61,6,0,51,1,3,0,4,3,0,0,0,0,0,0,0,0
78,13,0,61,2,8,0,2,0,0,0,0,0,0,0,0,0
25,9,0,9,2,0,0,1,3,0,0,0,0,0,0,0,1
61,13,0,44,2,1,0,5,5,0,0,0,0,0,0,0,0
111,6,48,52,4,4,0,4,18,0,2,0,0,0,0,0,1
19,9,0,6,1,1,0,1,1,0,0,0,0,0,0,0,1
79,18,0,10,2,1,1,1,4,8,0,0,0,0,0,0,1
76,17,0,55,2,0,4,3,6,0,0,0,0,0,0,0,0
33,14,0,14,3,0,1,2,16,0,0,0,0,1,0,0,1
58,8,0,46,2,1,0,6,4,0,0,0,0,0,0,0,1
51,12,0,36,1,3,0,3,3,0,0,0,0,0,0,0,1
45,16,0,25,2,0,0,2,0,0,0,0,0,0,0,0,1
37,5,0,28,1,2,0,3,3,0,0,0,0,0,0,0,0
139,8,0,57,11,0,0,2,31,4,0,0,0,0,0,0,0
45,4,3,15,6,0,0,2,0,1,1,0,0,0,0,0,0
89,9,0,21,5,1,0,12,1,2,1,0,1,0,0,0,1
21,8,0,9,1,0,0,1,1,0,0,0,0,0,0,0,1
23,13,0,5,3,0,0,1,15,0,0,0,0,1,0,0,1
19,5,8,0,2,0,0,0,1,0,0,0,0,0,0,0,1
11,7,0,0,1,0,0,0,0,0,0,0,0,0,0,0,1
87,10,0,74,2,14,0,2,7,0,0,0,0,0,0,0,0
42,5,0,29,3,0,0,3,0,2,0,0,0,0,0,0,1
1666,5,2,3,17,20,7,1,545,75,0,0,1,0,0,0,1
56,8,0,44,2,0,0,5,8,0,0,0,0,0,0,0,0
132,14,24,23,8,5,2,5,2,5,1,0,1,0,0,0,0
30,9,0,17,2,0,0,2,0,0,0,0,0,0,0,0,1
32,10,0,18,2,0,0,2,0,0,0,0,0,0,0,0,1
84,16,0,50,2,5,0,4,5,2,0,0,0,0,0,0,1
25,8,12,0,2,0,0,0,0,0,0,0,0,0,0,0,0
103,19,0,39,2,1,3,5,3,2,0,0,0,0,0,0,1
43,6,0,33,2,0,1,4,0,0,0,0,0,0,0,0,1
12,5,0,3,1,0,0,1,0,0,0,0,0,0,0,0,0
31,7,0,6,1,0,1,1,0,2,0,0,0,0,0,0,0
53,10,0,39,1,0,3,3,12,0,0,0,0,0,0,0,0
129,8,0,10,4,0,4,1,6,12,0,0,0,0,0,0,1
115,8,4,20,9,0,0,3,10,10,0,0,1,0,0,0,1
73,9,0,60,1,2,0,5,0,0,0,0,0,0,0,0,0
98,2,7,84,2,6,0,3,8,0,0,0,0,0,0,0,0
27,7,0,16,2,1,0,2,0,0,0,0,0,0,0,0,0
14,10,0,0,1,1,0,0,0,0,0,0,0,0,0,0,0
83,9,15,27,6,0,0,2,5,2,1,1,0,0,0,0,0
101,12,0,10,3,5,0,1,6,5,0,0,0,0,0,0,0
16,12,0,0,1,0,0,0,0,0,0,0,0,0,0,0,0
12,8,0,0,1,0,0,0,0,0,0,0,0,0,0,0,1
22,9,0,10,1,0,0,1,0,0,0,0,0,0,0,0,1
41,15,0,22,2,0,2,1,2,0,0,0,0,0,0,0,0
55,16,0,35,2,0,0,4,0,0,0,0,0,0,0,0,1
21,9,0,8,1,0,0,2,0,0,0,0,0,0,0,0,1
47,8,0,35,2,0,1,2,17,0,0,0,0,0,0,0,1
22,7,4,6,2,0,0,1,1,0,0,0,0,0,0,0,1
86,3,0,79,1,9,0,3,7,0,0,0,0,0,0,0,0
124,19,0,8,2,0,0,1,5,14,0,0,0,0,0,0,1
20,16,0,0,1,0,0,0,0,0,0,0,0,0,0,0,0
49,8,0,37,1,2,0,3,10,0,0,0,0,0,0,0,0
89,17,0,68,2,0,0,9,0,0,1,0,0,0,0,0,1
24,12,7,0,2,0,0,0,1,0,1,0,0,0,0,0,1
17,12,0,0,3,0,0,0,13,0,0,0,0,1,0,0,1
57,11,5,14,3,0,0,1,9,6,0,0,0,0,0,0,0
39,3,7,24,3,0,0,3,12,0,0,0,0,0,0,0,1
240,11,0,32,11,0,0,3,51,34,0,0,0,0,0,0,1
26,6,0,16,1,0,0,2,2,0,0,0,0,0,0,0,1
25,10,0,11,1,0,0,1,2,0,0,0,0,0,0,0,1
26,4,5,12,2,0,0,2,3,0,0,0,0,0,0,0,1
49,12,0,23,2,0,0,3,6,2,0,0,0,0,0,0,0
108,10,0,10,2,2,1,1,4,10,0,0,0,0,0,0,1
27,4,5,13,2,0,0,2,4,0,0,0,0,0,0,0,1
51,24,0,24,3,1,0,3,0,0,0,0,0,0,0,0,1
65,10,0,10,3,0,1,1,2,6,0,0,0,0,0,0,1
349,12,28,34,3,9,4,3,58,12,2,0,0,0,0,0,0
25,8,0,13,1,0,0,2,3,0,0,0,0,0,0,0,1
36,15,0,17,1,0,0,3,3,0,0,0,0,0,0,0,0
24,4,0,16,1,0,0,2,7,0,0,0,0,0,0,0,0
45,8,2,30,6,0,0,4,20,0,0,0,0,1,0,0,1
142,9,0,129,2,5,2,11,6,2,5,0,1,0,0,0,1
6,3,0,0,1,0,0,0,1,0,0,0,0,0,0,0,1
19,7,0,8,1,0,0,1,1,0,0,0,0,0,0,1,1
56,7,0,10,2,0,1,1,3,6,0,0,0,0,0,0,1
28,10,0,14,1,0,0,3,0,0,0,0,0,0,0,0,1
21,8,0,10,1,0,0,1,0,0,0,0,0,0,0,0,1
55,8,15,9,3,1,0,1,2,2,0,0,0,0,0,0,1
16,13,0,0,1,0,0,0,0,0,0,0,0,0,1,0,1
52,10,0,37,2,0,0,2,6,3,0,0,0,0,1,0,1
81,6,0,71,1,8,0,2,7,0,0,0,0,0,0,0,0
541,11,0,35,3,1,0,4,142,2,0,0,1,0,0,0,1
36,6,10,15,2,0,0,2,2,0,0,0,0,0,0,0,1
37,13,19,0,2,3,0,0,7,0,0,0,0,0,0,0,1
88,11,0,73,1,4,2,4,7,0,0,0,0,0,0,0,0
32,11,5,11,2,0,0,1,0,0,0,0,0,0,0,0,1
40,12,0,24,1,0,0,4,0,0,0,0,0,0,0,0,1
15,11,0,0,1,0,0,0,0,0,0,0,0,0,0,0,0
36,24,0,8,2,0,0,1,3,0,0,0,0,0,0,0,1
45,5,0,36,1,0,0,7,11,0,0,0,0,0,0,0,1
105,9,0,45,4,1,0,6,5,2,0,0,1,0,0,0,1
45,15,0,19,2,4,0,3,7,0,0,0,0,0,0,0,1
65,10,0,10,2,0,1,1,2,6,0,0,0,0,0,0,1
104,4,0,16,4,0,0,5,31,4,0,0,0,0,0,0,0
27,4,0,19,1,0,0,3,7,0,0,0,0,0,0,0,0
122,8,0,110,2,12,0,4,0,0,0,0,0,0,0,0,0
33,12,0,11,2,0,0,1,2,2,0,0,0,0,0,0,0
541,11,0,35,3,1,0,4,150,2,0,0,1,0,0,0,1
30,13,0,13,2,1,0,1,0,0,0,0,0,0,0,0,1
27,11,7,4,2,0,0,1,0,0,0,0,0,0,0,0,1
72,12,0,10,2,0,1,1,3,8,0,0,0,0,0,0,1
27,4,8,10,4,0,0,1,0,0,0,0,0,0,0,0,1
80,11,0,65,1,0,0,10,23,0,0,0,0,0,0,0,0
10,6,0,0,1,0,0,0,0,0,0,0,0,0,0,0,1
11,7,0,0,1,0,0,0,4,0,0,0,0,0,0,0,1
23,7,0,12,1,1,0,1,0,0,0,0,0,0,0,0,0
152,7,0,11,4,1,1,1,10,18,0,0,0,0,0,0,1
25,6,0,15,1,0,0,1,0,1,0,0,0,0,0,0,0
41,8,0,29,1,2,0,4,5,0,0,0,0,0,0,0,0
22,9,0,9,1,0,0,1,0,0,0,0,0,0,0,0,1
35,13,0,19,2,0,0,2,0,0,0,0,0,0,0,0,1
31,12,0,15,2,0,0,1,0,0,0,0,0,0,1,0,1
110,3,0,103,1,13,0,3,6,0,0,0,0,0,0,0,0
114,17,0,93,1,2,1,9,0,0,1,0,0,0,0,0,1
30,11,0,16,1,0,0,3,2,0,0,0,0,0,0,0,1
62,10,0,45,3,1,0,6,1,0,0,0,0,0,0,0,1
23,7,0,13,2,0,0,1,0,0,0,0,0,0,0,0,1
250,19,0,10,3,0,1,1,25,6,0,0,0,0,0,0,1
39,12,0,22,1,1,0,2,0,0,0,0,0,0,1,0,1
45,7,0,34,1,1,0,4,5,0,0,0,0,0,0,0,0
35,6,0,25,1,0,0,3,12,0,0,0,0,0,0,0,0
40,24,0,13,2,0,0,2,1,0,0,0,0,0,0,0,1
50,4,0,43,2,6,0,2,3,0,0,0,0,0,0,0,1
56,7,6,38,2,1,0,4,5,0,0,0,0,0,0,0,0
97,12,0,17,2,1,3,2,0,9,1,0,0,0,0,0,1
33,9,0,20,2,0,0,2,3,0,0,0,0,0,0,0,1
16,5,0,4,1,0,0,1,0,0,0,0,0,0,0,0,1
23,11,0,7,4,0,0,1,13,0,0,0,0,1,0,0,1
36,12,0,18,2,0,0,3,3,0,0,0,0,0,0,0,1
33,9,0,20,2,0,0,2,2,0,0,0,0,0,0,0,1
16,12,0,0,1,0,0,0,0,0,0,0,0,0,0,0,0
38,17,0,17,2,1,1,1,0,0,0,0,0,0,0,0,1
122,11,0,10,2,4,1,1,7,10,0,0,0,0,0,0,1
28,19,0,6,1,0,0,1,0,0,0,0,1,0,0,0,1
36,9,0,24,1,0,0,4,4,0,0,0,0,0,0,0,1
23,10,0,6,2,0,0,1,0,0,0,0,0,0,0,0,0
48,7,0,37,2,0,2,4,3,0,0,0,0,0,0,0,0
37,10,0,14,2,0,0,2,0,1,0,0,0,0,0,0,1
20,8,0,8,2,0,0,1,0,0,0,0,0,0,0,0,1
15,11,0,0,1,0,0,0,0,0,0,0,0,0,0,0,1
87,13,0,70,2,0,7,3,8,0,0,0,0,0,0,0,0
26,22,0,0,1,0,0,0,0,0,0,0,0,0,0,0,1
20,14,0,0,3,0,0,0,16,0,0,0,0,1,0,0,1
166,7,0,155,3,5,3,13,0,2,5,0,1,0,0,0,0
60,8,27,21,2,0,0,3,0,0,1,0,0,0,0,0,1
35,11,0,20,2,1,0,1,0,0,0,0,0,0,0,0,0
117,5,16,47,8,0,0,7,1,11,2,0,1,0,0,0,1
59,9,0,46,2,4,0,4,4,0,0,0,0,0,0,0,1
46,9,0,33,1,3,0,2,0,0,0,0,0,0,0,0,0
39,13,0,26,4,0,0,2,11,0,0,0,0,1,0,0,1
173,9,0,35,4,3,1,7,9,10,1,0,0,0,0,0,0
26,22,0,0,1,0,0,0,0,0,0,0,0,0,0,0,0
41,17,0,20,2,0,0,3,0,0,0,0,0,0,0,0,0
48,12,0,33,4,0,0,5,2,0,0,0,1,0,0,0,1
34,14,0,16,2,0,0,1,0,0,0,0,0,0,0,0,0
89,10,7,28,5,3,0,2,0,2,2,1,0,0,0,0,1
13,9,0,0,1,0,0,0,0,0,0,0,0,0,0,0,1
66,6,0,10,2,0,1,1,3,8,0,0,0,0,0,0,1
26,8,3,10,3,0,0,1,4,0,0,0,0,0,0,0,0
88,7,0,77,1,1,0,6,19,0,0,0,0,0,0,0,1
72,5,54,6,12,0,0,1,2,0,4,0,1,0,0,0,1
53,8,11,29,3,2,0,3,8,0,0,0,0,0,0,0,0
34,7,14,9,2,0,0,1,0,0,0,0,0,0,0,0,1
28,10,0,15,2,0,0,2,0,0,0,0,0,0,0,0,1
61,16,0,41,1,0,0,2,16,0,0,0,0,0,0,0,1
20,8,0,8,1,0,0,1,0,0,0,0,0,0,0,0,0
33,14,0,1,1,0,0,1,1,2,0,0,0,0,0,0,0
28,14,0,10,2,0,0,1,0,0,0,0,0,0,0,0,0
36,4,0,17,2,0,0,2,8,2,0,0,0,0,0,0,0
109,13,0,92,1,33,0,7,1,0,0,0,0,0,0,0,1
63,17,0,39,2,0,0,7,0,0,1,0,0,0,0,0,1
33,14,0,16,2,0,0,1,0,0,0,0,0,0,0,0,1
20,16,0,0,1,0,0,0,0,0,0,0,0,0,0,0,0
30,15,0,15,4,0,0,2,14,0,0,0,0,1,0,0,1
47,15,0,28,1,1,0,2,0,0,0,0,0,0,0,0,0
42,9,0,11,2,1,0,1,0,2,0,0,0,0,0,0,1
23,19,0,0,1,0,0,0,0,0,0,0,0,0,0,0,0
61,5,22,20,7,0,0,3,0,2,1,0,0,0,0,0,1
16,3,9,0,2,0,0,0,0,0,0,0,0,0,0,0,1
37,8,0,25,1,1,0,5,7,0,0,0,0,0,0,0,0
26,4,2,3,2,0,0,2,15,1,0,0,0,0,0,0,1
79,13,3,58,5,0,0,3,2,1,0,0,0,0,1,0,1
11,7,0,0,1,0,0,0,0,0,0,0,0,0,0,0,0
53,11,0,39,2,1,0,4,0,0,0,0,0,0,0,0,1
31,11,0,16,2,0,0,2,0,0,0,0,0,0,0,0,1
92,9,0,80,3,4,0,5,2,0,0,0,0,0,0,0,1
64,13,0,47,1,6,0,2,7,0,0,0,0,0,0,0,1
35,8,0,23,2,0,0,3,0,0,0,0,0,0,0,0,0
15,8,0,0,2,0,0,0,0,0,0,0,0,0,0,0,1
42,13,0,1,1,1,1,1,0,2,0,0,0,0,0,0,0
45,12,0,26,2,1,0,3,0,0,0,0,0,0,0,0,1
82,7,0,10,2,0,1,1,4,10,0,0,0,0,0,0,1
43,4,12,23,3,1,0,2,5,0,0,0,0,0,0,0,1
12,3,0,6,1,0,0,1,1,0,0,0,0,0,0,0,1
43,17,0,23,2,1,0,3,0,0,0,0,0,0,0,0,1
54,16,0,34,2,1,0,4,8,0,0,0,0,0,0,0,0
88,12,0,72,2,7,0,3,16,0,0,0,0,0,0,0,0
26,5,15,0,3,0,0,0,2,0,0,0,0,0,0,0,1
31,27,0,0,1,0,0,0,0,0,0,0,0,0,0,0,0
16,12,0,0,1,0,0,0,0,0,0,0,0,0,0,0,1
51,12,0,35,1,5,0,2,5,0,0,0,0,0,0,0,0
30,3,0,10,2,0,0,1,4,2,0,0,0,0,0,0,0
53,6,0,43,1,3,0,3,8,0,1,0,0,0,0,0,0
78,12,0,16,2,0,1,2,3,8,0,0,0,0,0,0,1
119,6,6,38,5,0,0,4,27,4,0,0,0,0,0,0,1
19,8,0,8,1,0,0,1,2,0,0,0,0,0,0,0,1
94,6,0,32,2,4,0,3,23,6,0,0,0,0,0,0,0
81,8,0,65,2,1,0,11,4,4,3,0,0,0,0,0,1
44,10,4,3,2,2,0,1,6,2,0,0,0,0,0,0,1
28,11,0,13,2,1,0,1,0,0,0,0,0,0,0,0,1
193,7,60,119,11,3,0,1,24,1,2,0,0,0,0,0,1
25,10,0,11,2,0,0,1,0,0,0,0,0,0,0,0,1
37,14,0,19,2,0,1,1,0,0,0,0,0,0,0,0,1
30,15,0,11,1,0,0,1,2,0,0,0,0,0,0,0,1
14,7,2,0,2,0,0,0,0,0,0,0,0,0,1,0,1
158,7,7,38,5,1,4,3,40,5,3,0,0,0,0,0,1
77,9,0,16,4,0,0,5,0,4,2,0,1,0,0,0,1
12,8,0,0,1,0,0,0,0,0,0,0,0,0,0,0,1
42,11,0,27,1,3,0,2,0,0,0,0,0,0,0,0,0
42,12,0,26,1,2,0,3,0,0,0,0,0,0,0,0,1
11,7,0,0,1,0,0,0,0,0,0,0,0,0,0,0,0
41,7,0,30,2,0,0,3,10,1,0,0,0,0,0,0,1
33,13,15,0,2,0,0,0,5,0,0,0,0,0,0,0,1
18,13,0,0,3,0,0,0,14,0,0,0,0,1,0,0,1
21,17,0,0,1,0,0,0,0,0,0,0,0,0,0,0,0
25,18,0,0,2,0,0,0,0,0,0,0,0,0,0,0,1
58,5,7,15,2,0,0,2,15,2,0,0,0,0,0,0,0
24,6,0,14,2,0,0,2,0,0,0,0,0,0,0,0,1
82,17,0,61,2,0,6,3,7,0,0,0,0,0,0,0,0
27,5,7,9,3,0,0,1,1,1,0,0,0,0,0,0,0
22,14,0,5,1,0,0,1,0,0,0,0,0,0,0,0,1
19,6,0,10,2,0,0,1,0,0,0,0,0,0,0,0,1
15,11,0,0,1,0,0,0,0,0,0,0,0,0,0,0,0
39,8,18,9,3,1,0,1,2,0,0,0,0,0,0,0,1
38,12,0,22,2,0,0,2,0,0,0,0,0,0,0,0,1
57,20,0,30,2,1,0,2,0,0,0,0,0,0,0,0,1
47,14,0,29,1,0,1,4,1,0,0,0,0,0,0,0,0
47,5,22,15,4,0,0,1,1,0,0,0,0,0,0,0,0
29,7,4,13,3,0,0,1,0,0,0,0,0,0,0,0,1
26,8,0,14,1,0,0,1,0,0,0,0,0,0,0,0,1
54,14,0,37,2,0,0,3,0,0,0,0,0,0,0,0,1
17,13,0,0,1,0,0,0,0,0,0,0,0,0,0,0,0
19,5,0,11,1,1,0,1,0,0,0,0,0,0,0,0,1
57,17,0,36,2,2,0,2,0,0,0,0,0,0,0,0,1
17,13,0,0,1,1,0,0,0,0,0,0,0,0,0,0,1
17,8,0,5,1,0,0,1,0,0,0,0,0,0,0,0,1
24,6,9,0,3,0,0,0,0,0,1,0,0,0,0,0,1
110,5,16,20,7,1,0,5,1,11,2,0,1,0,0,0,1
163,9,149,0,13,1,0,0,31,0,2,0,0,0,0,0,0
59,12,0,26,2,0,0,2,4,4,0,0,0,0,0,0,0
25,14,0,11,4,0,0,1,11,0,0,0,0,1,0,0,1
24,20,0,0,1,0,0,0,0,0,0,0,0,0,0,0,1
166,7,0,155,3,5,3,13,0,2,5,0,1,0,0,0,0
45,12,0,29,2,0,0,3,0,0,0,0,1,0,0,0,1
27,4,5,13,2,0,0,2,4,0,0,0,0,0,0,0,1
44,5,0,35,1,2,0,3,3,0,0,0,0,0,0,0,0
95,5,0,86,1,13,0,3,6,0,0,0,0,0,0,0,0
95,4,3,8,6,1,0,8,2,6,1,0,0,0,0,0,0
42,22,0,16,1,1,0,2,5,0,0,0,0,0,0,0,0
24,3,0,14,2,1,0,2,1,0,0,0,0,0,0,0,1
57,9,0,44,1,0,2,3,6,0,0,0,0,0,0,0,0
65,10,0,52,1,4,0,3,1,0,0,0,0,0,0,0,1
249,6,0,4,2,2,0,3,11,35,1,0,0,0,0,0,0
20,16,0,0,1,0,0,0,0,0,0,0,0,0,0,0,0
48,12,0,33,4,0,0,5,2,0,0,0,1,0,0,0,1
42,7,0,31,2,0,0,3,0,1,0,0,0,0,0,0,1
36,16,0,14,2,0,0,2,0,0,0,0,0,0,0,0,1
24,6,0,14,1,0,0,2,0,1,0,0,0,0,0,0,1
22,8,0,10,1,0,0,1,6,0,0,0,0,0,0,0,1
235,7,0,17,2,0,1,2,23,7,0,0,0,0,0,0,1
30,23,0,0,2,0,0,0,0,0,0,0,0,0,0,0,1
52,14,0,31,3,0,0,3,6,0,0,0,0,0,0,0,1
17,12,0,0,1,0,0,0,0,0,0,0,0,0,1,0,1
81,20,0,57,2,0,6,2,0,0,0,0,0,0,0,0,0
215,9,0,45,3,2,1,4,85,5,2,0,0,0,0,0,0
96,7,0,10,2,2,1,1,4,8,0,0,0,0,0,0,1
128,7,0,10,2,7,1,1,10,6,0,0,0,0,0,0,1
459,15,208,78,14,1,1,4,168,4,3,0,0,0,0,0,0
60,3,0,54,2,2,0,7,8,0,0,0,0,0,0,0,0
35,9,0,22,1,2,0,1,6,0,0,0,0,0,0,0,0
42,14,0,24,1,0,1,2,0,0,0,0,0,0,0,0,0
103,2,4,92,2,8,1,8,3,0,0,0,0,0,0,0,0
40,18,0,18,2,0,0,2,0,0,0,0,0,0,0,0,0
72,13,0,10,2,1,1,1,2,6,0,0,0,0,0,0,1
71,10,8,48,3,0,2,4,7,0,0,0,0,0,0,0,0
40,9,0,27,2,0,0,3,0,0,0,0,0,0,0,0,1
21,6,0,11,2,0,0,1,0,0,0,0,0,0,0,0,1
14,7,2,0,2,0,0,0,0,0,0,0,0,0,0,0,0
44,10,0,30,1,0,0,3,10,0,0,0,0,0,0,0,0
49,3,6,35,3,0,0,4,11,1,0,0,0,0,0,0,0
39,20,0,15,1,0,0,1,6,0,0,0,0,0,0,0,1
52,9,0,39,2,0,2,3,1,0,0,0,0,0,0,0,1
117,5,16,47,8,0,0,7,1,11,2,0,1,0,0,0,1
141,7,128,0,8,2,0,0,11,0,2,0,0,0,1,0,1
91,21,58,7,6,3,0,1,4,0,3,0,1,0,0,0,0
61,13,0,45,1,0,0,3,19,0,0,0,0,0,0,0,1
36,12,0,20,1,0,0,3,2,0,0,0,0,0,0,0,1
74,10,0,60,2,0,5,4,0,0,0,0,0,0,0,0,0
81,16,0,43,2,4,0,2,2,2,0,0,0,0,0,0,1
46,12,0,30,1,2,0,2,1,0,0,0,0,0,0,0,0
40,5,0,31,1,2,0,3,1,0,0,0,0,0,0,0,0
56,9,0,21,3,1,0,7,0,1,1,0,1,0,0,0,1
89,15,0,10,2,0,1,1,4,10,0,0,0,0,0,0,1
75,14,0,57,2,6,0,2,10,0,0,0,0,0,0,0,0
12,8,0,0,1,0,0,0,0,0,0,0,0,0,0,0,0
72,8,0,60,1,4,0,3,15,0,0,0,0,0,0,0,0
27,11,0,13,2,0,0,2,3,0,0,0,0,0,0,0,1
8,4,0,0,1,0,0,0,1,0,0,0,0,0,0,0,1
93,25,0,10,2,1,1,1,5,8,0,0,0,0,0,0,1
59,8,0,20,2,0,0,2,3,5,0,0,0,0,0,0,1
48,17,0,9,1,1,0,1,2,2,0,0,0,0,0,0,1
80,13,0,63,1,6,0,5,13,0,0,0,0,0,0,0,0
63,4,0,23,4,1,0,2,0,3,0,1,0,0,0,0,1
95,17,0,10,3,0,2,1,4,8,0,0,0,0,0,0,1
38,3,5,25,3,0,0,3,0,0,0,0,0,0,0,0,0
46,5,8,28,2,0,3,2,0,2,0,0,0,0,0,0,0
92,15,0,73,2,0,0,4,7,5,0,0,0,0,0,0,0
54,14,0,36,2,0,1,3,0,0,0,0,0,0,0,0,0
24,18,0,0,2,0,0,0,0,0,0,0,0,0,0,0,0
46,3,6,32,3,0,0,3,0,0,0,0,0,0,0,0,0
65,12,0,49,1,6,0,1,0,0,0,0,0,0,0,0,0
47,9,2,31,3,0,0,3,0,0,0,0,0,0,0,0,1
22,6,0,12,1,0,0,1,0,1,0,0,0,0,0,0,0
50,5,0,21,7,0,0,1,0,1,1,0,0,0,0,0,0
13,5,0,4,1,0,0,1,0,0,0,0,0,0,0,0,1
57,14,0,39,1,4,0,2,1,0,0,0,0,0,0,0,1
98,10,0,84,1,11,0,3,8,0,0,0,0,0,0,0,0
18,11,0,7,3,0,0,1,9,0,0,0,0,1,0,0,1
47,14,0,29,1,0,0,4,0,0,0,0,0,0,0,0,1
39,11,0,28,4,0,0,2,14,0,0,0,0,1,0,0,1
47,8,0,36,2,3,0,2,9,0,0,0,0,0,0,0,1
40,10,0,26,1,1,0,2,0,1,0,0,0,0,0,0,0
28,10,0,14,1,0,0,2,6,0,0,0,0,0,0,0,0
28,19,0,6,1,0,0,1,0,0,0,0,1,0,0,0,1
27,13,0,11,2,0,0,2,0,0,0,0,0,0,0,0,1
27,10,0,13,2,0,0,1,7,0,0,0,0,0,0,0,1
69,6,0,59,1,5,0,3,8,0,1,0,0,0,0,0,0
55,7,0,44,1,3,0,4,8,0,0,0,0,0,0,0,0
31,9,0,15,3,0,0,1,0,0,0,0,0,0,0,0,0
13,7,0,0,2,0,0,0,0,0,0,0,0,0,0,0,1
51,7,0,41,2,0,1,4,0,0,0,0,0,0,0,0,0
46,14,0,12,2,0,0,1,10,2,0,0,0,0,0,0,1
245,11,0,37,8,0,1,10,10,28,1,0,1,0,0,0,1
54,8,5,36,2,2,0,3,15,0,0,0,0,0,0,0,0
31,7,0,6,1,0,0,1,1,2,0,0,0,0,0,0,0
100,12,0,10,3,0,1,1,10,12,0,0,0,0,0,0,1
13,9,0,0,1,0,0,0,4,0,0,0,0,0,0,0,1
33,10,0,19,2,0,1,2,0,0,0,0,0,0,0,0,1
11,7,0,0,1,0,0,0,0,0,0,0,0,0,0,0,0
24,5,4,10,2,0,0,2,0,0,0,0,1,0,0,0,1
90,8,0,78,2,10,0,2,0,0,0,0,0,0,0,0,0
32,9,6,12,3,0,0,1,1,0,0,0,0,0,0,0,1
47,8,0,35,1,3,0,2,0,0,0,0,0,0,0,0,0
30,3,8,14,3,0,0,1,0,0,0,0,0,0,0,0,0
27,4,0,19,1,0,0,3,7,0,0,0,0,0,0,0,0
82,8,18,51,3,4,0,3,6,0,0,0,0,0,0,0,0
28,13,0,8,2,0,0,1,3,0,0,0,0,0,0,0,1
33,17,0,12,2,1,0,1,0,0,0,0,0,0,0,0,0
76,9,16,46,2,3,0,3,0,0,0,0,0,0,0,0,0
39,9,0,26,2,0,0,2,3,0,0,0,0,0,0,0,1
24,13,0,7,1,0,0,1,1,0,0,0,0,0,0,0,1
244,12,0,41,9,0,1,9,8,27,1,0,1,0,0,0,1
42,9,0,28,1,0,0,3,4,0,0,0,0,0,1,0,1
34,10,0,14,2,0,1,1,2,2,0,0,0,0,0,0,1
85,16,0,63,2,0,0,5,19,0,0,0,0,0,0,0,1
23,7,0,12,1,0,0,2,0,0,0,0,0,0,0,0,1
64,14,0,46,2,2,0,5,8,0,0,0,0,0,0,0,0
83,22,0,57,1,1,0,4,4,0,0,0,0,0,0,0,1
89,3,0,24,2,0,5,3,13,3,0,0,0,0,0,0,0
31,7,0,6,1,0,0,1,4,2,0,0,0,0,0,0,0
235,7,0,10,2,0,1,1,29,7,0,0,0,0,0,0,1
245,11,0,37,8,0,1,10,10,28,1,0,1,0,0,0,1
42,8,0,30,1,0,0,3,5,0,0,0,0,0,0,0,0
138,7,0,10,2,1,1,1,5,16,0,0,0,0,0,0,1
26,3,19,0,2,0,0,0,0,0,0,0,0,0,0,0,0
34,13,0,17,1,1,0,1,0,0,0,0,0,0,0,0,1
79,19,0,10,2,0,1,1,4,8,0,0,0,0,0,0,1
38,15,0,23,4,0,1,2,12,1,0,0,0,1,0,0,1
74,14,0,56,1,1,0,3,24,0,0,0,0,0,0,0,1
59,9,20,10,5,0,0,1,0,1,1,0,0,0,0,0,1
19,16,0,0,1,0,0,0,0,0,0,0,0,0,0,0,1
27,14,0,7,4,0,0,1,16,0,0,0,0,1,0,0,1
44,9,6,24,2,0,1,2,0,0,0,0,0,0,0,0,0
33,9,0,20,2,0,0,3,3,0,0,0,0,0,0,0,1
68,5,0,59,1,9,0,2,8,0,0,0,0,0,0,0,0
14,5,0,2,2,0,0,1,1,0,0,0,0,0,0,0,1
60,9,0,47,1,5,0,3,5,0,0,0,0,0,0,0,0
31,5,0,22,2,0,0,2,0,0,0,0,0,0,0,0,0
68,4,12,48,3,1,0,2,23,0,0,0,0,0,0,0,1
14,10,0,0,1,0,0,0,0,0,0,0,0,0,0,0,1
13,9,0,0,1,0,0,0,0,0,0,0,0,0,0,0,0
37,6,0,26,2,0,0,3,0,0,0,0,0,0,0,0,0
58,13,0,41,2,3,0,2,4,0,0,0,0,0,0,0,1
108,9,0,45,4,1,0,6,6,2,0,0,1,0,0,0,1
35,5,0,24,3,1,0,1,0,0,0,0,0,0,0,0,1
86,14,0,10,2,0,1,1,6,10,0,0,0,0,0,0,1
23,6,0,13,1,0,0,1,0,0,0,0,0,0,0,0,0
52,10,0,35,3,0,0,5,0,0,0,0,0,0,0,0,1
72,6,0,52,2,0,0,7,0,1,0,0,0,0,0,0,1
47,3,11,29,4,0,0,3,0,0,0,0,0,0,0,0,1
44,15,0,25,1,0,0,2,0,1,1,0,0,0,0,0,1
256,19,0,10,2,1,1,1,24,6,0,0,0,0,0,0,1
45,2,11,10,3,0,0,2,9,2,0,0,0,0,0,0,0
24,7,0,13,1,0,0,1,0,0,0,0,0,0,0,0,0
74,10,0,60,2,3,0,6,5,0,0,0,0,0,0,0,1
17,8,0,6,1,0,0,1,1,0,0,0,0,0,0,0,1
40,7,0,27,3,1,0,2,0,0,0,0,0,0,0,0,1
20,8,0,8,1,0,0,1,2,0,0,0,0,0,0,0,1
45,24,0,17,2,0,0,2,1,0,0,0,0,0,0,0,0
58,16,0,30,2,1,0,4,0,2,1,0,0,0,1,0,1
32,17,0,8,2,0,0,1,0,0,0,0,0,0,0,0,1
194,8,19,11,3,3,0,1,11,26,0,0,0,0,0,0,1
22,10,0,8,1,0,0,1,4,0,0,0,0,0,0,0,1
37,8,0,25,1,0,0,2,0,0,0,0,0,0,0,0,1
47,4,0,39,1,2,0,2,3,0,0,0,0,0,0,0,0
25,11,0,10,2,0,0,2,0,0,0,0,0,0,0,0,1
76,6,0,66,2,2,0,5,0,0,0,0,0,0,0,0,0
59,8,22,24,3,0,3,1,8,0,0,0,0,0,0,0,0
62,11,13,33,2,1,1,4,7,0,1,0,0,0,0,0,1
31,15,0,11,2,0,0,1,0,0,0,0,0,0,0,0,1
16,11,0,0,1,0,0,0,0,0,0,0,0,0,1,0,1
38,10,6,17,3,0,0,2,0,0,0,0,0,0,0,0,1
49,8,0,37,1,2,0,3,15,0,0,0,0,0,0,0,0
44,12,16,11,3,0,0,2,3,0,0,0,0,0,0,0,1
40,15,0,21,2,0,0,2,0,0,0,0,0,0,0,0,0
30,5,0,21,1,0,0,4,0,0,0,0,0,0,0,0,0
40,7,0,29,1,1,0,3,6,0,0,0,0,0,0,0,0
106,11,0,10,3,0,1,1,9,14,0,0,0,0,0,0,1
27,14,0,7,4,0,0,1,16,0,0,0,0,1,0,0,1
409,11,111,186,17,5,2,14,114,9,4,0,1,0,0,0,0
18,13,0,0,3,0,0,0,14,0,0,0,0,1,0,0,1
30,7,0,19,2,0,0,2,0,0,0,0,0,0,0,0,1
31,9,0,18,2,1,0,1,0,0,0,0,0,0,0,0,0
63,13,0,46,2,1,2,4,4,0,0,0,0,0,0,0,1
89,9,0,59,3,1,0,7,0,4,2,0,1,0,0,0,1
36,14,0,19,2,1,0,2,0,0,2,0,0,0,1,0,1
41,6,0,31,1,2,0,3,4,0,1,0,0,0,0,0,0
18,4,0,8,2,0,0,1,0,0,0,0,0,0,0,0,1
27,7,16,0,3,0,0,0,0,0,0,0,0,0,0,0,0
68,10,0,51,4,0,0,4,4,6,1,0,0,0,0,0,1
139,14,0,53,3,2,3,7,3,6,1,1,0,0,0,0,1
30,14,0,16,4,0,0,2,13,0,0,0,0,1,0,0,1
39,15,0,20,1,0,0,2,0,0,0,0,0,0,0,0,1
98,13,0,10,3,0,1,1,8,10,0,0,0,0,0,0,1
56,15,0,34,3,1,0,4,0,0,0,0,0,0,0,0,1
79,13,0,11,3,2,0,1,2,4,1,0,0,0,0,0,0
43,4,12,23,3,1,0,2,5,0,0,0,0,0,0,0,1
32,4,0,24,2,0,1,2,10,0,0,0,0,0,0,0,0
41,5,0,32,1,2,0,3,2,0,0,0,0,0,0,0,0
30,13,0,17,4,0,0,2,10,0,0,0,0,1,0,0,1
31,7,0,6,1,0,0,1,4,2,0,0,0,0,0,0,0
26,9,0,13,1,0,0,1,4,0,0,0,0,0,0,0,0
115,30,16,13,3,0,0,2,5,4,0,0,0,0,0,0,1
44,10,0,30,2,0,0,2,0,0,0,0,0,0,0,0,0
165,7,0,83,3,4,4,8,1,6,3,1,0,0,0,0,1
53,13,0,36,2,0,1,3,1,0,0,0,0,0,0,0,1
32,2,0,6,1,2,0,1,1,1,1,0,0,0,0,1,1
71,15,4,47,3,1,7,3,0,0,0,0,0,0,0,0,0
63,13,0,46,2,3,0,7,8,0,0,0,0,0,0,0,0
24,8,0,9,2,0,0,1,3,0,0,0,0,0,0,0,1
131,8,0,119,1,17,0,2,7,0,0,0,0,0,0,0,0
18,14,0,0,1,0,0,0,0,0,0,0,0,0,0,0,1
22,3,0,16,1,1,0,2,0,0,1,0,0,0,0,0,1
89,8,0,10,4,1,2,1,4,8,0,0,0,0,0,0,1
82,14,0,64,2,1,1,5,19,0,0,0,0,0,0,0,0
79,12,0,10,2,1,1,1,6,10,0,0,0,0,0,0,1
34,10,0,20,1,1,0,3,0,0,0,0,0,0,0,0,1
82,30,0,10,3,0,1,1,3,6,0,0,0,0,0,0,1
45,13,0,29,5,0,0,1,0,0,0,0,0,0,0,0,1
1666,5,2,3,17,20,7,1,545,75,0,0,1,0,0,0,1
62,12,0,47,2,3,0,3,3,0,0,0,0,0,0,0,1
15,5,5,0,2,0,0,0,0,0,0,0,0,0,0,0,0
91,21,58,7,6,3,0,1,4,0,3,0,1,0,0,0,0
41,26,0,11,2,0,0,1,0,0,0,0,0,0,0,0,1
69,11,0,54,2,1,0,3,7,0,0,0,0,0,0,0,1
43,6,0,33,1,0,0,3,2,1,1,0,0,0,0,0,0
27,4,10,8,2,0,0,1,0,0,0,0,0,0,0,0,0
541,11,0,35,3,1,0,4,142,2,0,0,1,0,0,0,1
23,9,9,0,2,0,0,0,0,0,0,0,0,0,0,0,0
44,6,6,27,4,0,0,1,6,1,0,0,0,0,0,0,1
25,9,0,13,2,0,0,2,0,0,0,0,0,0,0,0,1
38,5,6,22,2,0,1,1,0,0,0,0,0,0,0,0,0
32,9,4,14,2,0,0,1,0,1,0,0,0,0,0,0,1
17,13,0,0,1,1,0,0,0,0,0,0,0,0,0,0,1
55,16,0,35,2,1,0,3,0,0,0,0,0,0,0,0,1
79,17,0,10,2,1,1,1,4,8,0,0,0,0,0,0,1
58,5,7,15,2,0,0,2,16,2,0,0,0,0,0,0,0
27,8,0,15,2,0,0,1,0,0,0,0,0,0,0,0,0
61,14,0,43,2,4,0,2,6,0,0,0,0,0,0,0,0
25,9,0,12,1,0,0,1,0,0,0,0,0,0,0,0,1
70,10,0,40,2,0,0,4,9,2,0,0,0,0,0,0,0
18,13,0,0,3,0,0,0,14,0,0,0,0,1,0,0,1
115,7,79,22,12,1,0,2,15,0,3,0,0,0,0,0,0
76,17,0,25,2,0,0,4,5,3,0,1,0,0,0,0,1
88,17,0,10,2,2,1,1,4,8,0,0,0,0,0,0,1
69,2,3,26,3,0,0,3,0,5,0,0,0,0,0,0,0
15,11,0,0,1,0,0,0,0,0,0,0,0,0,0,0,1
42,13,0,25,2,1,0,2,0,0,0,0,0,0,0,0,1
26,5,0,17,2,0,1,2,1,0,0,0,0,0,0,0,1
63,8,8,42,3,0,0,3,2,2,0,0,0,0,0,0,0
108,27,0,78,1,13,0,3,12,0,0,0,0,0,0,0,1
70,11,0,10,2,0,1,1,2,8,0,0,0,0,0,0,1
48,7,4,32,3,0,2,3,7,0,0,0,0,0,0,0,1
64,35,4,21,3,0,0,1,0,0,0,0,0,0,1,0,1
26,5,0,15,2,0,0,2,0,0,0,0,0,0,0,0,1
31,5,0,23,1,1,0,2,0,0,0,0,0,0,0,0,0
28,8,16,0,2,2,0,0,1,0,0,0,0,0,0,0,0
16,3,0,10,2,0,0,1,0,0,0,0,0,0,0,0,1
32,16,0,9,2,0,0,1,2,0,1,0,0,0,0,0,1
171,11,0,10,2,1,1,1,46,18,0,0,0,0,0,0,1
83,17,0,63,2,4,0,6,5,0,0,0,0,0,0,0,1
31,3,9,15,3,0,0,2,0,0,0,0,0,0,0,0,1
30,13,0,17,4,0,0,2,13,0,0,0,0,1,0,0,1
80,2,0,74,1,9,0,4,4,0,0,0,0,0,0,0,0
59,8,2,44,2,2,0,5,8,4,0,0,0,0,0,0,0
23,4,0,15,1,0,0,2,7,0,0,0,0,0,0,0,0
41,8,0,29,1,1,0,5,8,0,0,0,0,0,0,0,0
117,5,16,47,8,0,0,7,1,11,2,0,1,0,0,0,1
250,13,0,67,2,2,2,6,90,8,2,0,0,0,0,0,1
105,18,0,83,2,0,0,7,0,0,1,0,0,0,0,0,1
28,15,0,10,2,1,0,1,0,0,0,0,0,0,0,0,1
53,13,0,40,3,0,0,2,31,0,0,0,0,1,0,0,1
47,9,6,10,3,0,0,1,6,2,0,0,0,0,0,0,0
78,13,0,10,3,0,1,1,4,8,0,0,0,0,0,0,1
36,17,0,15,2,0,1,2,2,0,0,0,0,0,0,0,0
38,15,0,18,1,1,0,1,0,0,0,0,0,0,1,0,0
91,6,4,76,2,0,0,5,9,0,1,0,0,0,0,0,1
38,10,0,23,2,0,0,2,2,0,0,0,0,0,0,0,1
21,7,0,10,1,0,0,1,0,0,0,0,0,0,0,0,1
96,20,0,72,1,4,0,6,0,0,0,0,0,0,0,0,1
33,13,0,17,1,1,0,1,0,0,1,0,0,0,0,0,0
57,8,0,15,2,0,0,3,0,3,1,1,0,0,0,0,1
61,8,13,35,3,3,0,3,6,0,0,0,0,0,0,0,0
49,6,0,20,2,2,0,1,2,4,0,0,0,0,0,0,1
39,14,0,21,1,1,0,2,3,0,0,0,0,0,0,0,1
220,7,0,210,1,8,0,3,34,62,0,0,0,0,0,0,0
44,11,0,29,2,1,0,2,0,0,0,0,0,0,0,0,1
94,9,0,81,1,11,0,4,8,0,0,0,0,0,0,0,0
31,10,0,17,1,0,0,2,0,0,0,0,0,0,0,0,0
19,4,0,8,2,0,0,2,1,0,0,0,1,0,0,0,1
61,9,6,41,3,1,0,6,0,0,0,0,0,0,0,0,0
31,7,0,6,1,1,0,1,3,2,0,0,0,0,0,0,0
41,4,12,21,3,1,0,2,3,0,0,0,0,0,0,0,1
37,9,2,21,2,1,1,2,0,0,0,0,0,0,0,0,0
106,19,0,10,3,1,2,1,1,8,0,0,0,0,0,0,1
31,7,0,6,1,0,0,1,1,2,0,0,0,0,0,0,0
254,15,0,49,5,3,1,6,26,14,0,0,1,0,0,0,1
18,14,0,0,1,0,0,0,0,0,0,0,0,0,0,0,1
93,11,0,10,2,1,1,1,4,12,0,0,0,0,0,0,1
110,10,0,19,4,0,0,6,4,10,2,0,1,0,0,0,1
94,5,0,13,6,1,0,8,2,5,1,0,0,0,0,0,0
47,15,0,28,1,0,0,4,7,0,0,0,0,0,0,0,0
75,6,0,4,4,0,0,5,0,5,2,0,1,0,0,0,0
58,10,7,31,2,0,2,2,4,0,0,0,0,0,0,0,0
58,6,0,14,3,0,0,2,12,2,0,0,0,0,0,0,1
41,13,0,28,4,0,0,2,16,0,0,0,0,1,0,0,1
25,10,0,11,2,0,0,2,0,0,0,0,0,0,0,0,1
16,7,0,0,1,0,0,0,0,0,0,0,0,0,0,0,1
18,9,0,6,1,0,0,1,0,0,0,0,1,0,0,0,1
88,7,0,49,1,2,0,2,1,6,0,0,0,0,0,0,1
81,17,0,60,1,1,0,5,16,0,0,0,0,0,0,0,1
22,7,0,11,1,0,0,2,2,0,0,0,0,0,0,0,0
25,7,0,14,1,0,0,1,0,0,0,0,0,0,0,0,0
77,7,0,66,1,11,0,1,10,0,0,0,0,0,0,0,0
26,4,5,12,2,0,0,2,3,0,0,0,0,0,0,0,1
24,17,0,4,1,0,0,1,0,0,0,0,0,0,0,0,1
46,5,0,15,2,0,1,1,8,4,0,0,0,0,0,0,1
60,8,0,48,1,7,0,3,7,0,1,0,0,0,0,0,1
36,4,2,25,3,0,0,3,0,1,0,0,0,0,0,0,1
56,12,0,40,1,1,0,2,20,0,0,0,0,0,0,0,1
76,3,0,67,3,11,0,2,19,0,0,0,0,0,0,0,0
18,13,0,0,3,0,0,0,14,0,0,0,0,1,0,0,1
96,7,0,5,2,0,1,1,11,13,0,0,1,0,0,0,0
110,14,0,92,2,1,0,2,28,10,0,0,0,0,0,0,0
24,9,10,0,2,0,0,0,0,0,0,0,0,0,0,0,1
46,9,0,33,1,0,1,3,7,0,0,0,0,0,0,0,0
32,7,12,9,2,0,0,1,2,0,0,0,0,0,0,0,1
71,22,0,45,2,0,0,2,26,0,1,0,0,0,0,0,1
44,17,0,23,1,2,0,1,0,0,0,0,0,0,0,0,1
40,17,0,19,1,1,0,2,0,0,0,0,0,0,0,0,1
20,13,0,0,2,1,0,0,0,0,0,0,0,0,0,0,0
49,8,0,37,1,1,0,3,15,0,0,0,0,0,0,0,0
22,7,0,11,2,0,0,1,5,0,0,0,0,0,0,0,1
53,7,0,42,2,0,0,6,10,0,0,0,0,0,0,0,0
53,25,0,25,2,0,0,3,0,0,0,0,0,0,0,0,1
20,6,10,0,2,0,0,0,0,0,0,0,0,0,0,0,1
40,15,0,11,2,0,0,1,0,2,0,0,0,0,0,0,0
34,6,0,24,1,0,0,3,9,0,0,0,0,0,0,0,0
22,2,15,0,2,1,0,0,0,0,0,0,0,0,0,0,0
32,9,6,12,2,0,1,1,0,0,0,0,0,0,0,0,0
223,11,0,10,3,1,1,1,28,6,0,0,0,0,0,0,1
303,12,0,50,14,1,0,8,64,30,1,1,0,0,0,0,1
38,18,0,16,2,0,0,2,0,0,0,0,0,0,0,0,1
30,8,17,0,2,0,0,0,0,0,0,0,0,0,0,0,0
26,5,9,7,2,0,0,1,0,0,1,0,0,0,0,0,1
12,8,0,0,1,1,0,0,0,0,0,0,0,0,0,0,1
24,20,0,0,1,0,0,0,0,0,0,0,0,0,0,0,0
27,5,8,10,2,0,0,1,0,0,0,0,0,0,0,0,1
70,21,0,43,3,5,0,3,1,0,0,0,0,0,0,0,1
86,15,0,68,1,5,0,5,2,0,0,0,0,0,0,0,1
48,18,0,26,2,0,1,3,9,0,0,0,0,0,0,0,0
53,15,0,35,1,2,0,1,0,0,0,0,0,0,0,0,1
57,15,0,10,2,0,0,1,1,4,0,0,0,0,0,0,1
22,10,0,8,1,0,0,1,2,0,0,0,0,0,0,0,1
37,9,2,21,3,0,2,2,0,0,0,0,0,0,0,0,0
39,16,0,19,2,0,0,2,0,0,0,0,0,0,0,0,1
39,9,2,23,2,0,1,2,0,0,0,0,0,0,0,0,0
172,3,62,103,2,0,0,3,0,0,2,0,1,0,0,0,1
44,2,11,15,3,0,0,3,7,2,0,0,0,0,0,0,0
92,19,0,69,4,0,0,5,2,0,0,0,1,0,0,0,1
17,8,0,6,1,0,0,1,0,0,0,0,0,0,0,0,1
21,7,0,10,1,0,0,1,0,0,0,0,0,0,0,0,0
62,11,0,48,1,6,0,3,8,0,0,0,0,0,0,0,0
363,12,28,34,3,8,4,3,51,14,2,0,0,0,0,0,0
94,13,0,1,1,13,0,1,8,3,0,0,0,0,0,0,0
93,12,0,49,3,6,0,3,12,6,0,0,0,0,0,0,1
111,12,0,96,2,1,1,3,19,13,0,0,0,0,0,0,0
31,7,0,6,1,0,0,1,2,2,0,0,0,0,0,0,0
117,13,4,10,6,1,0,1,6,19,2,0,1,0,1,0,0
40,9,2,24,2,1,1,2,0,0,0,0,0,0,0,0,0
170,10,0,104,7,2,4,9,17,2,1,0,1,0,0,0,1
77,11,0,13,2,0,0,1,4,8,0,0,0,0,0,0,1
29,18,0,7,1,0,0,1,0,0,1,0,0,0,0,0,0
51,6,0,41,1,3,0,3,3,0,1,0,0,0,0,0,0
29,6,0,19,1,1,0,2,0,0,0,0,0,0,0,0,0
36,8,0,24,2,0,0,3,0,0,0,0,0,0,0,0,1
11,7,0,0,1,0,0,0,4,0,0,0,0,0,0,0,1
20,16,0,0,1,0,0,0,0,0,0,0,0,0,0,0,0
41,12,0,25,2,0,0,2,0,0,0,0,0,0,0,0,0
33,9,0,20,2,0,0,2,1,0,0,0,0,0,0,0,1
25,10,0,11,2,1,0,1,0,0,0,0,0,0,0,0,1
78,8,0,67,3,3,0,4,0,0,0,0,0,0,0,0,1
25,6,0,15,1,1,0,1,0,0,0,0,0,0,0,0,0
24,6,0,11,3,0,0,1,0,0,0,0,0,0,0,0,1
50,11,0,36,2,2,0,2,0,0,0,0,0,0,0,0,0
43,3,0,36,3,1,0,2,3,0,0,0,0,0,0,0,1
47,12,0,31,1,3,1,2,6,0,0,0,0,0,0,0,0
72,5,54,6,12,0,0,1,2,0,4,0,1,0,0,0,1
26,13,0,7,4,0,0,1,15,0,0,0,0,1,0,0,1
90,9,0,78,2,0,0,3,16,0,1,0,0,0,0,0,1
23,7,0,12,1,0,0,2,0,0,0,0,0,0,0,0,1
47,8,0,35,1,1,0,3,15,0,0,0,0,0,0,0,0
39,11,0,24,2,0,0,2,0,0,0,0,0,0,0,0,0
92,9,0,80,3,2,0,8,0,0,1,0,1,0,0,0,1
16,12,0,0,1,0,0,0,0,0,0,0,0,0,0,0,0
128,2,7,114,3,15,0,2,13,0,0,0,0,0,0,0,0
46,8,0,34,1,1,0,3,15,0,0,0,0,0,0,0,0
85,10,3,67,5,0,0,3,2,1,0,0,0,0,1,0,1
37,6,0,26,1,1,0,3,0,0,0,0,0,0,1,0,1
33,8,0,21,2,0,0,3,0,0,0,0,0,0,0,0,1
26,8,4,9,2,0,0,1,1,0,0,0,0,0,0,0,1
25,6,0,15,1,0,0,2,0,0,0,0,0,0,0,0,1
76,5,0,41,2,1,0,4,2,6,0,0,0,0,0,0,1
18,13,0,0,3,0,0,0,14,0,0,0,0,1,0,0,1
10,7,0,0,1,0,0,0,0,0,0,0,0,0,0,0,0
61,15,0,42,1,5,0,4,0,0,0,0,0,0,0,0,1
541,11,0,35,3,1,0,4,142,2,0,0,1,0,0,0,1
26,10,11,0,2,1,0,0,1,0,0,0,0,0,0,0,1
42,9,0,29,2,0,0,4,10,0,0,0,0,0,0,0,0
40,16,0,21,2,2,0,1,0,0,0,0,0,0,0,0,1
41,6,0,29,3,1,0,2,0,0,0,0,0,0,0,0,1
17,2,0,11,1,0,0,2,2,0,0,0,0,0,0,0,1
26,9,2,10,2,0,0,2,0,0,0,0,0,0,0,0,0
30,9,16,0,2,2,0,0,0,0,0,0,0,0,0,0,0
108,6,14,83,2,7,0,5,14,0,0,0,0,0,0,0,0
52,9,0,39,2,2,0,3,2,0,0,0,0,0,0,0,1
39,8,0,27,2,0,0,2,0,4,0,0,0,0,0,0,1
33,3,0,26,1,0,0,4,3,0,0,0,0,0,0,0,0
22,12,0,6,1,0,0,1,3,0,0,0,0,0,0,0,1
29,8,0,17,1,0,2,1,0,0,0,0,0,0,0,0,0
87,14,0,57,1,7,0,3,7,2,0,0,0,0,0,0,0
37,13,0,20,1,3,0,1,0,0,0,0,0,0,0,0,0
19,6,0,9,1,0,0,1,11,0,0,0,0,0,0,0,1
19,7,8,0,2,0,0,0,0,0,0,0,0,0,0,0,0
30,5,0,21,1,0,0,2,0,0,0,0,0,0,0,0,1
79,7,0,68,2,0,1,3,4,0,0,0,0,0,0,0,0
29,9,4,11,3,0,0,1,0,0,1,0,0,0,0,0,1
101,9,0,88,1,10,0,3,13,0,0,0,0,0,0,0,0
21,8,0,9,1,0,0,1,2,0,0,0,0,0,0,0,1
16,12,0,0,1,0,0,0,0,0,0,0,0,0,0,0,0
14,10,0,0,1,0,0,0,0,0,0,0,0,0,0,0,0
541,11,0,35,3,1,0,4,142,2,0,0,1,0,0,0,1
69,10,0,55,1,0,6,2,2,0,0,0,0,0,0,0,0
206,9,13,122,3,15,4,3,18,4,0,0,0,0,0,0,0
29,8,0,14,2,1,0,1,0,0,0,0,0,0,0,0,1
28,9,6,8,2,0,0,3,0,0,0,0,0,0,0,0,0
27,4,5,13,2,0,0,2,4,0,0,0,0,0,0,0,1
35,4,4,22,3,2,0,1,14,0,0,0,0,0,0,0,1
243,10,0,229,2,31,0,4,2,0,0,0,0,0,0,0,0
26,13,0,7,4,0,0,1,15,0,0,0,0,1,0,0,1
71,17,0,50,2,7,0,1,0,0,0,0,0,0,0,0,1
26,13,0,6,2,0,0,1,0,0,0,0,1,0,0,0,1
32,9,0,20,1,5,0,1,14,0,0,0,0,0,0,0,1
63,10,0,49,1,0,8,1,0,0,0,0,0,0,0,0,0
21,3,14,0,2,0,0,0,0,0,0,0,0,0,0,0,1
18,8,0,7,1,0,0,1,3,0,0,0,0,0,0,0,1
47,13,0,31,3,1,0,3,0,0,0,0,0,0,0,0,1
60,9,0,10,2,0,1,1,1,6,0,0,0,0,0,0,1
58,6,0,48,2,0,0,7,8,0,0,0,0,0,0,0,1
46,6,8,27,3,0,1,2,0,0,0,0,0,0,0,0,1
39,7,0,27,2,0,0,4,0,0,0,0,0,0,1,0,1
371,12,28,34,3,8,1,3,48,16,2,0,0,0,0,0,0
55,8,8,34,3,0,0,4,0,1,0,0,0,0,0,0,0
84,6,0,74,1,8,0,3,0,0,0,0,0,0,0,0,0
123,4,35,4,4,1,1,2,29,4,0,0,1,0,0,0,0
67,16,0,47,2,0,1,6,4,0,0,0,0,0,0,0,1
13,9,0,0,1,0,0,0,0,0,0,0,0,0,0,0,1
81,11,0,66,1,10,1,1,5,0,0,0,0,0,0,0,0
61,8,0,6,1,1,2,2,3,2,0,0,0,0,0,0,1
92,19,0,69,4,0,0,5,2,0,0,0,1,0,0,0,1
78,12,0,16,2,0,1,2,3,8,0,0,0,0,0,0,1
181,6,0,24,2,1,4,3,48,7,2,0,0,0,0,0,0
19,7,0,8,1,0,0,1,5,0,0,0,0,0,0,0,1
85,15,0,67,1,1,7,4,6,0,0,0,0,0,0,0,0
24,6,0,14,1,0,0,1,0,1,0,0,0,0,0,0,0
113,4,0,10,2,0,1,1,7,16,0,0,0,0,0,0,1
23,15,0,4,2,0,0,1,0,0,0,0,0,0,0,0,1
17,4,0,10,2,0,0,1,0,0,0,0,0,0,0,0,0
32,16,0,12,1,0,0,2,1,0,0,0,0,0,0,0,1
84,13,0,67,2,12,0,1,3,0,0,0,0,0,0,0,0
93,10,0,80,1,5,0,4,0,0,1,0,0,0,0,0,0
135,4,0,84,1,8,0,3,6,8,0,0,0,0,0,0,1
43,9,4,25,3,0,0,2,0,1,0,0,0,0,0,0,1
32,9,0,19,1,1,0,2,0,0,0,0,0,0,0,0,1
35,15,0,16,2,2,0,2,0,0,0,0,0,0,0,0,0
44,8,0,32,1,1,0,3,10,0,0,0,0,0,0,0,0
62,8,0,51,1,6,0,3,3,0,0,0,0,0,0,0,1
23,19,0,0,1,0,0,0,0,0,0,0,0,0,0,0,0
199,10,8,8,3,2,2,1,12,32,0,0,0,0,0,0,1
97,3,0,22,2,0,8,3,3,6,0,0,0,0,0,0,0
32,15,0,13,2,0,0,1,0,0,0,0,0,0,0,0,1
44,3,0,34,2,2,0,2,0,0,0,0,0,0,0,0,1
66,8,0,54,3,1,0,8,8,0,0,0,0,0,0,0,1
93,11,0,79,2,1,1,6,0,4,0,0,0,0,0,0,1
92,4,0,83,2,12,0,2,0,0,0,0,0,0,1,0,0
27,14,0,7,4,0,0,1,16,0,0,0,0,1,0,0,1
149,3,0,142,1,2,0,4,42,39,0,0,0,0,0,0,0
109,15,0,44,5,4,1,8,0,2,2,0,1,0,0,0,1
102,14,0,84,1,14,0,2,6,0,0,0,0,0,0,0,0
36,9,2,20,2,0,1,2,0,0,0,0,0,0,0,0,0
109,11,0,94,2,3,0,4,42,0,1,0,0,0,0,0,0
19,7,7,0,2,0,0,0,4,0,0,0,0,0,0,0,1
31,9,0,15,3,0,0,2,1,0,1,0,0,0,0,0,1
55,15,0,37,2,2,0,2,0,0,0,0,0,0,0,0,0
11,8,0,0,1,0,0,0,3,0,0,0,0,0,0,0,0
104,5,0,13,4,0,0,6,1,10,2,0,1,0,0,0,1
31,18,0,9,1,0,0,1,3,0,0,0,0,0,0,0,1
132,14,24,23,8,5,2,5,2,5,1,0,1,0,0,0,0
234,10,175,44,9,11,0,2,95,0,2,0,0,0,0,0,0
33,8,20,0,2,0,0,0,0,0,0,0,0,0,0,0,0
40,16,0,20,1,2,0,2,0,0,0,0,0,0,0,0,0
42,14,0,24,2,0,0,3,0,0,0,0,0,0,0,0,1
50,10,0,37,2,1,0,3,2,0,0,0,0,0,0,0,1
28,15,0,13,4,0,0,1,12,0,0,0,0,1,0,0,1
123,13,0,10,2,1,1,1,4,16,1,0,0,0,0,0,1
30,6,0,21,4,1,0,2,5,0,0,0,0,0,0,0,1
17,13,0,0,1,0,0,0,0,0,0,0,0,0,0,0,0
115,13,0,10,2,1,1,1,6,12,0,0,0,0,0,0,1
467,9,0,26,22,0,5,6,39,51,1,0,1,0,0,0,1
32,11,5,12,3,0,0,1,1,0,0,0,0,0,0,0,1
29,11,0,15,2,0,0,2,0,0,0,0,0,0,0,0,1
27,21,0,0,2,0,0,0,0,0,0,0,0,0,0,0,0
72,17,0,51,1,6,0,4,11,0,0,0,0,0,0,0,1
45,13,27,0,2,0,0,0,3,0,0,0,0,0,0,0,1
55,6,10,35,2,1,0,5,6,0,1,0,0,0,0,0,1
48,26,0,19,1,3,0,3,1,0,0,0,0,0,0,0,1
37,14,0,19,2,0,0,2,0,0,0,0,0,0,0,0,1
36,9,2,20,2,0,1,2,0,0,0,0,0,0,0,0,0
75,12,0,10,2,0,1,1,2,6,0,0,0,0,0,0,1
35,7,0,24,2,2,0,1,2,0,0,0,0,0,0,0,0
24,12,0,9,1,1,0,1,2,0,0,0,0,0,0,0,1
49,7,0,38,1,1,0,4,5,0,0,0,0,0,0,0,0
41,6,0,31,1,0,0,3,10,0,0,0,0,0,0,0,0
258,20,0,216,2,8,0,8,77,2,1,0,0,0,0,0,1
203,6,0,10,2,0,1,1,29,8,0,0,0,0,0,0,1
133,16,0,69,1,6,0,4,4,8,0,0,0,0,0,0,1
25,6,0,15,2,0,0,2,0,0,0,0,0,0,0,0,1
12,9,0,0,1,1,0,0,0,0,0,0,0,0,0,0,1
81,3,2,30,3,0,0,2,6,5,0,0,0,0,0,0,0
39,9,0,27,2,1,0,2,0,0,0,0,0,0,0,0,1
40,13,0,24,1,1,0,2,0,0,0,0,0,0,0,0,1
40,4,12,20,3,1,0,2,4,0,0,0,0,0,0,0,1
29,15,0,7,2,0,0,1,3,0,0,0,0,0,0,0,1
64,13,0,24,4,1,0,2,3,6,0,0,0,0,0,0,1
40,16,0,20,2,0,0,2,0,0,0,0,0,0,0,0,1
36,8,23,0,2,0,0,0,0,0,0,0,0,0,0,0,0
42,6,0,30,3,0,0,5,0,0,1,0,0,0,0,0,1
172,3,62,103,2,0,0,3,0,0,2,0,1,0,0,0,1
29,6,0,19,3,0,0,2,0,0,0,0,0,0,0,0,1
92,9,0,80,3,2,0,8,0,0,1,0,1,0,0,0,1
90,7,0,77,6,0,0,8,0,0,0,0,1,0,0,0,1
19,8,0,7,1,0,0,1,2,0,0,0,0,0,0,0,1
28,8,6,4,2,0,0,1,7,0,0,0,0,0,0,0,1
56,6,0,46,1,2,0,3,5,0,1,0,0,0,0,0,0
58,13,0,33,2,1,0,4,0,2,1,0,0,0,1,0,1
34,6,7,16,3,0,0,2,0,0,0,0,0,0,0,0,1
81,6,0,71,1,6,0,5,16,0,0,0,0,0,0,0,0
246,7,0,5,2,1,0,1,71,63,0,0,0,0,0,0,0
19,15,0,0,1,0,0,0,0,0,0,0,0,0,0,0,1
48,5,0,40,2,0,0,5,0,0,0,0,0,0,0,0,1
277,30,0,77,5,3,1,5,92,8,2,0,1,0,0,0,1
40,16,0,20,2,0,0,2,0,0,0,0,0,0,0,0,1
45,12,0,29,2,0,0,3,0,0,0,0,1,0,0,0,1
120,25,0,91,1,9,0,6,13,0,0,0,0,0,0,0,0
26,4,5,12,2,0,0,2,3,0,0,0,0,0,0,0,1
19,7,0,8,1,0,0,1,1,0,0,0,0,0,0,1,1
62,3,8,46,3,0,4,3,9,0,0,0,0,0,0,0,0
44,12,0,25,3,0,0,2,0,0,0,0,0,0,0,0,1
26,14,0,12,4,0,0,1,13,0,0,0,0,1,0,0,1
29,15,0,10,1,0,0,1,0,1,0,0,0,0,0,0,1
81,7,0,36,2,0,1,3,2,4,0,0,0,0,0,0,1
24,12,0,8,1,1,0,1,4,0,0,0,0,0,0,0,1
61,5,0,53,4,0,0,3,2,0,0,0,0,0,0,0,0
84,12,0,17,3,0,1,2,3,6,0,0,0,0,0,0,1
47,7,18,17,3,1,0,1,3,1,0,0,0,0,0,0,1
29,3,0,22,2,0,0,3,1,0,0,0,0,0,0,0,1
72,6,5,3,2,1,1,1,4,4,1,0,0,0,0,0,1
105,6,0,95,1,12,0,2,1,1,0,0,0,0,0,0,0
65,11,0,10,2,0,0,1,0,9,0,0,0,0,1,0,0
33,9,0,20,2,0,0,2,3,0,0,0,0,0,0,0,1
74,4,0,67,2,5,0,4,2,0,0,0,0,0,0,0,1
31,5,0,15,2,0,1,2,2,2,0,0,0,0,0,0,1
26,9,2,10,2,0,0,2,0,0,0,0,0,0,0,0,0
151,15,0,10,3,1,1,1,4,18,0,0,0,0,0,0,1
28,5,0,19,2,0,2,1,0,0,0,0,0,0,0,0,1
27,11,11,0,2,0,0,0,0,0,0,0,0,0,0,0,1
53,7,0,11,2,0,0,1,4,7,0,0,0,0,0,0,0
36,12,0,19,2,0,0,2,0,0,0,0,0,0,1,0,1
148,7,4,10,3,1,1,1,5,18,0,0,0,0,0,0,1
63,7,0,52,1,4,0,4,8,0,0,0,0,0,0,0,0
82,19,3,21,3,0,1,3,6,8,0,0,0,0,0,0,0
65,9,0,10,2,0,1,1,2,6,0,0,0,0,0,0,1
76,7,0,65,2,1,0,7,0,0,1,0,0,0,0,0,1
179,9,0,35,4,3,1,7,9,10,1,0,0,0,0,0,0
51,17,0,30,1,5,0,2,0,0,0,0,0,0,0,0,0
49,9,2,33,2,0,2,2,0,2,0,0,0,0,0,0,0
100,7,0,13,6,1,0,8,2,6,1,0,0,0,0,0,0
45,16,0,25,2,0,0,3,2,0,0,0,0,0,0,0,0
41,9,0,28,1,2,0,2,0,0,0,0,0,0,0,0,0
42,12,0,9,1,1,0,1,2,2,0,0,0,0,0,0,1
146,5,16,20,7,1,0,5,1,20,2,0,1,0,0,0,0
46,3,28,11,5,0,0,1,0,0,2,0,0,0,0,0,1
71,5,0,10,2,1,1,1,4,8,0,0,0,0,0,0,1
35,4,0,27,2,0,0,2,0,0,0,0,0,0,0,0,1
28,14,0,10,2,0,0,1,0,0,0,0,0,0,0,0,1
34,11,0,19,2,0,0,2,0,0,0,0,0,0,0,0,1
17,13,0,0,1,0,0,0,0,0,0,0,0,0,0,0,1
69,6,0,59,2,2,1,6,6,0,0,0,0,0,0,0,0
166,7,0,155,3,5,3,13,0,2,5,0,1,0,0,0,0
27,2,8,13,3,0,0,1,0,0,0,0,0,0,0,0,1
49,9,0,34,4,1,0,3,0,0,0,0,0,0,0,0,1
32,11,0,17,2,1,0,3,8,0,0,0,0,0,0,0,1
35,15,0,16,2,0,0,2,0,0,0,0,0,0,0,0,0
21,8,0,9,1,0,0,2,3,0,0,0,0,0,0,0,0
45,17,0,24,2,0,0,3,0,0,0,0,0,0,0,0,0
70,8,0,10,2,0,1,1,5,8,0,0,0,0,0,0,1
106,14,0,92,3,0,0,2,11,0,1,0,1,1,0,0,1
29,13,0,16,4,0,0,2,13,0,0,0,0,1,0,0,1
30,9,0,17,2,0,1,3,2,0,0,0,0,0,0,0,1
114,8,0,20,5,1,0,12,10,6,1,0,1,0,0,0,1
23,7,0,12,1,0,0,1,0,0,0,0,0,0,0,0,0
32,15,0,13,2,0,0,2,0,0,0,0,0,0,0,0,1
16,5,0,8,1,0,0,1,0,0,0,0,0,0,0,0,1
18,14,0,0,1,0,0,0,0,0,0,0,0,0,0,0,0
62,14,0,44,2,2,2,4,14,0,0,0,0,0,0,0,0
28,12,0,11,2,0,0,1,0,0,0,0,0,0,0,0,1
36,11,0,21,2,0,0,3,0,0,0,0,0,0,0,0,0
48,7,0,37,1,0,1,3,8,0,1,0,0,0,0,0,0
38,20,0,14,1,1,0,2,0,0,0,0,0,0,0,0,1
260,15,0,26,14,1,0,3,62,28,0,0,0,0,0,0,1
79,14,0,52,1,6,0,5,5,2,0,0,0,0,0,0,1
62,15,0,43,1,0,0,3,17,0,0,0,0,0,0,0,1
21,7,0,10,2,0,0,1,0,0,0,0,0,0,0,0,1
24,13,0,4,2,0,0,1,0,0,0,0,0,0,0,0,1
21,8,9,0,2,0,0,0,0,0,0,0,0,0,0,0,1
85,8,0,10,2,0,1,1,7,10,0,0,0,0,0,0,1
36,4,4,23,3,0,0,4,0,0,0,0,0,0,0,0,1
27,3,0,20,1,1,0,2,0,0,0,0,0,0,0,0,1
21,13,0,4,1,1,0,1,0,0,0,0,0,0,0,0,1
15,11,0,0,1,0,0,0,0,0,0,0,0,0,0,0,0
65,19,0,42,1,0,0,4,26,0,1,0,1,0,0,0,1
35,8,0,21,3,0,0,3,4,0,0,0,0,0,0,0,1
23,14,0,6,1,0,0,1,0,0,0,0,1,0,0,0,1
13,9,0,0,1,0,0,0,0,0,0,0,0,0,0,0,0
25,8,0,13,2,0,0,1,0,0,0,0,0,0,0,0,1
121,12,0,31,4,0,7,3,10,8,0,0,0,0,0,0,1
104,19,0,81,3,4,0,5,3,0,0,0,0,0,0,0,1
48,15,0,29,2,1,0,3,0,0,0,0,0,0,0,0,0
64,10,0,50,1,0,5,3,1,0,0,0,0,0,0,0,0
27,10,0,13,1,0,0,2,0,0,0,0,0,0,0,0,0
21,17,0,0,1,0,0,0,0,0,0,0,0,0,0,0,0
10,6,0,0,1,0,0,0,0,0,0,0,0,0,0,0,0
36,9,2,20,2,0,1,2,0,0,0,0,0,0,0,0,0
45,19,0,22,2,0,0,3,1,0,0,0,0,0,0,0,1
47,16,0,28,1,1,0,3,2,1,0,0,0,0,0,0,1
17,13,0,0,3,0,0,0,13,0,0,0,0,1,0,0,1
29,5,0,20,1,2,0,2,0,0,0,0,0,0,0,0,0
231,17,0,10,2,1,1,1,32,9,0,0,0,0,0,0,1
27,9,0,14,1,0,0,2,0,0,0,0,0,0,0,0,1
146,5,16,20,7,1,0,5,1,20,2,0,1,0,0,0,0
31,12,0,15,2,0,0,2,0,0,0,0,0,0,0,0,1
34,5,0,16,3,0,0,2,6,1,0,0,0,0,0,0,1
124,11,0,22,6,1,0,7,8,12,1,0,0,0,0,0,1
40,11,4,20,2,0,0,4,0,0,0,0,0,0,0,0,0
102,17,0,53,2,5,0,3,1,6,0,0,0,0,0,0,1
74,9,0,61,1,10,0,1,4,0,0,0,0,0,0,0,0
61,2,3,51,3,0,1,3,0,0,0,0,0,0,0,0,0
409,11,111,186,17,5,2,14,114,9,4,0,1,0,0,0,0
56,9,0,21,3,1,0,7,0,1,1,0,1,0,0,0,1
80,11,0,65,1,0,0,10,19,0,0,0,0,0,0,0,0
244,5,5,12,12,0,0,2,55,25,1,0,1,0,0,0,1
252,12,3,18,3,0,0,3,38,4,0,0,0,0,1,0,1
56,8,2,41,6,0,0,4,15,0,0,0,0,1,0,0,1
67,17,0,28,3,0,1,2,1,4,0,0,0,0,0,0,1
53,7,0,10,2,0,1,1,2,4,0,0,0,0,0,0,1
23,14,0,6,1,0,0,1,0,0,0,0,1,0,0,0,1
38,5,28,0,3,0,0,0,0,0,0,0,0,0,0,0,0
174,13,6,111,3,9,1,6,32,2,3,0,0,0,0,0,1
84,10,0,70,2,8,0,1,6,0,0,0,0,0,0,0,0
45,12,0,29,2,0,0,3,0,0,0,0,1,0,0,0,1
66,19,0,43,2,3,0,6,6,0,0,0,0,0,0,0,1
24,7,0,13,2,0,0,1,2,0,0,0,0,0,0,0,1
40,6,0,30,1,2,0,2,0,0,0,0,0,0,0,0,0
63,8,17,33,4,0,0,1,21,0,1,0,0,0,0,0,1
34,12,0,18,1,0,0,2,0,1,0,0,0,0,0,0,0
42,5,33,0,3,0,0,0,5,0,0,0,0,0,0,0,1
22,11,0,8,2,0,0,1,1,0,0,0,0,0,0,0,1
23,11,0,9,2,0,0,1,0,0,0,0,0,0,0,0,1
31,11,0,14,2,0,0,2,0,0,0,0,0,0,1,0,1
31,18,0,9,1,0,0,2,0,0,0,0,0,0,0,0,1
24,5,4,10,2,0,0,2,0,0,0,0,1,0,0,0,1
23,15,0,4,1,0,0,1,0,0,0,0,0,0,0,0,1
47,10,0,25,2,0,0,2,0,2,0,0,0,0,0,0,1
74,11,0,59,5,2,0,4,0,0,1,0,0,0,0,0,1
38,3,0,31,2,0,0,4,7,0,0,0,0,0,0,0,1
30,8,17,0,3,0,0,0,3,0,0,0,0,0,0,0,1
98,10,0,83,1,8,0,4,8,0,0,0,0,0,1,0,0
40,8,0,28,2,2,0,2,0,0,0,0,0,0,0,0,0
109,11,0,17,2,0,2,2,6,12,0,0,0,0,0,0,1
117,5,16,47,8,0,0,7,1,11,2,0,1,0,0,0,1
68,4,12,48,3,1,0,2,20,0,0,0,0,0,0,0,1
26,4,0,19,2,0,1,2,0,0,0,0,0,0,0,0,1
39,3,0,31,2,2,0,2,2,0,0,0,0,0,0,0,0
43,4,12,23,3,1,0,2,5,0,0,0,0,0,0,0,1
55,21,0,31,2,1,0,3,2,0,0,0,0,0,0,0,1
127,10,17,86,2,2,2,5,10,2,0,0,0,0,0,0,1
96,7,0,5,2,0,1,1,11,13,0,0,1,0,0,0,0
110,5,16,20,7,1,0,5,1,11,2,0,1,0,0,0,1
41,15,0,22,3,1,0,2,0,0,0,0,0,0,0,0,1
95,20,0,10,2,1,2,1,3,10,0,0,0,0,0,0,1
26,13,0,7,4,0,0,1,15,0,0,0,0,1,0,0,1
33,10,0,19,1,1,0,2,0,0,0,0,0,0,0,0,0
30,13,0,14,2,0,0,1,0,0,0,0,0,0,0,0,0
38,5,0,30,2,0,0,2,0,0,0,0,0,0,0,0,0
8,5,0,0,1,0,0,0,0,0,0,0,0,0,0,0,1
23,11,0,9,2,0,0,1,0,0,0,0,0,0,0,0,1
66,14,9,35,4,0,0,2,10,0,0,0,0,0,0,0,1
27,9,4,9,2,0,0,1,0,1,0,0,0,0,0,0,1
80,11,0,65,1,0,0,10,21,0,0,0,0,0,0,0,0
16,12,0,0,1,1,0,0,0,0,0,0,0,0,0,0,1
29,9,0,16,1,0,0,2,3,1,0,0,0,0,0,0,0
43,5,12,21,3,0,1,2,0,0,0,0,0,0,0,0,0
97,5,0,21,5,1,0,6,0,6,2,0,1,0,0,0,1
48,18,0,24,2,1,0,1,0,0,0,0,0,0,0,0,0
86,11,0,10,2,1,1,1,3,8,0,0,0,0,0,0,1
22,10,0,8,1,0,0,1,0,0,0,0,0,0,0,0,1
19,6,0,9,1,0,0,1,0,1,0,0,0,0,0,0,0
82,9,25,27,3,2,0,3,15,2,0,0,0,0,0,0,1
73,11,0,10,2,0,1,1,4,8,0,0,0,0,0,0,1
53,5,0,32,3,0,0,5,0,1,0,0,0,0,0,0,1
34,30,0,0,1,0,0,0,0,0,1,0,0,0,0,0,0
18,6,0,9,1,0,0,2,0,0,0,0,0,0,0,0,1
16,5,0,8,1,0,0,1,0,0,0,0,0,0,0,0,1
20,16,0,0,1,0,0,0,0,0,0,0,0,0,0,0,1
29,14,0,11,1,0,0,2,0,0,0,0,0,0,0,0,1
104,5,0,13,4,0,0,6,1,10,2,0,1,0,0,0,1
20,7,0,9,1,0,0,1,2,0,0,0,0,0,0,0,1
40,11,0,25,2,0,1,3,0,0,0,0,0,0,0,0,1
97,5,0,21,5,1,0,6,0,6,2,0,1,0,0,0,1
143,10,15,91,2,1,2,5,12,6,0,0,0,0,0,0,1
72,6,16,46,3,1,0,2,21,5,2,0,0,0,0,0,1
42,15,0,23,1,0,0,4,5,0,0,0,0,0,0,0,0
176,13,0,10,2,2,1,1,7,20,0,0,0,0,0,0,1
21,9,0,9,1,0,0,1,0,0,0,0,0,0,0,0,0
151,10,24,92,2,2,2,5,9,5,0,0,0,0,0,0,1
130,19,4,102,3,10,0,2,7,0,0,0,0,0,0,0,0
35,3,5,22,2,1,0,2,0,0,0,0,0,0,0,0,0
144,15,0,10,6,0,4,1,8,12,0,0,0,0,0,0,1
114,8,0,20,5,1,0,12,10,6,1,0,1,0,0,0,1
242,17,3,1,4,4,1,1,33,17,0,0,0,0,0,0,1
51,5,9,32,3,0,1,3,0,0,0,0,0,0,0,0,0
141,11,0,10,2,0,5,1,5,16,0,0,0,0,0,0,1
27,14,0,8,4,0,0,1,21,0,0,0,0,1,0,0,1
18,9,0,6,1,0,0,1,0,0,0,0,1,0,0,0,1
45,4,0,37,1,2,0,2,0,0,0,0,0,0,0,0,0
39,6,0,29,1,0,3,2,0,0,0,0,0,0,0,0,0
41,6,8,22,2,0,0,2,0,0,0,0,0,0,0,0,1
30,8,17,0,2,0,0,0,0,0,0,0,0,0,0,0,0
36,8,16,7,4,0,0,1,0,0,2,0,1,0,0,0,1
24,11,0,9,1,0,0,1,0,0,0,0,0,0,0,0,0
96,12,0,10,2,2,1,1,6,10,0,0,0,0,0,0,1
373,5,0,364,1,9,0,4,128,112,0,0,0,0,0,0,0
83,2,0,77,1,11,0,4,8,0,0,0,0,0,0,0,0
44,4,12,24,3,1,0,2,5,0,0,0,0,0,0,0,1
94,10,0,81,2,17,0,2,6,0,0,0,0,0,0,0,0
33,9,0,20,2,0,0,2,2,0,0,0,0,0,0,0,1
15,11,0,0,1,0,0,0,0,0,0,0,0,0,0,0,1
41,10,0,16,2,0,0,2,0,2,0,0,0,0,0,0,0
37,5,4,24,2,1,0,3,2,0,0,0,0,0,0,0,1
99,7,0,13,6,1,0,8,2,6,1,0,0,0,0,0,0
90,11,0,27,1,1,2,2,1,6,0,0,0,0,0,0,0
105,10,0,10,3,0,1,1,5,12,0,0,0,0,0,0,1
18,12,0,3,1,0,0,1,2,0,0,0,0,0,0,0,1
31,2,0,25,2,1,0,3,1,0,0,0,0,0,0,0,1
33,9,2,17,2,0,1,2,0,0,0,0,0,0,0,0,0
53,15,0,11,3,1,0,1,0,2,0,0,0,0,0,0,1
33,10,0,19,1,0,0,2,0,0,0,0,0,0,0,0,0
40,17,0,19,2,0,0,3,1,0,0,0,0,0,0,0,1
26,13,0,7,4,0,0,1,15,0,0,0,0,1,0,0,1
18,14,0,0,1,0,0,0,0,0,0,0,0,0,0,0,0
73,11,0,58,1,2,0,6,19,0,0,0,0,0,0,0,0
31,17,0,10,1,0,0,2,0,0,0,0,0,0,0,0,0
47,6,0,34,3,2,0,2,7,0,0,0,0,0,0,0,1
19,9,0,6,1,0,0,1,5,0,0,0,0,0,0,0,1
195,8,0,57,18,0,0,2,40,4,0,0,0,0,0,0,0
60,3,0,15,2,0,0,1,8,5,0,0,0,0,0,0,1
38,6,0,28,1,1,0,3,9,0,1,0,0,0,0,0,0
25,12,0,9,1,1,0,1,0,0,0,0,0,0,0,0,1
33,6,8,14,3,0,0,1,0,0,0,0,0,0,0,0,1
132,5,0,18,2,0,2,2,3,18,0,0,0,0,0,0,1
22,13,0,5,1,0,0,1,0,0,0,0,0,0,0,0,1
32,12,0,16,2,0,0,1,0,0,0,0,0,0,0,0,1
115,8,4,20,9,0,0,3,10,10,0,0,1,0,0,0,1
71,16,0,33,2,3,0,2,2,2,0,0,0,0,0,0,1
17,13,0,0,1,0,0,0,0,0,0,0,0,0,0,0,0
36,6,0,27,2,0,1,2,0,0,0,0,0,0,0,0,1
106,11,0,10,3,0,1,1,9,14,0,0,0,0,0,0,1
21,17,0,0,1,0,0,0,0,0,0,0,0,0,0,0,0
287,19,0,50,13,2,0,6,62,28,1,0,0,0,0,0,1
50,16,0,31,2,3,0,2,0,0,0,0,0,0,0,0,1
165,22,0,10,2,3,1,1,5,18,0,0,0,0,0,0,1
58,7,17,29,3,0,0,3,0,0,0,0,0,0,0,0,1
57,18,0,33,3,1,0,3,0,0,1,0,0,0,0,0,1
56,9,0,21,3,1,0,7,0,1,1,0,1,0,0,0,1
68,4,12,48,3,1,0,2,20,0,0,0,0,0,0,0,1
55,5,7,38,2,2,0,3,7,0,0,0,0,0,0,0,0
25,13,7,0,2,0,0,0,3,0,0,0,0,0,0,0,1
24,13,0,7,1,0,0,1,2,0,0,0,0,0,0,0,1
16,3,9,0,2,0,0,0,0,0,0,0,0,0,0,0,1
151,8,0,57,14,0,0,2,32,4,0,0,0,0,0,0,0
31,11,0,16,2,0,0,1,0,0,0,0,0,0,0,0,1
46,7,0,35,1,3,0,2,0,0,0,0,0,0,0,0,0
83,9,0,10,2,0,1,1,4,10,0,0,0,0,0,0,1
22,5,4,8,2,0,0,2,1,0,1,0,0,0,0,0,1
69,16,0,49,1,1,0,3,20,0,0,0,0,0,0,0,1
20,10,0,6,1,0,0,1,2,0,0,0,0,0,0,0,1
38,2,4,25,4,2,0,2,3,1,0,0,0,0,0,0,1
58,10,0,44,1,0,4,3,1,0,0,0,0,0,0,0,0
21,3,0,15,2,0,0,2,0,0,0,0,0,0,0,0,1
14,10,0,0,1,0,0,0,0,0,0,0,0,0,0,0,1
15,11,0,0,1,1,0,0,0,0,0,0,0,0,0,0,0
22,13,0,1,3,0,0,2,10,2,1,0,0,1,0,0,1
14,9,0,0,3,0,0,0,10,0,0,0,0,1,0,0,1
12,8,0,0,1,0,0,0,0,0,0,0,0,0,0,0,1
42,9,0,9,1,0,0,1,4,2,0,0,0,0,1,0,1
20,8,0,8,1,0,0,1,3,0,0,0,0,0,0,0,1
60,8,17,30,3,3,0,4,6,0,0,0,0,0,0,0,0
71,10,2,54,3,1,0,6,8,0,0,0,0,0,0,0,0
22,6,0,12,1,1,0,1,0,0,0,0,0,0,0,0,0
100,5,4,86,8,0,0,5,15,0,0,0,1,1,0,0,1
54,13,0,38,2,2,0,2,0,0,0,0,0,0,0,0,1
56,7,0,45,2,0,0,2,17,0,1,0,0,0,1,0,1
69,8,0,57,1,6,0,2,7,0,0,0,0,0,0,0,0
31,7,8,12,3,0,0,1,6,0,0,0,0,0,0,0,1
42,13,0,25,1,0,0,3,2,4,0,0,0,0,0,0,0
153,8,22,20,9,1,0,4,1,18,2,0,0,0,0,0,1
64,15,0,45,2,2,0,4,4,0,0,0,0,0,0,0,1
49,14,0,31,2,0,1,2,0,0,0,0,0,0,0,0,0
19,11,3,0,2,1,0,0,1,0,0,0,0,0,0,0,1
80,11,0,65,1,9,1,1,5,0,0,0,0,0,0,0,0
37,14,0,19,2,1,0,3,0,0,0,0,0,0,0,0,0
31,14,0,12,4,0,0,1,15,0,0,0,0,1,0,0,1
86,7,12,62,3,5,1,4,6,0,0,0,0,0,0,0,0
541,11,0,35,3,1,0,4,150,2,0,0,1,0,0,0,1
115,14,0,10,3,1,1,1,6,10,0,0,0,0,0,0,1
28,8,0,8,1,0,0,1,3,2,0,0,0,0,0,0,1
63,6,0,10,2,0,1,1,3,6,0,0,0,0,0,0,1
37,6,0,27,1,0,0,2,0,1,0,0,0,0,0,0,0
82,8,0,10,2,0,1,1,5,8,0,0,0,0,0,0,1
29,5,0,20,2,0,0,2,4,0,0,0,0,0,0,0,1
168,7,0,10,2,5,1,1,12,18,0,0,0,0,0,0,1
19,3,11,0,2,0,0,0,2,0,0,0,0,0,0,0,0
105,11,0,90,1,13,0,1,8,0,0,0,0,0,0,0,0
33,15,0,5,1,0,0,1,2,2,0,0,0,0,0,0,1
111,19,0,10,3,1,2,1,1,8,0,0,0,0,0,0,1
25,12,0,10,2,1,0,1,0,0,0,0,0,0,0,0,1
41,12,0,25,2,0,0,3,0,0,0,0,0,0,0,0,0
49,13,0,33,1,1,0,5,2,0,0,0,0,0,0,0,1
23,6,0,13,1,1,0,1,0,0,0,0,0,0,0,0,0
40,26,0,10,2,2,0,1,0,0,0,0,0,0,0,0,1
37,16,0,17,2,1,0,2,0,0,0,0,0,0,0,0,0
43,11,0,28,2,0,2,2,6,0,0,0,0,0,0,0,0
48,9,0,35,2,4,0,2,0,0,0,0,0,0,0,0,0
80,10,4,7,3,1,0,1,2,12,0,0,0,0,0,0,1
35,7,0,17,3,1,0,2,0,1,0,0,0,0,0,0,1
46,6,0,36,1,2,0,3,10,0,0,0,0,0,0,0,0
204,13,0,21,2,1,1,2,80,8,2,0,0,0,0,0,1
19,9,0,7,1,0,0,1,4,0,0,0,0,0,0,0,1
28,10,0,14,1,0,0,2,6,0,0,0,0,0,0,0,0
26,6,0,16,1,0,0,1,0,1,0,0,0,0,0,0,0
38,3,0,31,1,1,0,3,1,0,0,0,0,0,0,0,1
89,11,0,74,1,9,0,2,0,0,0,0,0,0,0,0,0
193,18,23,1,3,3,1,3,49,23,2,0,0,0,0,0,0
81,12,0,66,2,8,0,5,2,0,0,0,0,0,0,0,1
26,3,2,16,3,0,0,2,3,1,0,0,0,0,0,0,1
110,10,0,19,4,0,0,6,4,10,2,0,1,0,0,0,1
43,14,0,25,2,0,0,3,0,0,0,0,0,0,0,0,0
27,4,5,13,2,0,0,2,4,0,0,0,0,0,0,0,1
101,13,0,10,3,1,1,1,10,12,0,0,0,0,0,0,1
91,19,0,47,2,4,0,3,0,2,0,0,0,0,0,0,1
27,8,0,15,2,0,0,1,0,0,0,0,0,0,0,0,0
22,9,0,9,1,0,0,1,0,0,0,0,0,0,0,0,1
58,8,13,32,3,1,1,2,12,0,0,0,0,0,0,0,0
25,13,0,8,2,0,0,1,0,0,0,0,0,0,0,0,1
141,6,0,10,2,11,1,1,23,10,0,0,0,0,0,0,1
23,2,0,17,1,1,0,2,0,0,0,0,0,0,0,0,0
82,17,0,61,1,2,1,2,21,0,0,0,0,0,0,0,0
53,8,0,17,2,1,1,2,10,2,0,0,0,0,0,0,1
26,6,4,11,2,0,0,2,3,0,0,0,0,0,0,0,1
38,29,0,5,1,0,0,1,0,0,0,0,0,0,0,0,0
364,7,0,5,2,1,0,1,117,102,0,0,0,0,0,0,0
39,8,0,27,1,2,0,2,0,0,0,0,0,0,0,0,0
144,11,85,40,12,1,0,2,30,0,2,0,0,0,0,0,0
35,10,0,17,2,0,0,1,4,2,0,0,0,0,0,0,0
23,6,0,13,1,0,0,2,0,0,0,0,0,0,0,0,0
42,16,0,9,1,0,0,2,0,2,0,0,0,0,0,0,0
18,9,0,6,1,0,0,1,0,0,0,0,1,0,0,0,1
31,10,0,17,2,0,0,2,4,0,0,0,0,0,0,0,1
39,14,0,12,2,0,0,1,3,2,0,0,0,0,0,0,0
114,8,0,20,5,1,0,12,10,6,1,0,1,0,0,0,1
28,19,0,6,1,0,0,1,0,0,0,0,1,0,0,0,1
23,14,0,9,4,0,0,1,13,0,0,0,0,1,0,0,1
43,17,0,23,3,0,0,3,0,0,0,0,0,0,0,0,1
45,8,0,33,2,0,2,3,8,0,0,0,0,0,0,0,0
15,11,0,0,1,0,0,0,0,0,0,0,0,0,0,0,0
43,5,0,16,2,0,1,1,8,2,0,0,0,0,0,0,0
78,8,0,10,2,0,1,1,5,10,0,0,0,0,0,0,1
20,16,0,0,1,0,0,0,0,0,0,0,0,0,0,0,0
70,4,0,62,1,8,0,3,15,0,0,0,0,0,0,0,0
53,5,0,14,4,0,0,5,1,2,1,0,0,0,0,0,0
32,5,0,23,1,1,0,3,3,0,0,0,0,0,0,0,0
60,4,0,23,1,0,0,3,3,4,0,0,0,0,0,0,1
19,9,6,0,2,0,0,0,0,0,0,0,0,0,0,0,0
104,5,0,13,4,0,0,6,1,10,2,0,1,0,0,0,1
55,6,0,13,2,0,0,1,8,5,0,0,0,0,0,0,0
19,16,0,0,1,0,0,0,0,0,0,0,0,0,0,0,1
96,7,0,5,2,0,1,1,11,13,0,0,1,0,0,0,0
14,5,0,5,1,0,0,1,0,0,0,0,0,0,0,0,1
17,14,0,0,1,1,0,0,0,0,0,0,0,0,0,0,1
31,6,2,19,2,0,0,2,0,0,0,0,0,0,0,0,1
345,12,28,34,3,8,5,3,53,11,2,0,0,0,0,0,0
29,8,0,17,2,0,0,2,0,0,0,0,0,0,0,0,1
16,12,0,0,1,0,0,0,0,0,0,0,0,0,0,0,0
17,5,0,8,1,0,0,1,7,0,0,0,0,0,0,0,0
28,2,0,22,1,1,0,2,0,0,0,0,0,0,0,0,0
127,10,0,10,2,5,1,1,7,12,0,0,0,0,0,0,1
541,11,0,35,3,1,0,4,131,2,0,0,1,0,0,0,1
100,12,0,60,4,0,0,6,0,3,0,1,0,0,0,0,1
84,13,22,21,7,1,2,5,11,4,2,0,0,0,0,0,0
56,4,0,45,3,4,0,1,0,0,0,0,0,0,0,0,1
30,13,12,0,2,0,0,0,2,0,0,0,0,0,0,0,0
24,20,0,0,1,0,0,0,0,0,0,0,0,0,0,0,1
27,8,0,15,1,0,0,1,0,0,0,0,0,0,0,0,0
37,12,0,22,1,1,0,3,0,0,0,0,0,0,0,0,1
23,8,0,8,2,0,0,1,0,0,0,0,0,0,0,0,1
18,9,4,0,2,0,0,0,0,0,0,0,0,0,0,0,0
32,7,0,21,1,1,0,2,0,0,0,0,0,0,0,0,0
150,11,0,27,1,1,2,2,8,18,0,0,0,0,0,0,0
27,4,5,13,2,0,0,2,4,0,0,0,0,0,0,0,1
164,17,0,10,2,2,1,1,7,18,0,0,0,0,0,0,1
18,5,4,4,2,0,0,1,0,0,0,0,0,0,0,0,1
60,18,0,38,2,0,4,1,0,0,0,0,0,0,0,0,0
25,21,0,0,1,1,0,0,0,0,0,0,0,0,0,0,1
37,8,10,13,2,0,0,1,6,1,0,0,0,0,1,0,1
45,7,0,4,3,0,0,5,1,2,0,0,0,0,0,0,0
110,5,16,20,7,1,0,5,1,11,2,0,1,0,0,0,1
14,10,0,0,1,0,0,0,0,0,0,0,0,0,0,0,0
105,9,0,92,7,0,1,5,15,0,0,0,1,1,0,0,1
36,11,0,21,1,1,0,2,0,0,0,0,0,0,0,0,0
79,6,0,10,2,0,1,1,3,8,0,0,0,0,0,0,1
47,5,0,10,2,0,1,1,0,4,0,0,0,0,0,0,1
25,12,0,7,4,0,0,1,14,0,0,0,0,1,0,0,1
23,8,0,11,1,0,0,2,0,0,1,0,0,0,0,0,1
78,12,0,10,2,0,1,1,4,8,0,0,0,0,0,0,1
26,5,5,11,2,0,0,1,0,0,0,0,0,0,0,0,0
86,16,0,34,3,0,0,5,0,3,0,1,0,0,0,0,1
18,9,4,0,2,0,0,0,3,0,0,0,0,0,0,0,0
91,30,0,10,2,1,1,1,4,8,0,0,0,0,0,0,1
26,7,0,16,2,0,0,2,0,0,1,0,0,0,0,0,1
21,16,0,0,1,0,0,0,0,1,0,0,0,0,0,0,1
14,10,0,0,1,0,0,0,0,0,0,0,0,0,0,0,1
22,4,1,13,3,0,0,1,4,0,0,0,0,0,1,0,1
12,8,0,0,1,0,0,0,0,0,0,0,0,0,0,0,1
67,4,12,47,3,1,0,2,19,0,0,0,0,0,0,0,1
112,10,0,98,1,13,0,4,8,0,0,0,0,0,0,0,0
13,7,0,0,2,0,0,0,3,0,0,0,0,0,0,0,1
84,4,0,76,1,9,0,3,6,0,0,0,0,0,0,0,0
70,21,0,45,2,0,0,2,25,0,0,0,0,0,0,0,1
58,13,0,41,2,0,0,3,6,0,0,0,0,0,0,0,1
24,8,6,5,2,0,0,1,0,0,0,0,0,0,0,0,1
35,8,10,12,3,0,0,2,1,1,0,0,0,0,0,0,0
69,12,0,50,5,0,0,5,2,0,0,0,0,0,0,0,1
73,14,0,52,2,1,0,5,0,0,0,0,0,0,0,0,1
42,5,0,33,1,0,0,6,11,0,0,0,0,0,0,0,1
89,13,0,10,2,0,2,1,4,8,0,0,0,0,0,0,1
32,3,0,25,1,0,0,4,3,0,0,0,0,0,0,0,0
22,6,0,12,1,0,0,1,0,0,0,0,0,0,0,0,0
91,3,0,85,1,5,0,5,8,0,0,0,0,0,0,0,0
52,9,0,1,1,0,0,1,2,6,0,0,0,0,0,0,0
37,23,0,11,2,0,0,1,0,0,0,0,0,0,0,0,1
50,11,0,35,2,1,0,5,0,0,1,0,0,0,0,0,1
24,14,0,6,1,0,0,1,0,0,0,0,0,0,0,0,1
50,6,0,40,2,0,2,4,2,0,0,0,0,0,0,0,0
189,11,0,24,3,5,1,2,8,20,0,0,0,0,0,0,1
41,5,0,9,2,0,0,1,16,7,0,0,0,0,0,0,1
97,6,6,80,4,0,1,6,17,0,1,0,0,0,0,0,0
19,9,0,6,1,0,0,1,0,0,0,0,0,0,0,0,1
92,19,0,69,4,0,0,5,2,0,0,0,1,0,0,0,1
84,9,0,12,2,0,0,1,30,14,0,0,0,0,0,0,1
39,11,12,11,3,2,0,1,5,0,0,0,0,0,0,0,0
27,7,0,16,1,1,0,1,0,0,0,0,0,0,0,0,0
33,9,2,17,2,0,1,2,0,0,0,0,0,0,0,0,0
71,25,0,10,2,1,1,1,1,4,0,0,0,0,0,0,1
21,18,0,0,1,0,0,0,0,0,0,0,0,0,0,0,0
115,8,4,20,9,0,0,3,10,10,0,0,1,0,0,0,1
103,6,4,76,2,0,1,5,9,2,1,0,0,0,0,0,1
28,17,0,7,1,0,0,1,1,0,0,0,0,0,0,0,1
23,19,0,0,1,0,0,0,0,0,0,0,0,0,0,0,1
119,5,0,10,3,6,1,1,3,8,0,0,0,0,0,0,1
158,7,7,38,5,1,4,3,48,5,3,0,0,0,0,0,1
58,21,0,24,1,3,0,3,3,2,0,0,0,0,0,0,1
25,13,0,12,4,0,0,1,10,0,0,0,0,1,0,0,1
32,17,0,8,3,0,0,1,0,0,0,0,0,0,0,0,1
23,4,2,10,3,1,0,1,1,1,0,0,0,0,0,0,1
68,4,12,48,3,1,0,2,23,0,0,0,0,0,0,0,1
41,11,0,26,2,0,0,3,0,0,0,0,0,0,0,0,0
96,20,0,10,3,0,1,1,8,10,0,0,0,0,0,0,1
19,4,0,11,2,0,0,2,0,0,0,0,0,0,0,0,1
97,6,4,62,2,0,3,4,6,2,1,0,0,0,0,0,1
116,14,0,10,2,3,1,1,6,10,0,0,0,0,0,0,1
69,7,0,10,2,0,1,1,4,8,0,0,0,0,0,0,1
30,10,0,16,2,0,0,2,3,0,0,0,0,0,0,0,1
26,14,0,12,4,0,0,1,11,0,0,0,0,1,0,0,1
86,3,0,77,2,4,0,7,1,0,0,0,0,0,0,0,0
32,9,6,12,2,0,1,1,0,0,0,0,0,0,0,0,0
24,5,4,10,2,0,0,2,0,0,0,0,1,0,0,0,1
15,11,0,0,1,0,0,0,0,0,0,0,0,0,0,0,1
60,6,0,50,1,4,0,3,9,0,1,0,0,0,0,0,0
15,12,0,0,1,0,0,0,0,0,0,0,0,0,0,0,1
21,7,0,11,2,1,0,1,0,0,0,0,0,0,0,0,1
166,15,0,96,6,2,3,8,11,2,1,0,1,0,0,0,1
38,5,0,29,1,1,0,2,0,0,0,0,0,0,0,0,1
20,13,0,0,1,1,0,0,0,0,0,0,0,0,0,0,1
378,11,111,155,17,5,2,14,95,9,4,0,1,0,0,0,0
22,11,0,8,1,0,0,1,3,0,0,0,0,0,0,0,1
43,6,0,34,2,0,1,4,3,0,0,0,0,0,0,0,0
61,10,0,47,2,3,0,3,2,0,0,0,0,0,0,0,1
15,8,0,0,2,0,0,0,1,0,0,0,0,0,0,0,0
29,10,0,16,1,0,0,1,0,0,0,0,0,0,0,0,1
64,8,7,44,2,0,0,6,0,1,0,0,0,0,0,0,0
98,6,0,65,1,11,0,2,5,2,0,0,0,0,0,0,0
46,18,6,17,3,0,0,2,0,0,0,0,0,0,0,0,1
26,13,0,7,4,0,0,1,15,0,0,0,0,1,0,0,1
541,11,0,35,3,1,0,4,131,2,0,0,1,0,0,0,1
30,7,0,16,2,0,0,2,0,0,0,0,0,0,0,0,1
70,14,0,33,3,2,0,3,0,2,0,0,0,0,0,0,1
33,21,0,9,1,0,0,1,1,0,0,0,0,0,0,0,1
33,12,0,14,2,0,0,2,0,0,1,0,0,0,0,0,1
42,9,0,29,2,0,0,3,4,0,0,0,0,0,0,0,0
37,10,0,23,1,0,0,2,0,0,0,0,0,0,0,0,1
43,15,0,24,2,0,0,5,2,0,0,0,0,0,0,0,0
142,15,42,80,8,0,0,7,18,0,1,0,0,0,0,0,1
54,14,0,33,2,0,0,1,17,0,0,0,0,0,0,0,1
64,7,0,10,2,0,1,1,5,6,0,0,0,0,0,0,1
104,6,0,15,2,0,0,2,5,18,0,0,0,0,0,0,0
32,20,0,8,1,0,0,1,1,0,0,0,0,0,0,0,1
34,5,0,26,2,0,0,3,0,0,0,0,0,0,0,0,1
27,3,2,14,4,0,0,1,0,1,0,0,0,0,0,0,1
24,9,0,11,2,0,0,1,0,0,0,0,0,0,0,0,0
22,13,0,6,2,0,0,1,0,0,0,0,0,0,0,0,1
45,5,6,29,3,0,3,2,2,0,0,0,0,0,0,0,0
40,5,0,27,2,0,0,3,0,2,0,0,0,0,0,0,1
18,14,0,0,1,0,0,0,0,0,0,0,0,0,0,0,0
378,11,111,155,17,5,2,14,95,9,4,0,1,0,0,0,0
85,9,15,56,3,5,0,7,4,0,0,0,0,0,0,0,0
318,10,12,60,3,5,4,5,83,20,0,0,0,0,0,0,1
13,9,0,0,1,0,0,0,4,0,0,0,0,0,0,0,1
30,15,0,11,1,1,0,2,0,0,0,0,0,0,0,0,1
58,11,0,44,2,3,0,3,0,0,0,0,0,0,0,0,1
26,12,0,10,2,0,0,1,0,0,0,0,0,0,0,0,0
35,6,0,25,2,0,0,3,0,0,0,0,0,0,0,0,1
59,8,0,47,1,2,0,3,12,0,0,0,0,0,0,0,0
30,4,11,11,2,0,0,1,2,0,0,0,0,0,0,0,1
24,12,0,8,1,0,0,1,3,0,0,0,0,0,0,0,1
28,14,0,11,2,0,0,1,0,0,0,0,0,0,0,0,1
158,6,0,46,4,0,1,6,41,9,2,0,0,0,0,0,0
14,7,0,0,1,1,0,0,1,0,0,0,0,0,0,0,1
27,9,13,0,2,1,0,0,0,0,0,0,0,0,0,0,0
21,17,0,0,1,0,0,0,0,0,0,0,0,0,0,0,0
77,9,0,16,4,0,0,5,0,4,2,0,1,0,0,0,1
49,14,0,9,2,0,0,1,3,8,0,0,0,0,0,0,0
57,7,0,46,2,0,0,7,9,0,0,0,0,0,0,0,0
19,15,0,0,1,0,0,0,0,0,0,0,0,0,0,0,0
41,4,12,21,3,1,0,2,5,0,0,0,0,0,0,0,1
29,13,0,12,2,1,0,1,0,0,0,0,0,0,0,0,1
26,9,0,14,2,0,0,1,0,0,0,0,0,0,0,0,1
47,8,12,22,2,0,0,1,0,2,0,0,0,0,0,0,0
34,6,12,11,3,0,0,1,0,0,0,0,0,0,0,0,1
41,13,0,24,2,0,0,2,0,0,0,0,0,0,0,0,1
46,8,0,34,2,0,0,4,0,0,0,0,0,0,0,0,0
34,19,0,11,1,1,0,1,0,0,0,0,0,0,0,0,1
66,4,0,55,2,5,0,5,4,0,0,0,0,0,0,0,1
13,5,0,0,2,0,0,0,0,0,0,0,0,0,0,0,1
51,6,0,41,1,4,0,3,5,0,1,0,0,0,0,0,0
27,13,0,11,2,0,0,1,0,0,0,0,0,0,0,0,1
47,5,0,38,1,3,0,3,3,0,0,0,0,0,0,0,0
79,4,0,71,2,4,0,6,8,0,0,0,0,0,0,0,0
24,7,5,7,2,0,0,1,0,0,0,0,0,0,0,0,1
81,6,0,72,2,8,0,2,18,0,0,0,0,0,0,0,0
23,8,10,0,2,0,0,0,0,0,0,0,0,0,0,0,1
70,8,0,49,4,3,0,4,4,2,0,0,0,0,0,0,1
47,9,2,31,2,0,2,2,0,0,1,0,0,0,0,0,0
79,7,0,22,2,1,0,2,5,4,0,0,0,0,0,0,1
49,11,0,34,2,2,0,2,0,0,0,0,0,0,0,0,0
71,15,0,50,3,0,0,4,11,3,1,0,0,0,0,0,1
22,18,0,0,1,1,0,0,0,0,0,0,0,0,0,0,0
37,9,20,0,4,2,0,0,0,0,1,0,0,0,0,0,1
31,6,0,21,1,0,0,2,0,0,0,0,0,0,0,0,0
13,9,0,0,1,0,0,0,0,0,0,0,0,0,0,0,0
38,7,0,27,1,2,0,2,0,0,0,0,0,0,0,0,0
102,8,0,11,2,0,2,2,16,8,0,0,0,0,0,0,0
91,21,58,7,6,3,0,1,4,0,3,0,1,0,0,0,0
54,8,0,42,1,3,0,3,15,0,0,0,0,0,0,0,0
28,7,0,17,1,2,0,2,0,0,0,0,0,0,0,0,0
47,8,0,35,2,0,1,2,17,0,0,0,0,0,0,0,1
131,3,0,125,1,6,0,7,1,0,0,0,0,0,0,0,0
24,6,0,14,1,0,0,1,0,0,0,0,0,0,0,0,0
43,15,0,24,1,0,0,3,1,0,0,0,0,0,0,0,1
22,18,0,0,1,0,0,0,0,0,0,0,0,0,0,0,0
41,7,0,30,1,3,0,2,0,0,0,0,0,0,0,0,0
56,15,15,21,2,2,0,3,3,0,1,0,0,0,0,0,1
68,14,0,51,2,1,0,6,0,0,0,0,0,0,0,0,0
89,7,0,10,3,0,1,1,5,10,0,0,0,0,0,0,1
94,9,0,81,1,1,0,7,17,0,0,0,0,0,0,0,0
52,17,0,31,2,1,0,3,0,0,0,0,0,0,0,0,0
25,13,7,0,2,0,0,0,9,0,0,0,0,0,0,0,1
36,10,0,22,1,0,2,1,0,0,0,0,0,0,0,0,0
30,6,0,20,2,0,1,2,0,0,0,0,0,0,0,0,0
16,3,8,0,2,0,0,0,1,0,0,0,0,0,0,0,0
28,9,15,0,2,2,0,0,0,0,0,0,0,0,0,0,0
33,7,0,22,1,0,0,2,13,0,0,0,0,0,0,0,1
113,7,4,97,3,7,1,4,6,0,0,0,0,0,0,0,0
74,15,0,10,2,0,1,1,1,4,0,0,0,0,0,0,1
132,12,0,10,2,2,1,1,7,12,0,0,0,0,0,0,1
31,10,0,17,1,1,0,1,0,0,0,0,0,0,0,0,1
72,7,0,10,3,0,1,1,4,8,0,0,0,0,0,0,1
21,17,0,0,1,0,0,0,0,0,0,0,0,0,0,0,0
285,10,10,76,3,1,6,7,67,15,0,0,0,0,0,0,1
48,6,0,38,1,5,0,3,2,0,0,0,0,0,0,0,0
30,8,0,18,1,0,0,4,7,0,0,0,0,0,0,0,0
59,5,5,44,2,4,0,3,9,0,0,0,0,0,0,0,0
45,12,0,29,1,1,0,3,5,0,0,0,0,0,0,0,0
30,9,0,15,2,0,0,2,0,0,0,0,0,0,1,0,1
244,5,5,12,12,0,0,2,55,25,1,0,1,0,0,0,1
49,21,0,24,2,4,0,1,0,0,0,0,0,0,0,0,0
55,14,0,37,1,0,3,3,0,0,0,0,0,0,0,0,0
70,6,0,60,1,7,0,3,6,0,0,0,0,0,0,0,0
42,6,5,26,3,0,0,2,2,0,0,0,0,0,0,0,1
17,3,0,10,1,0,0,1,0,1,0,0,0,0,0,0,1
198,17,169,7,13,4,0,1,54,0,3,0,0,0,0,0,1
75,9,0,59,2,0,7,4,6,0,0,0,0,0,0,0,0
40,10,0,17,2,1,0,1,2,2,0,0,0,0,0,0,1
18,6,0,8,1,0,0,1,3,0,0,0,0,0,0,0,1
51,15,0,33,2,6,0,3,14,0,0,0,0,0,0,0,1
115,12,17,81,4,0,0,2,13,0,1,0,0,0,0,0,1
31,7,0,20,1,1,0,2,0,0,0,0,0,0,0,0,0
63,8,5,13,4,0,0,4,7,2,0,0,0,0,0,0,0
93,10,0,80,3,8,0,2,10,0,2,0,1,0,0,0,1
60,16,0,40,2,0,0,2,0,5,0,0,0,0,0,0,0
20,8,0,8,1,0,0,1,0,0,0,0,0,0,0,0,1
35,4,0,27,1,2,0,3,0,0,0,0,0,0,0,0,1
30,16,0,8,2,1,0,1,2,0,0,0,0,0,0,0,1
31,7,0,6,1,0,0,1,0,2,0,0,0,0,0,0,0
32,14,0,15,2,0,0,1,0,0,0,0,0,0,0,0,1
117,5,16,47,8,0,0,7,1,11,2,0,1,0,0,0,1
67,11,0,52,4,0,1,2,19,0,0,0,0,0,0,0,1
133,6,0,10,3,4,1,1,6,12,0,0,0,0,0,0,1
174,9,0,35,4,3,1,7,9,10,1,0,0,0,0,0,0
55,10,0,41,2,0,3,4,0,0,0,0,0,0,0,0,0
17,8,0,5,1,0,0,1,0,0,0,0,0,0,0,0,1
40,14,0,19,2,1,0,3,2,0,0,0,0,0,0,0,1
92,19,0,69,4,0,0,5,2,0,0,0,1,0,0,0,1
170,16,0,148,3,2,0,10,48,0,2,0,1,0,0,0,0
82,24,0,51,3,5,0,2,2,0,0,0,0,0,0,0,1
57,5,9,38,3,0,0,4,0,0,0,0,0,0,0,0,0
35,4,4,22,3,2,0,1,14,0,0,0,0,0,0,0,1
99,10,2,31,4,0,1,3,38,2,1,0,0,0,0,0,1
49,17,0,29,2,1,0,3,0,0,0,0,0,0,0,0,1
45,8,0,33,1,1,0,3,10,0,0,0,0,0,0,0,0
155,10,0,10,2,10,1,1,9,12,0,0,0,0,0,0,1
45,4,0,38,2,1,0,3,2,0,0,0,0,0,0,0,1
26,6,6,9,2,0,0,1,3,0,0,0,0,0,0,0,1
53,28,0,21,1,0,0,3,0,0,0,0,0,0,0,0,0
106,22,7,72,2,0,0,2,42,0,0,0,0,0,0,0,1
93,5,0,81,3,2,0,2,44,0,0,0,0,0,0,0,1
95,7,0,84,1,1,0,4,18,2,0,0,0,0,0,0,0
34,6,0,25,2,0,0,2,0,0,0,0,0,0,0,0,1
72,15,0,25,3,0,0,2,1,6,0,0,0,0,0,0,1
67,7,0,57,1,0,0,5,23,0,0,0,0,0,0,0,0
32,8,0,20,1,0,0,4,0,0,0,0,0,0,0,0,0
25,9,0,12,1,0,0,2,0,0,1,0,0,0,0,0,1
19,13,0,0,2,0,0,0,0,0,0,0,0,0,0,0,0
46,9,2,30,2,0,2,2,0,2,0,0,0,0,0,0,0
34,7,0,15,2,0,0,3,0,2,1,0,0,0,0,0,1
82,3,3,72,2,0,6,2,5,2,0,0,0,0,0,0,1
66,5,0,57,1,10,0,4,0,0,0,0,0,0,0,0,1
58,14,0,40,2,0,0,3,4,0,0,0,0,0,0,0,0
32,3,0,24,2,1,0,3,2,0,0,0,0,0,1,0,0
32,10,0,18,1,0,1,1,0,0,0,0,0,0,0,0,1
75,7,0,64,2,7,1,3,10,0,0,0,0,0,0,0,0
101,13,0,84,2,1,1,8,0,0,0,0,0,0,0,0,0
56,9,8,34,3,0,0,3,4,1,1,0,0,0,0,0,1
93,10,0,80,3,8,0,2,10,0,2,0,1,0,0,0,1
13,13,0,0,3,0,0,0,10,0,0,0,0,1,0,0,1
47,19,0,22,3,0,0,2,8,0,0,0,0,0,0,0,1
117,5,16,47,8,0,0,7,1,11,2,0,1,0,0,0,1
24,11,0,9,2,0,0,1,0,0,0,0,0,0,0,0,0
64,6,0,54,1,6,0,2,0,0,0,0,0,0,0,0,0
37,9,0,24,2,0,0,3,12,0,0,0,0,0,0,0,1
57,11,41,0,4,13,0,0,1,0,0,0,0,0,0,0,1
146,12,0,30,2,5,3,2,25,18,0,0,0,0,0,0,1
52,10,0,38,2,0,0,5,2,1,0,0,0,0,0,0,1
95,7,0,85,2,7,4,3,0,0,0,0,0,0,0,0,0
70,16,0,50,2,0,2,3,0,0,0,0,0,0,0,0,1
43,19,0,10,2,0,0,1,7,1,0,0,0,0,0,0,1
22,8,0,10,1,0,0,1,0,0,0,0,0,0,0,0,1
69,10,0,55,1,5,0,2,9,4,0,0,0,0,0,0,0
65,19,0,26,2,0,1,3,4,2,0,0,0,0,0,0,0
60,8,0,48,1,2,2,3,6,0,0,0,0,0,0,0,0
93,10,0,80,3,8,0,2,10,0,2,0,1,0,0,0,1
36,8,16,7,4,0,0,1,0,0,2,0,1,0,0,0,1
38,24,0,11,2,0,0,1,0,0,0,0,0,0,0,0,1
13,3,0,7,1,0,0,1,1,0,0,0,0,0,0,1,1
17,14,0,0,1,0,0,0,0,0,0,0,0,0,1,0,1
51,22,0,25,2,0,1,2,0,0,0,0,0,0,0,0,0
34,10,0,14,2,0,1,1,2,2,0,0,0,0,0,0,1
44,9,2,28,2,0,3,2,4,2,0,0,0,0,0,0,0
146,6,0,134,5,2,0,7,17,0,1,0,1,0,0,0,1
48,6,0,32,2,0,1,2,9,2,0,0,0,0,0,0,0
24,6,13,0,2,0,0,0,0,0,0,0,0,0,0,0,1
47,21,0,22,1,2,0,2,0,0,0,0,0,0,0,0,1
94,5,0,86,1,11,0,3,17,0,0,0,0,0,0,0,0
33,9,0,20,1,2,0,1,5,0,0,0,0,0,0,0,0
32,8,19,0,2,0,0,0,1,0,0,0,0,0,0,0,1
117,17,0,96,3,0,1,8,10,6,0,0,0,0,0,0,1
75,13,0,14,2,4,1,1,19,6,0,0,0,0,0,0,0
25,8,0,13,1,0,0,2,3,0,0,0,0,0,0,0,1
12,8,0,0,1,0,0,0,0,0,0,0,0,0,0,0,0
33,9,19,0,2,0,0,0,0,0,0,0,0,0,0,0,0
91,7,0,81,2,11,0,2,10,0,0,0,0,0,0,0,0
18,15,0,0,1,0,0,0,0,0,0,0,0,0,1,0,1
58,13,0,42,2,0,0,4,4,0,0,0,0,0,0,0,1
30,14,0,16,4,0,0,2,12,0,0,0,0,1,0,0,1
102,10,0,10,2,1,1,1,21,6,0,0,0,0,0,0,1
36,8,0,13,2,0,0,1,1,2,0,0,0,0,0,0,1
166,7,0,155,3,5,3,13,0,2,5,0,1,0,0,0,0
24,4,15,0,2,0,0,0,3,0,0,0,0,0,0,0,0
541,11,0,35,3,1,0,4,150,2,0,0,1,0,0,0,1
51,18,0,16,2,0,0,3,1,2,1,0,0,0,0,0,1
89,7,0,28,2,0,0,3,14,15,0,0,0,0,0,0,0
14,11,0,0,1,1,0,0,0,0,0,0,0,0,0,0,1
23,10,0,9,1,0,0,1,0,0,0,0,0,0,0,0,1
89,12,0,74,7,0,1,3,7,0,0,0,0,0,0,0,0
26,14,0,12,3,0,0,2,13,0,0,0,0,1,0,0,1
27,2,0,21,1,0,3,1,0,0,1,0,0,0,0,0,0
45,18,0,23,1,0,0,4,0,0,0,0,0,0,0,0,0
41,15,0,26,4,0,1,2,14,0,0,0,0,1,0,0,1
46,8,0,17,3,1,0,4,0,1,1,0,1,0,0,0,1
84,9,0,53,6,1,1,3,0,3,2,0,0,0,0,0,0
35,5,5,20,2,0,1,2,0,0,0,0,0,0,0,0,0
51,4,0,43,2,2,2,1,7,0,0,0,0,0,0,0,0
36,8,9,10,3,0,0,1,3,0,0,0,0,0,0,0,1
91,12,0,8,1,0,0,2,16,10,0,0,0,0,0,0,0
118,31,0,10,2,3,1,1,6,10,0,0,0,0,0,0,1
42,6,0,32,2,1,0,2,0,0,0,0,0,0,0,0,1
115,10,0,101,1,15,0,2,5,0,0,0,0,0,0,0,0
58,6,0,48,1,3,0,3,6,0,1,0,0,0,0,0,0
25,9,4,8,2,0,0,1,0,1,0,0,0,0,0,0,1
46,13,0,30,2,0,0,3,2,0,0,0,0,0,0,0,1
54,11,0,37,2,0,3,4,8,0,0,0,0,0,0,0,1
41,16,0,21,2,0,0,1,0,0,0,0,0,0,0,0,0
63,14,0,45,3,0,0,5,0,0,0,0,0,0,0,0,1
70,19,0,45,2,6,0,3,7,0,0,0,0,0,0,0,1
115,8,4,20,9,0,0,3,10,10,0,0,1,0,0,0,1
24,14,0,10,4,0,0,1,11,0,0,0,0,1,0,0,1
32,13,0,16,2,0,0,1,0,0,0,0,0,0,0,0,1
14,5,0,6,1,0,0,1,2,0,0,0,0,0,0,0,1
62,10,0,48,1,1,0,3,18,0,0,0,0,0,0,0,1
61,6,0,51,1,4,0,3,4,0,1,0,0,0,0,0,0
35,11,6,11,4,1,0,1,0,0,0,0,0,0,0,0,1
108,9,0,45,4,1,0,6,6,2,0,0,1,0,0,0,1
77,8,13,51,3,7,0,3,9,0,0,0,0,0,0,0,0
84,9,3,67,5,0,0,3,3,1,0,0,0,0,1,0,1
19,10,0,6,1,0,0,1,0,1,0,0,0,0,0,0,1
11,7,0,0,1,0,0,0,4,0,0,0,0,0,0,0,1
98,4,8,9,2,0,0,1,23,7,0,0,0,0,0,0,1
34,8,2,19,2,0,0,4,0,0,0,0,0,0,0,0,0
83,9,0,10,2,0,1,1,4,10,0,0,0,0,0,0,1
72,5,54,6,12,0,0,1,2,0,4,0,1,0,0,0,1
77,9,14,49,2,7,0,4,13,0,0,0,0,0,0,0,0
26,13,0,7,4,0,0,1,15,0,0,0,0,1,0,0,1
83,21,0,58,3,1,0,7,0,0,0,0,0,0,0,0,1
71,4,0,64,1,0,1,4,8,10,0,0,0,0,0,0,0
56,19,0,17,3,0,0,2,1,2,0,0,0,0,0,0,1
70,3,0,10,3,0,1,1,6,8,0,0,0,0,0,0,1
70,4,5,10,3,0,2,1,5,8,0,0,0,0,0,0,1
166,7,0,155,3,5,3,13,0,2,5,0,1,0,0,0,0
76,7,0,64,2,0,0,9,9,0,1,0,0,0,1,0,1
47,9,0,34,2,2,0,2,0,0,0,0,0,0,0,0,1
158,7,7,38,5,1,4,3,30,5,3,0,0,0,0,0,1
62,5,10,42,3,2,0,2,5,4,0,0,0,0,0,0,1
60,13,0,43,2,1,1,3,7,0,0,0,0,0,0,0,0
43,2,0,37,1,4,0,3,5,0,0,0,0,0,0,0,0
109,15,0,76,2,6,0,5,4,2,0,0,0,0,0,0,1
118,16,97,0,13,0,0,0,0,0,3,0,0,0,0,0,1
23,10,0,9,2,0,0,1,0,0,0,0,0,0,0,0,1
122,12,0,106,1,13,0,3,2,0,0,0,0,0,0,0,1
52,16,0,32,2,0,1,3,1,0,0,0,0,0,0,0,0
19,4,0,8,2,0,0,2,1,0,0,0,1,0,0,0,1
31,9,6,11,2,0,1,1,0,0,0,0,0,0,0,0,0
49,10,0,35,1,3,0,2,0,0,0,0,0,0,0,0,1
33,12,0,8,2,0,0,1,9,2,0,0,0,0,0,0,1
85,4,0,10,2,1,1,1,7,8,0,0,0,0,0,0,1
24,20,0,0,1,0,0,0,0,0,0,0,0,0,0,0,1
103,12,0,10,4,0,1,1,10,12,0,0,0,0,0,0,1
118,5,0,106,5,0,1,9,9,4,1,0,0,0,0,0,0
67,5,0,10,3,0,1,1,2,8,0,0,0,0,0,0,1
65,26,0,11,2,2,1,1,4,4,0,0,0,0,0,0,1
37,5,0,28,1,0,0,2,0,2,0,0,0,0,0,0,0
84,13,0,10,3,0,1,1,3,8,0,0,0,0,0,0,1
27,4,5,13,2,0,0,2,4,0,0,0,0,0,0,0,1
18,6,0,9,1,0,0,1,3,0,0,0,0,0,0,0,1
94,19,0,72,1,5,0,4,0,0,0,0,0,0,0,0,1
25,8,0,13,1,0,0,2,1,0,0,0,0,0,0,0,1
77,9,0,16,4,0,0,5,0,4,2,0,1,0,0,0,1
50,5,0,41,2,0,0,4,4,0,0,0,0,0,0,0,0
26,9,2,10,2,0,0,2,0,0,0,0,0,0,0,0,0
104,5,0,13,4,0,0,6,1,10,2,0,1,0,0,0,1
26,5,0,17,1,0,0,3,0,0,0,0,0,0,0,0,0
220,11,0,10,2,9,1,1,9,20,0,0,0,0,0,0,1
52,12,0,36,2,0,4,1,0,0,0,0,0,0,0,0,0
17,9,3,0,2,0,0,0,0,0,0,0,0,0,0,0,1
79,7,0,68,2,0,1,3,12,0,0,0,0,0,0,0,0
35,9,2,19,2,0,1,2,0,0,0,0,0,0,0,0,0
15,7,0,4,1,0,0,1,0,0,0,0,0,0,1,0,1
166,7,0,155,3,5,3,13,0,2,5,0,1,0,0,0,0
45,11,0,31,3,1,0,4,0,0,0,0,0,0,0,0,1
13,9,0,0,1,0,0,0,0,0,0,0,0,0,0,0,0
409,11,111,186,17,5,2,14,114,9,4,0,1,0,0,0,0
76,4,0,67,1,0,0,1,22,22,0,0,0,0,1,0,1
33,22,0,7,1,0,0,1,3,0,0,0,0,0,0,0,1
63,8,0,48,2,0,0,2,18,0,0,0,0,0,0,0,1
40,18,0,18,2,1,0,3,0,0,0,0,0,0,0,0,1
26,19,0,0,2,0,0,0,0,0,0,0,0,0,0,0,1
87,15,0,68,2,1,0,6,25,0,0,0,0,0,0,0,1
9,5,0,0,1,0,0,0,0,0,0,0,0,0,0,0,0
73,17,0,20,3,0,1,2,9,8,0,0,0,0,0,0,0
112,6,0,10,2,5,1,1,20,10,0,0,0,0,0,0,1
106,8,0,51,2,6,0,3,4,8,0,0,0,0,0,0,1
60,6,0,51,2,2,0,4,0,0,0,0,0,0,0,0,1
52,3,0,41,3,1,0,3,0,1,0,0,0,0,0,0,1
20,11,0,9,3,0,0,2,10,0,0,0,0,1,0,0,1
135,17,0,114,2,11,0,3,9,0,0,0,0,0,0,0,0
24,7,0,10,3,0,0,1,0,0,0,0,0,0,0,0,1
42,3,0,35,2,0,1,3,4,1,0,0,0,0,0,0,1
35,10,0,11,3,0,0,2,2,2,1,0,0,0,0,0,1
52,9,0,10,2,0,1,1,2,4,0,0,0,0,0,0,1
19,15,0,0,1,0,0,0,0,0,0,0,0,0,0,0,0
117,5,16,47,8,0,0,7,1,11,2,0,1,0,0,0,1
30,11,0,15,1,0,0,3,4,0,0,0,0,0,0,0,1
34,11,0,19,1,0,0,2,0,0,0,0,0,0,0,0,0
30,2,11,12,3,0,0,1,2,0,0,0,0,0,0,0,1
28,19,0,6,1,0,0,1,0,0,0,0,1,0,0,0,1
39,22,0,13,1,3,0,2,0,0,3,0,0,0,0,0,1
84,8,28,43,5,0,0,3,10,2,0,0,0,0,0,0,0
37,4,10,19,3,1,0,2,2,1,0,0,0,0,0,0,1
41,9,0,28,1,1,1,3,0,0,0,0,0,0,0,0,0
61,16,0,42,2,0,0,4,4,0,0,0,0,0,0,0,1
17,13,0,0,1,1,0,0,0,0,0,0,0,0,0,0,1
75,8,0,63,1,6,0,1,7,0,0,0,0,0,0,0,0
13,9,0,0,1,0,0,0,0,0,0,0,0,0,0,0,1
39,13,0,23,1,1,0,2,0,0,0,0,0,0,0,0,1
97,5,0,21,5,1,0,6,0,6,2,0,1,0,0,0,1
26,11,0,11,1,0,0,1,3,0,0,0,0,0,0,0,1
75,9,0,62,1,10,0,4,9,0,0,0,0,0,0,0,0
15,7,0,5,1,0,0,1,3,0,0,0,0,0,0,0,1
15,5,0,6,1,2,0,1,2,0,0,0,0,0,0,0,1
37,7,4,19,4,0,0,2,1,0,0,0,0,0,0,0,1
55,17,0,35,1,1,1,1,7,1,0,0,1,0,0,0,1
67,8,28,26,5,0,0,2,0,1,0,0,0,0,0,0,0
29,8,0,17,2,0,0,1,0,0,0,0,0,0,0,0,0
21,6,0,12,2,1,0,1,1,0,0,0,0,0,0,0,1
43,9,0,11,1,2,0,1,0,2,0,0,0,0,0,0,1
158,7,7,38,5,1,4,3,36,5,3,0,0,0,0,0,1
43,25,13,0,3,0,0,0,0,0,0,0,0,0,0,0,1
33,10,0,19,1,2,0,2,0,0,0,0,0,0,0,0,1
63,17,0,42,1,0,5,2,4,0,0,0,0,0,0,0,0
73,13,0,10,2,1,1,1,3,8,0,0,0,0,0,0,1
52,8,0,40,1,2,0,4,4,0,0,0,0,0,0,0,0
47,9,0,34,2,3,0,3,6,0,0,0,0,0,0,0,0
75,15,23,32,4,0,1,4,3,0,2,0,0,0,0,0,1
541,11,0,35,3,1,0,4,131,2,0,0,1,0,0,0,1
38,8,0,10,2,0,0,1,13,2,0,0,0,0,0,0,0
47,9,0,31,3,0,0,4,0,0,1,0,0,0,0,0,1
37,15,0,18,2,1,0,2,0,0,2,0,0,0,0,0,0
8,4,0,0,1,0,0,0,0,0,0,0,0,0,0,0,0
33,9,0,20,2,0,0,2,3,0,0,0,0,0,0,0,1
378,11,111,155,17,5,2,14,95,9,4,0,1,0,0,0,0
63,7,0,52,1,3,0,4,8,0,0,0,0,0,0,0,0
81,17,0,14,2,0,1,2,3,8,0,0,0,0,0,0,1
73,20,0,49,1,1,0,6,0,0,1,0,0,0,0,0,1
45,18,0,23,2,1,0,2,0,0,0,0,0,0,0,0,0
40,4,12,20,3,1,0,2,5,0,0,0,0,0,0,0,1
1666,5,2,3,17,20,7,1,545,75,0,0,1,0,0,0,1
31,5,0,22,2,0,0,3,1,0,0,0,0,0,0,0,1
40,8,0,25,3,1,0,2,1,0,0,0,0,0,0,0,1
80,16,0,10,2,0,1,1,6,8,0,0,0,0,0,0,1
39,5,0,31,2,2,0,2,2,0,0,0,0,0,0,0,1
54,10,0,40,1,4,0,2,2,0,0,0,0,0,0,0,0
20,7,0,9,1,0,0,1,0,0,0,0,0,0,0,0,1
28,4,0,21,1,2,0,3,1,0,0,0,0,0,0,0,1
49,17,0,28,1,2,0,2,5,0,0,0,0,0,0,0,0
53,16,0,33,1,1,0,3,0,0,0,0,0,0,0,0,0
45,10,0,31,2,1,0,3,0,0,0,0,0,0,0,0,1
32,6,11,10,3,0,0,1,0,0,0,0,0,0,0,0,1
47,9,0,34,2,0,0,4,4,0,1,0,0,0,0,0,1
1666,5,2,3,17,20,7,1,545,75,0,0,1,0,0,0,1
101,10,0,88,2,15,0,2,6,0,0,0,0,0,0,0,0
40,15,0,21,1,0,0,5,0,0,0,0,0,0,0,0,1
111,6,0,34,4,4,1,8,0,5,1,0,1,0,0,0,1
76,9,0,32,3,1,0,4,4,4,0,0,0,0,0,0,1
69,15,0,50,1,1,0,4,23,0,0,0,0,0,0,0,1
18,7,0,7,1,0,0,1,2,0,0,0,0,0,0,0,1
18,14,0,0,3,0,0,0,14,0,0,0,0,1,0,0,1
58,21,0,33,2,0,2,2,0,0,0,0,0,0,0,0,0
541,11,0,35,3,1,0,4,131,2,0,0,1,0,0,0,1
67,14,0,49,2,0,0,4,2,1,1,0,0,0,0,0,1
25,8,0,13,1,0,0,2,4,0,0,0,0,0,0,0,1
50,8,0,35,3,0,1,4,0,0,0,0,0,0,0,0,1
35,9,0,22,2,1,0,2,1,0,0,0,0,0,0,0,0
31,12,0,15,2,0,0,2,0,0,0,0,0,0,0,0,1
19,16,0,0,1,2,0,0,4,0,0,0,0,0,0,0,0
29,11,0,14,3,0,0,1,0,0,0,0,0,0,0,0,0
26,5,0,17,1,0,0,2,0,0,0,0,0,0,0,0,1
39,11,0,24,2,0,2,1,0,0,0,0,0,0,0,0,0
11,7,0,0,1,0,0,0,0,0,0,0,0,0,0,0,0
80,15,0,61,1,1,0,5,18,0,0,0,0,0,0,0,1
27,6,0,17,1,1,0,2,0,0,0,0,0,0,0,0,0
27,23,0,0,1,2,0,0,0,0,1,0,0,0,0,0,0
35,4,0,27,1,2,0,2,5,0,0,0,0,0,0,0,0
97,9,0,10,3,1,1,1,4,10,0,0,0,0,0,0,1
23,19,0,0,1,0,0,0,0,0,0,0,0,0,0,0,0
52,3,5,39,3,0,0,7,8,0,0,0,0,0,0,0,1
31,7,0,6,1,1,1,1,1,2,0,0,0,0,0,0,0
110,12,0,10,2,0,1,1,7,10,0,0,0,0,0,0,1
25,12,0,7,4,0,0,1,14,0,0,0,0,1,0,0,1
134,12,105,12,9,4,0,1,19,0,4,0,0,0,0,0,0
71,16,0,52,2,4,0,3,0,0,0,0,0,0,0,0,1
69,19,0,43,2,1,0,5,1,0,0,0,0,0,0,0,1
64,8,28,23,5,0,0,3,3,1,0,0,0,0,0,0,0
48,15,0,26,2,1,0,3,0,0,0,0,0,0,0,0,1
17,11,0,3,1,0,0,1,0,0,0,0,0,0,0,0,1
113,14,0,10,2,2,1,1,9,10,0,0,0,0,0,0,1
50,9,18,16,4,0,1,1,0,0,0,0,0,0,0,0,0
46,4,0,38,2,0,1,3,0,0,0,0,0,0,0,0,0
117,6,0,27,5,1,0,13,3,6,1,0,0,0,0,0,1
42,9,0,29,3,0,0,2,10,0,0,0,0,0,0,0,1
105,12,0,10,2,1,2,1,2,12,0,0,0,0,0,0,1
17,7,0,6,2,0,0,1,0,0,0,0,0,0,0,0,1
19,12,0,7,3,0,0,1,9,0,0,0,0,1,0,0,1
20,9,0,7,1,0,0,1,1,0,0,0,0,0,0,0,1
62,15,0,14,2,1,0,1,7,6,0,0,0,0,0,0,1
26,5,0,9,2,0,0,1,4,2,0,0,0,0,0,0,1
34,6,13,10,2,0,0,1,0,0,0,0,0,0,0,0,1
19,4,0,8,2,0,0,2,1,0,0,0,1,0,0,0,1
66,16,0,10,2,0,1,1,2,6,0,0,0,0,0,0,1
49,5,0,40,1,5,0,1,0,0,0,0,0,0,0,0,0
40,6,4,26,3,0,0,2,6,4,0,0,0,0,0,0,1
76,9,0,10,3,0,1,1,6,8,0,0,0,0,0,0,1
35,6,4,21,3,0,0,2,0,1,0,0,0,0,0,0,1
63,20,0,36,3,0,0,3,0,0,0,0,0,0,0,0,1
64,15,0,20,3,1,0,3,0,2,0,0,0,0,0,0,0
35,7,0,24,2,0,0,2,0,0,0,0,0,0,0,0,1
74,14,0,19,4,0,0,1,3,7,0,1,0,0,0,0,1
31,11,0,17,2,0,0,2,0,2,0,0,0,0,0,0,1
45,8,0,24,2,0,0,3,4,2,0,0,0,0,0,0,0
20,15,0,0,3,0,0,0,16,0,0,0,0,1,0,0,1
38,4,12,18,4,0,0,2,2,0,0,0,0,0,0,0,1
29,4,0,22,3,0,0,3,0,0,0,0,0,0,0,0,1
19,15,0,0,1,0,0,0,0,0,0,0,0,0,0,0,0
24,9,10,0,2,0,0,0,0,0,0,0,0,0,0,0,0
43,19,0,20,2,0,1,1,0,0,0,0,0,0,0,0,0
75,19,0,50,2,5,0,3,5,0,0,0,0,0,0,0,1
20,4,0,13,2,0,0,2,0,0,0,0,0,0,0,0,0
27,9,0,14,1,0,0,2,3,1,0,0,0,0,0,0,0
25,14,0,11,4,0,0,2,11,0,0,0,0,1,0,0,1
49,9,36,0,2,2,0,0,0,0,0,0,0,0,0,0,0
50,16,0,19,1,0,0,3,7,2,0,0,0,0,0,0,0
25,13,0,12,3,0,0,2,10,0,0,0,0,1,0,0,1
59,22,0,33,2,1,0,4,0,0,1,0,0,0,0,0,1
100,7,0,13,6,1,0,8,2,6,1,0,0,0,0,0,0
43,12,0,27,2,0,0,3,9,0,0,0,0,0,0,0,1
33,9,10,8,2,0,0,1,0,0,0,0,0,0,1,0,1
52,22,0,27,1,2,0,1,0,0,0,0,0,0,0,0,1
64,6,3,9,3,0,0,1,16,11,0,0,0,0,0,0,1
36,11,0,21,2,0,0,2,0,0,0,0,0,0,0,0,0
67,12,0,48,3,1,0,4,0,0,1,0,0,0,0,0,1
80,6,0,19,2,1,4,3,2,2,1,0,0,0,0,0,1
46,9,0,33,2,0,0,3,0,0,0,0,0,0,0,0,1
33,8,0,21,1,0,1,2,0,0,0,0,0,0,0,0,0
34,14,0,20,4,0,0,2,12,0,0,0,0,1,0,0,1
13,2,0,0,1,0,0,0,0,0,1,0,0,0,0,0,1
68,8,55,0,8,2,0,0,0,0,2,0,0,0,0,0,1
36,13,0,19,2,0,0,2,0,0,0,0,0,0,0,0,0
171,2,3,161,5,0,17,3,0,0,0,0,0,0,0,0,0
34,6,0,24,2,0,0,3,0,0,0,0,0,0,0,0,1
29,4,0,21,1,0,0,3,12,0,0,0,0,0,0,0,0
29,20,0,5,1,0,0,1,5,0,0,0,0,0,0,0,0
244,5,5,12,12,0,0,2,55,25,1,0,1,0,0,0,1
26,13,0,9,4,0,0,1,15,0,0,0,0,1,0,0,1
104,12,0,88,2,11,1,4,11,0,0,0,0,0,0,0,0
27,15,0,8,1,2,0,1,2,0,0,0,0,0,0,0,1
24,4,0,16,1,0,0,2,7,0,0,0,0,0,0,0,0
14,10,0,0,1,0,0,0,4,0,0,0,0,0,0,0,0
36,12,4,15,2,0,0,3,0,0,1,0,0,0,0,0,1
42,14,0,24,2,0,1,3,2,0,0,0,0,0,0,0,1
58,23,0,31,1,3,0,3,0,0,0,0,0,0,0,0,1
37,15,0,22,4,0,0,2,13,0,0,0,0,1,0,0,1
57,14,0,36,2,1,0,4,0,0,1,0,0,0,0,0,1
117,8,0,6,3,2,0,1,11,8,1,0,1,0,0,0,1
47,9,0,35,2,1,0,6,8,0,0,0,0,0,0,0,1
40,9,0,27,1,0,0,3,0,0,0,0,0,0,0,0,1
70,17,0,31,2,0,1,2,9,1,0,0,0,0,0,0,1
41,13,0,24,2,1,0,3,2,0,0,0,0,0,0,0,1
11,7,0,0,1,0,0,0,0,0,0,0,0,0,0,0,1
63,10,0,50,2,4,0,4,3,0,0,0,0,0,0,0,1
182,7,0,18,10,0,0,8,32,14,1,0,0,0,0,0,1
28,12,0,12,1,0,0,1,0,0,0,0,0,0,0,0,0
166,15,0,96,6,2,3,8,11,2,1,0,1,0,0,0,1
36,9,2,20,2,0,1,2,0,0,0,0,0,0,0,0,0
12,8,0,0,1,0,0,0,0,0,0,0,0,0,0,0,1
27,14,0,7,4,0,0,1,16,0,0,0,0,1,0,0,1
45,14,0,27,1,3,0,2,0,0,0,0,0,0,0,0,0
30,19,0,8,1,1,0,1,3,0,0,0,0,0,0,0,1
31,9,0,18,1,0,0,2,0,1,0,0,0,0,0,0,0
248,10,0,84,2,0,1,6,34,1,1,0,0,0,0,0,1
89,9,0,59,3,1,0,7,0,4,2,0,1,0,0,0,1
75,18,0,75,4,0,1,5,1,0,0,0,1,0,0,0,1
39,6,0,29,1,0,0,3,0,0,1,0,0,0,0,0,1
58,17,0,1,2,0,0,1,6,2,0,0,0,0,0,0,1
34,7,0,23,2,0,0,2,0,0,0,0,0,0,0,0,1
54,8,0,42,1,2,0,3,15,0,0,0,0,0,0,0,0
37,12,0,22,1,0,0,2,0,0,0,0,0,0,0,0,1
62,17,0,21,2,0,0,2,11,6,0,0,0,0,0,0,0
207,20,0,183,6,9,0,3,26,0,1,0,0,0,0,0,0
58,6,0,45,2,5,0,2,2,0,0,0,0,0,0,0,1
57,4,0,49,1,0,7,3,0,0,0,0,0,0,0,0,0
44,7,0,33,1,1,0,3,8,0,0,0,0,0,0,0,0
52,7,0,29,2,0,1,2,3,2,0,0,0,0,0,0,0
35,12,18,0,2,0,0,0,0,0,0,0,0,0,0,0,0
33,6,0,23,2,0,0,3,0,0,0,0,0,0,0,0,1
25,15,0,10,4,0,0,1,14,0,0,0,0,1,0,0,1
87,14,5,63,2,6,0,4,6,0,0,0,0,0,0,0,0
235,14,0,66,4,0,2,8,83,3,2,0,0,0,0,0,1
61,7,0,13,4,0,0,5,1,2,0,0,0,0,0,0,0
27,14,0,7,4,0,0,1,16,0,0,0,0,1,0,0,1
29,8,4,9,3,0,0,1,4,0,0,0,0,0,0,0,1
164,17,0,31,2,0,0,4,22,4,0,0,0,0,0,0,1
59,14,0,41,1,1,0,2,21,0,0,0,0,0,0,0,1
40,6,10,19,4,0,0,2,0,0,0,0,0,0,0,0,0
67,4,12,47,3,1,0,2,19,0,0,0,0,0,0,0,1
29,16,0,9,2,0,0,1,0,0,0,0,0,0,0,0,1
52,16,0,29,2,0,1,3,0,0,0,0,0,0,0,0,1
33,8,0,21,1,0,0,5,0,2,0,0,0,0,0,0,0
76,10,0,29,4,1,0,3,0,3,1,1,0,0,0,0,1
86,10,0,72,2,0,5,6,8,0,0,0,0,0,0,0,0
29,6,0,19,1,1,0,2,0,0,0,0,0,0,0,0,0
541,11,0,35,3,1,0,4,142,2,0,0,1,0,0,0,1
44,13,0,24,4,0,0,2,0,0,0,0,0,0,0,0,1
18,12,0,6,3,0,0,1,9,0,0,0,0,1,0,0,1
63,16,0,44,2,2,0,6,6,0,1,0,0,0,0,0,1
26,13,0,13,3,0,0,2,10,0,0,0,0,1,0,0,1
88,15,0,10,2,0,1,1,7,10,0,0,0,0,0,0,1
41,13,0,24,2,1,0,2,0,0,0,0,0,0,0,0,1
48,4,0,40,2,3,0,2,9,0,0,0,0,0,0,0,0
81,24,0,53,1,6,0,2,4,0,0,0,0,0,0,0,0
20,9,0,7,1,0,0,1,3,0,0,0,0,0,0,0,1
102,6,0,13,7,1,0,8,2,6,1,0,0,0,0,0,1
41,4,12,21,3,1,0,2,5,0,0,0,0,0,0,0,1
32,3,0,26,2,0,0,3,1,0,0,0,0,0,0,0,1
115,12,0,10,3,4,1,1,5,10,0,0,0,0,0,0,1
62,6,0,52,1,4,0,3,10,0,1,0,0,0,0,0,0
96,8,0,10,2,0,1,1,9,14,0,0,0,0,0,0,1
47,13,0,15,3,0,0,2,0,2,1,0,0,0,0,0,1
101,6,0,10,2,1,1,1,7,10,0,0,0,0,0,0,1
9,6,0,0,1,0,0,0,0,0,0,0,0,0,0,0,0
36,9,2,20,2,0,1,2,0,0,0,0,0,0,0,0,0
72,9,10,48,2,1,0,2,0,6,0,0,0,0,0,0,0
124,6,5,24,3,0,3,2,5,2,0,0,0,0,0,0,1
43,11,0,28,1,0,0,3,0,0,1,0,0,0,0,0,1
79,2,0,73,1,8,0,4,4,0,0,0,0,0,0,0,0
71,17,0,10,2,1,1,1,2,6,0,0,0,0,0,0,1
37,3,0,30,1,0,0,4,0,0,0,0,0,0,0,0,0
158,7,7,38,5,1,4,3,46,5,3,0,0,0,0,0,1
22,10,0,8,1,1,0,1,0,0,0,0,0,0,0,0,1
32,8,0,20,2,0,0,2,8,0,0,0,0,0,0,0,1
30,8,17,0,2,1,0,0,0,0,0,0,0,0,0,0,0
43,17,0,23,2,0,0,3,4,0,0,0,0,0,0,0,1
23,9,0,10,1,0,0,2,1,0,0,0,0,0,0,0,1
104,5,0,13,4,0,0,6,1,10,2,0,1,0,0,0,1
22,15,0,7,3,0,0,1,12,0,0,0,0,1,0,0,1
166,15,0,96,6,2,3,8,11,2,1,0,1,0,0,0,1
42,5,4,29,3,0,0,3,0,1,0,0,0,0,0,0,1
21,7,0,10,1,1,0,1,0,0,0,0,0,0,0,0,0
29,15,0,14,5,2,0,1,12,0,0,0,0,1,0,0,1
59,11,0,42,2,0,4,4,8,0,1,0,0,0,0,0,1
35,5,14,12,2,0,0,2,0,0,0,0,0,0,0,0,1
46,9,0,33,2,0,2,4,9,0,0,0,0,0,0,0,0
16,12,0,0,1,1,0,0,0,0,0,0,0,0,0,0,0
34,9,0,21,2,0,0,2,0,0,0,0,0,0,0,0,1
23,4,0,15,1,0,0,2,7,0,0,0,0,0,0,0,0
44,5,0,35,1,4,0,3,3,0,0,0,0,0,0,0,0
378,11,111,155,17,5,2,14,95,9,4,0,1,0,0,0,0
30,6,0,20,2,0,0,2,5,0,0,0,0,0,0,0,0
29,16,0,9,2,1,0,1,0,0,1,0,0,0,0,0,0
127,9,0,10,2,1,1,1,3,18,0,0,0,0,0,0,1
92,9,0,80,3,2,0,8,0,0,1,0,1,0,0,0,1
25,21,0,0,1,0,0,0,0,0,0,0,0,0,0,0,0
40,7,1,27,2,2,0,3,1,0,0,0,0,0,0,0,1
25,10,0,11,1,0,0,2,0,0,0,0,0,0,0,0,1
105,9,0,45,4,1,0,6,5,2,0,0,1,0,0,0,1
21,7,0,11,2,0,0,2,4,0,0,0,0,0,0,0,1
36,8,0,24,2,0,0,2,4,0,0,0,0,0,0,0,1
146,5,16,20,7,1,0,5,1,20,2,0,1,0,0,0,0
31,12,0,15,2,0,0,2,0,0,0,0,0,0,0,0,1
63,4,0,19,4,0,0,7,1,2,0,0,0,0,0,0,1
9,6,0,0,1,0,0,0,0,0,0,0,0,0,1,0,1
38,5,7,16,3,0,0,2,4,0,0,0,0,0,0,0,0
103,8,14,27,6,0,1,5,21,5,2,0,0,0,0,0,0
61,13,0,44,2,0,1,5,0,0,0,0,0,0,0,0,1
29,9,2,13,2,0,1,1,0,0,0,0,0,0,0,0,0
109,11,15,21,2,0,0,1,68,2,1,0,0,0,0,0,0
93,3,0,86,1,12,0,3,6,0,0,0,0,0,0,0,0
116,5,0,32,4,0,3,3,5,8,0,0,0,0,0,0,1
71,10,0,57,2,7,0,3,8,0,0,0,0,0,0,0,1
89,14,0,71,2,2,0,1,9,6,0,0,0,0,0,0,0
37,13,0,24,4,0,0,2,13,0,0,0,0,1,0,0,1
56,5,0,10,2,0,1,1,6,6,0,0,0,0,0,0,1
43,4,12,23,3,1,0,2,5,0,0,0,0,0,0,0,1
43,19,0,20,1,0,0,2,0,0,0,0,0,0,0,0,1
172,3,62,103,2,0,0,3,0,0,2,0,1,0,0,0,1
31,10,0,17,2,0,0,2,0,0,0,0,0,0,0,0,1
250,9,195,42,16,8,0,4,89,0,3,0,0,0,0,0,0
25,12,0,13,3,0,0,2,10,0,0,0,0,1,0,0,1
57,13,0,40,2,3,0,2,0,0,0,0,0,0,0,0,1
63,3,3,51,3,0,2,6,6,0,0,0,0,0,1,0,1
37,9,2,21,2,0,1,2,0,0,0,0,0,0,0,0,0
129,4,0,122,3,3,0,5,21,1,1,0,0,0,0,0,1
31,8,0,19,1,1,0,2,0,0,0,0,0,0,0,0,1
58,5,6,42,3,0,1,4,1,0,0,0,0,0,0,0,0
75,8,28,34,5,0,0,2,0,1,0,0,0,0,0,0,0
32,17,0,12,2,0,0,1,5,0,0,0,0,0,0,0,1
35,11,0,20,2,0,0,2,0,0,0,0,0,0,0,0,0
81,9,0,68,3,2,6,5,6,0,0,0,0,0,0,0,0
23,12,4,2,2,0,0,1,1,0,0,0,0,0,0,0,0
27,12,0,11,1,0,1,1,0,0,0,0,0,0,0,0,0
27,14,0,7,4,0,0,1,16,0,0,0,0,1,0,0,1
23,4,0,15,1,0,0,2,7,0,0,0,0,0,0,0,0
38,9,2,22,2,0,2,2,0,0,0,0,0,0,0,0,0
47,14,0,29,2,1,0,4,0,0,0,0,0,0,0,0,1
52,7,0,41,1,5,0,1,6,0,0,0,0,0,0,0,0
34,7,0,23,1,0,0,1,0,0,0,0,0,0,0,0,0
60,21,0,32,3,0,0,4,0,0,1,0,0,0,0,0,1
15,11,0,0,1,0,0,0,0,0,0,0,0,0,0,0,0
108,12,0,17,2,1,1,2,7,12,0,0,0,0,0,0,1
76,9,0,10,2,1,1,1,3,8,0,0,0,0,0,0,1
39,19,0,16,1,0,1,1,0,0,0,0,0,0,0,0,0
19,14,0,5,3,0,0,1,14,0,0,0,0,1,0,0,1
92,13,0,10,3,0,2,1,5,8,0,0,0,0,0,0,1
21,8,0,9,1,0,0,1,2,0,0,0,0,0,1,0,1
85,11,0,70,2,15,0,1,3,0,0,0,0,0,0,0,0
46,6,0,36,1,2,0,3,5,0,1,0,0,0,0,0,0
86,12,0,10,2,0,1,1,4,10,0,0,0,0,0,0,1
99,15,4,75,3,1,9,3,1,0,0,0,0,0,0,0,0
25,5,0,16,1,0,0,2,0,0,0,0,0,0,0,0,1
45,10,5,25,3,0,0,4,0,0,0,0,0,0,0,0,1
44,5,12,22,2,0,1,2,0,0,0,0,0,0,0,0,0
78,8,0,66,1,9,0,3,15,0,0,0,0,0,0,0,0
50,8,0,38,1,2,0,3,10,0,0,0,0,0,0,0,0
83,6,0,70,2,0,0,14,7,0,0,0,0,0,0,0,0
16,12,0,0,1,0,0,0,0,0,1,0,0,0,1,0,1
49,23,0,22,2,0,0,3,0,0,0,0,0,0,0,0,1
55,12,0,40,2,3,0,4,5,0,0,0,0,0,0,0,1
56,9,0,21,3,1,0,7,0,1,1,0,1,0,0,0,1
56,20,0,24,2,0,0,2,4,2,0,0,0,0,0,0,0
39,10,0,25,2,2,0,2,0,0,0,0,0,0,0,0,0
92,12,0,77,2,1,2,7,5,2,0,0,0,0,0,0,1
291,7,19,228,6,0,0,3,183,6,0,1,0,0,0,0,1
166,15,0,96,6,2,3,8,11,2,1,0,1,0,0,0,1
34,5,0,25,1,2,0,1,0,0,0,0,0,0,0,0,1
24,14,0,10,4,0,0,1,11,0,1,0,0,1,0,0,1
109,15,0,44,5,4,1,8,0,2,2,0,1,0,0,0,1
29,16,0,9,1,0,0,1,3,0,0,0,0,0,0,0,1
77,13,0,58,2,1,0,4,22,0,0,0,0,0,0,0,0
27,4,0,20,1,0,0,2,0,1,0,0,0,0,0,0,0
31,9,2,15,2,0,1,1,0,0,0,0,0,0,0,0,0
31,7,0,6,1,1,0,1,1,2,0,0,0,0,0,0,0
61,10,0,13,4,0,1,1,2,4,0,0,0,0,0,0,1
28,19,0,6,1,0,0,1,0,0,0,0,1,0,0,0,1
31,16,0,11,2,0,0,1,0,0,0,0,0,0,0,0,1
61,30,0,27,2,0,0,2,0,0,0,0,0,0,0,0,1
11,7,0,0,1,0,0,0,4,0,0,0,0,0,0,0,1
143,14,0,125,2,5,4,10,18,0,0,0,0,0,0,0,1
41,12,20,4,3,4,0,1,11,0,1,0,0,0,0,0,1
122,19,0,10,3,5,1,1,4,10,0,0,0,0,0,0,1
25,12,0,7,4,0,0,1,14,0,0,0,0,1,0,0,1
24,5,4,10,2,0,0,2,0,0,0,0,1,0,0,0,1
58,11,0,40,3,1,0,2,0,0,1,0,0,0,0,0,1
132,12,0,10,2,4,0,1,9,14,0,0,0,0,0,0,1
31,8,18,0,2,0,0,0,0,0,0,0,0,0,0,0,0
133,15,15,20,3,0,0,1,8,8,0,0,0,0,0,0,1
56,8,0,42,3,0,0,5,1,0,0,0,0,0,0,0,0
20,5,0,9,2,0,0,2,0,1,0,0,0,0,0,0,1
24,17,0,0,2,0,0,0,0,0,0,0,0,0,0,0,1
25,8,0,13,1,0,0,1,0,0,0,0,0,0,0,0,0
89,8,0,19,5,1,0,8,2,6,1,0,0,0,0,0,1
116,5,7,1,3,10,0,3,21,1,0,0,0,0,0,0,1
33,14,0,15,1,0,0,2,6,0,0,0,0,0,0,0,0
37,13,0,20,2,1,0,1,0,0,0,0,0,0,0,0,1
91,21,58,7,6,3,0,1,4,0,3,0,1,0,0,0,0
78,14,0,10,2,0,1,1,6,8,0,0,0,0,0,0,1
36,11,0,12,2,0,0,1,3,2,0,0,0,0,0,0,0
36,16,0,16,2,1,0,2,0,0,0,0,0,0,0,0,1
53,9,0,40,2,0,0,4,0,0,0,0,0,0,0,0,0
34,5,0,25,1,2,0,1,0,0,1,0,0,0,0,0,1
27,6,0,17,1,0,0,3,0,0,0,0,0,0,0,0,1
19,15,0,0,1,0,0,0,0,0,0,0,0,0,0,0,1
37,9,2,21,2,0,1,2,0,2,0,0,0,0,0,0,0
37,8,0,25,2,0,0,2,0,0,0,0,0,0,0,0,0
46,10,4,27,3,0,2,2,0,0,0,0,0,0,0,0,1
46,8,0,34,2,0,1,2,16,0,0,0,0,0,0,0,1
18,13,0,0,1,0,0,0,0,0,0,0,0,0,0,0,1
53,7,0,42,1,3,0,3,6,0,0,0,0,0,0,0,0
249,16,0,54,3,3,0,4,58,17,0,0,0,0,0,0,1
27,4,7,12,2,0,0,1,0,0,0,0,0,0,0,0,1
68,12,0,53,2,4,0,3,6,0,0,0,0,0,0,0,0
39,8,2,24,2,1,0,5,6,0,0,0,0,0,0,0,0
40,5,9,21,2,0,1,2,0,0,0,0,0,0,0,0,0
80,7,0,10,2,0,1,1,2,10,0,0,0,0,0,0,1
26,13,0,13,4,0,0,2,11,0,0,0,0,1,0,0,1
13,9,0,0,1,0,0,0,4,0,0,0,0,0,0,0,0
40,9,0,1,1,0,0,1,4,6,0,0,0,0,0,0,0
40,6,9,20,3,1,0,3,0,0,0,0,0,0,0,0,1
27,7,0,16,1,0,0,2,0,0,0,0,0,0,0,0,0
21,10,0,8,1,0,0,1,4,0,0,0,0,0,0,0,1
59,11,0,44,2,4,0,2,0,0,0,0,0,0,0,0,0
83,7,11,60,3,4,0,4,6,0,0,0,0,0,0,0,0
48,9,0,18,2,0,1,2,4,4,0,0,0,0,0,0,1
11,7,0,0,1,0,0,0,3,0,0,0,0,0,0,0,1
55,5,6,18,3,0,1,2,15,2,0,0,0,0,0,0,1
28,12,0,16,4,0,0,2,10,0,0,0,0,1,0,0,1
35,4,4,22,3,2,0,1,14,0,0,0,0,0,0,0,1
77,15,0,31,2,5,0,2,0,4,0,0,0,0,0,0,1
117,13,4,10,6,1,0,1,6,19,2,0,1,0,1,0,0
30,4,7,14,2,0,0,3,5,0,0,0,0,0,0,0,1
82,13,0,10,2,0,1,1,3,10,0,0,0,0,0,0,1
34,12,0,18,2,0,0,2,5,0,0,0,0,0,0,0,0
94,10,0,80,2,7,0,6,9,0,0,0,0,0,0,0,0
52,12,0,40,3,0,0,2,33,0,0,0,0,1,0,0,1
51,11,0,33,2,1,0,4,0,0,0,0,0,0,0,0,1
21,4,4,8,3,0,0,1,2,0,0,0,0,0,0,0,1
23,19,0,0,1,0,0,0,0,0,0,0,0,0,0,0,1
69,10,0,56,1,4,0,3,11,0,0,0,0,0,0,0,1
24,5,4,10,2,0,0,2,0,0,0,0,1,0,0,0,1
45,9,0,32,2,2,0,2,0,0,0,0,0,0,0,0,0
49,18,0,25,3,0,0,2,0,0,0,0,0,0,0,0,1
47,14,0,30,2,6,0,2,14,0,0,0,0,0,0,0,1
96,6,13,11,7,1,0,3,1,11,2,0,0,0,0,0,0
27,7,0,16,1,0,0,3,0,0,0,0,0,0,0,0,1
24,9,0,11,1,0,0,2,0,0,0,0,0,0,0,0,1
51,4,0,43,3,3,0,2,5,0,0,0,0,0,0,0,0
25,12,0,7,4,0,0,1,14,0,0,0,0,1,0,0,1
18,7,0,8,1,0,0,1,0,0,0,0,0,0,0,0,1
41,11,0,26,2,0,0,3,1,0,0,0,0,0,0,0,1
113,13,0,76,4,2,0,5,22,2,0,0,0,0,0,0,1
69,6,0,59,1,4,0,3,10,0,1,0,0,0,0,0,0
26,13,0,7,4,0,0,1,15,0,0,0,0,1,0,0,1
186,5,6,1,2,3,0,1,24,2,0,0,0,0,1,0,1
62,11,0,47,2,1,0,5,0,0,0,0,0,0,0,0,1
51,8,4,12,3,0,0,1,15,2,0,0,0,0,0,0,0
45,2,11,18,3,0,0,3,2,2,0,0,0,0,0,0,0
92,6,0,82,1,11,0,3,5,0,0,0,0,0,0,0,0
95,7,0,14,1,0,8,3,13,8,0,0,0,0,0,0,0
166,7,0,155,3,5,3,13,0,2,5,0,1,0,0,0,0
35,8,0,15,1,0,0,1,0,2,0,0,0,0,0,0,0
67,13,0,10,2,0,1,1,3,6,0,0,0,0,1,0,1
35,22,0,9,1,1,0,1,1,0,0,0,0,0,0,0,0
50,16,0,30,1,2,0,1,0,0,0,0,0,0,0,0,0
56,9,2,40,2,0,4,2,4,0,0,0,0,0,0,0,0
111,6,0,34,4,4,1,8,0,5,1,0,1,0,0,0,1
81,15,0,62,2,0,1,6,4,2,0,0,0,0,0,0,1
68,14,0,50,2,0,6,2,7,0,0,0,0,0,0,0,0
79,7,14,53,3,6,0,4,9,0,0,0,0,0,0,0,0
36,13,0,19,2,0,0,3,1,0,0,0,0,0,0,0,1
56,18,0,18,2,1,0,2,3,2,0,0,0,0,0,0,0
26,12,0,11,2,0,0,1,1,0,0,0,0,0,0,0,1
71,11,0,56,1,3,0,5,2,0,0,0,0,0,0,0,0
34,21,1,7,2,0,0,1,5,0,0,0,0,0,0,0,1
64,13,0,10,2,1,1,1,2,6,0,0,0,0,0,0,1
20,16,0,0,1,0,0,0,0,0,0,0,0,0,0,0,0
78,6,0,69,2,3,0,6,25,0,0,0,0,0,0,0,1
45,12,0,17,2,0,0,2,0,2,0,0,0,0,0,0,1
74,9,0,14,2,0,0,1,3,8,0,0,0,0,0,0,1
46,6,0,36,1,1,1,4,0,0,1,0,0,0,0,0,1
36,8,0,24,2,0,0,2,4,0,0,0,0,0,0,0,1
17,5,0,8,1,0,0,1,1,0,0,0,0,0,0,0,1
170,10,0,104,7,2,4,9,17,2,1,0,1,0,0,0,1
245,11,0,37,8,0,1,10,10,28,1,0,1,0,0,0,1
38,13,0,25,4,0,0,2,12,0,0,0,0,1,0,0,1
57,26,0,19,1,2,0,2,2,2,0,0,0,0,0,0,1
20,4,0,12,1,1,0,1,1,0,0,0,0,0,0,0,0
31,4,22,0,3,0,0,0,0,0,0,0,0,0,0,0,1
22,18,0,0,1,0,0,0,0,0,0,0,0,0,0,0,0
15,8,0,0,2,0,0,0,0,0,0,0,0,0,0,0,1
39,8,0,28,2,2,0,2,6,0,0,0,0,0,0,0,1
26,10,0,12,1,0,0,2,0,0,0,0,0,0,0,0,0
54,7,3,39,2,0,0,1,18,0,0,0,0,0,0,0,1
108,9,0,45,4,1,0,6,6,2,0,0,1,0,0,0,1
14,8,0,0,2,0,0,0,0,0,0,0,0,0,0,0,0
54,12,0,26,1,1,0,3,7,2,0,0,0,0,0,0,0
91,21,58,7,6,3,0,1,4,0,3,0,1,0,0,0,0
541,11,0,35,3,1,0,4,142,2,0,0,1,0,0,0,1
40,11,0,25,2,1,0,2,0,0,0,0,0,0,0,0,1
23,4,0,16,2,0,2,2,0,0,0,0,0,0,0,0,1
170,10,0,104,7,2,4,9,17,2,1,0,1,0,0,0,1
48,7,0,37,2,1,1,2,0,0,1,0,0,0,0,0,0
61,9,10,37,2,1,0,2,0,4,0,0,0,0,0,0,0
29,13,0,12,3,0,0,1,14,0,0,0,0,1,0,0,1
29,6,7,11,3,0,0,1,0,0,0,0,0,0,0,0,1
38,11,0,23,1,0,1,2,0,0,0,0,0,0,0,0,0
30,10,0,13,2,2,0,1,0,0,0,0,0,0,0,0,1
123,17,0,41,3,0,0,5,24,4,0,0,0,0,0,0,1
111,6,0,34,4,4,1,8,0,5,1,0,1,0,0,0,1
78,21,0,51,3,6,0,2,0,0,0,0,0,0,0,0,1
48,6,0,38,1,3,0,3,9,0,1,0,0,0,0,0,0
127,10,10,52,5,0,0,2,11,7,0,0,0,0,0,0,1
46,2,4,35,2,1,1,6,4,0,0,0,0,0,0,0,0
33,15,0,11,3,0,0,1,0,0,0,0,0,0,0,0,1
100,5,4,86,8,0,0,5,15,0,0,0,1,1,0,0,1
23,7,0,9,2,0,0,1,0,0,0,0,0,0,0,0,1
88,6,6,15,4,0,0,2,20,11,1,0,0,0,0,0,1
21,7,9,0,2,0,0,0,0,0,0,0,0,0,0,0,0
111,7,4,95,2,0,13,2,0,0,0,0,0,0,0,0,0
72,5,54,6,12,0,0,1,2,0,4,0,1,0,0,0,1
61,13,0,44,2,1,2,3,4,0,0,0,0,0,0,0,1
21,7,0,10,2,0,0,1,1,0,0,0,0,0,0,0,1
37,7,0,27,2,0,0,4,0,0,0,0,0,0,0,0,1
9,6,0,0,1,0,0,0,0,0,0,0,0,0,0,0,1
57,6,0,4,4,0,0,5,4,4,1,0,0,0,0,0,0
59,6,0,49,1,3,0,5,17,0,0,0,0,0,0,0,0
53,7,0,42,3,0,0,3,0,5,0,0,0,0,0,0,0
50,7,4,34,2,2,0,4,6,0,0,0,0,0,0,0,0
30,8,0,18,2,0,0,1,0,0,0,0,0,0,0,0,0
41,7,13,16,3,0,0,1,0,0,0,0,0,0,0,0,0
38,11,6,16,2,4,0,2,1,0,0,0,0,0,0,0,0
56,9,2,40,2,0,2,2,0,0,0,0,0,0,0,0,0
58,13,0,41,1,2,0,3,0,0,0,0,0,0,0,0,0
19,15,0,0,1,0,0,0,0,0,1,0,0,0,0,0,0
73,15,0,20,3,0,0,3,15,2,0,0,0,0,0,0,1
120,7,0,10,2,1,1,1,5,16,0,0,0,0,0,0,1
85,6,0,35,2,2,0,3,14,6,0,0,0,0,0,0,0
59,6,0,13,2,0,0,1,9,5,0,0,0,0,0,0,0
78,6,0,10,2,0,1,1,3,10,0,0,0,0,0,0,1
15,11,0,0,1,0,0,0,0,0,0,0,0,0,0,0,0
36,13,0,9,1,0,0,1,3,2,0,0,0,0,0,0,1
13,3,0,7,1,0,0,1,1,0,0,0,0,0,0,1,1
29,16,0,9,2,0,0,1,0,0,0,0,0,0,0,0,0
48,2,15,26,2,0,0,3,3,0,0,0,0,0,0,0,0
36,8,16,7,4,0,0,1,0,0,2,0,1,0,0,0,1
80,10,0,66,1,7,0,3,0,0,0,0,0,0,0,0,1
88,4,0,80,1,11,0,3,6,0,0,0,0,0,0,0,0
38,9,2,22,2,0,2,2,0,0,0,0,0,0,0,0,0
59,12,0,43,2,2,0,5,0,0,0,0,0,0,0,0,0
140,8,0,10,2,0,1,1,7,18,0,0,0,0,0,0,1
38,8,2,23,2,0,0,4,0,0,0,0,0,0,0,0,0
79,8,0,10,2,0,0,1,10,8,0,0,0,0,0,0,0
36,15,0,18,2,0,0,2,1,0,0,0,0,0,0,0,1
36,7,0,25,1,0,1,2,2,2,0,0,0,0,0,0,0
98,7,5,20,2,2,0,4,8,11,0,0,0,0,0,0,0
13,5,0,5,1,0,0,1,0,0,0,0,0,0,0,0,1
74,11,0,10,2,0,1,1,5,8,0,0,0,0,0,0,1
37,10,0,17,2,0,0,2,1,2,1,0,0,0,0,0,1
100,5,4,86,8,0,0,5,15,0,0,0,1,1,0,0,1
65,19,0,42,1,0,0,4,26,0,1,0,1,0,0,0,1
103,9,13,76,2,10,0,4,8,0,0,0,0,0,0,0,0
20,16,0,0,1,0,0,0,0,0,0,0,0,0,0,0,0
31,12,0,16,1,1,0,2,2,0,0,0,0,0,0,0,1
65,13,5,42,3,0,3,2,0,0,0,0,0,0,0,0,0
45,10,0,10,2,0,0,3,9,2,0,0,0,0,0,0,0
32,9,2,16,2,0,1,2,0,0,0,0,0,0,0,0,0
26,9,0,13,2,0,0,1,0,0,0,0,0,0,0,0,1
61,6,0,14,4,0,0,2,12,4,0,0,0,0,0,0,1
20,8,0,8,1,0,0,1,0,0,0,0,0,0,0,0,1
59,11,0,12,2,0,0,1,5,5,0,0,0,0,0,0,0
49,8,0,36,1,0,0,2,22,0,0,0,0,0,1,0,1
30,7,0,19,2,1,0,1,0,0,0,0,0,0,0,0,0
32,13,0,15,1,0,0,1,4,0,0,0,0,0,0,0,1
16,10,0,3,1,0,0,1,0,0,0,0,0,0,0,0,1
80,11,0,65,1,0,0,10,18,0,0,0,0,0,0,0,0
131,8,0,10,4,1,4,1,9,12,0,0,0,0,0,0,1
91,21,58,7,6,3,0,1,4,0,3,0,1,0,0,0,0
67,8,0,10,2,0,1,1,2,8,0,0,0,0,0,0,1
127,17,0,10,2,4,1,1,12,12,0,0,0,0,0,0,1
22,11,0,8,2,1,0,1,0,0,0,0,0,0,0,0,1
103,8,0,5,1,0,0,1,6,16,0,0,0,0,0,0,0
96,7,0,5,2,0,1,1,11,13,0,0,1,0,0,0,0
30,15,0,15,4,0,0,2,12,0,0,0,0,1,0,0,1
56,9,0,21,3,1,0,7,0,1,1,0,1,0,0,0,1
33,16,0,13,2,0,0,1,0,0,0,0,0,0,0,0,0
81,9,10,10,3,0,0,1,5,6,0,0,0,0,0,0,0
32,8,0,20,2,0,0,2,8,0,0,0,0,0,0,0,1
59,16,0,39,2,2,0,2,1,0,1,0,0,0,0,0,1
44,9,0,32,2,0,0,3,3,0,0,0,0,0,0,0,1
41,21,0,14,2,1,0,1,0,0,0,0,0,0,0,0,0
41,11,0,26,2,2,0,1,0,0,0,0,0,0,0,0,0
83,14,0,65,1,7,0,4,8,0,0,0,0,0,0,0,0
48,12,0,33,4,0,0,5,2,0,0,0,1,0,0,0,1
24,9,0,11,1,0,0,1,0,0,0,0,0,0,0,0,1
27,15,0,8,2,0,0,1,0,0,0,0,0,0,0,0,1
65,7,0,51,2,1,0,3,18,2,0,0,0,0,0,0,1
20,8,7,0,2,1,0,0,6,0,0,0,0,0,0,0,1
27,9,0,14,2,0,0,1,0,0,0,0,0,0,0,0,1
68,8,28,27,5,0,0,3,2,1,0,0,0,0,0,0,0
39,14,0,21,2,0,0,3,0,0,0,0,0,0,0,0,1
100,7,0,89,1,1,0,2,37,1,0,1,0,0,0,0,1
58,6,6,38,4,0,0,4,3,1,0,0,0,0,0,0,1
30,11,0,15,2,0,0,2,0,0,0,0,0,0,0,0,1
80,10,0,10,2,0,1,1,5,10,0,0,0,0,0,0,1
26,4,5,12,2,0,0,2,3,0,0,0,0,0,0,0,1
39,7,5,22,3,1,0,2,6,0,0,0,0,0,0,0,0
29,9,6,9,2,0,1,1,0,0,0,0,0,0,0,0,0
45,4,0,34,2,0,0,4,0,0,0,0,0,0,0,0,1
12,4,0,4,1,0,0,1,0,0,0,0,0,0,0,0,1
64,12,4,43,3,4,0,1,9,0,0,0,0,0,0,0,0
60,22,0,34,2,0,2,1,0,0,0,0,0,0,0,0,1
218,16,20,10,3,4,0,1,7,29,0,0,0,0,0,0,1
17,5,4,0,2,0,0,0,4,0,0,0,0,0,0,0,1
24,9,0,12,2,0,0,1,0,0,0,0,0,0,0,0,1
158,7,7,38,5,1,4,3,42,5,3,0,0,0,0,0,1
40,14,0,22,2,0,0,2,0,0,0,0,0,0,0,0,1
17,13,0,0,1,0,0,0,0,0,0,0,0,0,0,0,1
79,12,0,10,2,1,1,1,6,10,0,0,0,0,0,0,1
58,6,0,48,1,4,0,3,0,0,0,0,0,0,0,0,0
52,4,10,33,3,0,1,3,0,0,0,0,0,0,0,0,0
98,9,0,10,3,0,1,1,10,12,0,0,0,0,0,0,1
70,6,0,60,1,1,0,6,0,0,0,0,0,0,0,0,0
31,6,0,18,3,0,0,3,0,0,0,0,0,0,0,0,1
38,9,0,17,2,0,1,1,0,2,0,0,0,0,0,0,1
108,9,0,45,4,1,0,6,6,2,0,0,1,0,0,0,1
27,14,0,7,4,0,0,1,16,0,0,0,0,1,0,0,1
27,10,0,13,2,0,0,1,1,0,0,0,0,0,0,0,0
28,15,0,13,3,0,0,2,12,0,0,0,0,1,0,0,1
94,11,0,79,2,0,0,2,38,0,1,0,0,0,0,0,0
28,8,15,0,2,0,0,0,0,0,0,0,0,0,0,0,0
47,13,0,19,4,0,0,3,0,2,1,0,0,0,0,0,1
41,7,0,30,2,0,0,2,2,0,0,0,0,0,0,0,1
55,10,0,41,1,4,0,4,8,0,0,0,0,0,0,0,0
38,14,0,24,4,0,0,2,14,0,0,0,0,1,0,0,1
51,14,0,33,1,2,0,3,1,0,0,0,0,0,0,0,1
97,7,0,86,2,6,0,4,22,1,0,0,0,0,0,0,0
71,5,0,62,2,4,0,4,0,0,1,0,0,0,0,0,1
117,13,4,10,6,1,0,1,6,19,2,0,1,0,1,0,0
107,11,0,92,3,0,1,7,21,0,0,0,0,0,0,0,1
19,10,0,5,1,1,0,1,0,0,0,0,0,0,0,0,1
18,9,0,6,1,0,0,1,2,0,0,0,0,0,0,0,1
47,9,9,24,2,3,0,1,0,0,0,0,0,0,0,0,0
131,5,0,10,2,10,0,1,34,14,0,0,0,0,0,0,1
21,13,0,4,1,0,0,1,0,0,0,0,0,0,0,0,1
47,7,0,36,1,2,0,3,0,0,0,0,0,0,0,0,0
21,8,0,9,1,0,0,1,1,0,0,0,0,0,0,0,1
21,7,0,11,1,0,0,1,0,0,0,0,0,0,0,0,1
117,11,0,102,2,11,0,2,7,0,0,0,0,0,0,0,0
32,7,0,21,2,0,0,2,1,0,0,0,0,0,0,0,1
109,14,0,39,2,2,3,5,1,4,0,0,0,0,0,0,1
37,14,0,19,2,1,0,2,0,0,0,0,0,0,0,0,1
74,15,0,55,2,4,0,4,10,0,0,0,0,0,0,0,1
44,3,2,34,2,0,0,5,9,0,0,0,0,0,0,0,1
31,11,15,0,3,1,0,0,2,0,0,0,0,0,0,0,1
25,7,0,15,2,0,0,2,0,0,0,0,0,0,0,0,1
227,18,0,10,2,0,1,1,27,8,0,0,0,0,0,0,1
42,13,0,26,2,0,0,3,0,0,0,0,0,0,0,0,1
38,15,0,23,3,1,0,3,13,0,0,0,0,1,0,0,1
57,9,2,41,2,0,3,2,4,0,0,0,0,0,0,0,0
48,8,0,1,1,7,0,1,0,2,0,0,0,0,0,0,0
14,3,6,0,2,0,0,0,0,0,0,0,0,0,0,0,0
39,8,0,27,2,0,0,4,0,0,0,0,0,0,0,0,1
42,15,0,23,2,0,0,3,4,0,0,0,0,0,0,0,0
105,6,0,95,1,10,0,3,8,0,0,0,0,0,0,0,0
34,6,0,24,1,0,1,2,0,0,0,0,0,0,0,0,0
42,14,20,0,3,0,0,0,1,0,0,0,0,0,0,0,1
100,5,4,86,8,0,0,5,15,0,0,0,1,1,0,0,1
37,21,0,13,2,0,0,1,0,0,0,0,0,0,0,0,1
74,2,24,44,5,0,0,5,0,0,1,0,0,0,0,0,1
101,6,0,88,3,18,0,2,7,0,0,0,0,0,0,0,0
49,4,24,16,3,0,0,2,1,0,0,0,0,0,0,0,0
37,4,0,29,1,0,0,3,17,0,0,0,0,0,0,0,0
19,4,0,8,2,0,0,2,1,0,0,0,1,0,0,0,1
90,7,0,80,1,0,0,1,9,0,0,0,0,0,0,0,1
40,10,0,26,2,0,0,2,0,0,0,0,0,0,0,0,0
108,9,0,45,4,1,0,6,6,2,0,0,1,0,0,0,1
25,21,0,0,1,1,0,0,0,0,1,0,0,0,1,0,1
73,12,0,10,2,0,2,1,2,8,0,0,0,0,0,0,1
34,9,2,18,2,0,1,2,0,0,0,0,0,0,0,0,0
50,10,0,28,2,2,0,4,0,2,1,0,0,0,0,0,1
54,23,22,0,5,0,0,0,1,0,1,0,0,0,0,0,1
96,11,0,21,2,1,1,2,13,8,0,0,0,0,0,0,0
54,20,0,30,2,2,0,4,0,0,1,0,0,0,0,0,0
129,8,4,17,2,3,0,2,9,19,0,0,0,0,0,0,0
32,6,0,22,2,0,0,2,0,2,0,0,0,0,0,0,0
18,14,0,0,1,0,0,0,0,0,0,0,0,0,0,0,1
283,17,0,46,15,0,0,7,61,26,1,0,0,0,0,0,1
117,5,16,47,8,0,0,7,1,11,2,0,1,0,0,0,1
14,10,0,0,1,0,0,0,0,0,0,0,0,0,0,0,0
79,5,4,65,3,8,0,1,9,0,0,0,0,0,0,0,0
193,7,60,119,11,3,0,1,26,1,2,0,0,0,0,0,1
104,5,0,13,4,0,0,6,1,10,2,0,1,0,0,0,1
69,7,0,10,2,0,1,1,4,8,0,0,0,0,0,0,1
22,8,0,10,1,1,0,2,0,0,0,0,0,0,0,0,1
54,18,0,8,1,0,0,1,4,2,0,0,0,0,0,0,1
24,15,0,9,4,0,0,2,12,0,0,0,0,1,0,0,1
167,14,0,10,2,4,1,1,7,18,0,0,0,0,0,0,1
35,13,0,18,1,0,0,3,0,0,1,0,0,0,0,0,1
35,3,7,21,2,0,0,3,0,1,0,0,0,0,0,0,1
25,19,0,0,2,0,0,0,0,0,0,0,0,0,0,0,0
83,23,0,10,2,0,1,1,2,6,0,0,0,0,0,0,1
78,13,0,10,3,0,1,1,4,8,0,0,0,0,0,0,1
104,12,0,10,4,0,1,1,10,12,0,0,0,0,0,0,1
66,8,17,36,3,1,0,5,16,0,0,0,0,0,0,0,0
77,15,0,10,2,0,1,1,4,8,0,0,0,0,0,0,1
123,11,0,10,3,2,1,1,6,10,0,0,0,0,0,0,1
27,12,0,11,1,0,0,2,3,0,0,0,0,0,0,0,1
34,9,2,18,2,0,0,2,2,1,0,0,0,0,0,0,0
37,20,0,13,1,0,0,2,0,0,0,0,0,0,0,0,1
26,13,0,7,4,0,0,1,15,0,0,0,0,1,0,0,1
15,5,0,6,1,0,0,1,0,0,0,0,0,0,0,0,1
109,11,0,94,2,3,0,4,43,0,1,0,0,0,0,0,0
27,4,5,13,2,0,0,2,4,0,0,0,0,0,0,0,1
247,17,0,10,2,1,1,1,31,7,0,0,0,0,0,0,1
41,9,2,25,2,0,2,2,0,2,0,0,0,0,0,0,0
34,16,0,14,2,0,0,1,0,0,0,0,0,0,0,0,0
26,4,5,12,2,0,0,2,3,0,0,0,0,0,0,0,1
98,8,0,86,1,10,0,5,12,0,0,0,0,0,0,0,0
87,6,0,8,5,1,0,8,2,6,1,0,0,0,0,0,1
26,7,0,15,2,0,0,2,0,0,0,0,0,0,0,0,1
39,4,0,28,2,2,0,1,0,0,0,0,0,0,0,0,1
19,7,0,8,1,0,0,1,1,0,0,0,0,0,0,0,1
37,5,3,24,3,0,0,2,0,0,0,0,0,0,0,0,1
61,12,0,45,2,2,0,3,0,0,1,0,0,0,0,0,1
107,8,0,10,2,5,1,1,18,10,0,0,0,0,1,0,1
142,9,0,129,2,5,2,11,6,2,5,0,1,0,0,0,1
27,7,0,16,2,0,0,2,0,0,0,0,0,0,0,0,1
33,13,0,16,2,0,0,2,7,0,0,0,0,0,1,0,1
44,17,0,23,1,0,1,2,0,0,0,0,0,0,0,0,0
63,7,39,12,3,0,0,1,0,0,0,0,0,0,0,0,1
26,11,0,12,2,0,0,1,0,0,0,0,0,0,0,0,1
29,11,0,14,1,0,0,2,0,0,0,0,0,0,0,0,1
106,14,0,92,3,0,0,2,11,0,1,0,1,1,0,0,1
52,5,0,43,2,3,0,5,10,0,0,0,0,0,0,0,1
103,6,0,15,2,0,0,2,4,18,0,0,0,0,0,0,0
63,11,0,48,1,6,0,3,3,0,0,0,0,0,0,0,1
33,12,0,18,2,1,0,2,1,0,0,0,0,0,0,0,1
12,8,0,0,1,0,0,0,0,0,0,0,0,0,0,0,1
44,7,0,33,1,0,4,3,3,0,0,0,0,0,0,0,0
25,6,0,13,3,0,0,2,0,0,0,0,0,0,0,0,1
97,7,5,20,2,2,0,4,8,10,0,0,0,0,0,0,0
30,13,0,13,2,1,0,1,0,0,0,0,0,0,0,0,1
22,8,0,10,2,0,0,1,0,0,0,0,0,0,0,0,1
46,8,0,17,3,1,0,4,0,1,1,0,1,0,0,0,1
26,13,0,6,2,0,0,1,0,0,0,0,1,0,0,0,1
78,6,0,17,3,1,0,6,4,7,0,0,0,0,0,0,1
51,17,0,30,1,1,0,3,10,0,0,0,0,0,0,0,1
31,7,0,6,1,0,0,1,1,2,0,0,0,0,0,0,0
1666,5,2,3,17,20,7,1,545,75,0,0,1,0,0,0,1
75,15,0,56,1,0,0,5,1,0,1,0,0,0,0,0,1
77,9,0,16,4,0,0,5,0,4,2,0,1,0,0,0,1
63,12,0,10,2,0,1,1,2,6,1,0,0,0,0,0,1
92,9,0,80,3,2,0,8,0,0,1,0,1,0,0,0,1
63,11,0,48,2,1,0,7,0,0,1,0,0,0,0,0,1
33,6,11,11,3,0,0,1,0,0,0,0,0,0,0,0,1
41,12,0,25,2,0,1,2,0,0,0,0,0,0,0,0,0
31,7,0,6,1,0,0,1,1,2,0,0,0,0,0,0,0
37,3,0,30,2,0,0,3,0,0,0,0,0,0,0,0,1
35,18,0,10,3,0,0,1,0,0,0,0,0,0,0,0,1
18,5,0,9,2,0,0,1,0,0,0,0,0,0,0,0,1
39,14,0,25,4,0,0,2,13,0,0,0,0,1,0,0,1
106,14,0,28,2,0,0,3,24,4,0,0,0,0,0,0,1
22,10,0,9,2,0,0,1,0,0,0,0,0,0,0,0,1
30,15,0,11,2,0,0,1,0,0,0,0,0,0,0,0,1
23,11,0,8,1,0,0,1,0,0,0,0,0,0,0,0,1
67,6,0,58,1,6,0,2,0,0,0,0,0,0,0,0,1
39,7,0,29,2,0,0,3,0,0,0,0,0,0,0,0,1
78,6,0,10,2,0,1,1,3,10,0,0,0,0,0,0,1
80,3,0,74,2,4,0,5,1,0,0,0,0,0,0,0,0
192,6,60,119,11,3,0,1,22,1,2,0,0,0,0,0,1
117,5,7,101,7,9,0,2,1,0,3,0,0,0,0,0,0
91,21,58,7,6,3,0,1,4,0,3,0,1,0,0,0,0
34,13,0,17,2,0,0,2,0,0,0,0,0,0,0,0,1
32,7,0,21,1,0,0,2,4,0,0,0,0,0,0,0,0
114,8,0,20,5,1,0,12,10,6,1,0,1,0,0,0,1
49,8,0,37,1,2,0,3,12,0,0,0,0,0,0,0,0
34,9,0,21,1,1,0,2,0,0,0,0,0,0,0,0,1
142,18,117,0,7,8,0,0,62,0,2,0,0,0,0,0,0
62,8,0,50,2,0,1,4,0,0,0,0,0,0,0,0,1
55,13,0,42,4,0,0,2,11,0,0,0,0,1,0,0,1
30,9,0,9,3,0,0,1,1,2,0,0,0,0,1,0,1
18,4,10,0,2,0,0,0,1,0,0,0,0,0,0,0,0
49,6,0,39,5,1,0,2,0,0,3,0,0,0,0,0,1
92,14,0,74,2,0,0,3,10,0,0,0,0,0,0,0,1
20,7,5,3,2,0,0,1,0,0,0,0,0,0,0,0,1
52,9,0,39,1,1,0,5,0,0,0,0,0,0,0,0,0
32,12,0,16,2,0,0,2,0,0,0,0,0,0,0,0,1
103,10,0,10,2,0,1,1,19,6,0,0,0,0,0,0,1
82,4,0,73,1,0,0,1,29,24,0,0,0,0,1,0,1
100,12,0,50,3,1,0,3,18,2,1,0,0,0,0,0,1
1666,5,2,3,17,20,7,1,545,75,0,0,1,0,0,0,1
71,15,0,52,1,7,0,2,1,0,0,0,0,0,0,0,0
33,9,0,20,1,2,0,1,5,0,0,0,0,0,0,0,0
87,5,0,11,2,1,1,1,3,10,0,0,0,0,0,0,1
62,7,0,51,1,5,0,1,23,0,0,0,0,0,0,0,0
38,7,0,27,2,0,0,3,10,0,0,0,0,0,0,0,0
146,5,16,20,7,1,0,5,1,20,2,0,1,0,0,0,0
45,6,0,35,2,0,2,2,8,0,0,0,0,0,0,0,0
13,9,0,0,1,0,0,0,0,0,0,0,0,0,0,0,1
50,13,0,15,2,0,1,1,7,2,0,0,0,0,0,0,0
56,12,0,41,1,1,0,5,0,0,0,0,0,0,0,0,1
59,11,0,44,2,0,1,2,7,0,0,0,0,0,0,0,1
116,15,0,97,2,8,0,3,0,0,0,0,0,0,0,0,1
36,11,9,11,3,0,0,1,5,0,0,0,0,0,0,0,1
47,5,6,31,2,1,0,4,3,0,0,0,0,0,0,0,0
541,11,0,35,3,1,0,4,142,2,0,0,1,0,0,0,1
67,11,0,52,1,0,0,4,21,0,0,0,0,0,0,0,1
109,12,20,72,6,5,0,7,11,0,2,0,0,0,0,0,1
31,7,0,6,1,0,0,1,3,2,0,0,0,0,0,0,0
51,13,0,34,2,2,0,3,4,0,0,0,0,0,0,0,0
117,13,4,10,6,1,0,1,6,19,2,0,1,0,1,0,0
47,17,0,27,2,1,0,3,0,0,0,0,0,0,0,0,1
56,4,14,32,4,3,0,2,4,0,0,0,0,0,0,0,1
12,8,0,0,1,0,0,0,1,0,0,0,0,0,0,0,0
42,5,3,29,3,0,0,5,7,0,0,0,0,0,0,0,1
52,18,0,30,1,1,2,2,0,0,0,0,0,0,0,0,0
138,13,0,121,1,0,0,3,99,0,0,0,0,0,0,0,1
109,15,0,44,5,4,1,8,0,2,2,0,1,0,0,0,1
59,10,7,37,3,2,0,2,9,0,1,0,0,0,0,0,1
76,18,0,25,1,3,0,1,1,6,0,0,0,0,0,0,1
87,30,0,53,1,4,0,7,0,0,0,0,0,0,0,0,1
34,19,0,12,1,0,0,2,6,0,0,0,0,0,0,0,0
31,7,0,6,1,0,1,1,1,2,0,0,0,0,0,0,0
80,7,0,22,2,0,1,2,4,8,0,0,0,0,0,0,1
25,9,0,12,1,0,0,2,0,0,0,0,0,0,0,0,1
27,12,0,12,1,0,0,1,0,0,1,0,0,0,0,0,1
28,13,10,0,2,1,0,0,3,0,0,0,0,0,0,0,1
92,9,0,80,3,2,0,8,0,0,1,0,1,0,0,0,1
113,5,2,3,5,0,0,1,46,10,0,0,0,0,0,0,1
89,10,0,10,4,0,2,1,2,8,0,0,0,0,0,0,1
12,8,0,0,1,0,0,0,0,0,0,0,0,0,0,0,0
52,8,0,40,1,1,0,3,15,0,0,0,0,0,0,0,0
25,7,0,14,1,0,0,1,0,0,0,0,0,0,0,0,0
61,15,0,8,2,0,0,1,6,5,0,0,0,0,0,0,0
56,16,26,7,5,3,0,1,11,0,0,0,0,0,0,0,1
44,13,0,27,2,1,0,2,0,0,0,0,0,0,0,0,1
109,6,0,2,1,1,1,1,17,13,1,0,0,0,0,0,0
72,5,0,64,5,1,0,6,0,0,1,0,0,0,0,0,1
198,8,0,10,2,0,1,1,25,7,0,0,0,0,0,0,1
76,6,0,66,2,7,0,2,4,0,0,0,0,0,0,0,0
90,7,0,77,6,0,0,8,0,0,0,0,1,0,0,0,1
24,6,0,14,1,1,0,1,0,0,0,0,0,0,0,0,0
37,9,0,25,3,1,0,2,0,0,0,0,0,0,0,0,1
29,3,0,22,2,1,0,3,2,0,0,0,0,0,0,0,1
41,11,0,26,2,0,0,3,0,0,0,0,0,0,0,0,0
85,22,0,10,3,0,1,1,1,6,0,0,0,0,0,0,1
172,3,62,103,2,0,0,3,0,0,2,0,1,0,0,0,1
91,30,0,10,2,1,1,1,4,8,0,0,0,0,0,0,1
83,8,0,10,2,0,1,1,4,10,0,0,0,0,0,0,1
65,13,0,48,1,7,0,2,7,0,0,0,0,0,0,0,1
25,9,0,12,2,0,0,1,0,0,0,0,0,0,0,0,0
233,6,0,23,14,0,0,3,74,24,0,0,0,0,0,0,1
115,15,0,10,2,1,1,1,2,14,0,0,0,0,0,0,1
45,12,0,29,2,1,0,4,0,0,0,0,0,0,0,0,1
193,7,60,119,11,3,0,1,15,1,2,0,0,0,0,0,1
44,3,0,10,2,0,1,1,2,4,0,0,0,0,0,0,1
371,12,28,34,3,9,3,3,41,16,2,0,0,0,0,0,0
268,12,0,10,2,0,1,1,30,6,0,0,0,0,0,0,1
47,17,0,26,2,1,0,3,6,0,0,0,0,0,0,0,0
34,2,6,21,3,0,0,2,3,0,0,0,0,0,0,0,1
22,16,0,0,2,0,0,0,0,0,0,0,0,0,0,0,1
112,8,0,10,2,1,1,1,6,10,0,0,0,0,0,0,1
90,15,0,41,5,0,0,4,6,5,1,0,0,0,0,0,1
47,8,0,36,1,3,0,2,0,0,0,0,0,0,0,0,1
190,12,173,0,10,3,0,0,96,0,2,0,0,0,0,0,1
83,10,0,70,2,2,0,4,19,0,0,0,0,0,0,0,1
50,14,5,26,3,0,0,1,0,1,0,0,0,0,0,0,1
53,14,8,27,2,1,0,3,0,0,0,0,0,0,0,0,0
46,6,7,28,3,0,0,3,0,0,0,0,0,0,0,0,0
62,10,0,9,2,0,0,1,6,7,0,0,0,0,0,0,0
36,8,16,7,4,0,0,1,0,0,2,0,1,0,0,0,1
48,12,0,33,4,0,0,5,2,0,0,0,1,0,0,0,1
15,11,0,0,1,0,0,0,0,0,1,0,0,0,0,0,1
33,7,21,0,2,0,0,0,0,0,0,0,0,0,0,0,0
47,13,0,31,2,2,0,4,1,0,0,0,0,0,0,0,1
44,12,0,28,1,1,0,3,6,0,0,0,0,0,0,0,0
27,2,12,9,2,0,0,1,4,0,0,0,0,0,0,0,1
117,5,16,47,8,0,0,7,1,11,2,0,1,0,0,0,1
25,6,0,15,2,0,0,2,0,0,0,0,0,0,0,0,0
24,6,0,14,1,0,0,1,0,1,0,0,0,0,0,0,0
24,7,0,13,1,1,0,1,0,0,0,0,0,0,0,0,0
28,6,14,0,3,0,0,0,0,0,0,0,0,0,0,0,0
38,6,7,20,3,0,0,2,0,0,0,0,0,0,0,0,1
50,5,5,35,2,3,0,3,6,0,0,0,0,0,0,0,0
29,12,0,13,2,2,0,1,0,0,0,0,0,0,0,0,0
31,6,0,21,2,1,0,1,0,0,0,0,0,0,0,0,0
169,13,0,10,2,7,1,1,13,14,0,0,0,0,0,0,1
23,20,0,0,1,2,0,0,0,0,0,0,0,0,0,0,1
63,22,0,37,2,0,4,2,4,0,0,0,0,0,0,0,0
99,11,0,84,1,11,0,5,14,0,0,0,0,0,0,0,0
85,16,0,10,3,0,1,1,3,8,0,0,0,0,0,0,1
65,15,0,46,2,1,0,4,8,0,0,0,0,0,0,0,0
18,11,0,0,2,0,0,0,0,0,0,0,0,0,0,0,1
35,7,0,12,2,0,0,2,0,2,1,0,0,0,0,0,1
62,13,0,46,2,4,0,3,2,0,0,0,0,0,0,0,1
18,2,12,0,2,0,0,0,2,0,0,0,0,0,0,0,1
118,17,0,97,2,13,0,3,12,0,0,0,0,0,0,0,0
77,18,0,55,2,0,0,3,0,0,0,0,0,0,0,0,0
111,22,0,10,3,1,1,1,10,12,0,0,0,0,0,0,1
28,10,0,11,3,0,0,1,2,0,0,0,0,0,0,0,1
38,6,0,28,1,0,2,2,0,0,0,0,0,0,0,0,0
44,6,8,26,3,0,0,3,0,0,0,0,0,0,0,0,1
31,6,0,22,1,0,0,4,0,0,0,0,0,0,0,0,1
234,6,0,24,14,0,0,3,74,24,1,0,0,0,0,0,1
24,6,0,14,1,0,0,1,0,0,0,0,0,0,0,0,0
42,15,0,23,1,2,0,2,2,0,0,0,0,0,0,0,1
49,6,0,7,1,0,0,1,7,6,0,0,0,0,0,0,0
32,5,8,12,4,0,0,1,0,0,0,0,0,0,0,0,0
59,9,0,46,1,3,0,4,0,0,0,0,0,0,0,0,0
32,15,0,10,3,0,0,1,0,0,0,0,0,0,0,0,1
31,8,0,19,1,1,0,1,0,0,0,0,0,0,0,0,0
11,7,0,0,1,0,0,0,4,0,0,0,0,0,0,0,1
65,14,0,47,2,3,0,3,4,0,0,0,0,0,0,0,0
50,16,0,31,2,2,0,2,0,0,0,0,0,0,0,0,1
21,10,0,11,4,0,0,1,7,0,0,0,0,1,0,0,1
38,10,0,22,3,0,0,2,0,0,0,0,0,0,0,0,1
18,14,0,0,1,0,0,0,0,0,0,0,0,0,0,0,0
35,13,0,19,2,1,0,2,1,0,0,0,0,0,0,0,1
31,6,4,16,2,1,0,2,0,0,1,0,0,0,0,0,1
60,14,0,43,2,4,0,3,6,0,0,0,0,0,0,0,1
77,8,0,53,4,2,0,3,3,2,0,0,0,0,0,0,1
39,10,2,11,4,0,0,1,3,2,0,0,0,0,0,0,0
26,17,0,6,1,1,0,1,2,0,0,0,0,0,0,0,1
60,6,42,7,6,2,0,1,0,0,2,0,0,0,1,0,0
27,9,0,14,2,1,0,2,2,0,0,0,0,0,0,0,1
29,9,0,16,2,1,0,2,0,0,0,0,0,0,0,0,1
53,8,15,9,3,1,0,1,2,2,0,0,0,0,0,0,1
43,5,0,35,2,1,0,4,0,0,0,0,0,0,0,0,1
48,9,0,36,2,2,0,3,1,0,0,0,0,0,0,0,1
38,5,0,29,1,2,0,3,0,0,0,0,0,0,0,0,0
67,13,0,20,1,0,0,1,1,6,0,0,0,0,1,0,1
104,9,0,92,1,0,0,2,30,29,0,0,0,0,0,0,0
137,27,0,10,2,2,1,1,9,16,0,0,0,0,0,0,1
36,10,0,22,2,0,0,2,4,0,0,0,0,0,0,0,0
83,20,0,10,2,1,1,1,5,8,0,0,0,0,0,0,1
26,14,0,9,2,0,0,1,0,0,0,0,0,0,0,0,1
150,12,0,25,2,1,2,3,31,7,2,0,0,0,0,0,1
63,6,0,53,1,0,6,2,0,0,0,0,0,0,0,0,0
19,5,2,7,2,0,0,1,0,1,0,0,0,0,0,0,1
36,4,0,28,1,2,0,2,0,0,0,0,0,0,0,0,0
75,13,0,10,2,0,1,1,7,8,0,0,0,0,0,0,1
28,19,0,5,1,0,0,1,0,0,0,0,0,0,0,0,0
70,10,0,10,2,0,1,1,3,6,0,0,0,0,0,0,1
30,8,0,18,2,0,0,2,0,0,1,0,0,0,0,0,1
13,3,6,0,2,0,0,0,0,0,0,0,0,0,0,0,1
99,7,0,74,1,7,1,5,8,2,0,0,0,0,0,0,0
51,14,0,30,2,1,0,3,0,0,0,0,0,0,0,0,1
106,11,0,10,3,0,1,1,9,14,0,0,0,0,0,0,1
25,22,0,0,1,2,0,0,0,0,0,0,0,0,0,0,1
130,13,84,25,6,2,0,2,16,1,2,0,0,0,0,0,0
59,10,0,45,1,0,3,3,0,0,0,0,0,0,0,0,0
290,10,10,46,3,8,2,6,80,14,0,0,0,0,0,0,1
24,10,0,11,1,0,0,1,0,0,0,0,0,0,0,0,1
541,11,0,35,3,1,0,4,131,2,0,0,1,0,0,0,1
61,8,28,20,5,0,0,2,0,1,0,0,0,0,0,0,0
61,10,12,34,2,2,0,2,0,0,0,0,0,0,0,0,0
27,6,0,17,2,0,1,1,0,0,0,0,0,0,0,0,0
41,9,0,29,2,0,0,3,2,0,0,0,0,0,0,0,1
15,11,0,0,1,0,0,0,0,0,0,0,0,0,0,0,0
42,10,0,20,3,0,0,3,0,2,1,0,0,0,0,0,1
106,14,0,92,3,0,0,2,11,0,1,0,1,1,0,0,1
541,11,0,35,3,1,0,4,142,2,0,0,1,0,0,0,1
53,7,8,33,2,2,0,3,0,0,0,0,0,0,0,0,0
31,8,0,19,2,1,0,1,0,0,0,0,0,0,0,0,1
50,13,0,34,2,4,0,2,1,0,0,0,0,0,0,0,1
20,16,0,0,1,0,0,0,0,0,0,0,0,0,0,0,0
35,7,0,24,1,2,0,2,0,0,0,0,0,0,0,0,0
32,13,0,13,3,0,0,1,0,0,0,0,0,0,0,0,0
44,4,12,24,3,1,0,2,5,0,0,0,0,0,0,0,1
53,9,0,40,2,4,0,3,1,0,0,0,0,0,0,0,0
45,15,0,26,2,0,0,2,0,0,0,0,0,0,0,0,1
50,20,0,26,2,0,0,3,1,0,0,0,0,0,0,0,1
33,14,0,15,2,1,0,2,0,0,0,0,0,0,0,0,1
187,7,0,176,1,25,0,1,0,0,0,0,0,0,0,0,0
47,9,0,34,2,2,0,3,1,1,0,0,0,0,0,0,1
82,11,0,67,2,1,0,6,18,0,0,0,0,0,0,0,1
48,13,0,28,3,0,0,3,0,0,0,0,0,0,0,0,1
36,8,0,17,2,1,0,1,2,2,0,0,0,0,0,0,1
54,12,0,38,1,3,0,3,5,0,0,0,0,0,0,0,0
29,5,0,19,2,0,0,2,0,0,0,0,0,0,1,0,1
43,15,0,11,2,0,0,1,0,2,0,0,0,0,0,0,0
170,10,0,104,7,2,4,9,17,2,1,0,1,0,0,0,1
216,10,0,37,2,1,1,4,92,8,1,0,0,0,0,0,1
17,11,0,0,1,0,0,0,0,0,0,0,0,0,0,0,1
35,8,4,18,3,0,0,2,0,0,0,0,0,0,0,0,0
26,10,0,12,2,0,0,1,0,0,0,0,0,0,0,0,0
33,9,0,20,2,0,0,2,4,0,0,0,0,0,0,0,1
37,19,0,14,2,0,0,1,0,0,0,0,0,0,0,0,0
90,13,0,74,1,9,0,2,0,0,0,0,0,0,0,0,1
25,7,0,14,1,0,0,2,1,0,0,0,0,0,0,0,1
92,11,0,24,3,2,1,2,4,8,0,0,0,0,0,0,1
34,9,2,18,2,0,1,2,0,0,0,0,0,0,0,0,0
26,15,0,7,1,1,0,1,0,0,0,0,0,0,0,0,1
20,13,0,7,3,0,0,1,10,0,0,0,0,1,0,0,1
52,3,0,45,1,0,0,4,0,0,0,0,0,0,0,0,0
15,3,0,9,1,0,0,2,0,0,0,0,0,0,0,0,1
72,4,9,54,2,6,0,4,9,0,0,0,0,0,0,0,0
59,11,11,32,2,0,4,1,0,0,0,0,0,0,0,0,0
43,8,0,31,1,1,0,3,9,0,0,0,0,0,0,0,0
80,9,15,51,3,3,0,7,12,0,0,0,0,0,0,0,0
18,6,0,8,1,0,0,1,0,0,0,0,0,0,0,0,1
94,13,13,48,5,1,0,3,5,3,0,0,0,0,0,0,1
75,6,8,56,2,5,2,3,17,0,0,0,0,0,0,0,0
25,4,8,8,3,0,0,1,4,0,0,0,0,0,0,0,1
99,7,0,6,2,4,0,1,5,7,1,0,1,0,0,0,0
47,14,0,29,2,0,1,2,0,0,0,0,0,0,0,0,0
52,14,0,34,2,0,0,4,2,0,0,0,0,0,0,0,1
68,4,12,48,3,1,0,2,20,0,0,0,0,0,0,0,1
37,6,14,12,3,0,0,2,0,1,0,0,0,0,0,0,1
31,7,0,6,1,0,0,1,3,2,0,0,0,0,0,0,0
33,20,0,10,1,3,0,1,2,0,0,0,0,0,0,0,1
62,12,7,38,2,2,0,3,4,0,0,0,0,0,0,0,0
45,7,0,35,2,0,0,3,4,0,0,0,0,0,0,0,0
53,9,0,40,1,0,0,2,22,0,0,0,0,0,0,0,1
117,5,16,47,8,0,0,7,1,11,2,0,1,0,0,0,1
72,10,0,10,2,0,1,1,4,8,0,0,0,0,0,0,1
90,9,0,77,2,7,0,3,12,0,0,0,0,0,0,0,0
32,10,0,18,1,0,0,2,0,0,0,0,0,0,0,0,1
22,12,0,6,1,0,0,1,0,0,0,0,0,0,0,0,1
49,7,0,38,2,4,0,4,3,0,0,0,0,0,0,0,1
45,8,8,24,3,0,0,3,1,1,0,0,0,0,0,0,0
28,11,0,13,1,0,0,2,0,0,0,0,0,0,0,0,0
22,6,0,12,1,1,0,1,9,0,0,0,0,0,0,0,0
155,9,0,10,2,9,1,1,13,12,0,0,0,0,0,0,1
42,6,0,10,2,0,0,1,1,5,0,0,0,0,0,0,0
11,8,0,0,1,0,0,0,0,0,0,0,0,0,0,0,1
20,11,0,3,4,0,0,1,13,0,0,0,0,1,0,0,1
75,13,0,10,2,0,1,1,4,8,0,0,0,0,0,0,1
29,20,0,5,1,0,0,1,5,0,0,0,0,0,0,0,0
132,14,24,23,8,5,2,5,2,5,1,0,1,0,0,0,0
23,14,0,4,3,0,0,1,15,0,0,0,0,1,0,0,1
76,15,0,57,2,0,0,6,0,0,0,0,0,0,0,0,1
41,4,12,21,3,1,0,2,5,0,0,0,0,0,0,0,1
86,11,0,10,2,0,1,1,5,10,0,0,0,0,0,0,1
38,4,0,30,2,0,2,3,0,0,0,0,0,0,0,0,0
22,13,0,9,4,0,0,1,11,0,0,0,0,1,0,0,1
42,15,0,20,3,0,0,3,0,0,0,0,0,0,0,0,1
36,4,3,24,3,1,0,4,3,0,0,0,0,0,0,0,1
59,15,0,40,2,0,3,2,0,0,0,0,0,0,0,0,1
46,11,0,31,2,4,0,2,0,0,0,0,0,0,0,0,1
56,7,0,19,2,3,0,2,0,2,0,0,0,0,0,0,0
114,8,0,20,5,1,0,12,10,6,1,0,1,0,0,0,1
38,10,23,0,2,2,0,0,0,0,1,0,0,0,0,0,1
101,6,0,15,2,0,0,2,4,18,0,0,0,0,0,0,0
58,9,0,45,2,1,0,6,0,0,0,0,0,0,0,0,1
35,14,0,16,2,0,0,1,0,0,0,0,0,0,1,0,1
104,11,0,13,6,1,0,8,2,6,1,0,0,0,0,0,0
47,15,0,28,1,1,0,3,0,0,0,0,0,0,0,0,0
46,21,0,22,2,1,0,2,0,0,0,0,0,0,0,0,1
50,12,0,34,1,2,0,3,0,0,0,0,0,0,0,0,0
79,3,0,72,1,8,0,3,8,0,0,0,0,0,0,0,0
20,11,0,5,1,0,0,1,0,0,1,0,0,0,0,0,1
78,8,0,10,2,0,1,1,5,10,0,0,0,0,0,0,1
20,16,0,0,1,2,0,0,0,0,0,0,0,0,0,0,1
27,5,0,18,1,0,1,2,0,0,0,0,0,0,0,0,0
18,14,0,0,1,0,0,0,0,0,0,0,0,0,0,0,0
18,6,0,7,1,0,0,1,3,0,0,0,0,0,0,0,1
35,11,0,24,4,0,0,2,9,0,0,0,0,1,0,0,1
132,6,32,36,8,3,1,1,2,11,2,0,0,0,0,0,0
34,7,0,9,2,0,0,1,3,2,0,0,0,0,0,0,1
103,4,0,20,1,0,6,3,15,16,0,0,0,0,0,0,0
277,30,0,77,5,3,1,5,92,8,2,0,1,0,0,0,1
68,3,60,0,10,0,0,0,1,0,0,0,0,0,1,0,0
99,8,0,57,4,0,0,2,24,4,0,0,0,0,0,0,0
40,2,7,17,2,0,0,2,5,2,0,0,0,0,0,0,1
69,6,0,10,2,0,1,1,6,8,0,0,0,0,0,0,1
11,7,0,0,1,0,0,0,4,0,0,0,0,0,0,0,1
101,12,0,86,3,1,0,3,16,10,0,0,0,0,0,0,0
114,10,10,85,3,8,0,5,12,0,0,0,0,0,1,0,1
67,9,2,51,2,0,0,2,0,0,0,0,0,0,0,0,0
101,12,0,13,6,1,0,8,2,5,1,0,0,0,0,0,0
28,8,0,16,2,0,0,1,1,0,0,0,0,0,0,0,0
245,11,0,37,8,0,1,10,10,28,1,0,1,0,0,0,1
32,9,2,16,2,0,1,2,0,0,0,0,0,0,0,0,0
68,4,12,48,3,1,0,2,23,0,0,0,0,0,0,0,1
20,12,0,4,1,0,0,1,0,0,0,0,0,0,0,0,1
46,8,0,17,3,1,0,4,0,1,1,0,1,0,0,0,1
33,20,0,9,2,2,0,1,0,0,0,0,0,0,0,0,1
30,15,0,11,2,0,0,1,0,0,0,0,0,0,0,0,1
27,13,0,11,2,0,0,1,0,0,0,0,0,0,0,0,1
49,9,2,33,2,0,2,2,0,2,0,0,0,0,0,0,0
30,11,0,15,1,0,0,2,0,0,0,0,0,0,0,0,1
31,19,0,5,2,1,0,1,0,0,0,0,0,0,0,0,1
85,11,0,10,2,0,1,1,4,10,0,0,0,0,0,0,1
89,7,0,78,2,0,3,6,6,0,0,0,0,0,0,0,0
34,12,0,19,2,0,0,3,0,0,0,0,0,0,0,0,1
19,15,0,0,1,0,0,0,0,0,0,0,0,0,0,0,1
57,7,0,43,2,4,0,3,10,0,0,0,0,0,0,0,0
73,13,0,56,1,5,0,2,0,0,0,0,0,0,0,0,0
57,9,0,44,1,1,0,5,6,0,0,0,0,0,0,0,0
32,7,21,0,2,1,0,0,3,0,1,0,0,0,0,0,1
42,11,0,27,2,2,0,1,0,0,0,0,0,0,0,0,0
56,4,0,48,1,4,0,2,6,0,0,0,0,0,0,0,0
51,9,0,36,3,0,0,4,0,0,0,0,0,0,0,0,1
20,17,0,0,1,0,0,0,0,0,0,0,0,0,0,0,1
36,8,16,7,4,0,0,1,0,0,2,0,1,0,0,0,1
45,11,0,30,2,2,0,2,0,0,0,0,0,0,0,0,0
27,10,12,0,2,0,0,0,0,0,0,0,0,0,0,0,0
31,16,0,12,2,1,0,1,0,0,0,0,0,0,0,0,1
38,9,2,22,2,0,1,2,0,0,0,0,0,0,0,0,0
64,8,0,50,2,3,0,6,7,0,0,0,0,0,0,0,0
54,6,0,8,4,0,0,2,12,2,0,0,0,0,0,0,1
56,10,0,42,1,6,0,2,0,0,0,0,0,0,0,0,1
67,19,0,44,2,0,0,4,1,0,0,0,0,0,0,0,0
46,5,4,33,3,3,0,2,7,0,0,0,0,0,0,0,0
37,8,2,22,2,0,0,2,0,0,0,0,0,0,0,0,0
158,15,0,96,6,2,3,8,7,2,1,0,1,0,0,0,1
105,7,0,38,3,1,0,4,5,6,0,0,0,0,0,0,0
84,19,0,10,2,0,1,1,6,8,0,0,0,0,1,0,1
48,5,12,26,3,0,0,2,0,0,0,0,0,0,0,0,1
25,7,0,14,1,0,0,1,0,0,0,0,0,0,0,0,0
22,10,0,8,1,0,0,1,4,0,0,0,0,0,0,0,1
52,15,7,25,3,1,0,3,0,0,0,0,0,0,0,0,0
16,11,0,0,1,0,0,0,0,0,0,0,0,0,1,0,1
24,13,0,7,1,0,0,1,2,0,0,0,0,0,0,0,1
57,8,0,45,2,4,0,1,8,0,0,0,0,0,0,0,0
42,17,0,19,2,0,1,1,0,0,0,0,0,0,1,0,1
54,10,0,40,2,3,0,4,4,0,0,0,0,0,0,0,1
90,16,0,5,1,0,1,2,0,8,0,0,0,0,0,0,0
20,16,0,0,1,0,0,0,0,0,0,0,0,0,0,0,0
68,4,12,48,3,1,0,2,23,0,0,0,0,0,0,0,1
31,19,0,8,1,0,0,1,0,0,0,0,0,0,0,0,1
188,14,16,153,3,19,3,4,8,0,0,0,0,0,0,0,0
12,8,0,0,1,0,0,0,1,0,0,0,0,0,0,0,0
55,18,0,10,3,1,0,2,0,3,0,0,0,0,0,0,1
29,8,0,18,2,0,0,3,0,0,0,0,0,0,0,0,1
20,16,0,0,1,0,0,0,0,0,0,0,0,0,0,0,1
37,13,0,20,2,0,0,3,1,0,0,0,0,0,0,0,1
75,7,0,41,3,0,0,5,6,3,0,1,0,0,0,0,1
50,5,2,36,5,0,0,3,0,0,0,0,0,0,0,0,1
38,5,0,29,1,0,0,1,0,3,0,0,0,0,0,0,0
42,12,0,26,1,1,0,3,3,0,0,0,0,0,0,0,0
14,4,0,6,1,0,0,1,1,0,0,0,0,0,0,0,1
52,7,8,32,3,0,0,4,0,0,0,0,0,0,0,0,1
28,16,0,8,1,1,0,1,0,0,0,0,0,0,0,0,1
24,5,4,10,2,0,0,2,0,0,0,0,1,0,0,0,1
50,20,0,26,2,0,1,2,0,0,0,0,0,0,0,0,1
52,8,0,41,3,1,0,6,8,0,0,0,0,0,0,0,1
41,5,0,32,1,2,0,3,3,0,0,0,0,0,0,0,0
29,10,0,15,2,0,0,2,0,0,0,0,0,0,0,0,1
79,3,0,66,1,1,0,4,15,20,0,0,0,0,0,0,0
14,10,0,0,1,0,0,0,0,0,0,0,0,0,0,0,1
26,3,0,19,2,0,0,2,1,0,0,0,0,0,0,0,0
18,14,0,4,3,0,0,1,13,0,0,0,0,1,0,0,1
245,11,0,37,8,0,1,10,10,28,1,0,1,0,0,0,1
26,9,2,10,2,0,0,2,0,0,0,0,0,0,0,0,0
36,10,0,22,1,2,0,2,0,0,0,0,0,0,0,0,1
42,13,0,25,2,1,0,3,2,0,0,0,0,0,0,0,0
116,8,0,104,1,9,0,3,32,0,0,0,0,0,0,0,0
29,11,0,14,1,1,0,1,0,0,0,0,0,0,0,0,1
97,6,0,10,2,0,5,1,8,10,0,0,0,0,0,0,1
98,10,0,10,3,0,1,1,10,12,0,0,0,0,0,0,1
33,4,0,19,1,0,0,4,5,2,2,0,0,0,0,0,0
12,9,0,0,1,0,0,0,0,0,0,0,0,0,0,0,1
27,14,0,7,4,0,0,1,16,0,0,0,0,1,0,0,1
37,19,0,14,2,1,0,1,0,0,0,0,0,0,0,0,1
14,11,0,0,1,0,0,0,0,0,0,0,0,0,0,0,1
36,9,0,15,2,0,0,1,5,2,0,0,0,0,0,0,0
36,13,0,19,2,0,0,2,1,0,0,0,0,0,0,0,0
10,6,0,0,1,0,0,0,0,0,0,0,0,0,0,0,1
35,17,0,14,1,0,0,2,1,0,0,0,0,0,0,0,1
41,17,0,13,2,1,0,2,2,2,0,0,0,0,0,0,0
23,5,0,14,2,0,0,1,0,0,0,0,0,0,0,0,1
83,3,0,77,1,4,0,5,8,0,0,0,0,0,0,0,0
24,6,0,14,1,0,0,1,0,0,0,0,0,0,0,0,0
60,8,0,48,1,0,0,3,16,0,1,0,0,0,0,0,1
30,5,6,14,3,0,1,1,1,0,0,0,0,0,1,0,1
123,13,0,32,5,0,2,3,8,8,0,0,0,0,0,0,0
541,11,0,35,3,1,0,4,150,2,0,0,1,0,0,0,1
43,5,0,34,2,0,0,5,12,0,0,0,0,0,0,0,1
55,23,0,28,2,2,3,1,0,0,0,0,0,0,0,0,1
99,7,0,74,1,9,1,5,8,2,0,0,0,0,0,0,0
92,15,0,10,2,0,1,1,6,10,0,0,0,0,0,0,1
37,7,0,26,1,3,0,2,0,0,0,0,0,0,0,0,0
108,9,0,45,4,1,0,6,6,2,0,0,1,0,0,0,1
92,6,0,83,2,13,0,2,19,0,0,0,0,0,0,0,0
53,6,12,16,3,0,0,1,6,2,0,0,0,0,0,0,0
99,7,0,13,6,1,0,8,2,6,1,0,0,0,0,0,0
19,14,0,5,3,0,0,1,13,0,0,0,0,1,0,0,1
86,9,20,20,4,2,0,2,11,7,0,0,0,0,0,0,1
25,8,0,13,1,0,0,1,0,0,0,0,0,0,0,0,0
19,15,0,0,1,0,0,0,0,0,0,0,0,0,0,0,0
49,9,0,36,1,2,0,4,8,0,0,0,0,0,0,0,0
93,11,0,78,2,5,6,1,15,0,0,0,0,0,0,0,0
30,7,0,19,1,1,0,2,0,0,0,0,0,0,0,0,0
22,11,6,0,2,0,0,0,4,0,0,0,0,0,0,0,0
45,13,0,28,1,2,0,3,6,0,0,0,0,0,0,0,0
36,11,0,21,2,0,0,3,0,0,0,0,0,0,0,0,1
110,5,16,20,7,1,0,5,1,11,2,0,1,0,0,0,1
27,8,0,15,2,0,0,2,0,0,0,0,0,0,0,0,1
111,15,0,92,2,13,0,3,0,0,0,0,0,0,0,0,0
35,9,0,19,3,2,0,1,0,0,0,0,0,0,0,0,1
134,11,0,10,2,0,1,1,4,18,0,0,0,0,0,0,1
65,6,8,46,2,0,2,5,2,0,0,0,0,0,0,0,0
88,11,0,74,2,0,1,7,4,0,0,0,0,0,0,0,1
26,11,0,15,4,0,0,2,8,0,0,0,0,1,0,0,1
38,7,0,27,1,3,0,2,1,0,0,0,0,0,0,0,0
35,3,3,24,3,0,0,3,9,0,0,0,0,0,0,0,1
31,14,0,14,2,0,0,2,0,0,0,0,0,0,0,0,1
18,14,0,0,1,0,0,0,0,0,0,0,0,0,0,0,1
77,8,0,65,2,0,0,6,7,2,0,0,0,0,0,0,0
30,11,0,15,1,0,0,2,1,0,0,0,0,0,0,0,0
48,8,0,18,3,0,0,5,2,1,1,0,0,0,0,0,1
28,11,0,13,2,0,0,1,0,0,0,0,0,0,0,0,1
121,20,0,10,2,2,2,1,5,12,0,0,0,0,0,0,1
57,7,4,41,2,1,0,5,0,0,0,0,0,0,0,0,1
61,23,0,31,3,3,0,2,0,0,0,0,0,0,0,0,1
14,10,0,0,1,0,0,0,0,0,0,0,0,0,0,0,1
26,11,0,11,2,0,0,1,0,0,0,0,0,0,0,0,1
37,5,5,22,2,2,0,1,0,0,0,0,0,0,0,0,0
23,4,0,15,1,0,0,2,7,0,0,0,0,0,0,0,0
29,11,6,7,2,1,0,2,0,0,0,0,0,0,0,0,1
93,17,0,44,3,0,0,5,0,3,0,1,0,0,0,0,1
80,11,0,65,1,0,0,10,22,0,0,0,0,0,0,0,0
40,9,0,27,2,4,0,2,4,0,0,0,0,0,0,0,0
54,17,0,33,1,0,2,2,1,1,0,0,0,0,0,0,0
50,5,9,31,2,0,1,2,0,0,0,0,0,0,0,0,0
41,14,0,12,2,0,0,2,6,2,0,0,0,0,0,0,0
74,12,0,59,1,5,0,2,3,0,0,0,0,0,0,0,1
42,11,0,14,2,0,0,1,4,2,0,0,0,0,0,0,1
38,11,4,16,4,0,0,2,0,1,0,0,0,0,0,0,1
109,10,0,96,2,17,0,3,6,0,0,0,0,0,0,0,0
164,7,0,150,2,0,0,3,0,0,0,0,0,0,0,0,1
55,3,6,41,3,1,0,5,2,0,0,0,0,0,0,0,1
136,10,0,122,2,2,2,7,20,0,0,0,0,0,0,0,1
32,12,0,16,1,0,0,2,1,0,0,0,0,0,0,0,1
95,10,0,10,3,1,1,1,6,10,0,0,0,0,0,0,1
25,9,0,10,2,0,0,2,0,0,0,0,0,0,0,0,1
49,5,4,32,3,0,0,2,5,2,0,0,0,0,0,0,1
1666,5,2,3,17,20,7,1,545,75,0,0,1,0,0,0,1
28,9,0,12,2,0,0,1,0,0,0,0,0,0,0,0,1
31,4,10,13,3,0,0,1,0,0,0,0,0,0,0,0,0
25,9,0,12,1,1,0,1,2,0,0,0,0,0,0,0,1
119,4,0,111,2,14,0,3,6,0,0,0,0,0,0,0,0
86,5,0,77,1,7,0,4,6,0,0,0,0,0,0,0,0
22,18,0,0,1,1,0,0,0,0,0,0,0,0,0,0,0
245,11,0,37,8,0,1,10,10,28,1,0,1,0,0,0,1
16,10,0,0,2,0,0,0,0,0,0,0,0,0,0,0,0
51,10,0,38,1,3,0,3,3,0,0,0,0,0,0,0,1
26,13,0,7,4,0,0,1,15,0,0,0,0,1,0,0,1
46,11,0,1,1,1,0,1,0,6,0,0,0,0,0,0,0
19,11,3,0,2,0,0,0,0,0,0,0,0,0,0,0,1
24,7,0,13,1,0,0,1,0,0,0,0,0,0,0,0,0
60,36,0,10,2,0,0,1,7,2,0,0,0,0,0,0,1
73,3,0,66,2,1,1,6,0,0,0,0,0,0,0,0,0
55,5,5,38,4,0,0,2,20,5,0,0,0,0,0,0,1
116,14,0,10,2,4,1,1,4,8,0,0,0,0,0,0,1
17,12,0,0,3,0,0,0,13,0,0,0,0,1,0,0,1
59,8,8,24,3,0,0,2,6,2,0,0,0,0,0,0,0
31,9,2,15,2,0,1,2,2,0,0,0,0,0,0,0,1
66,9,0,53,1,6,0,2,0,0,0,0,0,0,0,0,0
15,11,0,0,1,0,0,0,0,0,0,0,0,0,0,0,1
44,8,0,24,2,0,0,3,3,2,0,0,0,0,0,0,0
32,9,0,19,3,0,0,2,0,0,1,0,0,0,0,0,0
146,6,0,134,5,2,0,7,17,0,1,0,1,0,0,0,1
19,5,9,0,2,0,0,0,1,0,0,0,0,0,0,0,1
41,23,13,0,2,0,0,0,0,0,0,0,0,0,0,0,0
101,14,0,31,3,2,3,4,5,4,0,0,0,0,0,0,1
46,8,0,34,2,3,0,2,7,0,0,0,0,0,0,0,0
34,13,3,10,4,0,0,1,0,0,0,0,0,0,0,0,1
111,5,0,102,3,0,1,8,24,1,1,0,0,0,0,0,0
39,8,0,28,2,1,0,2,0,0,0,0,0,0,0,0,1
79,19,0,53,2,3,0,3,4,0,0,0,0,0,0,0,1
18,14,0,0,1,0,0,0,0,0,0,0,0,0,0,0,0
80,8,0,28,2,0,1,3,8,8,0,0,0,0,0,0,1
60,5,3,47,3,0,3,3,19,0,0,0,0,0,0,0,1
16,12,0,0,1,0,0,0,0,0,0,0,0,0,0,0,0
26,15,0,11,4,0,0,1,13,0,0,0,0,1,0,0,1
11,5,0,3,1,0,0,1,0,0,0,0,0,0,0,0,0
160,10,15,56,6,5,1,5,23,7,2,1,0,0,0,0,1
34,11,0,19,2,0,0,3,0,0,0,0,0,0,0,0,1
66,18,0,43,4,1,1,4,0,0,0,0,0,0,1,0,0
39,13,0,26,4,0,1,2,11,0,0,0,0,1,0,0,1
33,6,0,23,1,2,0,2,9,0,0,0,0,0,0,0,0
83,3,0,77,2,4,0,6,1,0,0,0,0,0,0,0,0
21,6,0,12,2,0,0,1,0,0,0,0,0,0,0,0,1
186,13,132,33,9,3,0,1,76,0,2,0,0,0,0,0,0
14,10,0,0,1,0,0,0,0,0,0,0,0,0,0,0,1
64,8,0,10,2,0,1,1,3,6,0,0,0,0,0,0,1
105,13,0,88,1,0,0,5,12,7,0,0,0,0,0,0,0
107,18,0,85,1,0,1,9,0,1,0,0,0,0,0,0,1
62,15,4,38,3,1,2,3,0,0,0,0,0,0,0,0,0
74,8,16,45,3,5,0,3,7,0,0,0,0,0,0,0,0
15,8,0,3,2,0,0,1,0,0,0,0,0,0,0,0,1
33,19,0,10,1,1,0,1,0,0,0,0,0,0,0,0,1
112,7,0,25,2,0,1,2,28,3,0,0,0,0,0,0,0
67,11,0,52,2,4,1,3,9,0,0,0,0,0,0,0,0
50,10,0,15,2,1,0,2,7,4,0,0,0,0,0,0,0
13,9,0,0,1,1,0,0,0,0,0,0,0,0,0,0,1
36,10,0,22,2,0,0,2,0,0,0,0,0,0,0,0,1
34,8,0,22,1,2,0,1,1,0,0,0,0,0,0,0,1
44,17,0,24,2,0,0,2,0,0,0,0,0,0,0,0,1
13,4,0,6,1,0,0,1,1,0,0,0,0,0,0,0,1
28,5,6,12,2,0,0,2,0,0,0,0,0,0,0,0,1
58,9,0,42,3,1,2,3,7,0,0,0,0,0,0,0,1
43,13,0,14,2,0,0,1,5,2,0,0,0,0,0,0,1
117,8,0,6,3,2,0,1,11,8,1,0,1,0,0,0,1
100,15,0,14,2,0,3,2,0,8,1,0,0,0,0,0,1
146,6,0,134,5,2,0,7,17,0,1,0,1,0,0,0,1
33,9,0,21,2,0,0,4,2,0,0,0,0,0,0,0,1
35,8,0,23,2,1,0,2,0,0,0,0,0,0,0,0,1
29,10,5,9,2,0,0,1,0,0,0,0,0,0,0,0,1
17,7,0,6,1,0,0,1,1,0,0,0,0,0,0,0,1
28,9,0,15,1,0,0,2,0,0,0,0,0,0,0,0,1
19,13,0,6,3,0,0,1,10,0,0,0,0,1,0,0,1
41,13,0,24,2,0,0,3,1,0,0,0,0,0,0,0,1
49,6,0,20,2,2,0,1,2,4,0,0,0,0,0,0,1
57,11,0,42,2,1,0,5,0,0,0,0,0,0,0,0,1
30,9,0,17,1,0,0,2,0,0,0,0,0,0,0,0,1
180,5,0,27,4,0,1,3,32,12,0,0,0,0,0,0,1
51,9,0,39,2,0,0,6,12,1,0,0,0,0,0,0,1
25,13,0,12,3,0,0,2,12,0,0,0,0,1,0,0,1
11,2,0,5,1,0,0,1,1,0,0,0,0,0,0,0,1
39,14,0,21,1,0,2,2,0,0,0,0,0,0,0,0,0
284,29,0,17,2,1,1,2,31,8,0,0,0,0,0,0,1
53,16,0,33,2,0,1,3,0,0,0,0,0,0,0,0,0
171,10,0,10,2,2,1,1,13,18,0,0,0,0,0,0,1
45,8,2,30,2,1,0,5,5,0,0,0,0,0,0,0,0
23,8,0,11,2,0,0,1,1,0,0,0,0,0,0,0,0
138,12,0,10,2,7,1,1,15,10,0,0,0,0,0,0,1
69,6,0,10,2,0,1,1,3,8,0,0,0,0,0,0,1
48,12,0,32,1,0,0,4,0,0,0,0,0,0,0,0,1
51,12,0,36,2,4,0,2,1,0,0,0,0,0,0,0,1
39,11,0,24,1,1,0,2,0,0,0,0,0,0,0,0,1
34,4,0,17,3,0,0,2,7,1,0,0,0,0,0,0,1
33,9,0,20,2,0,0,2,2,0,0,0,0,0,0,0,1
99,28,0,68,2,5,0,2,3,0,0,0,0,0,0,0,1
39,6,0,26,3,4,0,3,0,0,0,0,0,0,0,0,0
19,13,0,6,4,0,0,1,10,0,0,0,0,1,0,0,1
16,12,0,0,1,0,0,0,0,0,0,0,0,0,1,0,1
27,12,0,11,2,0,0,1,0,0,0,0,0,0,0,0,1
82,12,0,10,2,0,1,1,6,8,0,0,0,0,0,0,1
90,7,0,77,6,0,0,8,0,0,0,0,1,0,0,0,1
28,8,15,0,2,0,0,0,0,0,0,0,0,0,0,0,0
64,10,0,50,2,1,0,3,0,0,0,0,0,0,0,0,0
206,11,0,10,2,6,1,1,10,20,0,0,0,0,0,0,1
51,5,10,31,2,0,0,2,8,0,0,0,0,0,1,0,1
48,16,0,28,2,1,0,4,1,0,0,0,0,0,0,0,0
41,11,0,26,2,0,1,3,2,0,0,0,0,0,0,0,1
65,8,28,24,5,1,0,2,7,1,0,0,0,0,0,0,0
83,12,0,68,2,4,0,3,0,1,0,0,0,0,0,0,0
13,10,0,0,1,0,0,0,0,0,0,0,0,0,0,0,1
100,18,0,55,3,1,0,6,0,3,0,1,0,0,0,0,1
47,11,16,12,4,1,0,2,0,0,0,0,0,0,0,0,1
45,9,0,32,2,0,0,3,1,0,0,0,0,0,0,0,1
26,7,0,12,3,0,0,2,0,0,0,0,0,0,0,0,1
46,8,0,35,1,2,0,3,1,0,0,0,0,0,0,0,1
13,9,0,0,1,0,0,0,0,0,0,0,0,0,0,0,1
30,13,0,17,4,0,0,2,12,0,0,0,0,1,0,0,1
74,12,0,10,2,0,1,1,4,8,0,0,0,0,0,0,1
28,9,2,12,2,0,1,2,1,0,0,0,0,0,0,0,0
131,8,0,119,2,13,1,4,20,0,0,0,0,0,0,0,0
22,9,0,9,1,0,0,1,0,0,0,0,0,0,0,0,1
141,17,0,10,2,1,1,1,6,18,0,0,0,0,0,0,1
37,11,0,23,2,0,0,2,0,0,0,0,0,0,0,0,1
69,11,0,54,4,0,2,2,21,0,0,0,0,0,0,0,1
87,12,0,10,3,1,2,1,2,8,0,0,0,0,0,0,1
40,13,0,23,2,1,0,3,4,0,0,0,0,0,0,0,1
59,8,0,48,2,2,2,6,0,0,0,0,0,0,0,0,1
34,3,6,10,4,0,0,1,1,2,0,0,0,0,0,0,0
10,6,0,0,1,0,0,0,0,0,0,0,0,0,0,0,1
35,3,13,15,4,1,0,1,0,0,0,0,0,0,0,0,1
22,18,0,0,1,1,0,0,0,0,0,0,0,0,0,0,1
84,14,0,67,2,7,0,3,6,0,0,0,0,0,0,0,0
83,8,0,10,2,0,1,1,4,10,0,0,0,0,0,0,1
53,7,0,42,1,3,0,3,6,0,0,0,0,0,0,0,0
190,15,0,13,2,0,1,2,68,6,1,0,0,0,0,0,1
35,18,0,11,3,0,0,1,0,0,0,0,0,0,0,0,1
30,11,0,15,2,0,0,2,0,0,0,0,0,0,0,0,0
23,12,0,7,1,1,0,1,0,0,0,0,0,0,0,0,1
39,28,6,0,2,1,0,0,3,0,1,0,0,0,0,0,1
53,11,2,35,2,5,0,2,0,0,0,0,0,0,0,0,0
58,9,0,10,2,0,1,1,0,6,0,0,0,0,0,0,1
73,6,0,18,3,1,0,7,2,4,0,0,0,0,0,0,1
51,8,0,39,2,0,2,2,9,0,0,0,0,0,0,0,0
13,10,0,0,1,0,0,0,3,0,0,0,0,0,1,0,1
41,5,0,32,2,0,1,4,10,0,0,0,0,0,0,0,1
371,12,28,34,3,5,1,3,46,16,2,0,0,0,0,0,0
15,2,8,0,3,0,0,0,0,0,0,0,0,0,0,0,0
97,8,0,10,4,1,3,1,5,8,0,0,0,0,0,0,1
27,16,0,8,1,1,0,2,0,0,0,0,0,0,0,0,1
105,13,0,22,5,1,0,12,2,6,1,0,0,0,0,0,1
110,10,0,19,4,0,0,6,4,10,2,0,1,0,0,0,1
10,7,0,0,1,0,0,0,0,0,0,0,0,0,1,0,1
158,7,7,38,5,1,4,3,50,5,3,0,0,0,0,0,1
41,12,21,0,4,0,0,0,4,0,0,0,0,0,0,0,1
75,11,0,10,2,0,1,1,6,8,0,0,0,0,0,0,1
78,6,0,34,2,0,1,4,7,6,0,0,0,0,0,0,1
24,9,0,11,1,0,0,1,5,0,0,0,0,0,0,0,1
193,7,60,119,11,3,0,1,23,1,2,0,0,0,0,0,1
18,10,0,4,1,0,0,1,0,0,0,0,0,0,0,0,0
49,6,0,40,2,0,0,5,0,0,0,0,0,0,0,0,1
28,6,0,18,2,1,0,1,0,0,0,0,0,0,0,0,0
89,5,9,71,8,0,0,2,38,0,2,0,0,0,0,0,0
52,10,0,12,3,0,0,1,3,4,0,0,0,0,0,0,0
61,14,0,43,2,1,0,6,2,0,0,0,0,0,0,0,1
28,18,0,7,1,0,0,1,3,0,0,0,0,0,0,0,1
31,9,0,18,2,0,0,2,0,0,0,0,0,0,0,0,1
50,8,6,31,5,0,0,3,7,0,0,0,0,0,0,0,0
144,15,0,10,6,0,4,1,8,12,0,0,0,0,0,0,1
10,7,0,0,1,0,0,0,0,0,0,0,0,0,0,0,1
29,9,15,0,2,0,0,0,0,0,0,0,0,0,0,0,0
33,7,0,22,1,0,0,2,13,0,0,0,0,0,0,0,1
67,8,15,39,2,4,0,2,0,0,0,0,0,0,0,0,0
36,8,0,24,2,0,0,2,4,0,0,0,0,0,0,0,1
17,14,0,0,1,1,0,0,0,0,0,0,0,0,0,0,1
54,8,0,42,1,2,0,3,10,0,0,0,0,0,0,0,0
17,5,0,8,1,0,0,1,5,0,0,0,0,0,0,0,1
14,3,0,8,1,0,0,1,1,0,0,0,0,0,0,1,1
246,17,2,5,2,0,0,2,27,5,0,0,0,0,0,0,1
115,13,0,98,1,11,0,4,0,0,0,0,0,0,0,0,0
70,4,0,15,2,0,1,2,3,8,0,0,0,0,0,0,0
38,13,0,22,1,1,0,2,0,0,0,0,0,0,0,0,1
26,14,0,12,4,0,0,1,11,0,0,0,0,1,0,0,1
31,9,0,15,2,0,0,3,0,0,0,0,0,0,0,0,1
92,9,0,80,3,2,0,8,0,0,1,0,1,0,0,0,1
85,12,0,69,2,9,0,1,5,0,0,0,0,0,0,0,0
166,15,0,96,6,2,3,8,11,2,1,0,1,0,0,0,1
29,19,0,6,1,0,0,1,0,0,0,0,0,0,0,0,1
56,4,14,32,4,3,0,2,4,0,0,0,0,0,0,0,1
53,11,0,36,2,0,4,4,8,0,0,0,0,0,0,0,1
36,5,5,21,2,2,0,1,0,0,0,0,0,0,0,0,0
23,2,9,7,3,0,0,1,0,0,0,0,0,0,0,0,1
22,12,0,6,1,0,0,1,0,0,0,0,0,0,0,0,1
68,8,22,20,7,1,0,3,0,4,1,0,0,0,0,0,1
77,19,0,54,1,0,0,4,23,0,0,0,0,0,0,0,1
41,9,2,25,2,0,1,2,0,2,0,0,0,0,0,0,1
244,4,0,41,1,2,1,8,82,7,1,0,0,0,0,0,1
81,9,2,41,4,1,1,7,35,1,0,0,0,0,0,0,1
21,3,0,11,3,0,0,1,0,0,0,0,0,0,0,0,1
24,5,4,10,2,0,0,2,0,0,0,0,1,0,0,0,1
50,8,0,38,1,1,0,3,17,2,0,0,0,0,0,0,0
25,7,0,15,1,0,0,3,0,0,0,0,0,0,0,0,1
19,15,0,0,1,0,0,0,0,0,0,0,0,0,0,0,0
34,7,0,23,1,0,0,2,0,1,0,0,0,0,0,0,0
39,15,0,20,1,0,0,2,1,0,0,0,0,0,0,0,1
23,12,0,11,4,0,0,1,11,0,0,0,0,1,0,0,1
92,9,0,80,3,2,0,8,0,0,1,0,1,0,0,0,1
541,11,0,35,3,1,0,4,131,2,0,0,1,0,0,0,1
56,4,0,49,2,1,0,5,0,0,0,0,0,0,0,0,1
35,16,0,15,2,0,0,2,0,0,1,0,0,0,0,0,1
107,11,0,92,1,13,0,4,6,0,0,0,0,0,0,0,0
63,26,28,0,5,0,0,0,5,0,1,0,0,0,0,0,1
94,32,0,58,2,8,0,1,5,0,0,0,0,0,0,0,0
26,14,0,12,4,0,0,1,12,0,0,0,0,1,0,0,1
78,7,0,67,1,8,0,3,5,0,0,0,0,0,0,0,1
15,11,0,0,1,0,0,0,4,0,0,0,0,0,0,0,0
38,15,0,19,2,0,0,2,0,0,0,0,0,0,0,0,0
38,13,0,18,3,0,0,2,0,0,0,0,0,0,0,0,1
51,26,0,21,1,0,0,2,0,0,0,0,0,0,0,0,1
81,18,0,59,5,0,0,7,0,0,1,0,0,0,0,0,1
29,22,0,0,2,0,0,0,0,0,0,0,0,0,0,0,1
36,6,3,22,3,0,1,2,4,0,0,0,0,0,0,0,0
75,6,0,4,4,0,0,5,0,5,2,0,1,0,0,0,0
92,9,0,10,2,0,3,2,15,17,0,0,0,0,0,0,0
39,4,0,31,1,0,0,4,0,0,0,0,0,0,0,0,0
62,30,0,28,1,2,0,3,0,0,0,0,0,0,0,0,1
70,8,0,55,3,3,0,4,1,0,0,0,0,0,0,0,1
52,4,25,10,2,0,0,2,5,2,0,0,0,0,0,0,0
35,6,0,22,2,0,0,4,0,0,1,0,0,0,0,0,1
17,13,0,0,1,0,0,0,0,0,0,0,0,0,0,0,1
32,8,0,20,2,0,0,2,8,0,0,0,0,0,0,0,1
39,4,12,19,3,1,0,2,3,0,0,0,0,0,0,0,1
37,8,0,23,3,0,0,2,0,0,0,0,0,0,0,0,0
23,19,0,0,1,0,0,0,0,0,0,0,0,0,0,0,0
162,14,3,41,5,13,1,2,34,11,0,0,0,0,0,0,1
65,10,0,51,2,0,0,2,19,0,1,0,0,0,0,0,1
17,7,0,6,1,0,0,1,2,0,0,0,0,0,0,0,1
32,8,0,20,1,0,0,4,0,0,0,0,0,0,0,0,0
72,9,0,44,2,2,0,5,4,2,0,0,0,0,0,0,1
26,13,0,6,2,0,0,1,0,0,0,0,1,0,0,0,1
118,3,0,109,2,8,0,7,1,0,0,0,0,0,0,0,0
37,12,0,21,2,0,1,1,0,0,0,0,0,0,0,0,0
21,7,9,0,2,0,0,0,0,0,0,0,0,0,0,0,0
57,9,0,45,1,5,0,1,8,0,0,0,0,0,0,0,0
48,4,12,28,3,1,0,2,9,0,0,0,0,0,0,0,1
32,9,0,20,2,0,0,1,0,0,0,0,0,0,0,0,1
63,12,0,34,2,0,0,2,0,2,0,0,0,0,0,0,0
32,19,0,9,2,0,0,1,4,0,0,0,0,0,0,0,0
89,6,16,62,2,6,0,3,10,0,0,0,0,0,0,0,0
44,4,0,36,2,0,0,4,0,0,0,0,0,0,0,0,1
22,19,0,0,1,1,0,0,0,0,0,0,0,0,0,0,1
150,10,15,43,6,5,0,5,23,7,1,1,0,0,0,0,1
51,3,4,40,3,1,0,4,0,0,0,0,0,0,0,0,0
263,8,149,101,20,0,0,3,89,0,1,0,0,0,0,0,0
20,13,0,7,3,0,0,2,12,0,0,0,0,1,0,0,1
30,17,0,9,1,0,0,1,5,0,1,0,0,0,0,0,1
98,6,0,15,2,0,0,2,4,18,0,0,0,0,0,0,0
123,4,35,4,4,1,1,2,29,4,0,0,1,0,0,0,0
52,11,0,38,2,0,1,4,0,0,0,0,0,0,0,0,0
19,15,0,0,1,0,0,0,0,0,0,0,0,0,0,0,1
69,7,9,48,2,4,0,4,8,0,0,0,0,0,0,0,0
54,11,0,39,2,0,0,4,0,0,0,0,0,0,0,0,1
27,8,15,0,2,0,0,0,4,0,0,0,0,0,0,0,1
12,9,0,0,1,0,0,0,0,0,0,0,0,0,0,0,1
39,8,0,28,2,2,0,2,6,0,0,0,0,0,0,0,1
83,6,0,36,2,2,0,3,9,4,0,0,0,0,0,0,0
26,13,0,7,4,0,0,1,15,0,0,0,0,1,0,0,1
18,14,0,0,1,0,0,0,0,0,0,0,0,0,0,0,1
22,5,5,7,2,0,0,1,0,0,0,0,0,0,0,0,0
67,5,0,10,2,0,1,1,4,8,0,0,0,0,1,0,1
74,8,10,51,3,5,0,3,6,0,0,0,0,0,0,0,0
22,11,0,7,1,0,0,2,0,0,0,0,0,0,0,0,1
23,10,0,9,1,0,0,1,0,0,0,0,0,0,0,0,1
27,4,5,13,2,0,0,2,4,0,0,0,0,0,0,0,1
37,4,0,29,1,0,0,4,0,0,0,0,0,0,0,0,0
37,11,0,22,1,1,0,2,0,0,0,0,0,0,0,0,1
108,17,0,10,2,2,1,1,4,10,0,0,0,0,0,0,1
33,9,2,17,2,0,1,2,0,0,0,0,0,0,0,0,0
33,13,0,20,4,0,1,2,11,0,0,0,0,1,0,0,1
95,9,0,24,2,1,1,2,5,8,0,0,0,0,0,0,1
11,7,0,0,1,0,0,0,0,0,0,0,0,0,0,0,1
158,15,0,96,6,2,3,8,7,2,1,0,1,0,0,0,1
150,6,0,141,2,0,0,5,15,0,2,0,0,0,0,0,0
31,13,0,18,4,0,0,2,10,0,0,0,0,1,0,0,1
52,4,0,44,2,0,0,4,5,1,0,0,0,0,0,0,0
117,8,0,6,3,2,0,1,11,8,1,0,1,0,0,0,1
52,20,0,28,1,1,0,3,0,0,0,0,0,0,0,0,0
39,6,0,29,2,1,0,3,5,2,0,0,0,0,0,0,0
17,3,10,0,2,0,0,0,0,0,0,0,0,0,0,0,1
32,16,0,12,2,0,0,1,0,0,0,0,0,0,0,0,1
38,3,10,20,4,0,0,2,0,1,0,0,0,0,0,0,1
35,16,0,16,2,1,0,1,0,0,0,0,0,0,0,0,1
87,9,0,34,3,0,0,2,11,5,0,1,0,0,0,0,1
76,17,0,55,1,5,0,3,7,0,0,0,0,0,0,0,1
166,12,0,58,2,3,0,5,24,16,0,0,0,0,0,0,1
95,5,0,10,3,0,1,1,11,12,0,0,0,0,0,0,1
25,8,0,13,1,0,0,2,2,0,0,0,0,0,0,0,1
72,9,0,59,1,7,0,4,8,0,0,0,0,0,0,0,0
106,10,13,23,8,1,2,4,0,4,1,0,0,0,0,0,0
31,7,0,6,1,0,0,1,0,2,0,0,0,0,0,0,0
29,5,0,13,2,0,0,1,3,2,0,0,0,0,0,0,1
108,9,0,45,4,1,0,6,6,2,0,0,1,0,0,0,1
31,3,6,17,2,0,1,2,0,0,0,0,0,0,0,0,0
36,9,6,16,2,0,1,1,0,0,0,0,0,0,0,0,0
58,14,4,33,3,1,0,1,21,0,0,0,0,0,0,0,1
59,21,0,19,2,1,0,2,5,2,0,0,0,0,0,0,1
86,7,0,75,1,10,0,4,9,0,0,0,0,0,0,0,0
23,13,0,10,4,0,0,1,10,0,0,0,0,1,0,0,1
45,19,0,23,1,1,0,2,0,0,0,0,0,0,0,0,1
74,8,0,63,2,0,2,6,0,0,1,0,0,0,0,0,0
41,12,0,25,2,0,1,2,0,0,0,0,0,0,0,0,0
70,9,0,58,3,1,1,5,4,0,0,0,0,0,0,0,1
47,4,6,32,3,1,0,3,3,0,0,0,0,0,0,0,1
27,4,5,13,2,0,0,2,4,0,0,0,0,0,0,0,1
56,13,0,39,1,4,0,3,3,0,0,0,0,0,0,0,1
55,17,0,34,2,2,0,2,0,0,0,0,0,0,0,0,1
31,7,0,6,1,0,0,1,5,2,0,0,0,0,0,0,0
108,15,0,60,2,5,0,5,10,6,0,0,0,0,0,0,1
104,5,0,13,4,0,0,6,1,10,2,0,1,0,0,0,1
29,11,0,15,2,0,0,2,0,0,0,0,0,0,0,0,1
69,15,0,10,3,0,1,1,2,6,0,0,0,0,0,0,1
25,13,0,12,3,0,0,2,10,0,0,0,0,1,0,0,1
94,8,0,83,2,7,0,3,0,0,0,0,0,0,0,0,1
39,9,0,26,2,1,1,3,2,0,0,0,0,0,0,0,1
15,6,2,0,3,0,0,0,0,0,0,0,0,0,0,0,0
49,12,0,34,1,1,0,3,2,0,0,0,0,0,0,0,1
32,12,0,16,1,0,0,2,2,1,0,0,0,0,0,0,1
38,8,0,26,1,0,1,3,0,0,0,0,0,0,0,0,0
82,5,10,19,4,0,0,2,8,6,0,0,0,0,0,0,0
63,12,0,45,4,0,0,5,0,0,2,0,0,0,0,0,0
75,10,0,61,2,5,0,3,10,0,0,0,0,0,0,0,0
78,3,0,72,1,6,0,5,8,0,0,0,0,0,0,0,0
44,8,0,32,2,1,0,3,2,0,0,0,0,0,0,0,0
27,11,11,0,2,0,0,0,0,0,0,0,0,0,0,0,1
110,10,0,19,4,0,0,6,4,10,2,0,1,0,0,0,1
43,7,6,25,2,1,0,3,5,0,0,0,0,0,0,0,0
23,5,13,0,2,0,0,0,0,0,0,0,0,0,0,0,1
27,2,0,21,1,1,0,2,6,0,0,0,0,0,0,0,0
68,8,8,47,3,4,0,3,7,0,0,0,0,0,0,0,0
13,9,0,0,1,0,0,0,4,0,0,0,0,0,0,0,1
56,20,0,32,2,0,0,4,8,0,0,0,0,0,0,0,1
48,10,0,34,1,0,0,5,14,1,0,0,0,0,0,0,0
92,12,0,16,2,0,1,2,4,10,0,0,0,0,0,0,1
117,5,16,47,8,0,0,7,1,11,2,0,1,0,0,0,1
49,5,6,33,2,0,3,1,2,0,0,0,0,0,0,0,0
46,6,35,0,4,3,0,0,0,0,2,0,0,0,0,0,1
31,18,0,9,1,0,0,1,0,0,0,0,0,0,0,0,0
89,15,0,70,1,5,0,4,4,0,0,0,0,0,0,0,0
40,16,0,20,2,1,0,3,4,0,0,0,0,0,0,0,0
277,30,0,77,5,3,1,5,92,8,2,0,1,0,0,0,1
40,8,0,28,1,0,0,4,0,0,0,0,0,0,0,0,0
31,10,0,17,1,0,0,3,5,0,0,0,0,0,0,0,0
24,9,2,8,2,1,0,1,0,0,0,0,0,0,0,0,0
22,4,0,15,2,0,0,2,0,0,0,0,0,0,0,0,1
28,9,0,16,2,0,0,1,0,0,0,0,0,0,0,0,1
29,4,0,21,2,0,0,2,4,0,0,0,0,0,0,0,0
73,7,0,62,1,6,0,4,8,0,0,0,0,0,0,0,0
47,6,0,10,2,0,1,1,0,4,0,0,0,0,0,0,1
28,7,6,10,2,0,0,1,0,0,0,0,0,0,0,0,1
28,12,0,12,1,0,0,2,0,0,0,0,0,0,0,0,1
72,24,0,45,2,3,0,2,0,0,0,0,0,0,0,0,1
32,12,0,16,2,0,0,1,0,0,0,0,0,0,1,0,1
30,10,0,16,2,0,0,2,0,0,0,0,0,0,0,0,0
61,11,0,10,3,0,1,1,4,4,0,0,0,0,0,0,0
31,16,0,11,2,0,0,2,0,0,0,0,0,0,0,0,1
37,7,0,26,1,2,0,2,5,0,0,0,0,0,0,0,0
156,12,0,36,1,1,2,4,55,5,2,0,0,0,0,0,1
166,14,0,15,3,4,1,2,18,18,0,0,0,0,0,0,1
95,9,0,72,4,3,0,7,3,2,0,0,0,0,0,0,1
42,6,13,18,3,0,3,2,2,0,0,0,0,0,0,0,1
45,14,0,27,1,0,0,4,8,0,0,0,0,0,0,0,0
38,3,0,29,3,0,0,4,0,0,0,0,0,0,0,0,1
32,11,0,17,2,0,0,3,0,0,0,0,0,0,0,0,1
18,6,7,0,2,0,0,0,0,0,0,0,0,0,0,0,0
225,10,0,16,2,3,1,1,46,4,1,0,0,0,0,0,0
22,4,0,14,2,0,0,2,1,0,0,0,0,0,0,0,1
25,16,0,6,1,0,0,1,0,0,1,0,0,0,0,0,1
69,11,0,31,2,0,0,3,2,4,0,0,0,0,0,0,1
142,10,0,85,2,9,0,5,10,8,0,0,0,0,0,0,1
30,4,0,15,2,0,0,2,3,2,0,0,0,0,0,0,0
89,13,0,72,2,0,0,4,7,6,0,0,0,0,0,0,0
45,15,0,26,1,0,0,3,0,0,0,0,0,0,0,0,1
32,8,0,21,2,2,0,1,0,0,0,0,0,0,0,0,1
31,9,2,15,2,0,0,2,0,0,0,0,0,0,0,0,0
49,16,0,30,2,2,0,2,0,0,0,0,0,0,0,0,1
58,17,13,23,2,1,0,1,2,2,0,0,0,0,0,0,0
29,2,0,23,1,0,4,1,0,0,0,0,0,0,0,0,0
26,6,0,17,1,0,0,3,0,0,1,0,0,0,0,0,1
78,9,0,65,2,5,0,4,9,0,0,0,0,0,0,0,0
140,8,0,10,2,10,1,1,6,10,1,0,0,0,0,0,1
35,10,0,22,2,1,0,3,0,0,1,0,0,0,0,0,0
8,5,0,0,1,0,0,0,0,0,0,0,0,0,0,0,1
54,9,0,41,2,0,0,4,0,0,1,0,0,0,0,0,1
41,15,0,22,2,0,1,1,0,0,0,0,0,0,0,0,0
50,8,0,10,2,0,1,1,0,4,0,0,0,0,0,0,1
83,10,7,61,5,0,0,3,1,0,1,0,0,0,0,0,1
63,14,0,24,3,1,0,3,2,3,0,1,0,0,0,0,1
31,7,0,21,2,0,1,2,0,0,0,0,0,0,0,0,1
44,19,0,18,3,0,0,2,0,0,0,0,0,0,0,0,1
25,11,0,11,1,1,0,1,2,0,0,0,0,0,0,0,1
53,12,0,37,1,0,0,2,23,0,0,0,0,0,0,0,1
89,10,0,10,2,0,1,1,3,8,0,0,0,0,0,0,1
72,5,0,32,3,0,1,3,2,4,0,0,0,0,0,0,1
27,4,5,13,2,0,0,2,4,0,0,0,0,0,0,0,1
354,5,0,345,1,10,0,4,121,106,0,0,0,0,0,0,0
52,13,0,35,2,2,0,3,5,0,0,0,0,0,0,0,0
45,4,0,37,1,4,0,2,0,0,0,0,0,0,0,0,0
68,16,0,45,2,0,0,3,18,0,0,0,0,0,0,0,1
23,7,0,9,2,0,0,1,2,0,0,0,0,0,0,0,1
13,9,0,0,1,0,0,0,3,0,0,0,0,0,0,0,0
50,12,0,31,3,0,0,3,0,0,0,0,0,0,0,0,1
56,9,0,10,3,0,1,1,0,4,0,0,0,0,0,0,1
89,8,14,17,4,1,0,2,4,8,0,0,0,0,0,0,0
117,5,16,47,8,0,0,7,1,11,2,0,1,0,0,0,1
53,16,0,33,2,0,0,6,13,0,0,0,0,0,0,0,0
73,3,0,10,2,0,1,1,3,8,0,0,0,0,0,0,1
35,4,0,28,1,0,1,4,0,1,0,0,0,0,0,0,0
141,10,0,10,2,7,1,1,6,10,0,0,0,0,0,0,1
15,10,0,0,1,0,0,0,0,0,0,0,0,0,1,0,1
158,15,0,96,6,2,3,8,7,2,1,0,1,0,0,0,1
70,6,0,10,2,0,1,1,6,8,0,0,0,0,0,0,1
27,9,0,14,1,1,0,1,0,0,0,0,0,0,0,0,1
24,13,0,6,1,0,0,1,0,0,0,0,0,0,1,0,1
64,17,14,28,2,3,0,3,8,0,2,0,0,0,0,0,1
11,7,0,0,1,0,0,0,0,0,0,0,0,0,0,0,1
26,4,5,12,2,0,0,2,3,0,0,0,0,0,0,0,1
15,3,8,0,2,0,0,0,0,0,0,0,0,0,0,0,1
34,6,23,0,2,1,0,0,4,0,0,0,0,0,1,0,1
43,4,0,35,1,0,0,4,0,0,0,0,0,0,0,0,0
227,19,0,10,2,1,1,1,30,8,0,0,0,0,0,0,1
24,11,8,0,2,0,0,0,0,0,0,0,0,0,0,0,0
26,8,13,0,2,1,0,0,1,0,0,0,0,0,0,0,1
16,2,0,10,1,0,1,1,0,0,0,0,0,0,0,0,0
44,17,0,23,1,0,0,3,4,0,0,0,0,0,0,0,0
31,7,0,6,1,0,1,1,2,2,0,0,0,0,0,0,0
42,6,0,32,2,1,0,3,0,0,0,0,0,0,0,0,0
64,16,11,32,4,0,0,2,0,2,0,0,0,0,0,0,0
25,13,0,12,3,0,0,2,12,0,0,0,0,1,0,0,1
20,16,0,0,1,0,0,0,0,0,0,0,0,0,0,0,0
27,18,0,5,1,0,0,1,0,0,0,0,0,0,0,0,1
59,11,0,16,2,0,1,2,0,4,0,0,0,0,0,0,1
46,5,0,37,1,3,0,3,4,0,0,0,0,0,0,0,0
38,8,0,26,1,0,2,3,0,0,0,0,0,0,0,0,0
23,8,0,11,1,0,0,2,5,0,0,0,0,0,0,0,0
27,8,0,15,2,0,0,1,0,0,0,0,0,0,0,0,0
25,3,0,18,2,0,0,2,0,0,0,0,0,0,0,0,1
104,12,0,10,2,0,2,1,2,12,0,0,0,0,0,0,1
160,11,0,21,2,0,0,3,79,3,1,0,0,0,0,0,1
27,17,5,0,2,0,0,0,0,0,0,0,0,0,0,0,0
82,13,0,66,1,9,0,2,1,0,0,0,0,0,0,0,1
14,10,0,0,1,2,0,0,0,0,0,0,0,0,0,0,1
56,11,0,41,1,3,0,2,5,0,0,0,0,0,0,0,0
52,21,0,25,3,1,0,3,0,0,0,0,0,0,0,0,1
56,8,0,44,2,0,0,5,8,0,0,0,0,0,0,0,0
23,7,0,12,2,0,0,1,0,0,0,0,0,0,0,0,1
378,11,111,155,17,5,2,14,95,9,4,0,1,0,0,0,0
26,15,0,8,2,0,0,1,0,0,0,0,0,0,0,0,1
15,7,3,0,2,1,0,0,0,0,0,0,0,0,0,0,1
36,18,0,14,2,0,0,2,2,0,0,0,0,0,0,0,1
27,10,0,13,1,1,0,1,0,0,0,0,0,0,0,0,0
50,6,0,40,1,2,0,3,6,0,1,0,0,0,0,0,0
18,8,0,6,2,0,0,1,0,0,0,0,0,0,0,0,1
34,3,4,22,3,0,0,3,0,0,0,0,0,0,0,0,0
45,8,20,12,2,2,0,1,0,0,2,0,0,0,0,0,1
30,24,0,0,2,0,0,0,0,0,1,0,0,0,0,0,1
27,14,0,13,3,0,0,2,11,0,0,0,0,1,0,0,1
37,5,0,28,1,0,0,3,1,0,0,0,0,0,0,0,0
47,13,0,30,1,0,2,2,0,0,0,0,0,0,0,0,0
36,12,0,24,4,0,0,2,12,0,0,0,0,1,0,0,1
28,19,0,6,1,0,0,1,0,0,0,0,1,0,0,0,1
53,17,0,32,2,1,0,3,0,0,0,0,0,0,0,0,1
15,12,0,0,1,1,0,0,0,0,0,0,0,0,0,0,1
65,10,0,51,2,0,6,4,9,0,0,0,0,0,0,0,0
239,11,0,31,11,0,0,3,51,34,0,0,0,0,0,0,1
17,3,0,11,2,0,0,1,0,0,0,0,0,0,0,0,1
30,17,0,10,2,0,0,1,0,0,0,0,0,0,0,0,0
40,4,12,20,3,1,0,2,5,0,0,0,0,0,0,0,1
83,4,5,69,3,0,5,4,1,0,0,0,0,0,0,0,0
65,5,9,46,2,0,5,2,4,0,0,0,0,0,0,0,0
66,10,0,26,2,0,0,1,15,2,0,0,0,0,0,0,1
16,12,0,4,3,0,0,1,11,0,0,0,0,1,0,0,1
125,8,0,57,8,0,0,2,29,4,0,0,0,0,0,0,0
20,5,0,11,2,0,0,1,2,0,0,0,0,0,0,0,1
20,3,5,7,2,0,0,1,0,0,0,0,0,0,0,0,1
45,12,0,29,2,0,0,3,0,0,0,0,1,0,0,0,1
39,13,0,1,1,0,1,1,5,4,0,0,0,0,0,0,0
186,4,0,26,2,2,1,3,73,4,1,0,0,0,0,0,0
170,10,0,104,7,2,4,9,17,2,1,0,1,0,0,0,1
47,11,0,32,2,2,0,1,8,0,0,0,0,0,0,0,0
44,8,0,33,2,0,0,1,2,0,0,0,0,0,1,0,1
24,11,0,10,1,0,0,1,3,0,0,0,0,0,0,0,1
19,15,0,4,3,0,0,1,13,0,0,0,0,1,0,0,1
100,5,4,86,8,0,0,5,15,0,0,0,1,1,0,0,1
27,6,0,17,1,0,0,1,0,0,0,0,0,0,0,0,1
23,4,5,6,3,0,0,1,0,1,0,0,0,0,0,0,1
38,9,2,22,4,0,2,2,0,0,0,0,0,0,0,0,0
28,8,0,15,2,0,0,1,0,0,0,0,0,0,1,0,0
18,15,0,0,1,0,0,0,0,0,0,0,0,0,0,0,1
31,2,3,21,3,0,0,3,0,0,0,0,0,0,0,0,0
52,7,0,41,2,5,0,2,4,0,0,0,0,0,0,0,0
42,14,7,16,3,1,1,1,2,0,0,0,0,0,0,0,1
81,14,0,63,7,2,0,2,11,0,0,0,0,0,0,0,0
235,13,0,52,2,0,1,3,103,8,3,0,0,0,0,0,1
64,6,0,54,2,4,0,2,0,0,0,0,0,0,0,0,0
85,10,0,71,1,5,0,3,4,0,0,0,0,0,0,0,0
35,11,0,0,0,0,1,0,1,14,0,0,0,0,0,0,1
49,4,0,33,1,0,0,2,5,3,0,0,0,0,0,0,1
14,10,0,0,1,0,0,0,0,0,0,0,0,0,0,0,0
29,10,0,13,3,0,0,1,5,0,0,0,0,0,0,0,1
27,14,0,7,4,0,0,1,16,0,0,0,0,1,0,0,1
27,12,0,11,2,0,0,2,0,0,0,0,0,0,0,0,0
65,14,0,47,2,0,1,4,0,0,1,0,0,0,0,0,1
36,10,0,22,1,1,0,2,1,0,1,0,0,0,0,0,0
96,6,5,81,2,3,1,6,5,4,1,0,0,0,0,0,0
16,12,0,0,1,0,0,0,0,0,0,0,0,0,0,0,0
25,6,0,15,1,1,0,1,12,0,0,0,0,0,0,0,0
29,15,0,10,1,0,0,1,1,0,0,0,0,0,0,0,1
21,17,0,0,1,1,0,0,0,0,0,0,0,0,0,0,0
56,12,0,41,2,0,0,5,3,0,0,0,0,0,0,0,0
11,7,0,0,1,0,0,0,0,0,0,0,0,0,0,0,0
23,12,0,11,4,0,0,1,11,0,0,0,0,1,0,0,1
37,8,0,25,2,0,0,4,0,0,0,0,0,0,0,0,1
29,6,0,19,1,0,0,1,0,0,0,0,0,0,0,0,0
39,17,0,18,1,4,0,1,0,0,0,0,0,0,0,0,0
14,10,0,0,1,0,0,0,3,0,0,0,0,0,1,0,1
79,6,0,10,3,0,1,1,4,10,0,0,0,0,0,0,1
32,7,0,1,1,0,0,1,1,4,0,0,0,0,0,0,0
41,10,0,27,2,0,0,3,1,0,0,0,0,0,0,0,1
81,7,0,19,5,0,0,9,4,3,1,0,0,0,0,0,1
27,4,5,13,2,0,0,2,4,0,0,0,0,0,0,0,1
16,8,3,0,2,0,0,0,1,0,0,0,0,0,1,0,1
31,7,0,6,1,1,0,1,2,2,0,0,0,0,0,0,0
35,13,0,18,1,0,0,3,1,0,0,0,0,0,0,0,1
52,5,0,43,4,2,0,2,0,0,1,0,0,0,0,0,1
15,12,0,0,1,0,0,0,1,0,0,0,0,0,1,0,1
32,21,0,7,1,0,0,1,0,0,0,0,0,0,0,0,1
40,11,0,25,2,0,2,1,0,0,0,0,0,0,0,0,0
73,14,0,10,2,0,1,1,2,8,0,0,0,0,0,0,1
37,7,0,26,1,0,0,1,0,0,0,0,0,0,0,0,0
39,8,0,27,1,1,0,5,6,0,0,0,0,0,0,0,0
60,6,0,50,1,4,0,3,6,0,1,0,0,0,0,0,0
37,16,0,18,2,1,0,1,0,0,0,0,0,0,0,0,1
132,13,0,38,3,0,0,4,33,8,0,0,0,0,0,0,1
26,22,0,0,1,2,0,0,0,0,0,0,0,0,0,0,0
23,11,0,8,1,0,0,1,0,0,0,0,0,0,0,0,1
34,5,2,20,3,0,0,2,0,0,0,0,0,0,0,0,1
93,10,0,80,3,8,0,2,10,0,2,0,1,0,0,0,1
39,4,0,31,2,1,0,3,0,0,0,0,0,0,0,0,1
34,7,0,23,1,1,0,3,5,0,0,0,0,0,0,0,0
48,7,0,37,1,2,0,2,6,0,0,0,0,0,0,0,0
34,8,0,22,1,2,0,2,0,1,0,0,0,0,0,0,0
28,4,9,10,2,0,0,1,0,0,0,0,0,0,0,0,0
63,17,0,29,2,1,0,4,10,2,0,0,0,0,0,0,1
57,21,0,33,2,0,0,3,0,0,0,0,0,0,0,0,1
20,16,0,0,1,0,0,0,0,1,0,0,0,0,1,0,1
37,9,2,21,2,0,2,2,0,0,0,0,0,0,0,0,0
31,7,0,6,1,0,0,1,0,2,0,0,0,0,0,0,0
64,10,0,19,1,0,1,2,5,6,0,0,0,0,0,0,1
68,10,0,54,1,1,0,5,0,0,0,0,0,0,0,0,0
38,14,0,20,2,0,0,2,0,0,0,0,0,0,0,0,1
56,6,0,46,2,0,0,5,1,0,0,0,0,0,0,0,1
16,12,0,0,1,0,0,0,0,0,0,0,0,0,0,0,0
47,13,0,31,3,1,0,3,0,0,0,0,0,0,0,0,1
117,8,0,6,3,2,0,1,11,8,1,0,1,0,0,0,1
12,9,0,0,1,0,0,0,0,0,0,0,0,0,0,0,1
83,9,0,10,2,0,1,1,4,10,0,0,0,0,0,0,1
43,6,0,25,2,0,0,4,0,2,1,0,0,0,1,0,1
78,4,6,63,3,0,0,3,0,0,0,0,0,0,0,0,0
76,3,16,53,8,0,0,6,5,0,0,0,0,0,0,0,1
145,13,0,10,3,6,1,1,11,10,0,0,0,0,0,0,1
57,19,4,29,2,2,0,1,0,0,0,0,0,0,0,0,0
39,22,0,13,2,0,0,1,0,0,0,0,0,0,0,0,1
190,20,0,132,2,16,0,5,13,6,1,0,0,0,0,0,1
75,18,0,75,4,0,1,5,1,0,0,0,1,0,0,0,1
54,8,0,10,2,0,1,1,2,4,0,0,0,0,0,0,1
77,5,0,68,1,1,0,7,1,0,1,0,0,0,0,0,1
77,11,0,63,1,2,1,5,19,0,0,0,0,0,0,0,1
24,13,0,11,4,0,0,1,12,0,0,0,0,1,0,0,1
30,9,2,14,2,0,0,2,0,0,0,0,0,0,0,0,0
48,8,0,33,3,1,1,3,0,0,1,0,0,0,0,0,1
24,3,0,17,2,0,2,1,0,0,0,0,0,0,0,0,1
52,10,0,17,2,0,0,1,6,2,0,0,0,0,0,0,0
122,10,0,58,1,1,0,5,16,4,2,0,0,0,0,0,1
33,3,0,26,2,0,1,3,0,0,0,0,0,0,0,0,0
55,8,0,31,2,0,0,2,6,2,0,0,0,0,0,0,0
99,17,0,10,2,1,2,1,1,10,0,0,0,0,0,0,1
38,9,0,10,2,1,0,1,0,1,0,0,0,0,0,0,1
19,15,0,0,1,0,0,0,0,0,0,0,0,0,0,0,0
172,3,62,103,2,0,0,3,0,0,2,0,1,0,0,0,1
33,9,0,20,2,0,0,2,2,0,0,0,0,0,0,0,1
45,2,4,34,2,1,1,6,0,0,0,0,0,0,0,0,0
72,5,54,6,12,0,0,1,2,0,4,0,1,0,0,0,1
69,4,0,61,1,9,0,2,0,0,0,0,0,0,0,0,0
33,19,0,8,2,1,0,1,0,0,0,0,0,0,0,0,1
101,13,0,10,2,4,1,1,7,8,0,0,0,0,0,0,1
29,4,0,21,1,0,0,3,5,0,0,0,0,0,0,0,1
170,10,0,104,7,2,4,9,17,2,1,0,1,0,0,0,1
28,10,0,14,1,0,0,1,0,0,1,0,0,0,0,0,0
34,14,0,16,2,0,0,2,0,0,0,0,0,0,0,0,1
29,15,0,10,2,0,0,1,0,0,0,0,0,0,0,0,1
148,10,0,135,2,0,2,12,23,1,0,0,0,0,0,0,1
52,11,0,37,2,2,0,4,0,0,0,0,0,0,0,0,1
58,10,0,44,2,1,0,5,4,0,0,0,0,0,0,0,1
44,19,0,10,2,0,0,1,8,1,0,0,0,0,0,0,1
31,7,0,6,1,0,0,1,3,2,0,0,0,0,0,0,0
23,14,0,6,1,0,0,1,0,0,0,0,1,0,0,0,1
116,18,0,10,2,4,1,1,9,8,0,0,0,0,0,0,1
19,8,0,8,1,0,0,1,5,0,0,0,0,0,0,0,1
178,8,0,167,1,24,0,4,8,0,0,0,0,0,0,0,0
159,12,0,13,2,8,1,2,9,10,0,0,0,0,0,0,1
114,10,9,85,3,8,0,5,13,0,0,0,0,0,1,0,1
15,11,0,0,1,0,0,0,0,0,0,0,0,0,0,0,0
11,7,0,0,1,0,0,0,1,0,0,0,0,0,0,0,1
17,13,0,0,1,0,0,0,0,0,0,0,0,0,0,0,1
30,5,0,21,2,0,0,2,0,0,0,0,0,0,0,0,1
89,8,0,77,1,12,0,4,8,0,0,0,0,0,0,0,0
45,12,16,12,3,0,0,1,3,0,0,0,0,0,0,0,1
66,8,28,25,5,0,1,2,2,1,0,0,0,0,0,0,0
111,14,0,93,1,12,0,2,10,0,0,0,0,0,0,0,0
46,20,0,22,1,2,0,2,0,0,0,0,0,0,0,0,0
41,4,17,16,3,0,0,2,0,0,0,0,0,0,0,0,1
182,17,0,10,2,5,1,1,7,18,0,0,0,0,0,0,1
13,9,0,0,1,0,0,0,0,0,0,0,0,0,0,0,0
67,22,0,41,2,1,1,2,0,0,1,0,0,0,0,0,0
82,12,0,66,1,9,0,3,0,0,1,0,0,0,0,0,0
24,14,0,5,3,0,0,1,16,0,0,0,0,1,0,0,1
50,8,0,31,1,1,0,3,11,2,0,0,0,0,0,0,0
104,2,4,93,2,9,1,6,7,0,0,0,0,0,0,0,0
84,14,0,66,1,8,0,2,8,0,0,0,0,0,0,0,0
63,11,0,48,1,0,0,3,24,0,0,0,0,0,0,0,1
56,9,0,21,3,1,0,7,0,1,1,0,1,0,0,0,1
21,17,0,0,1,1,0,0,0,0,0,0,0,0,0,0,1
42,25,0,11,3,0,0,1,0,0,0,0,0,0,0,0,1
27,9,0,14,2,0,0,1,0,0,0,0,0,0,0,0,1
33,5,0,24,1,1,0,3,5,0,0,0,0,0,0,0,0
21,4,0,14,2,0,0,2,2,0,0,0,0,0,0,0,0
34,10,0,20,2,0,0,2,0,0,0,0,0,0,0,0,1
192,13,0,10,2,0,1,1,17,7,0,0,0,0,0,0,1
94,13,50,21,8,1,0,4,0,0,0,0,1,0,0,0,1
60,6,6,43,4,0,0,3,0,0,1,0,0,0,0,0,0
225,7,0,215,1,7,0,3,31,64,0,0,0,0,0,0,0
70,9,7,49,2,5,0,3,1,0,1,0,0,0,0,0,1
41,12,0,25,2,0,0,2,8,0,0,0,0,0,0,0,1
34,14,0,16,2,0,0,2,0,0,1,0,0,0,0,0,1
22,9,0,9,1,0,0,1,0,0,0,0,0,0,0,0,1
26,13,0,7,4,0,0,1,15,0,0,0,0,1,0,0,1
47,12,0,21,2,0,0,2,6,2,0,0,0,0,0,0,0
37,10,4,19,3,0,0,3,2,0,0,0,0,0,0,0,1
32,6,0,23,1,1,0,2,0,0,0,0,0,0,0,0,1
23,7,0,8,2,0,0,1,4,0,0,0,0,0,0,0,1
38,7,0,27,1,0,1,4,0,0,0,0,0,0,0,0,1
36,8,0,24,2,0,0,2,4,0,0,0,0,0,0,0,1
92,29,0,10,2,1,1,1,3,8,0,0,0,0,0,0,1
50,8,0,38,1,0,0,6,5,0,0,0,0,0,0,0,0
85,7,0,17,2,0,1,2,6,10,0,0,0,0,0,0,1
31,7,0,6,1,0,0,1,2,2,0,0,0,0,0,0,0
36,13,0,19,1,2,0,1,0,0,0,0,0,0,0,0,1
29,5,9,11,3,2,0,1,0,0,0,0,0,0,0,0,1
34,14,0,1,1,2,0,1,0,1,0,0,0,0,0,0,1
28,5,5,14,3,0,1,1,0,0,0,0,0,0,0,0,1
541,11,0,35,3,1,0,4,131,2,0,0,1,0,0,0,1
16,12,0,0,1,1,0,0,0,0,0,0,0,0,0,0,1
158,15,0,96,6,2,3,8,7,2,1,0,1,0,0,0,1
82,17,0,62,1,5,0,3,2,0,0,0,0,0,0,0,1
12,8,0,0,1,0,0,0,0,0,0,0,0,0,0,0,1
121,11,0,10,4,0,4,1,3,10,0,0,0,0,0,0,1
26,4,0,18,1,0,0,2,7,0,0,0,0,0,0,0,0
35,18,0,13,2,0,0,2,0,0,0,0,0,0,0,0,1
43,12,0,27,2,0,0,1,4,0,0,0,0,0,0,0,0
57,16,0,37,2,2,0,3,0,0,0,0,0,0,0,0,0
18,9,0,6,2,1,0,1,0,0,0,0,0,0,0,0,1
19,8,7,0,2,1,0,0,0,0,0,0,0,0,0,0,1
40,15,0,21,2,0,0,4,0,0,0,0,0,0,0,0,1
118,16,0,98,2,4,0,10,1,0,0,0,0,0,0,0,1
31,7,0,6,1,0,0,1,3,2,0,0,0,0,0,0,0
158,15,0,10,2,2,1,1,8,20,0,0,0,0,0,0,1
59,14,20,20,3,2,0,2,0,0,0,0,0,0,0,0,1
75,12,0,10,2,0,1,1,5,8,0,0,0,0,0,0,1
16,12,0,0,1,0,0,0,0,0,0,0,0,0,0,0,1
124,10,0,10,2,2,1,1,13,12,0,0,0,0,0,0,1
45,14,0,23,2,0,0,2,0,2,0,0,0,0,0,0,1
21,17,0,0,1,0,0,0,0,0,0,0,0,0,0,0,1
54,14,0,40,3,0,0,2,31,0,0,0,0,1,0,0,1
31,10,5,12,3,1,0,1,1,0,0,0,0,0,1,0,1
96,7,0,5,2,0,1,1,11,13,0,0,1,0,0,0,0
39,20,0,15,2,0,0,1,0,0,0,0,0,0,0,0,0
20,7,0,9,2,0,0,1,0,0,0,0,0,0,0,0,1
46,25,0,17,1,0,0,3,3,0,0,0,0,0,0,0,1
48,12,0,33,4,0,0,5,2,0,0,0,1,0,0,0,1
39,8,0,27,1,0,0,3,15,0,0,0,0,0,0,0,0
49,14,3,27,2,0,0,6,7,0,0,0,0,0,0,0,0
23,14,0,6,1,0,0,1,0,0,0,0,1,0,0,0,1
166,7,0,155,3,5,3,13,0,2,5,0,1,0,0,0,0
25,13,0,7,2,0,0,1,2,0,0,0,0,0,0,0,1
162,13,0,10,2,1,1,1,7,20,0,0,0,0,0,0,1
42,6,0,32,1,2,0,3,6,0,1,0,0,0,0,0,0
37,8,0,25,2,0,0,3,1,0,0,0,0,0,0,0,1
18,9,0,6,1,0,0,1,0,0,0,0,1,0,0,0,1
114,14,0,10,2,2,1,1,5,10,0,0,0,0,0,0,1
15,3,8,0,2,0,0,0,2,0,0,0,0,0,0,0,0
72,12,0,50,1,0,5,3,0,2,0,0,0,0,0,0,0
19,15,0,0,1,0,0,0,0,0,0,0,0,0,0,0,1
99,12,0,10,2,0,1,1,10,14,0,0,0,0,0,0,1
27,9,0,15,2,0,0,2,1,0,0,0,0,0,0,0,1
80,6,0,70,1,4,2,6,4,0,0,0,0,0,0,0,0
18,14,0,0,1,0,0,0,0,0,0,0,0,0,0,0,0
34,9,0,22,2,1,0,2,0,0,0,0,0,0,0,0,1
101,11,0,58,2,4,0,4,5,6,1,0,0,0,0,0,1
43,15,0,24,1,0,0,4,8,0,0,0,0,0,0,0,1
122,13,0,10,2,0,1,1,6,12,0,0,0,0,0,0,1
40,7,7,21,4,0,0,2,0,1,0,0,0,0,0,0,1
33,9,0,20,2,0,0,2,1,0,0,0,0,0,0,0,1
93,6,0,19,3,0,1,6,15,11,0,0,0,0,0,0,0
71,16,0,51,1,6,0,2,0,0,1,0,0,0,0,0,0
26,9,0,13,2,0,0,1,1,0,0,0,0,0,0,0,0
45,2,11,16,3,0,0,3,7,2,0,0,0,0,0,0,0
48,7,0,37,1,3,0,2,0,0,0,0,0,0,0,0,0
28,22,0,0,2,0,0,0,0,0,0,0,0,0,0,0,0
32,9,0,8,5,0,0,2,0,1,0,0,0,0,0,0,0
38,9,0,17,2,0,1,1,0,2,0,0,0,0,0,0,1
42,3,3,15,5,1,0,1,7,1,1,0,0,0,0,0,1
26,13,0,1,1,0,0,1,3,2,0,0,0,0,0,0,0
118,4,0,10,2,0,1,1,7,16,0,0,0,0,0,0,1
124,18,0,10,3,1,1,1,7,12,0,0,0,0,0,0,1
110,10,0,19,4,0,0,6,4,10,2,0,1,0,0,0,1
106,5,0,10,2,10,1,1,33,8,0,0,0,0,0,0,1
32,17,0,11,1,0,0,1,4,0,0,0,0,0,0,0,1
47,6,0,37,1,4,0,2,5,0,0,0,0,0,0,0,0
54,17,0,33,1,0,3,2,0,0,0,0,0,0,0,0,0
26,16,0,6,1,0,0,1,0,0,0,0,0,0,0,0,1
68,11,0,53,2,0,3,4,0,0,0,0,0,0,0,0,0
60,3,5,47,3,0,1,6,8,0,0,0,0,0,0,0,0
146,11,0,28,3,0,0,3,16,4,0,0,0,0,0,0,1
26,6,5,10,2,0,0,1,0,0,0,0,0,0,0,0,1
37,9,2,21,2,0,1,2,0,0,0,0,0,0,0,0,0
65,13,0,48,2,6,0,3,7,0,0,0,0,0,0,0,0
23,9,0,11,2,0,0,1,1,0,0,0,0,0,0,0,1
110,3,0,103,1,17,0,3,5,0,0,0,0,0,0,0,0
114,8,0,20,5,1,0,12,10,6,1,0,1,0,0,0,1
60,8,15,32,3,3,0,3,0,1,0,0,0,0,0,0,1
62,20,7,30,3,0,0,1,9,0,0,0,0,0,0,0,1
39,5,6,23,2,0,0,2,0,0,0,0,0,0,0,0,1
34,14,0,16,1,0,0,2,4,0,0,0,0,0,0,0,1
17,6,0,7,1,0,0,1,2,0,0,0,0,0,0,0,1
24,12,0,9,1,0,0,1,2,0,0,0,0,0,0,0,1
46,6,0,33,2,2,0,2,0,0,0,0,0,0,0,0,1
43,11,8,19,3,0,0,2,0,0,0,0,0,0,0,0,0
223,11,0,10,2,13,1,1,25,20,0,0,0,0,0,0,1
39,8,0,12,2,0,0,1,5,2,0,0,0,0,0,0,0
41,16,0,13,2,0,0,1,4,2,0,0,0,0,0,0,0
47,12,0,32,2,0,1,3,0,0,0,0,0,0,0,0,1
30,27,0,0,1,0,0,0,0,0,0,0,0,0,0,0,1
39,8,0,27,1,1,0,5,6,0,0,0,0,0,0,0,0
31,5,0,22,1,0,0,2,0,0,0,0,0,0,0,0,1
35,12,0,19,2,0,0,1,2,1,0,0,0,0,0,0,0
96,17,0,75,2,8,1,2,14,0,0,0,0,0,0,0,0
67,6,0,57,1,4,0,6,8,0,0,0,0,0,0,0,0
14,7,0,4,1,0,0,1,0,0,0,0,0,0,0,0,1
18,3,0,12,1,0,0,1,0,0,0,0,0,0,0,0,0
42,3,0,35,2,0,1,3,4,1,0,0,0,0,0,0,1
43,10,0,29,2,1,0,3,0,0,0,0,0,0,0,0,1
85,10,0,71,1,4,2,4,8,0,0,0,0,0,0,0,0
64,9,0,51,2,4,0,3,7,0,0,0,0,0,0,0,0
37,9,0,24,1,1,0,2,0,0,0,0,0,0,0,0,1
68,13,0,51,2,6,0,3,10,0,0,0,0,0,0,0,0
42,10,0,28,1,1,0,3,0,0,0,0,0,0,0,0,1
57,10,0,10,3,0,1,1,0,4,0,0,0,0,0,0,1
21,8,8,0,2,0,0,0,8,0,0,0,0,0,0,0,0
106,10,0,42,1,0,0,3,27,2,0,1,0,0,0,0,1
31,7,0,6,1,0,0,1,0,2,0,0,0,0,0,0,0
47,17,0,26,1,0,0,2,3,0,0,0,0,0,0,0,1
33,6,7,16,3,0,0,2,0,0,0,0,0,0,0,0,1
125,17,0,10,2,0,5,1,9,14,0,0,0,0,0,0,1
66,17,0,45,1,0,0,3,22,0,0,0,0,0,0,0,1
74,8,0,62,1,0,0,3,8,1,0,0,0,0,0,0,0
76,11,0,13,2,0,1,2,5,8,0,0,0,0,0,0,1
40,9,8,18,3,0,0,2,1,0,0,0,0,0,0,0,0
166,7,0,155,3,5,3,13,0,2,5,0,1,0,0,0,0
142,15,42,80,8,0,0,7,20,0,1,0,0,0,0,0,1
52,5,0,44,1,1,0,5,0,0,0,0,0,0,0,0,1
81,6,0,68,2,0,0,14,5,0,0,0,0,0,0,0,0
47,9,2,31,2,0,3,2,3,2,0,0,0,0,0,0,0
60,9,2,44,2,0,6,2,0,0,0,0,0,0,0,0,0
111,7,0,25,2,0,1,2,30,2,0,0,0,0,0,0,0
115,8,4,20,9,0,0,3,10,10,0,0,1,0,0,0,1
68,6,0,58,1,4,0,3,5,0,1,0,0,0,0,0,0
97,10,0,10,3,1,1,1,6,10,0,0,0,0,0,0,1
15,9,0,0,2,0,0,0,0,0,0,0,0,0,0,0,1
75,18,0,75,4,0,1,5,1,0,0,0,1,0,0,0,1
26,5,0,9,2,0,0,1,4,2,0,0,0,0,0,0,1
66,17,0,45,2,0,5,2,4,0,0,0,0,0,0,0,0
138,16,10,102,3,9,0,7,13,0,0,0,0,0,0,0,1
125,14,0,14,2,3,1,2,10,12,0,0,0,0,0,0,1
71,10,0,10,2,1,1,1,4,8,0,0,0,0,0,0,1
59,6,8,41,4,0,1,5,10,0,0,0,0,0,0,0,1
44,17,0,23,2,1,0,1,0,0,0,0,0,0,0,0,1
38,9,0,25,2,3,0,2,1,0,0,0,0,0,0,0,0
43,8,0,31,2,0,0,4,0,0,0,0,0,0,0,0,0
90,7,0,77,6,0,0,8,0,0,0,0,1,0,0,0,1
64,4,9,46,4,0,4,4,2,0,0,0,0,0,0,0,0
43,12,0,27,1,0,1,3,5,0,3,0,0,0,0,0,1
244,12,0,41,9,0,1,9,8,27,1,0,1,0,0,0,1
79,18,0,10,2,0,1,1,3,8,0,0,0,0,0,0,1
39,5,0,30,1,0,0,2,0,2,0,0,0,0,0,0,0
44,12,0,28,2,1,0,3,0,0,0,0,0,0,0,0,1
33,30,0,0,1,2,0,0,0,0,1,0,0,0,1,0,1
87,10,0,10,3,1,2,1,3,8,0,0,0,0,0,0,1
63,12,0,47,2,0,2,4,0,0,0,0,0,0,0,0,1
49,5,0,41,1,2,0,4,2,0,0,0,0,0,0,0,1
74,15,0,55,1,5,0,3,2,0,0,0,0,0,0,0,1
39,9,2,23,3,0,0,2,0,0,0,0,0,0,0,0,1
42,7,0,31,1,4,0,1,0,0,0,0,0,0,0,0,0
64,11,0,50,1,1,1,3,17,0,1,0,0,0,0,0,1
58,7,0,47,1,0,4,3,7,0,0,0,0,0,0,0,0
141,6,0,117,1,13,0,2,8,3,0,1,0,0,0,0,0
117,5,16,47,8,0,0,7,1,11,2,0,1,0,0,0,1
36,8,0,24,2,0,0,2,4,0,0,0,0,0,0,0,1
42,7,0,31,1,3,0,2,4,0,0,0,0,0,0,0,0
24,12,0,8,1,1,0,1,0,0,0,0,0,0,0,0,1
63,12,0,44,3,5,0,3,11,0,0,0,0,0,0,0,1
47,9,0,34,2,0,0,3,1,0,0,0,0,0,0,0,1
245,11,0,37,8,0,1,10,10,28,1,0,1,0,0,0,1
170,10,0,104,7,2,4,9,17,2,1,0,1,0,0,0,1
68,7,0,10,2,0,1,1,3,8,0,0,0,0,0,0,1
166,7,0,155,3,5,3,13,0,2,5,0,1,0,0,0,0
93,13,0,10,2,2,1,1,3,10,0,0,0,0,0,0,1
27,11,0,12,2,0,0,1,0,0,0,0,0,0,0,0,0
32,5,0,23,2,0,0,2,0,0,0,0,0,0,0,0,1
33,29,0,0,1,0,0,0,0,0,0,0,0,0,0,0,1
63,13,0,32,3,1,0,4,0,2,0,0,0,0,0,0,1
63,23,0,37,1,4,0,2,0,0,0,0,0,0,0,0,1
45,9,0,32,2,1,0,4,0,0,0,0,0,0,0,0,1
70,12,0,54,1,6,0,4,8,0,0,0,0,0,0,0,0
24,7,0,13,2,0,0,2,2,0,0,0,0,0,0,0,1
48,9,0,35,1,1,3,2,0,0,0,0,0,0,0,0,0
34,16,0,14,1,1,0,1,4,0,0,0,0,0,0,0,1
81,7,0,70,2,0,1,3,4,0,0,0,0,0,0,0,0
25,10,0,12,1,0,0,1,0,0,0,0,0,0,0,0,1
154,8,0,4,2,2,3,1,28,12,0,0,0,0,0,0,0
31,10,0,17,1,0,0,3,2,0,0,0,0,0,0,0,0
24,15,0,5,1,0,0,1,0,0,0,0,0,0,0,0,1
89,9,6,69,5,4,0,2,4,1,0,0,0,0,0,0,1
47,20,0,23,2,0,0,3,0,0,0,0,0,0,0,0,1
37,9,0,25,1,3,0,2,5,0,0,0,0,0,0,0,1
64,4,0,55,1,0,0,1,24,18,0,0,0,0,1,0,1
94,14,0,76,1,8,0,2,7,0,0,0,0,0,0,0,0
19,15,0,0,1,0,0,0,0,0,0,0,0,0,0,0,1
57,9,0,44,1,0,0,3,22,0,0,0,0,0,0,0,1
55,5,8,37,2,1,3,2,0,2,0,0,0,0,0,0,0
37,9,0,24,1,2,0,3,1,0,0,0,0,0,0,0,0
13,13,0,0,3,0,0,0,10,0,0,0,0,1,0,0,1
28,12,0,16,4,0,0,2,10,0,0,0,0,1,0,0,1
99,8,14,27,6,0,1,5,26,4,2,0,0,0,0,0,0
26,9,0,14,2,0,0,2,0,0,0,0,0,0,0,0,1
100,8,0,88,1,7,0,3,6,0,0,0,0,0,0,0,0
37,13,0,24,4,0,0,2,10,0,0,0,0,1,0,0,1
96,10,0,82,1,2,0,8,19,0,0,0,0,0,0,0,1
117,5,16,47,8,0,0,7,1,11,2,0,1,0,0,0,1
31,4,18,8,1,2,0,1,0,1,0,0,0,0,0,0,1
37,4,0,29,1,0,0,4,0,0,0,0,0,0,0,0,0
16,12,0,0,1,0,0,0,0,0,0,0,0,0,0,0,1
117,13,4,10,6,1,0,1,6,19,2,0,1,0,1,0,0
167,13,0,24,1,0,0,4,19,5,1,0,0,0,0,0,1
21,9,0,8,2,0,0,1,0,0,0,0,0,0,0,0,1
79,6,0,10,3,0,1,1,4,10,0,0,0,0,0,0,1
22,14,0,8,4,0,0,1,11,0,0,0,0,1,0,0,1
37,10,0,23,1,1,0,2,0,0,0,0,0,0,0,0,0
27,14,0,7,4,0,0,1,16,0,0,0,0,1,0,0,1
73,7,0,59,2,7,0,4,8,0,0,0,0,0,0,0,0
26,5,0,18,2,0,0,2,7,0,0,0,0,0,0,0,1
37,9,6,17,2,0,1,1,0,0,0,0,0,0,0,0,0
57,5,5,42,2,5,0,1,8,0,0,0,0,0,0,0,0
29,10,0,15,2,0,0,3,1,0,0,0,0,0,0,0,1
23,19,0,0,1,0,0,0,0,0,0,0,0,0,0,0,0
32,3,2,22,3,0,0,2,3,1,0,0,0,0,0,0,1
32,18,0,11,2,0,0,1,0,0,0,0,0,0,0,0,1
100,17,0,30,2,0,0,3,2,6,0,0,0,0,0,0,1
62,18,0,40,1,3,0,3,9,0,0,0,0,0,0,0,0
50,9,0,34,5,0,0,3,3,0,1,0,0,0,0,0,1
111,12,0,95,1,15,0,2,7,0,1,0,0,0,0,0,0
41,16,0,21,1,1,0,3,5,0,0,0,0,0,0,0,1
15,12,0,0,1,0,0,0,0,0,0,0,0,0,0,0,0
54,12,0,39,1,3,0,3,3,0,0,0,0,0,0,0,1
30,15,0,11,2,0,0,1,0,0,0,0,0,0,0,0,0
40,10,11,15,3,0,1,1,2,0,0,0,0,0,0,0,1
21,8,0,9,1,0,0,1,0,0,0,0,0,0,0,0,1
55,8,0,43,1,1,0,3,17,2,0,0,0,0,0,0,0
63,8,0,49,2,4,0,5,6,0,0,0,0,0,0,0,0
25,4,5,11,2,0,0,2,2,0,0,0,0,0,0,0,1
72,12,0,33,3,1,0,4,0,3,1,1,0,0,0,0,1
222,7,12,88,4,3,2,8,45,8,1,0,0,0,0,0,1
52,18,0,30,1,0,1,3,0,0,0,0,0,0,0,0,0
43,10,0,29,1,0,2,3,1,0,0,0,0,0,0,0,0
50,18,0,28,3,0,0,2,0,0,0,0,0,0,0,0,0
34,8,0,22,2,0,0,3,3,0,0,0,0,0,0,0,1
68,10,0,55,1,3,0,3,0,0,0,0,0,0,0,0,1
29,10,0,16,2,0,0,2,0,0,0,0,0,0,0,0,1
19,15,0,0,1,0,0,0,0,0,0,0,0,0,0,0,1
175,14,0,10,2,5,1,1,7,18,0,0,0,0,0,0,1
121,9,0,18,2,0,2,1,35,20,0,0,0,0,0,0,1
80,11,0,65,1,0,0,10,20,0,0,0,0,0,0,0,0
37,4,0,29,1,0,0,4,0,0,0,0,0,0,0,0,0
133,12,3,113,2,11,0,6,8,0,0,0,0,0,0,0,0
105,9,0,45,4,1,0,6,5,2,0,0,1,0,0,0,1
34,10,0,20,1,2,0,1,0,0,0,0,0,0,0,0,0
25,8,0,13,1,0,0,2,1,0,0,0,0,0,0,0,1
117,10,0,103,3,0,2,10,25,1,0,0,0,0,0,0,1
19,15,0,0,1,0,0,0,0,0,0,0,0,0,0,0,0
14,10,0,0,1,0,0,0,0,0,0,0,0,0,0,0,0
22,13,4,0,2,0,0,0,0,0,0,0,0,0,0,0,1
39,10,0,25,2,0,0,2,0,0,0,0,0,0,0,0,0
52,14,0,11,3,0,0,1,5,4,0,0,0,0,0,0,1
35,13,17,0,2,1,0,0,3,0,0,0,0,0,0,0,1
60,5,6,24,2,0,0,3,0,4,0,0,0,0,0,0,0
103,11,0,88,1,11,0,5,17,0,0,0,0,0,0,0,0
101,9,0,88,1,0,0,1,10,0,0,0,0,0,1,0,1
40,18,0,19,2,0,0,2,0,0,0,0,0,0,0,0,1
37,6,0,27,1,1,0,3,4,0,1,0,0,0,0,0,0
21,6,0,11,2,0,0,1,0,0,0,0,0,0,0,0,1
44,11,0,29,2,0,0,3,0,0,0,0,0,0,0,0,0
42,10,0,16,2,0,1,1,2,2,0,0,0,0,0,0,0
72,13,0,10,2,0,1,1,2,6,0,0,0,0,0,0,1
34,10,0,20,1,0,0,3,1,0,0,0,0,0,0,0,1
15,11,0,0,1,0,0,0,0,0,0,0,0,0,0,0,1
162,12,17,128,4,0,0,2,16,0,1,0,0,0,0,0,1
38,13,0,21,1,0,4,1,0,0,0,0,0,0,0,0,0
34,21,0,9,1,0,0,2,0,0,0,0,0,0,0,0,1
110,19,0,68,1,7,0,3,2,4,0,0,0,0,0,0,1
197,17,0,176,3,1,1,12,32,10,0,0,0,0,0,0,1
46,4,0,39,2,0,3,4,8,0,0,0,0,0,0,0,0
22,3,0,15,2,0,0,2,1,0,0,0,0,0,0,0,1
60,2,7,46,3,4,0,2,0,0,0,0,0,0,0,0,0
53,8,0,42,2,0,0,4,0,0,0,0,0,0,0,0,1
10,6,0,0,1,0,0,0,3,0,0,0,0,0,0,0,1
79,15,0,10,3,0,1,1,3,8,0,0,0,0,0,0,1
80,11,0,65,1,0,0,10,20,0,0,0,0,0,0,0,0
39,9,2,23,2,0,2,1,0,0,0,0,0,0,0,0,0
19,11,0,8,4,0,0,1,8,0,0,0,0,1,0,0,1
20,8,7,0,2,0,0,0,0,0,0,0,0,0,0,0,0
21,7,0,10,1,1,0,1,0,0,0,0,0,0,0,0,1
72,19,0,47,3,6,0,3,2,0,0,0,0,0,0,0,1
47,4,0,39,3,3,0,2,6,0,0,0,0,0,0,0,0
24,7,12,0,2,2,0,0,0,0,0,0,0,0,0,0,1
29,13,0,12,2,0,0,2,0,0,0,0,0,0,0,0,1
21,16,0,0,1,0,0,0,0,1,0,0,0,0,0,0,1
79,5,0,70,1,0,0,3,25,20,0,0,0,0,0,0,0
98,13,0,10,2,0,1,1,6,12,0,0,0,0,0,0,1
53,9,4,35,3,0,0,2,0,1,0,0,0,0,0,0,0
32,7,0,1,1,0,0,1,1,3,0,0,0,0,0,0,0
57,10,39,0,7,2,0,0,14,0,1,0,0,0,0,0,1
117,5,16,47,8,0,0,7,1,11,2,0,1,0,0,0,1
24,8,0,12,1,0,0,2,5,0,0,0,0,0,0,0,1
96,6,0,10,3,0,4,2,2,8,0,0,0,0,0,0,1
73,13,0,53,3,4,0,4,1,0,0,0,0,0,0,0,1
87,12,0,53,6,1,1,3,0,3,2,0,0,0,0,0,0
49,16,0,21,2,2,0,2,2,2,0,0,0,0,0,0,1
87,7,0,35,2,1,3,4,1,2,0,0,0,0,0,0,1
58,5,0,49,1,0,5,3,4,0,0,0,0,0,0,0,0
18,8,0,6,1,0,0,1,2,0,0,0,0,0,0,0,1
202,12,119,66,13,3,6,4,42,0,3,0,0,0,0,0,0
25,10,0,11,1,0,0,1,0,0,0,0,0,0,0,0,1
80,11,0,65,1,0,0,10,20,0,0,0,0,0,0,0,0
15,3,11,0,1,0,0,0,0,0,0,0,0,0,0,0,1
244,5,5,12,12,0,0,2,55,25,1,0,1,0,0,0,1
27,4,5,13,2,0,0,2,4,0,0,0,0,0,0,0,1
171,18,0,29,5,0,0,3,57,26,0,0,0,0,0,0,1
33,14,0,16,2,1,0,2,1,0,0,0,0,0,0,0,1
31,7,0,6,1,0,0,1,1,2,0,0,0,0,0,0,0
24,10,0,10,2,0,0,1,0,0,0,0,0,0,0,0,0
12,8,0,0,1,0,0,0,0,0,0,0,0,0,0,0,1
95,14,0,32,2,1,1,3,4,8,0,0,0,0,0,0,1
15,2,9,0,2,0,0,0,0,0,0,0,0,0,0,0,1
49,19,0,26,1,0,2,3,5,0,0,0,0,0,0,0,0
98,4,0,90,1,13,0,3,7,0,0,0,0,0,0,0,0
61,24,0,33,2,4,0,1,0,0,0,0,0,0,0,0,0
29,4,20,0,2,0,0,0,1,0,0,0,0,0,0,0,0
58,14,0,41,2,0,0,1,5,0,0,0,0,0,0,0,1
22,19,0,0,1,0,0,0,0,0,0,0,0,0,0,0,1
41,6,0,31,1,0,1,2,0,0,0,0,0,0,0,0,0
61,8,7,42,3,3,0,3,16,0,0,0,0,0,0,0,1
127,12,110,0,12,0,0,0,33,0,2,0,0,0,0,0,0
98,14,0,10,2,0,2,1,4,10,0,0,0,0,0,0,1
36,3,16,12,2,0,0,1,2,0,0,0,0,0,0,0,1
87,8,0,20,5,1,0,8,2,6,1,0,0,0,0,0,1
123,4,35,4,4,1,1,2,29,4,0,0,1,0,0,0,0
39,8,0,27,1,1,0,5,7,0,0,0,0,0,0,0,0
37,14,0,19,2,0,1,1,0,0,0,0,0,0,1,0,1
73,8,0,10,2,0,1,1,5,8,0,0,0,0,0,0,1
541,11,0,35,3,1,0,4,131,2,0,0,1,0,0,0,1
88,16,0,10,2,0,1,1,7,10,0,0,0,0,0,0,1
19,4,0,11,2,0,0,1,0,0,0,0,0,0,0,0,1
165,8,0,10,3,9,1,1,5,8,0,0,0,0,0,0,1
13,9,0,0,1,0,0,0,4,0,0,0,0,0,0,0,1
37,5,0,28,4,0,0,2,0,0,0,0,0,0,0,0,0
96,6,3,82,3,2,4,5,20,0,0,0,0,0,0,0,1
29,3,12,9,3,0,0,1,3,0,0,0,0,0,0,0,1
43,11,0,28,1,0,0,5,2,0,0,0,0,0,0,0,1
35,13,0,18,1,0,1,2,0,0,0,0,0,0,0,0,1
109,8,0,10,2,0,1,1,4,14,0,0,0,0,0,0,1
23,9,0,10,1,0,0,1,0,0,0,0,0,0,0,0,0
87,8,0,10,4,0,2,1,3,8,0,0,0,0,0,0,1
43,5,0,34,1,3,0,3,1,0,0,0,0,0,0,0,0
41,8,0,29,1,2,0,3,0,0,0,0,0,0,0,0,0
33,7,8,13,2,0,0,1,0,0,0,0,0,0,0,0,1
21,17,0,0,1,1,0,0,0,0,0,0,0,0,0,0,1
40,7,0,29,2,1,0,3,9,0,1,0,0,0,0,0,1
23,19,0,0,1,0,0,0,0,0,0,0,0,0,0,0,0
17,13,0,0,1,0,0,0,0,0,0,0,0,0,0,0,0
68,20,0,42,2,4,0,3,3,0,0,0,0,0,0,0,1
28,8,0,17,1,1,0,3,1,0,0,0,0,0,0,0,1
158,15,0,96,6,2,3,8,7,2,1,0,1,0,0,0,1
223,19,98,102,11,1,1,1,95,3,2,0,0,0,0,0,0
18,14,0,0,1,0,0,0,1,0,0,0,0,0,0,0,1
85,26,0,52,3,2,1,4,0,0,1,0,0,0,0,0,1
105,8,0,93,1,13,0,2,0,0,0,0,0,0,0,0,0
25,10,0,11,2,0,0,1,0,0,0,0,0,0,0,0,1
24,4,0,17,1,0,0,2,0,0,0,0,0,0,0,0,1
17,13,0,0,1,0,0,0,0,0,0,0,0,0,0,0,0
72,6,0,10,2,0,1,1,5,8,0,0,0,0,0,0,1
39,5,0,30,2,0,0,4,0,0,0,0,0,0,0,0,1
39,19,12,0,3,0,0,0,0,0,1,0,0,0,0,0,1
78,20,0,55,1,5,0,4,3,0,0,0,0,0,0,0,1
25,12,0,7,4,0,0,1,14,0,0,0,0,1,0,0,1
35,10,0,21,2,0,0,3,0,0,0,0,0,0,0,0,1
146,5,16,20,7,1,0,5,1,20,2,0,1,0,0,0,0
36,8,0,25,1,0,0,5,12,0,0,0,0,0,0,0,0
52,11,0,37,1,0,0,2,23,0,0,0,0,0,0,0,1
69,12,0,28,4,1,2,2,1,4,0,0,0,0,0,0,1
37,13,0,20,1,1,0,2,0,0,0,0,0,0,0,0,0
28,16,0,8,1,0,0,1,2,0,0,0,0,0,0,0,1
13,9,0,0,1,0,0,0,0,0,0,0,0,0,0,0,1
35,11,0,20,2,0,0,3,4,0,0,0,0,0,0,0,1
85,3,0,79,1,6,0,5,1,0,0,0,0,0,0,0,0
208,19,2,1,2,2,2,1,19,2,0,0,0,0,0,0,1
37,15,0,18,2,0,0,2,0,0,0,0,0,0,0,0,1
116,4,4,4,6,1,0,5,10,21,1,0,0,0,0,0,0
108,17,0,72,1,9,0,1,11,11,0,0,0,0,0,0,0
27,14,0,7,4,0,0,1,16,0,0,0,0,1,0,0,1
22,10,0,8,1,0,0,1,0,0,0,0,0,0,0,0,1
124,25,0,92,2,9,0,4,2,0,0,0,0,0,0,0,1
215,6,8,196,5,7,7,11,10,0,2,0,0,0,0,0,1
15,11,0,0,1,0,0,0,0,0,0,0,0,0,0,0,1
99,7,0,24,6,0,0,12,1,3,1,0,0,0,0,0,1
45,12,0,12,1,0,0,1,2,2,0,0,0,0,0,0,1
34,5,0,25,2,0,0,3,6,0,0,0,0,0,0,0,1
112,11,0,97,1,12,0,4,8,0,0,0,0,0,0,0,0
232,7,0,205,1,2,1,5,4,29,0,0,0,0,0,0,0
32,4,0,25,1,0,0,4,0,0,0,0,0,0,0,0,1
18,9,0,6,1,0,0,1,0,0,0,0,1,0,0,0,1
200,8,0,10,2,0,1,1,23,7,0,0,0,0,0,0,1
45,22,0,19,1,2,0,3,0,0,0,0,0,0,0,0,1
229,18,0,121,2,0,1,7,50,6,1,0,0,0,0,0,1
44,8,0,32,1,1,0,3,10,0,0,0,0,0,0,0,0
44,9,0,31,1,0,1,3,7,0,0,0,0,0,0,0,0
132,10,0,10,5,0,4,1,4,12,0,0,0,0,0,0,1
49,10,0,35,2,0,1,3,3,0,1,0,0,0,0,0,1
42,8,0,31,1,1,0,3,2,0,0,0,0,0,0,0,1
43,14,0,26,2,0,0,2,0,0,0,0,0,0,0,0,1
46,5,0,37,1,0,0,3,0,1,0,0,0,0,0,0,1
10,7,0,0,1,0,0,0,0,0,0,0,0,0,0,0,1
99,6,0,89,1,12,0,2,7,0,0,0,0,0,0,0,0
31,8,18,0,2,0,0,0,0,0,0,0,0,0,0,0,0
18,14,0,0,1,0,0,0,0,0,0,0,0,0,0,0,0
117,5,16,47,8,0,0,7,1,11,2,0,1,0,0,0,1
78,5,0,10,2,1,2,1,9,10,0,0,0,0,0,0,1
29,13,0,16,4,0,0,2,12,0,0,0,0,1,0,0,1
48,6,0,14,3,0,0,2,0,3,0,1,0,0,0,0,1
46,6,4,31,3,0,0,3,1,3,0,0,0,0,0,0,1
23,19,0,0,1,1,0,0,0,0,0,0,0,0,0,0,0
29,10,0,15,2,0,0,2,2,0,0,0,0,0,0,0,1
27,16,0,7,1,0,0,1,0,0,1,0,0,0,0,0,0
12,8,0,0,1,0,0,0,0,0,0,0,0,0,0,0,1
25,12,0,7,4,0,0,1,14,0,0,0,0,1,0,0,1
104,8,0,93,3,1,9,4,2,0,0,0,0,0,0,0,0
100,5,4,86,8,0,0,5,15,0,0,0,1,1,0,0,1
76,14,0,58,6,2,0,2,10,0,0,0,0,0,0,0,0
21,5,0,12,2,0,0,1,0,0,0,0,0,0,0,0,0
50,12,0,34,2,1,0,3,0,0,0,0,0,0,0,0,0
45,12,0,29,2,0,0,3,0,0,0,0,1,0,0,0,1
66,5,0,10,2,0,1,1,4,8,0,0,0,0,0,0,1
43,6,0,33,1,2,0,3,3,0,1,0,0,0,0,0,0
18,13,0,0,3,0,0,0,14,0,0,0,0,1,0,0,1
28,19,0,6,1,0,0,1,0,0,0,0,1,0,0,0,1
378,11,111,155,17,5,2,14,95,9,4,0,1,0,0,0,0
48,18,0,26,1,0,0,3,0,0,0,0,0,0,0,0,0
100,13,0,40,1,2,0,3,4,8,0,0,0,0,0,0,1
26,13,0,9,1,0,0,1,0,0,0,0,0,0,0,0,0
52,8,1,38,3,3,0,2,5,0,0,0,0,0,0,0,0
38,9,0,25,2,0,0,3,4,0,0,0,0,0,0,0,0
53,8,5,35,2,2,0,2,0,0,0,0,0,0,0,0,0
18,7,0,8,1,0,0,1,7,0,0,0,0,0,0,0,1
14,10,0,0,1,0,0,0,0,0,0,0,0,0,0,0,1
64,20,0,40,1,4,0,1,0,0,0,0,0,0,0,0,0
91,6,4,76,2,3,0,5,8,0,1,0,0,0,0,0,1
44,7,2,7,4,0,0,1,3,3,0,1,0,0,0,0,1
66,16,0,39,2,5,0,2,1,2,0,0,0,0,0,0,1
83,13,0,15,3,0,1,2,4,8,0,0,0,0,0,0,1
14,10,0,0,1,0,0,0,0,0,0,0,0,0,0,0,1
19,4,0,8,2,0,0,2,1,0,0,0,1,0,0,0,1
34,4,7,19,3,0,0,2,0,0,0,0,0,0,0,0,1
123,28,0,92,2,11,0,2,3,0,0,0,0,0,0,0,1
123,8,0,111,1,2,0,6,28,3,0,0,0,0,1,0,0
68,17,0,47,1,5,0,2,5,0,0,0,0,0,0,0,0
90,22,0,64,2,1,0,10,0,0,0,0,0,0,0,0,0
22,6,0,12,1,1,0,1,9,0,0,0,0,0,0,0,0
68,7,19,37,3,3,0,4,8,0,0,0,0,0,0,0,0
39,14,0,21,1,0,0,3,9,0,0,0,0,0,0,0,1
22,12,6,0,2,1,0,0,0,0,0,0,0,0,0,0,0
117,13,4,10,6,1,0,1,6,19,2,0,1,0,1,0,0
46,16,0,27,2,0,0,4,0,0,0,0,0,0,0,0,0
55,5,0,46,2,1,0,3,10,0,0,0,0,0,0,0,1
134,10,0,117,3,18,0,4,4,0,0,0,0,0,0,0,1
35,8,0,23,2,0,0,2,0,0,0,0,0,0,0,0,0
69,10,0,55,2,4,0,5,15,0,0,0,0,0,0,0,0
111,22,0,10,3,1,1,1,11,12,0,0,0,0,0,0,1
183,11,0,10,2,47,1,1,22,10,0,0,0,0,0,0,1
11,7,0,0,1,0,0,0,4,0,0,0,0,0,0,0,1
65,29,0,33,2,3,0,2,0,0,0,0,0,0,0,0,1
48,18,0,26,2,1,0,3,0,0,0,0,0,0,0,0,1
30,6,0,20,2,1,0,1,0,0,0,0,0,0,0,0,0
18,9,0,6,1,0,0,1,0,0,0,0,1,0,0,0,1
27,4,5,13,2,0,0,2,4,0,0,0,0,0,0,0,1
68,17,0,47,2,0,2,4,10,0,0,0,0,0,0,0,0
65,8,0,53,1,3,0,3,12,0,0,0,0,0,0,0,0
14,9,0,0,3,0,0,0,10,0,0,0,0,1,0,0,1
212,6,0,10,2,0,1,1,33,7,0,0,0,0,0,0,1
127,11,0,32,4,1,3,3,5,8,0,0,0,0,0,0,1
18,14,0,0,1,0,0,0,0,0,0,0,0,0,0,0,1
77,8,0,10,3,1,1,1,7,8,0,0,0,0,0,0,1
105,11,0,10,2,4,1,1,3,8,0,0,0,0,0,0,1
78,8,0,66,1,11,0,2,0,0,0,0,0,0,0,0,0
42,7,0,32,2,1,0,2,4,0,0,0,0,0,0,0,1
84,7,0,74,2,12,0,1,10,0,0,0,0,0,0,0,0
31,13,0,14,2,0,0,1,0,0,0,0,0,0,0,0,1
13,9,0,0,1,0,0,0,0,0,0,0,0,0,0,0,0
32,4,0,21,3,0,0,3,0,0,1,0,0,0,0,0,1
69,4,0,10,3,0,1,1,4,8,0,0,0,0,0,0,1
63,16,0,43,1,2,0,2,0,0,0,0,0,0,0,0,1
75,18,0,75,4,0,1,5,1,0,0,0,1,0,0,0,1
22,6,0,12,1,0,0,1,2,0,0,0,0,0,0,0,0
40,14,0,10,2,1,0,1,1,2,0,0,0,0,0,0,1
26,2,10,10,2,0,0,1,1,0,0,0,0,0,0,0,1
23,10,0,9,1,0,0,1,0,0,0,0,0,0,0,0,1
42,10,0,20,2,0,0,3,0,2,1,0,0,0,0,0,1
39,9,2,23,2,0,2,2,4,2,0,0,0,0,0,0,0
26,3,0,19,2,0,0,2,0,1,0,0,0,0,0,0,1
128,13,0,10,2,5,1,1,6,8,0,0,0,0,0,0,1
50,3,12,31,3,1,1,2,2,0,0,0,0,0,0,0,1
113,24,11,44,6,0,1,2,2,5,0,0,0,0,0,0,1
64,12,0,49,2,1,0,5,2,0,0,0,0,0,0,0,1
47,7,4,31,2,0,4,2,0,0,0,0,0,0,0,0,0
57,16,0,34,3,0,0,4,2,0,0,0,0,0,0,0,0
170,10,0,104,7,2,4,9,17,2,1,0,1,0,0,0,1
27,16,0,7,1,0,0,1,3,0,0,0,0,0,0,0,1
150,16,17,8,3,0,0,1,11,16,0,0,0,0,0,0,1
39,25,0,11,2,1,0,1,0,0,0,0,0,0,0,0,1
35,7,0,24,2,0,1,2,1,0,0,0,0,0,0,0,0
35,10,0,10,2,0,0,1,3,2,0,0,0,0,0,0,1
31,7,0,6,1,0,0,1,1,2,0,0,0,0,0,0,0
36,9,2,20,2,0,3,2,0,0,0,0,0,0,0,0,0
28,12,0,12,2,0,0,2,3,0,0,0,0,0,0,0,1
108,18,2,78,2,0,1,2,13,2,0,0,0,0,0,0,1
79,6,0,69,1,9,0,2,8,0,0,0,0,0,0,0,0
147,19,0,124,1,0,1,5,59,0,1,0,0,0,0,0,0
44,3,0,10,2,0,1,1,2,4,0,0,0,0,0,0,1
19,6,7,0,2,0,0,0,0,0,0,0,0,0,1,0,1
41,8,0,29,1,1,0,5,5,0,0,0,0,0,0,0,0
43,13,0,26,1,1,0,4,0,0,0,0,0,0,0,0,1
49,15,0,30,1,0,0,4,0,0,0,0,0,0,0,0,1
29,9,2,13,2,0,0,2,0,0,0,0,0,0,0,0,0
28,11,0,17,4,0,0,2,9,0,0,0,0,1,0,0,1
124,3,13,42,5,5,0,3,0,8,4,0,0,0,0,0,0
27,6,3,14,2,0,0,2,0,0,0,0,0,0,0,0,0
255,14,0,18,2,0,0,3,24,5,0,0,0,0,0,0,1
23,19,0,0,1,2,0,0,0,0,0,0,0,0,0,0,0
32,28,0,0,1,1,0,0,0,0,0,0,0,0,0,0,1
142,9,0,129,2,5,2,11,6,2,5,0,1,0,0,0,1
9,5,0,0,1,0,0,0,0,0,0,0,0,0,0,0,1
26,9,2,10,2,0,0,2,0,0,0,0,0,0,0,0,0
164,13,0,10,3,10,1,1,6,10,0,0,0,0,0,0,1
24,9,3,8,2,0,0,2,0,0,0,0,0,0,1,0,1
117,8,0,6,3,2,0,1,11,8,1,0,1,0,0,0,1
10,7,0,0,1,0,0,0,0,0,0,0,0,0,0,0,1
27,11,0,9,3,1,0,1,1,0,0,0,0,0,0,0,1
30,9,0,17,1,0,0,2,3,1,0,0,0,0,0,0,0
38,12,0,22,1,0,0,2,0,0,0,0,0,0,0,0,0
50,11,0,35,1,0,0,4,5,0,0,0,0,0,0,0,0
55,3,0,45,2,2,0,2,0,0,0,0,0,0,0,0,1
41,10,0,27,2,0,0,3,0,0,0,0,0,0,0,0,1
89,8,0,77,1,7,0,4,0,0,0,0,0,0,0,0,0
38,8,2,23,2,0,0,4,0,0,0,0,0,0,0,0,0
69,8,0,54,3,0,0,6,5,0,0,0,0,0,0,0,1
13,8,0,0,3,0,0,0,9,0,0,0,0,1,0,0,1
33,3,6,20,2,0,0,2,0,0,0,0,0,0,0,0,1
94,13,50,21,8,1,0,4,0,0,0,0,1,0,0,0,1
55,7,4,39,2,0,5,2,0,0,0,0,0,0,0,0,0
123,4,35,4,4,1,1,2,29,4,0,0,1,0,0,0,0
20,13,0,7,3,0,0,2,12,0,0,0,0,1,0,0,1
30,3,9,14,3,0,0,2,5,0,0,0,0,0,0,0,1
29,6,18,0,2,0,0,0,0,0,0,0,0,0,0,0,0
53,3,0,47,2,1,0,6,1,0,0,0,0,0,0,0,1
33,16,0,14,2,0,0,2,0,0,0,0,0,0,0,0,0
38,7,0,27,1,2,0,2,0,0,0,0,0,0,0,0,1
46,6,0,36,2,0,0,3,0,0,0,0,0,0,0,0,1
29,4,0,21,1,1,0,2,0,0,0,0,0,0,0,0,0
49,8,0,17,1,0,1,1,12,2,0,0,0,0,0,0,0
43,10,0,29,2,1,0,3,0,0,1,0,0,0,0,0,1
281,9,0,65,14,3,0,4,86,26,1,0,0,0,0,0,1
45,9,0,32,1,2,0,3,5,0,0,0,0,0,0,0,0
31,7,0,6,1,0,1,1,1,2,0,0,0,0,0,0,0
26,10,11,0,2,0,0,0,0,0,0,0,0,0,0,0,1
69,8,0,54,3,3,0,3,0,0,0,0,0,0,0,0,1
37,5,0,21,3,0,0,3,1,1,0,0,0,0,0,0,1
40,5,12,18,3,0,0,2,0,0,0,0,0,0,0,0,1
79,11,0,64,1,9,1,1,5,0,0,0,0,0,0,0,0
37,6,0,27,1,2,0,3,6,0,1,0,0,0,0,0,0
29,2,0,23,2,0,0,3,0,0,0,0,0,0,0,0,0
77,14,0,10,2,0,1,1,6,8,0,0,0,0,0,0,1
55,10,0,38,4,0,0,2,0,0,0,0,0,0,0,0,1
33,9,0,20,2,0,0,2,1,0,0,0,0,0,0,0,1
68,7,0,24,4,0,0,7,1,2,0,0,0,0,0,0,1
41,24,0,14,2,1,0,1,0,0,0,0,0,0,0,0,1
17,13,0,0,1,0,0,0,0,0,0,0,0,0,0,0,0
245,11,0,37,8,0,1,10,10,28,1,0,1,0,0,0,1
54,17,0,33,2,0,0,3,0,0,1,0,0,0,0,0,1
34,14,0,16,2,0,0,1,0,0,0,0,0,0,0,0,1
467,9,0,26,22,0,5,6,39,51,1,0,1,0,0,0,1
90,7,0,77,6,0,0,8,0,0,0,0,1,0,0,0,1
34,10,0,21,2,0,0,2,0,0,0,0,0,0,0,0,1
54,21,0,11,2,1,1,1,0,2,0,0,0,0,0,0,1
14,5,4,0,2,0,0,0,0,0,0,0,0,0,0,0,0
129,4,6,115,3,0,0,5,17,1,0,0,0,0,0,0,1
104,15,0,85,2,0,0,4,7,7,0,0,0,0,0,0,0
33,4,7,18,2,0,0,2,0,0,0,0,0,0,0,0,1
28,12,0,13,2,1,0,1,0,0,0,0,0,0,0,0,1
83,22,0,10,2,1,1,1,4,8,0,0,0,0,0,0,1
72,5,54,6,12,0,0,1,2,0,4,0,1,0,0,0,1
12,8,0,0,1,0,0,0,0,0,0,0,0,0,0,0,0
15,7,4,0,2,0,0,0,0,0,0,0,0,0,0,0,1
79,7,0,10,4,0,1,1,2,6,0,0,0,0,0,0,1
39,13,0,26,4,0,1,2,11,0,0,0,0,1,0,0,1
17,13,0,0,1,1,0,0,0,0,0,0,0,0,0,0,1
170,10,0,104,7,2,4,9,17,2,1,0,1,0,0,0,1
371,12,28,34,3,5,4,3,52,16,2,0,0,0,0,0,0
35,9,0,22,2,0,0,2,1,0,0,0,0,0,0,0,1
30,8,17,0,2,0,0,0,0,0,1,0,0,0,0,0,1
70,8,0,58,1,7,0,2,1,0,0,0,0,0,0,0,1
29,10,10,4,2,0,0,1,0,0,0,0,0,0,0,0,0
71,7,0,57,3,0,0,7,0,0,0,0,0,0,0,0,0
33,9,0,20,2,0,0,2,1,0,0,0,0,0,0,0,1
16,4,8,0,2,0,0,0,6,0,0,0,0,0,0,0,1
17,13,0,0,1,0,0,0,0,0,0,0,0,0,0,0,1
53,6,0,43,1,3,0,3,7,0,1,0,0,0,0,0,0
31,10,0,17,1,0,0,2,9,0,0,0,0,0,0,0,1
23,20,0,0,1,1,0,0,0,0,0,0,0,0,0,0,1
63,5,0,10,2,0,1,1,4,6,0,0,0,0,0,0,1
31,7,0,6,1,0,0,1,3,2,0,0,0,0,0,0,0
213,5,0,18,2,0,2,2,23,10,0,0,0,0,0,0,1
89,8,0,74,3,7,0,2,1,0,0,0,0,0,0,0,1
58,12,3,35,3,0,0,5,0,0,0,0,0,0,0,0,1
88,8,0,19,5,0,0,11,3,3,1,0,0,0,0,0,1
109,15,0,44,5,4,1,8,0,2,2,0,1,0,0,0,1
144,14,0,126,2,5,9,6,7,0,0,0,0,0,0,0,0
117,9,0,10,2,4,1,1,5,10,0,0,0,0,0,0,1
27,17,0,7,2,0,0,1,0,0,0,0,0,0,0,0,1
52,13,0,35,1,4,0,2,3,0,0,0,0,0,0,0,1
24,4,0,16,1,0,0,2,7,0,0,0,0,0,0,0,0
33,8,10,10,2,0,0,2,1,0,0,0,0,0,0,0,1
99,12,0,10,2,0,1,1,10,14,0,0,0,0,0,0,1
84,5,0,40,2,2,2,4,4,4,0,0,0,0,0,0,0
18,10,0,4,1,0,0,1,0,0,0,0,0,0,0,0,1
12,6,0,3,1,0,0,1,4,0,0,0,0,0,0,0,1
70,13,0,53,1,1,0,5,0,0,0,0,0,0,0,0,1
76,12,0,45,1,3,1,3,0,2,0,0,0,0,0,0,0
19,4,0,8,2,0,0,2,1,0,0,0,1,0,0,0,1
74,10,0,1,1,0,1,1,0,8,0,0,0,0,0,0,0
18,14,0,0,1,0,0,0,0,0,0,0,0,0,0,0,0
20,3,6,7,2,0,0,1,5,0,0,0,0,0,0,0,1
19,15,0,0,1,0,0,0,0,0,0,0,0,0,0,0,0
25,9,0,10,2,0,0,2,0,0,0,0,0,0,0,0,1
16,6,0,7,1,0,0,1,2,0,0,0,0,0,0,0,1
65,16,0,10,2,0,1,1,1,6,0,0,0,0,0,0,1
20,7,0,9,1,1,0,1,6,0,0,0,0,0,0,0,0
15,11,0,0,1,0,0,0,0,0,0,0,0,0,0,0,0
59,3,0,37,2,0,1,4,8,2,0,0,0,0,0,0,0
30,9,2,14,2,0,1,2,0,0,0,0,0,0,0,0,0
21,11,0,6,1,0,0,1,0,0,0,0,0,0,0,0,1
47,12,0,31,1,1,1,2,5,0,0,0,0,0,0,0,0
63,11,0,48,2,0,0,3,22,0,0,0,0,0,0,0,1
58,12,7,15,3,2,1,1,8,2,0,0,0,0,0,0,0
48,3,0,41,1,2,0,3,0,0,0,0,0,0,0,0,0
41,16,0,21,2,0,0,2,0,0,0,0,0,0,0,0,1
248,7,0,5,2,1,0,1,75,63,0,0,0,0,0,0,0
22,6,0,12,1,0,0,1,0,0,0,0,0,0,0,0,1
31,8,2,16,2,0,0,2,0,0,0,0,0,0,0,0,0
93,13,5,69,3,9,0,2,0,0,0,0,0,0,1,0,0
119,31,0,10,2,3,1,1,6,10,0,0,0,0,0,0,1
99,8,0,87,1,11,0,5,25,0,0,0,0,0,0,0,0
34,19,0,11,1,0,0,2,0,0,0,0,0,0,0,0,0
15,11,0,0,1,0,0,0,0,0,0,0,0,0,0,0,0
40,11,0,25,1,0,0,2,2,1,0,0,0,0,0,0,0
16,12,0,0,1,0,0,0,0,0,0,0,0,0,0,0,0
26,13,0,13,4,0,0,1,10,0,0,0,0,1,0,0,1
25,8,2,10,2,0,0,2,0,1,0,0,0,0,0,0,1
47,15,0,28,1,2,0,2,1,0,0,0,0,0,0,0,0
254,15,0,49,5,3,1,6,26,14,0,0,1,0,0,0,1
64,9,7,43,3,1,0,5,4,0,0,0,0,0,0,0,1
41,13,0,24,1,0,0,4,0,0,0,0,0,0,0,0,1
43,4,0,33,3,1,0,5,0,0,0,0,0,0,0,0,0
50,16,0,26,2,0,0,3,0,2,0,0,0,0,0,0,1
19,8,0,7,1,2,0,1,0,0,0,0,0,0,0,0,1
49,3,0,33,4,1,0,4,0,0,1,0,0,0,0,0,1
51,9,0,20,2,0,1,2,0,2,0,0,0,0,0,0,0
88,10,0,10,3,1,2,1,4,8,0,0,0,0,0,0,1
38,4,0,30,1,2,0,2,3,0,0,0,0,0,0,0,0
23,12,0,7,1,0,0,1,3,0,0,0,0,0,0,0,1
34,14,0,20,4,0,0,2,11,0,0,0,0,1,0,0,1
37,11,0,22,2,3,0,1,0,0,0,0,0,0,0,0,1
47,5,13,24,3,0,1,3,0,0,0,0,0,0,0,0,1
24,3,0,17,1,0,0,2,0,0,0,0,0,0,0,0,1
55,9,0,4,3,0,0,5,1,3,0,0,0,0,0,0,1
92,6,0,41,2,3,0,3,9,4,0,0,0,0,0,0,0
299,13,0,47,15,0,0,5,63,29,0,1,0,0,0,0,1
49,6,0,20,2,2,0,1,2,4,0,0,0,0,0,0,1
56,9,0,21,3,1,0,7,0,1,1,0,1,0,0,0,1
85,15,15,50,3,4,0,3,6,0,0,0,0,0,0,0,0
26,13,0,7,4,0,0,1,15,0,0,0,0,1,0,0,1
269,9,0,64,14,2,0,8,51,23,0,0,0,0,0,0,1
34,5,2,22,2,1,0,2,2,0,0,0,0,0,0,0,0
28,4,0,21,3,0,0,2,0,0,0,0,0,0,0,0,0
92,11,0,77,1,5,2,4,7,0,0,0,0,0,0,0,0
32,5,0,23,1,0,0,3,1,0,0,0,0,0,0,0,0
64,12,0,48,1,3,0,3,0,0,0,0,0,0,0,0,0
68,13,0,51,1,3,1,5,27,0,0,0,0,0,0,0,0
27,16,0,7,1,0,0,1,0,0,0,0,0,0,0,0,1
101,7,0,90,1,0,0,3,30,24,0,0,0,0,0,0,0
22,5,0,14,1,1,0,2,2,0,0,0,0,0,0,0,0
74,13,0,57,2,6,1,2,5,0,0,0,0,0,0,0,0
56,7,0,31,2,0,0,3,0,2,0,0,0,0,0,0,0
10,3,3,0,2,0,0,0,1,0,0,0,0,0,0,0,1
82,10,30,38,7,2,0,3,3,0,0,0,0,0,0,0,1
35,5,13,1,2,0,0,1,8,2,0,0,0,0,0,0,0
166,7,0,15,5,1,2,8,41,6,2,0,0,0,0,0,1
30,7,0,19,1,1,0,2,0,0,0,0,0,0,0,0,0
48,5,6,32,3,1,0,3,4,0,0,0,0,0,0,0,0
26,9,0,13,1,0,0,1,2,1,0,0,0,0,0,0,1
48,4,0,38,3,1,0,4,0,0,0,0,0,0,0,0,1
45,4,22,14,3,0,0,2,1,0,0,0,0,0,0,0,0
28,24,0,0,1,0,0,0,0,0,0,0,0,0,0,0,1
31,6,0,21,2,1,0,2,0,0,0,0,0,0,0,0,0
28,14,0,10,1,0,0,1,0,0,0,0,0,0,0,0,1
45,8,3,8,2,0,0,1,1,6,0,0,0,0,0,0,0
36,12,0,18,2,0,0,3,3,0,0,0,0,0,0,0,1
70,8,2,50,6,3,0,4,16,3,0,0,0,1,0,0,1
112,3,0,103,2,4,2,8,2,4,2,0,0,0,0,0,0
41,8,0,29,2,0,0,4,7,0,0,0,0,0,0,0,1
35,9,0,22,2,0,0,3,0,0,0,0,0,0,0,0,1
91,4,0,82,1,0,0,1,34,27,0,0,0,0,1,0,1
45,18,0,23,2,0,0,3,4,0,0,0,0,0,0,0,0
130,16,0,81,1,15,0,3,6,6,0,0,0,0,0,0,1
37,4,0,29,2,1,0,2,0,0,0,0,0,0,0,0,0
97,23,0,10,2,1,1,1,3,8,0,0,0,0,0,0,1
30,8,0,12,2,0,0,1,2,2,0,0,0,0,0,0,1
35,12,0,19,1,0,0,2,0,0,0,0,0,0,0,0,0
40,5,7,21,4,0,0,2,0,0,0,0,0,0,0,0,1
20,5,0,11,1,0,0,1,0,0,0,0,0,0,0,0,1
37,19,0,14,1,0,0,2,0,0,0,0,0,0,0,0,1
36,18,0,15,2,0,0,2,1,0,0,0,0,0,0,0,1
48,12,0,28,2,1,0,3,3,1,0,0,0,0,0,0,1
59,14,6,34,2,0,3,2,0,0,0,0,0,0,0,0,0
108,9,0,45,4,1,0,6,6,2,0,0,1,0,0,0,1
41,13,0,24,2,0,1,2,0,0,0,0,0,0,0,0,0
76,14,10,42,5,0,0,3,7,3,0,0,0,0,1,0,1
26,15,0,7,2,0,0,1,0,0,0,0,0,0,0,0,1
11,8,0,0,1,0,0,0,0,0,0,0,0,0,1,0,1
17,13,0,0,1,0,0,0,0,0,0,0,0,0,0,0,1
23,4,0,15,1,0,0,2,7,0,0,0,0,0,0,0,0
16,2,0,11,2,0,0,1,1,0,0,0,0,0,0,0,1
144,15,0,10,6,0,4,1,8,12,0,0,0,0,0,0,1
41,15,0,26,4,0,1,2,13,0,0,0,0,1,0,0,1
41,17,0,20,2,2,0,2,2,0,0,0,0,0,0,0,0
45,3,6,31,2,1,0,3,2,0,0,0,0,0,0,0,1
34,4,11,14,2,3,0,2,5,0,0,0,0,0,0,0,0
52,30,0,18,2,0,0,2,3,0,0,0,0,0,0,0,1
110,22,0,10,2,1,1,1,6,10,0,0,0,0,0,0,1
35,13,0,18,2,0,1,1,0,0,0,0,0,0,0,0,1
102,13,15,0,2,1,0,0,13,2,0,0,0,0,0,0,1
25,8,0,13,1,0,0,2,2,0,0,0,0,0,0,0,1
38,6,7,20,2,0,0,1,0,0,0,0,0,0,0,0,1
20,7,0,9,1,0,0,1,1,0,0,0,0,0,0,0,0
9,4,0,0,1,0,0,0,0,0,0,0,0,0,0,0,0
84,5,20,26,5,0,0,2,1,8,2,0,0,0,0,0,0
24,12,0,12,3,0,0,2,9,0,0,0,0,1,0,0,1
25,13,0,12,4,0,0,1,13,0,0,0,0,1,0,0,1
30,13,0,17,4,0,0,2,14,0,0,0,0,1,0,0,1
68,7,11,45,3,2,0,5,1,1,0,0,0,0,0,0,0
104,6,0,15,2,0,0,2,4,18,0,0,0,0,0,0,0
48,7,0,37,2,0,2,2,0,0,0,0,0,0,0,0,1
53,8,0,41,1,0,4,3,0,0,0,0,0,0,0,0,0
42,8,2,27,2,1,0,5,6,0,0,0,0,0,0,0,0
53,8,0,41,1,2,0,3,10,0,0,0,0,0,0,0,0
20,3,7,6,2,0,0,2,0,0,0,0,0,0,0,0,1
128,6,0,26,7,1,0,7,8,12,1,0,0,0,0,0,1
74,4,0,23,4,1,0,2,0,3,0,1,0,0,0,0,1
33,8,0,22,2,0,0,2,1,0,0,0,0,0,0,0,1
28,15,0,7,4,0,0,1,17,0,0,0,0,1,0,0,1
45,10,0,31,2,1,1,3,0,0,0,0,0,0,0,0,0
22,18,0,0,1,1,0,0,0,0,0,0,0,0,0,0,1
22,5,4,5,3,0,0,1,0,0,0,0,0,0,0,0,1
117,13,4,10,6,1,0,1,6,19,2,0,1,0,1,0,0
104,10,0,90,2,0,0,8,0,0,0,0,0,0,0,0,1
18,8,0,6,1,0,0,1,0,0,0,0,0,0,0,0,1
22,6,0,12,1,0,0,1,7,0,0,0,0,0,0,0,1
38,9,2,22,2,0,1,2,0,0,0,0,0,0,0,0,0
16,13,0,0,1,0,0,0,0,0,0,0,0,0,0,0,1
65,6,54,0,10,0,0,0,14,0,0,0,0,0,0,0,1
32,16,0,12,1,0,0,1,0,0,0,0,0,0,0,0,0
30,12,0,15,2,0,0,2,0,0,0,0,0,0,0,0,1
27,17,0,7,1,0,0,1,1,0,0,0,0,0,0,0,1
21,4,12,0,2,0,0,0,2,0,0,0,0,0,0,0,0
34,9,0,21,2,0,1,2,0,0,0,0,0,0,1,0,1
337,12,27,34,3,6,5,3,50,7,2,0,0,0,0,0,0
85,9,0,27,1,0,0,3,27,2,0,0,0,0,0,0,1
33,8,0,9,2,0,0,1,1,4,0,0,0,0,0,0,1
23,7,0,12,1,0,0,1,2,0,0,0,0,0,0,0,0
99,11,0,84,2,5,3,1,11,0,0,0,0,0,0,0,0
41,5,0,32,1,0,0,3,5,3,0,0,0,0,0,0,0
15,6,0,5,1,0,0,1,0,0,0,0,0,0,0,0,1
96,13,0,20,2,0,1,2,6,10,0,0,0,0,0,0,1
65,6,0,55,1,4,0,3,3,0,1,0,0,0,0,0,0
44,19,0,21,2,1,0,2,0,0,0,0,0,0,0,0,1
31,5,0,22,1,1,0,3,0,0,0,0,0,0,0,0,0
33,10,0,19,2,0,0,2,0,0,0,0,0,0,0,0,1
61,10,8,38,3,2,0,2,3,0,0,0,0,0,0,0,0
45,14,0,27,2,1,0,3,2,0,0,0,0,0,0,0,1
251,22,0,10,2,0,1,1,27,8,0,0,0,0,0,0,1
53,10,0,39,1,3,0,2,6,0,0,0,0,0,0,0,0
26,17,0,5,1,0,0,1,0,0,1,0,0,0,0,0,0
38,9,0,26,2,1,0,1,0,0,0,0,0,0,0,0,1
19,8,2,4,2,0,0,1,0,0,0,0,0,0,0,0,1
49,17,0,28,2,0,0,3,0,0,0,0,0,0,0,0,1
57,6,0,47,1,4,0,3,10,0,1,0,0,0,0,0,0
31,7,0,6,1,0,0,1,2,2,0,0,0,0,0,0,0
52,10,6,31,2,3,0,2,0,0,0,0,0,0,0,0,0
54,12,0,38,1,0,0,2,20,0,0,0,0,0,0,0,1
68,18,0,46,1,0,1,6,19,0,0,0,0,0,0,0,1
89,9,0,59,3,1,0,7,0,4,2,0,1,0,0,0,1
21,13,0,5,2,0,0,1,0,0,0,0,0,0,0,0,1
137,5,0,126,2,15,0,4,19,0,0,0,0,0,0,0,0
21,11,0,6,1,0,0,1,0,0,0,0,0,0,0,0,0
30,3,5,18,3,0,0,1,0,0,0,0,0,0,0,0,0
89,5,0,5,4,0,0,4,1,8,2,0,0,0,0,0,0
11,7,0,0,1,0,0,0,0,0,0,0,0,0,0,0,1
31,11,0,16,2,0,0,2,1,0,0,0,0,0,0,0,0
36,4,0,28,1,3,0,2,1,0,0,0,0,0,0,0,0
45,3,15,22,3,0,0,2,0,0,0,0,0,0,0,0,0
45,7,0,34,1,2,0,3,6,0,0,0,0,0,0,0,0
31,7,0,6,1,0,0,1,2,2,0,0,0,0,0,0,0
80,16,0,10,2,0,1,1,6,8,0,0,0,0,0,0,1
26,5,5,11,2,1,0,1,0,0,0,0,0,0,0,0,0
76,6,0,39,2,1,1,3,9,2,0,0,0,0,0,0,0
105,9,0,10,2,3,1,1,6,10,0,0,0,0,0,0,1
51,9,0,25,2,0,0,2,5,2,0,0,0,0,0,0,0
48,12,0,32,2,0,0,2,6,0,0,0,0,0,0,0,1
23,6,0,14,2,0,0,2,0,0,0,0,0,0,0,0,0
91,11,0,76,2,0,1,6,22,0,0,0,0,0,0,0,1
20,4,11,0,2,0,0,0,0,0,0,0,0,0,0,0,0
57,3,17,32,2,2,0,4,0,0,0,0,0,0,0,0,0
31,15,0,12,2,0,0,1,0,0,0,0,0,0,0,0,0
111,9,0,98,2,5,0,6,0,0,1,0,0,0,0,0,0
40,9,0,27,2,0,0,3,5,0,0,0,0,0,0,0,0
40,5,0,31,1,2,0,4,2,0,0,0,0,0,0,0,0
33,8,20,0,2,0,0,0,0,0,0,0,0,0,0,0,0
20,5,0,8,2,0,0,2,0,0,0,0,0,0,0,0,1
57,11,0,18,2,0,0,3,12,6,0,0,0,0,0,0,0
31,10,0,17,1,0,0,2,0,0,1,0,0,0,0,0,1
79,11,0,16,2,0,1,2,4,8,0,0,0,0,0,0,1
49,6,0,40,3,1,0,4,0,0,0,0,0,0,0,0,1
31,7,0,6,1,0,0,1,1,2,0,0,0,0,0,0,0
20,13,0,4,1,0,0,1,0,0,0,0,0,0,0,0,1
63,8,0,10,2,0,0,1,7,6,0,0,0,0,0,0,0
65,6,0,22,3,0,0,3,13,2,0,0,0,0,0,0,1
83,10,0,10,2,0,1,1,2,10,0,0,0,0,0,0,1
52,9,0,17,3,0,0,2,13,1,0,0,0,0,0,0,1
60,15,20,20,3,0,0,2,3,0,0,0,0,0,0,0,0
164,15,0,10,2,2,1,1,8,20,0,0,0,0,0,0,1
79,14,0,62,1,6,0,3,0,0,0,0,0,0,0,0,1
47,5,10,27,3,0,1,4,1,0,0,0,0,0,0,0,0
58,2,0,52,1,0,5,1,0,0,0,0,0,0,0,0,0
27,8,0,15,2,0,0,1,0,0,0,0,0,0,0,0,0
62,14,0,42,3,3,0,2,2,0,0,0,0,0,0,0,1
31,6,0,21,2,2,0,1,0,0,0,0,0,0,0,0,0
22,8,0,10,2,0,0,1,0,0,0,0,0,0,0,0,1
82,9,0,69,1,11,0,2,4,0,0,0,0,0,0,0,0
85,7,0,1,1,0,0,1,10,12,0,0,0,0,0,0,0
61,17,0,40,1,0,4,2,0,0,0,0,0,0,0,0,0
63,13,0,46,1,4,0,2,3,0,0,0,0,0,0,0,1
14,10,0,0,1,0,0,0,0,0,0,0,0,0,0,0,0
129,10,0,10,4,0,4,1,5,12,0,0,0,0,0,0,1
53,13,0,40,3,0,0,2,28,0,0,0,0,1,0,0,1
27,4,5,13,2,0,0,2,4,0,0,0,0,0,0,0,1
171,7,0,160,1,2,0,2,19,0,0,0,0,0,0,0,1
53,8,7,33,2,0,0,3,0,2,0,0,0,0,0,0,0
44,5,0,35,1,3,0,3,4,0,0,0,0,0,0,0,0
10,6,0,0,1,0,0,0,0,0,0,0,0,0,0,0,1
34,15,0,15,2,0,0,1,0,0,0,0,0,0,0,0,1
208,7,0,10,2,0,1,1,24,6,0,0,0,0,0,0,1
28,13,0,11,1,0,0,2,5,0,0,0,0,0,0,0,1
78,14,0,10,2,0,1,1,6,8,0,0,0,0,0,0,1
31,11,0,15,2,0,0,1,0,0,0,0,0,0,1,0,1
60,6,0,50,1,4,0,3,8,0,1,0,0,0,0,0,0
75,12,7,51,4,0,0,4,0,0,0,0,0,0,0,0,0
67,7,0,57,1,0,0,5,27,0,0,0,0,0,0,0,0
61,16,0,10,3,0,1,1,0,4,0,0,0,0,0,0,1
150,13,92,40,10,1,0,2,45,0,2,0,0,0,0,0,0
85,11,0,36,3,0,0,3,12,2,0,0,0,0,0,0,1
21,9,0,8,1,0,0,2,0,0,0,0,0,0,0,0,0
21,9,0,8,1,0,0,1,4,0,0,0,0,0,0,0,1
26,5,3,13,3,0,0,1,0,0,0,0,0,0,0,0,1
12,3,0,6,1,0,0,1,0,0,0,0,0,0,0,0,1
98,9,0,85,3,0,0,2,21,12,0,0,0,0,0,0,0
26,10,9,0,3,0,0,0,0,0,0,0,0,0,0,0,0
102,12,0,86,2,10,0,3,14,1,0,0,0,0,0,0,0
50,8,0,31,2,0,0,4,0,2,1,0,0,0,0,0,1
25,18,0,0,2,0,0,0,0,0,0,0,0,0,0,0,1
19,8,0,8,2,0,0,1,0,0,0,0,0,0,0,0,1
69,8,0,32,3,0,1,4,0,3,1,1,0,0,0,0,1
22,7,0,11,2,0,0,1,1,0,0,0,0,0,0,0,1
42,10,7,20,3,0,0,2,0,0,1,0,0,0,0,0,1
55,7,0,45,2,2,0,4,0,0,0,0,0,0,0,0,1
23,14,0,3,4,0,0,1,16,0,0,0,0,1,0,0,1
75,23,0,48,1,1,0,2,24,1,0,0,0,0,0,0,0
16,3,5,0,3,0,0,0,0,0,0,0,0,0,0,0,1
99,8,14,27,6,0,1,5,22,4,2,0,0,0,0,0,0
30,6,0,20,2,1,0,2,0,0,0,0,0,0,0,0,1
76,6,0,66,1,2,1,6,35,0,0,0,0,0,0,0,0
19,9,0,6,1,0,0,1,1,0,0,0,0,0,0,0,1
45,8,0,30,2,3,0,3,2,0,0,0,0,0,0,0,1
56,8,0,44,1,0,3,3,0,0,0,0,0,0,0,0,0
125,14,0,107,2,5,3,6,7,0,0,0,0,0,0,0,0
115,13,7,85,3,8,0,5,13,0,0,0,0,0,0,0,1
30,8,0,18,2,0,0,2,0,0,0,0,0,0,0,0,1
44,17,0,24,2,0,0,2,1,0,0,0,0,0,0,0,1
22,18,0,0,1,0,0,0,0,0,0,0,0,0,0,0,1
38,5,6,22,2,0,2,2,0,0,0,0,0,0,0,0,0
30,8,17,0,2,1,0,0,0,0,0,0,0,0,0,0,1
22,10,0,8,1,0,0,1,1,0,0,0,0,0,0,0,1
63,17,0,40,2,0,0,3,21,0,0,0,0,0,0,0,1
102,3,0,95,1,12,0,3,8,0,0,0,0,0,0,0,0
23,3,0,16,2,0,0,2,0,0,0,0,0,0,0,0,1
42,10,0,28,1,1,0,2,0,0,0,0,0,0,0,0,0
40,16,0,21,2,0,0,3,0,0,0,0,0,0,0,0,1
32,14,0,14,1,1,0,1,0,0,0,0,0,0,0,0,0
25,8,12,0,2,0,0,0,0,0,0,0,0,0,0,0,0
161,10,15,58,6,4,0,5,27,8,2,1,0,0,0,0,1
73,7,0,62,2,0,1,3,4,0,0,0,0,0,0,0,0
23,11,0,1,1,0,0,1,4,2,0,0,0,0,0,0,0
86,16,0,52,2,5,0,4,5,2,0,0,0,0,0,0,1
31,7,0,6,1,0,0,1,0,2,0,0,0,0,0,0,0
35,9,0,22,1,1,0,2,0,0,0,0,0,0,0,0,0
71,9,0,10,2,0,1,1,5,8,0,0,0,0,0,0,1
541,11,0,35,3,1,0,4,142,2,0,0,1,0,0,0,1
65,19,0,34,2,0,0,5,0,2,1,0,0,0,0,0,1
197,8,0,10,2,0,1,1,23,8,0,0,0,0,0,0,1
149,11,0,15,2,1,1,3,44,8,1,0,0,0,0,0,1
77,7,0,67,1,5,0,3,2,0,0,0,0,0,0,0,1
114,8,0,20,5,1,0,12,10,6,1,0,1,0,0,0,1
13,6,0,0,2,0,0,0,0,0,0,0,0,0,0,0,1
63,18,0,12,2,4,0,1,0,2,0,0,0,0,0,0,1
53,13,0,36,1,2,0,6,1,0,0,0,0,0,0,0,1
29,8,13,0,3,0,0,0,6,0,0,0,0,0,0,0,1
23,17,0,0,2,0,0,0,0,0,0,0,0,0,0,0,0
18,8,0,3,2,0,0,1,1,0,0,0,0,0,0,0,1
76,5,0,10,2,0,1,1,1,10,0,0,0,0,0,0,1
17,5,0,8,1,0,0,1,6,0,0,0,0,0,0,0,1
44,16,0,11,2,0,0,1,4,2,0,0,0,0,0,0,0
97,5,0,21,5,1,0,6,0,6,2,0,1,0,0,0,1
61,4,0,53,1,5,0,3,8,0,0,0,0,0,0,0,0
27,14,0,10,1,0,0,1,2,0,0,0,0,0,0,0,1
29,15,0,14,3,0,0,2,14,1,0,0,0,1,0,0,1
68,8,11,44,3,3,0,3,6,0,0,0,0,0,0,0,0
34,17,0,13,1,0,0,2,6,0,0,0,0,0,0,0,0
34,8,2,19,2,0,0,4,0,1,0,0,0,0,0,0,0
32,4,0,24,1,1,0,2,0,0,0,0,0,0,0,0,0
55,5,0,46,1,2,0,4,1,0,0,0,0,0,0,0,0
22,5,12,0,2,0,0,0,0,0,0,0,0,0,0,0,0
170,16,0,148,3,2,0,10,48,0,2,0,1,0,0,0,0
117,14,0,31,2,4,0,3,25,6,0,0,0,0,0,0,0
22,4,0,14,1,0,0,2,0,0,0,0,0,0,0,0,0
47,8,0,35,1,1,0,3,15,0,0,0,0,0,0,0,0
40,9,2,24,2,0,1,2,0,0,0,0,0,0,0,0,0
27,7,4,11,3,1,1,1,3,0,0,0,0,0,1,0,1
58,6,0,48,1,4,0,3,4,0,1,0,0,0,0,0,0
93,8,28,52,5,0,0,7,0,1,0,0,0,0,0,0,0
44,6,23,11,7,1,0,1,0,0,1,0,0,0,0,0,1
34,9,5,15,2,1,0,3,0,0,0,0,0,0,0,0,1
56,11,0,28,1,5,0,2,15,2,0,0,0,0,0,0,1
30,5,0,21,2,0,0,2,0,0,0,0,0,0,0,0,1
26,12,0,10,1,0,0,2,0,0,0,0,0,0,0,0,1
110,18,0,10,2,0,1,1,23,6,0,0,0,0,0,0,1
42,6,0,33,2,1,0,3,2,0,1,0,0,0,0,0,1
70,9,0,10,2,0,1,1,4,8,0,0,0,0,0,0,1
39,7,0,28,1,2,0,3,8,0,1,0,0,0,0,0,0
73,8,0,61,2,1,2,5,0,0,1,0,0,0,0,0,1
24,20,0,0,1,0,0,0,4,0,0,0,0,0,1,0,1
97,13,22,21,7,1,3,5,14,4,2,0,0,0,0,0,0
17,13,0,0,1,0,0,0,0,0,0,0,0,0,0,0,1
26,9,0,1,1,0,0,1,1,1,0,0,0,0,0,0,0
26,4,5,12,2,0,0,2,3,0,0,0,0,0,0,0,1
47,20,0,12,3,0,0,2,0,2,1,0,0,0,0,0,1
37,7,0,27,2,0,0,3,0,0,0,0,0,0,0,0,0
38,15,0,19,1,1,0,3,0,0,0,0,0,0,0,0,1
33,9,0,20,1,2,0,1,0,0,0,0,0,0,0,0,1
34,17,0,13,2,0,0,1,0,0,0,0,0,0,0,0,0
15,11,0,0,1,0,0,0,0,0,0,0,0,0,0,0,0
53,5,4,39,2,0,2,2,0,0,0,0,0,0,0,0,0
78,9,10,54,2,7,0,4,8,0,0,0,0,0,0,0,0
46,13,0,29,1,2,0,2,4,0,0,0,0,0,0,0,0
59,19,0,35,3,1,0,3,1,1,0,1,0,0,1,0,0
104,15,0,10,4,0,2,1,4,10,0,0,0,0,0,0,1
100,7,0,13,6,1,0,8,2,6,1,0,0,0,0,0,0
43,14,0,25,2,0,0,4,5,0,0,0,0,0,0,0,1
58,11,9,33,3,0,2,1,0,0,0,0,0,0,0,0,1
76,5,0,10,2,0,1,1,1,10,0,0,0,0,0,0,1
23,14,0,9,4,0,0,1,13,0,0,0,0,1,0,0,1
55,20,7,23,3,0,0,3,0,0,0,0,0,0,0,0,1
94,9,0,78,3,4,0,4,5,0,0,0,0,0,0,0,1
23,5,0,14,2,0,0,1,5,0,0,0,0,0,0,0,0
64,9,2,48,2,0,4,2,0,0,0,0,0,0,0,0,0
54,9,0,41,2,2,2,4,13,0,0,0,0,0,0,0,1
64,10,0,50,2,1,0,5,3,0,0,0,0,0,0,0,1
27,14,0,7,4,0,0,1,16,0,0,0,0,1,0,0,1
127,9,0,114,1,15,0,2,0,0,0,0,0,0,0,0,0
42,10,2,25,3,0,0,3,0,0,0,0,0,0,0,0,1
49,11,0,34,1,4,0,1,0,0,0,0,0,0,0,0,0
48,6,0,31,2,0,0,4,0,2,0,0,0,0,0,0,1
111,6,0,10,2,0,1,1,8,12,0,0,0,0,0,0,1
35,14,0,17,1,0,1,2,5,0,0,0,0,0,0,0,0
48,8,0,36,2,0,2,2,9,0,0,0,0,0,0,0,0
93,16,0,10,3,0,2,1,3,8,0,0,0,0,0,0,1
35,6,2,22,2,0,0,3,0,0,0,0,0,0,0,0,1
66,2,24,35,3,2,0,5,21,0,0,0,0,0,0,0,1
89,12,0,10,3,0,1,1,3,10,0,0,0,0,0,0,1
21,13,0,4,1,1,0,1,0,0,0,0,0,0,0,0,1
39,6,0,29,2,0,3,2,0,0,0,0,0,0,0,0,1
34,6,0,24,1,0,2,2,1,0,0,0,0,0,0,0,0
37,5,0,17,2,0,0,2,7,2,0,0,0,0,0,0,0
38,3,8,16,3,0,0,2,1,2,0,0,0,0,0,0,0
58,16,0,38,2,3,0,1,0,0,0,0,0,0,0,0,0
78,6,0,39,2,0,0,3,2,4,0,0,0,0,0,0,0
89,8,0,77,1,11,0,3,6,0,0,0,0,0,0,0,0
49,18,6,14,2,0,0,2,0,2,2,0,0,0,0,0,1
467,9,0,26,22,0,5,6,39,51,1,0,1,0,0,0,1
21,17,0,0,1,0,0,0,0,0,0,0,0,0,0,0,0
47,7,4,32,3,0,1,3,0,0,1,0,0,0,0,0,1
66,13,0,40,2,1,0,3,2,2,0,0,0,0,0,0,0
80,15,0,58,3,1,0,7,0,0,0,0,0,0,0,0,0
59,14,0,10,3,0,1,1,1,4,0,0,0,0,0,0,1
20,11,0,5,1,0,0,1,3,0,0,0,0,0,0,0,1
91,11,0,38,3,1,1,6,3,3,0,1,0,0,1,0,1
75,14,0,10,2,0,1,1,4,8,0,0,0,0,0,0,1
42,5,11,21,3,1,0,3,3,0,0,0,0,0,0,0,1
126,13,9,22,4,3,1,3,67,2,0,0,0,0,0,0,1
74,4,0,8,5,0,0,8,1,5,1,0,0,0,0,0,0
309,10,21,56,3,9,4,5,72,13,0,0,0,0,0,0,1
34,9,0,21,1,0,1,2,0,0,0,0,0,0,0,0,0
39,9,8,17,3,0,0,2,0,0,0,0,0,0,0,0,0
57,22,0,32,1,3,0,2,4,0,0,0,0,0,0,0,1
25,6,0,15,2,0,0,2,0,0,0,0,0,0,0,0,0
62,20,0,36,2,0,0,2,21,0,0,0,0,0,0,0,1
61,6,7,43,3,3,0,2,11,0,0,0,0,0,0,0,0
36,14,0,10,2,1,0,1,2,4,0,0,0,0,0,0,0
107,6,0,10,3,2,1,1,5,10,0,0,0,0,0,0,1
158,15,0,96,6,2,3,8,7,2,1,0,1,0,0,0,1
23,19,0,0,1,0,0,0,0,0,0,0,0,0,0,0,0
25,14,0,11,4,0,0,1,13,0,0,0,0,1,0,0,1
47,14,0,22,2,1,0,2,5,2,0,0,0,0,0,0,1
51,15,0,33,1,2,0,1,0,0,0,0,0,0,0,0,1
41,7,6,23,4,1,0,3,0,0,0,0,0,0,0,0,0
106,14,0,92,3,0,0,2,11,0,1,0,1,1,0,0,1
10,7,0,0,1,0,0,0,0,0,0,0,0,0,0,0,1
26,7,0,15,1,1,0,1,0,0,0,0,0,0,0,0,0
25,18,0,0,2,0,0,0,0,0,0,0,0,0,0,0,1
80,15,0,10,3,0,1,1,4,8,0,0,0,0,0,0,1
97,10,0,83,4,1,0,4,26,0,2,0,0,0,0,0,1
28,8,0,16,1,1,0,2,1,0,0,0,0,0,0,0,0
45,8,0,34,1,3,0,4,8,0,0,0,0,0,0,0,0
20,8,7,0,2,0,0,0,0,0,0,0,0,0,0,0,0
21,11,0,6,1,0,0,1,0,0,0,0,0,0,0,0,0
26,13,0,6,2,0,0,1,0,0,0,0,1,0,0,0,1
35,4,0,19,2,0,0,2,4,2,0,0,0,0,0,0,0
67,23,0,10,2,0,0,1,8,4,0,0,0,0,0,0,0
34,10,0,10,2,0,0,1,0,2,0,0,0,0,0,0,0
13,13,0,0,3,0,0,0,10,0,0,0,0,1,0,0,1
105,6,0,92,2,1,0,8,16,0,2,0,0,0,0,0,1
24,6,0,14,1,0,0,2,0,0,0,0,0,0,0,0,0
19,15,0,0,1,0,0,0,0,0,0,0,0,0,0,0,0
57,17,0,36,1,0,3,2,3,0,0,0,0,0,0,0,0
20,12,0,8,3,0,0,2,13,0,0,0,0,1,0,0,1
81,6,0,10,2,2,1,1,6,8,0,0,0,0,0,0,1
117,13,0,100,1,5,0,4,21,0,0,0,0,0,0,0,0
42,5,3,29,4,0,0,2,13,0,0,0,0,0,0,0,1
42,9,0,28,2,0,0,3,0,0,0,0,0,0,1,0,1
72,8,0,10,2,0,1,1,6,8,0,0,0,0,0,0,1
16,12,0,0,1,1,0,0,0,0,0,0,0,0,0,0,0
72,10,13,43,4,0,0,5,5,0,1,0,0,0,1,0,1
80,11,0,65,1,0,0,10,23,0,0,0,0,0,0,0,0
32,6,7,14,3,0,0,1,0,0,0,0,0,0,0,0,1
36,14,0,18,1,0,1,2,0,0,0,0,0,0,0,0,0
74,13,0,57,1,7,0,2,0,0,0,0,0,0,0,0,1
93,7,0,82,1,8,0,5,0,0,0,0,0,0,0,0,0
112,15,0,93,2,1,1,8,21,0,0,0,0,0,0,0,1
17,7,0,6,1,0,0,1,0,0,0,0,0,0,0,0,1
29,9,0,17,2,0,0,2,0,0,0,0,0,0,0,0,1
44,4,12,24,3,1,0,2,5,0,0,0,0,0,0,0,1
42,4,10,22,3,0,0,1,3,2,0,0,0,0,0,0,0
48,5,0,39,1,3,0,3,1,0,0,0,0,0,0,0,0
53,15,0,20,2,0,0,1,3,2,0,0,0,0,0,0,0
157,9,0,38,3,3,1,7,7,10,1,0,0,0,0,0,0
32,5,0,23,2,0,0,2,0,0,0,0,0,0,0,0,1
36,8,16,7,4,0,0,1,0,0,2,0,1,0,0,0,1
91,21,58,7,6,3,0,1,4,0,3,0,1,0,0,0,0
47,21,0,23,1,3,0,1,0,0,0,0,0,0,0,0,1
31,7,0,6,1,0,0,1,3,2,0,0,0,0,0,0,0
31,6,0,21,2,0,0,3,0,1,0,0,0,0,0,0,1
152,10,0,10,2,7,1,1,6,10,0,0,0,0,0,0,1
63,15,0,44,2,1,0,6,8,0,0,0,0,0,0,0,1
94,19,0,71,1,7,0,4,8,0,0,0,0,0,0,0,0
158,7,7,38,5,1,4,3,46,5,3,0,0,0,0,0,1
69,12,0,54,3,3,0,4,0,0,0,0,0,0,0,0,1
25,8,0,13,1,0,0,1,0,0,0,0,0,0,0,0,1
28,15,0,7,4,0,0,1,17,0,0,0,0,1,0,0,1
22,18,0,0,1,0,0,0,0,0,0,0,0,0,0,0,0
102,15,0,84,1,8,0,5,2,0,0,0,0,0,0,0,1
51,6,0,42,2,2,0,4,2,0,1,0,0,0,0,0,1
26,14,0,8,2,0,0,1,0,0,0,0,0,0,0,0,0
31,4,0,23,1,0,0,3,0,0,0,0,0,0,0,0,0
105,9,0,10,3,0,1,1,25,6,0,0,0,0,0,0,1
46,17,0,25,1,0,2,2,0,0,0,0,0,0,0,0,0
56,3,0,46,2,0,1,6,0,1,0,0,0,0,0,0,1
26,14,0,12,3,0,0,1,11,0,1,0,0,1,0,0,1
13,13,0,0,3,0,0,0,10,0,0,0,0,1,0,0,1
146,6,0,134,5,2,0,7,17,0,1,0,1,0,0,0,1
26,9,2,10,2,0,0,2,0,0,0,0,0,0,0,0,0
28,15,0,7,4,0,0,1,17,0,0,0,0,1,0,0,1
28,6,0,0,1,0,0,0,4,1,0,1,0,0,0,0,1
39,14,0,14,2,0,0,2,2,2,0,0,0,0,0,0,0
58,22,0,32,2,1,0,3,0,0,0,0,0,0,0,0,0
63,11,0,48,1,2,0,4,10,0,2,0,0,0,0,0,1
43,3,16,20,3,0,1,1,2,4,0,0,0,0,0,0,1
49,7,0,38,1,1,0,3,8,0,0,0,0,0,0,0,0
25,12,0,13,4,0,0,2,9,0,0,0,0,1,0,0,1
97,5,0,21,5,1,0,6,0,6,2,0,1,0,0,0,1
38,29,0,0,1,2,0,0,0,0,1,0,0,0,0,0,1
19,3,11,0,2,0,0,0,0,0,0,0,0,0,0,0,0
53,6,7,35,2,3,0,2,6,0,0,0,0,0,0,0,0
55,8,6,37,3,0,0,4,0,0,1,0,0,0,0,0,1
20,8,0,8,1,0,0,2,6,0,0,0,0,0,0,0,1
41,20,0,17,2,0,0,2,0,0,0,0,0,0,0,0,0
29,12,0,13,1,0,0,3,0,0,0,0,0,0,0,0,1
31,7,0,6,1,0,1,1,1,2,0,0,0,0,0,0,0
52,6,7,34,3,0,1,3,0,0,0,0,0,0,0,0,0
54,23,26,0,2,3,0,0,1,0,2,0,0,0,0,0,1
71,9,0,58,3,0,4,5,6,0,0,0,0,0,0,0,0
29,9,2,13,2,0,0,2,0,0,0,0,0,0,0,0,0
108,3,0,101,1,10,0,4,8,0,0,0,0,0,0,0,0
19,7,0,9,1,1,0,1,3,0,0,0,0,0,0,0,1
52,10,0,38,1,0,0,3,0,0,0,0,0,0,0,0,1
10,6,0,0,1,0,0,0,0,0,0,0,0,0,0,0,1
409,11,111,186,17,5,2,14,114,9,4,0,1,0,0,0,0
42,7,0,31,1,2,0,2,0,0,0,0,0,0,0,0,0
29,11,0,14,2,0,0,1,0,0,0,0,0,0,0,0,0
89,9,0,59,3,1,0,7,0,4,2,0,1,0,0,0,1
40,15,20,0,2,2,0,0,1,0,0,0,0,0,0,0,0
52,20,0,18,1,1,0,1,0,2,0,0,0,0,0,0,1
31,4,0,23,2,0,0,2,0,0,0,0,0,0,0,0,1
34,3,0,27,1,1,0,2,0,0,0,0,0,0,0,0,0
43,10,0,23,2,0,2,2,0,1,0,0,0,0,0,0,1
78,8,0,66,2,7,0,2,12,0,0,0,0,0,0,0,0
409,11,111,186,17,5,2,14,114,9,4,0,1,0,0,0,0
26,22,0,0,1,0,0,0,0,0,0,0,0,0,0,0,1
28,16,0,1,1,0,0,1,4,2,0,0,0,0,0,0,0
38,6,0,29,2,0,0,3,1,1,0,0,0,0,0,0,1
47,12,0,11,2,0,0,1,1,4,0,0,0,0,0,0,1
64,5,15,39,3,0,2,3,0,0,1,0,0,0,0,0,0
85,6,0,75,1,2,2,6,39,0,0,0,0,0,0,0,0
74,10,30,30,7,1,0,3,2,0,0,0,0,0,0,0,1
47,6,0,8,3,0,0,5,1,2,0,0,0,0,0,0,1
29,4,0,21,1,0,0,3,5,0,0,0,0,0,0,0,1
33,9,0,20,2,0,0,2,1,0,0,0,0,0,0,0,1
19,10,0,5,1,0,0,1,0,0,0,0,0,0,0,0,1
233,4,210,15,13,1,0,2,83,0,3,0,0,0,0,0,0
125,8,0,113,3,11,0,4,5,0,1,0,0,0,0,0,0
58,6,0,49,2,2,0,3,0,0,0,0,0,0,0,0,1
11,7,0,0,1,0,0,0,4,0,0,0,0,0,0,0,1
52,6,0,42,1,0,0,3,21,0,0,0,0,0,0,0,1
254,15,0,49,5,3,1,6,26,14,0,0,1,0,0,0,1
40,13,0,23,2,0,0,2,0,0,0,0,0,0,0,0,0
131,14,0,113,2,2,10,6,6,0,0,0,0,0,0,0,0
32,8,2,14,3,0,0,2,2,0,0,0,0,0,0,0,1
76,14,0,10,2,0,1,1,4,8,0,0,0,0,0,0,1
16,13,0,0,1,0,0,0,0,0,0,0,0,0,0,0,1
19,15,0,0,1,0,0,0,0,0,0,0,0,0,0,0,1
74,11,0,10,2,0,1,1,5,8,0,0,0,0,0,0,1
48,14,0,30,1,1,1,3,5,0,0,0,0,0,0,0,0
36,4,0,28,1,0,0,4,0,0,0,0,0,0,0,0,0
23,9,0,1,1,0,0,1,1,2,0,0,0,0,0,0,0
19,14,0,5,3,0,0,1,12,0,0,0,0,1,0,0,1
100,11,0,86,4,5,1,5,1,0,0,0,0,0,0,0,1
59,14,0,42,2,1,1,4,0,0,0,0,0,0,0,0,1
43,9,30,0,2,3,0,0,0,0,0,0,0,0,0,0,0
25,8,6,6,2,0,0,1,0,0,0,0,0,0,0,0,1
50,8,0,38,1,5,0,1,0,0,0,0,0,0,0,0,0
70,4,0,10,2,0,1,1,5,10,0,0,0,0,0,0,1
70,5,10,13,3,0,1,1,15,2,0,0,0,0,0,0,1
55,12,0,36,3,1,0,4,7,0,1,0,0,0,0,0,1
19,15,0,0,1,0,0,0,0,0,0,0,0,0,0,0,0
32,9,6,13,3,0,0,1,1,0,0,0,0,0,0,0,1
11,7,0,0,1,0,0,0,0,0,0,0,0,0,0,0,0
17,13,0,0,1,0,0,0,0,0,0,0,0,0,0,0,0
16,12,0,0,1,0,0,0,0,0,0,0,0,0,0,0,0
19,8,0,8,1,0,0,1,0,0,0,0,0,0,0,0,1
90,9,0,10,3,0,2,1,7,8,0,0,0,0,0,0,1
29,9,16,0,2,1,0,0,0,0,0,0,0,0,0,0,0
49,10,0,35,2,1,0,4,3,0,0,0,0,0,0,0,1
94,10,12,58,2,1,0,4,12,2,0,0,0,0,0,0,1
35,6,0,25,1,2,0,1,0,0,0,0,0,0,0,0,0
199,13,0,39,6,1,5,2,55,37,0,0,0,0,0,0,0
18,7,0,8,1,1,0,2,2,0,0,0,0,0,0,0,1
39,19,0,17,1,0,0,1,0,0,0,0,0,0,0,0,1
43,3,0,36,2,0,0,6,0,0,0,0,0,0,0,0,1
42,10,0,28,1,1,0,3,0,0,2,0,0,0,0,0,1
170,10,0,104,7,2,4,9,17,2,1,0,1,0,0,0,1
20,13,0,3,1,0,0,1,0,0,0,0,0,0,0,0,1
69,8,0,57,1,1,0,4,12,0,0,0,0,0,0,0,1
41,8,0,29,1,0,2,3,0,0,0,0,0,0,0,0,0
106,14,0,92,3,0,0,2,11,0,1,0,1,1,0,0,1
91,6,8,73,3,7,0,3,13,0,0,0,0,0,0,0,0
27,6,9,8,3,0,0,1,2,0,0,0,0,0,0,0,0
140,17,0,112,1,12,0,1,7,11,1,0,0,0,0,0,0
37,16,0,17,2,0,0,2,0,0,0,0,0,0,0,0,0
117,11,0,102,2,5,10,1,15,0,0,0,0,0,0,0,0
22,10,0,8,1,0,0,1,2,0,0,0,0,0,0,0,1
22,7,0,11,2,0,0,1,0,0,0,0,0,0,0,0,1
35,17,0,14,2,0,0,2,0,0,0,0,0,0,0,0,1
378,11,111,155,17,5,2,14,95,9,4,0,1,0,0,0,0
25,8,0,13,1,0,0,2,0,0,0,0,0,0,0,0,1
40,7,0,29,2,0,0,2,0,0,0,0,0,0,0,0,0
26,4,5,12,2,0,0,2,3,0,0,0,0,0,0,0,1
121,8,0,57,8,0,0,2,26,4,0,0,0,0,0,0,0
45,6,0,35,1,3,0,2,7,0,0,0,0,0,0,0,0
25,21,0,0,1,0,0,0,0,0,0,0,0,0,0,0,0
35,12,0,19,1,0,0,2,3,0,0,0,0,0,0,0,0
73,13,0,56,1,8,0,2,3,0,0,0,0,0,0,0,1
49,15,7,22,3,0,0,2,7,0,0,0,0,0,0,0,0
34,12,0,18,1,1,0,2,8,0,0,0,0,0,0,0,1
49,14,6,24,3,0,0,1,7,1,0,0,0,0,0,0,1
22,9,0,10,1,0,0,1,1,0,0,0,0,0,0,0,1
14,10,0,0,1,1,0,0,0,0,0,0,0,0,0,0,1
40,9,0,27,1,1,0,4,0,0,0,0,0,0,0,0,1
92,9,0,80,3,2,0,8,0,0,1,0,1,0,0,0,1
44,11,0,29,2,0,0,4,1,0,0,0,0,0,0,0,1
24,12,0,8,1,0,0,1,0,0,0,0,0,0,0,0,1
13,9,0,0,1,0,0,0,0,0,0,0,0,0,0,0,1
95,22,15,53,4,2,0,1,0,1,0,1,0,0,0,0,1
18,9,0,6,1,0,0,1,0,0,0,0,1,0,0,0,1
28,13,0,11,2,0,0,1,0,0,0,0,0,0,1,0,1
21,6,0,11,2,0,0,1,3,0,0,0,0,0,0,0,0
68,7,0,43,2,3,0,4,6,2,0,0,0,0,0,0,1
35,20,0,11,2,0,0,1,4,0,0,0,0,0,0,0,0
86,11,0,10,2,0,1,1,5,10,0,0,0,0,0,0,1
68,13,0,51,2,0,3,2,0,0,0,0,0,0,0,0,0
45,7,0,34,1,4,0,1,4,0,0,0,0,0,0,0,0
18,7,0,8,1,1,0,1,2,0,0,0,0,0,0,0,1
50,25,0,19,3,3,0,2,4,0,0,0,0,0,0,0,1
35,18,0,11,3,1,0,1,0,0,0,0,0,0,0,0,1
50,5,40,0,2,0,0,0,0,0,0,0,0,0,0,0,0
33,9,0,20,2,0,0,2,1,0,0,0,0,0,0,0,1
75,14,0,10,2,0,1,1,2,6,0,0,0,0,0,0,1
42,12,0,9,1,0,0,1,2,2,0,0,0,0,0,0,1
14,5,0,5,1,0,0,1,0,0,0,0,0,0,0,0,1
39,11,0,16,2,0,0,1,2,2,0,0,0,0,0,0,1
17,10,0,0,2,0,0,0,0,0,0,0,0,0,0,0,1
58,6,0,48,2,2,0,4,0,0,0,0,0,0,0,0,0
46,5,6,11,2,0,1,2,1,3,0,0,0,0,0,0,1
54,18,0,22,2,0,0,3,0,1,0,0,0,0,0,0,1
68,6,0,58,1,4,0,5,4,0,0,0,0,0,0,0,0
31,4,13,9,3,0,0,1,4,0,0,0,0,0,0,0,0
19,7,0,9,1,0,0,1,2,0,0,0,0,0,0,0,1
18,10,0,4,1,0,0,1,0,0,0,0,0,0,0,0,1
54,18,0,10,3,1,0,2,0,3,0,0,0,0,0,0,1
97,14,0,79,5,1,0,11,0,0,2,0,0,0,0,0,0
82,14,0,10,2,0,1,1,3,10,0,0,0,0,0,0,1
109,15,0,44,5,4,1,8,0,2,2,0,1,0,0,0,1
75,8,60,0,11,2,0,0,2,0,2,0,0,0,0,0,1
61,5,5,46,2,6,0,1,8,0,0,0,0,0,0,0,0
36,5,0,13,2,1,0,1,0,2,0,0,0,0,0,0,0
30,6,0,20,2,0,1,1,0,0,0,0,0,0,0,0,1
78,13,0,61,1,6,1,4,0,0,0,0,0,0,0,0,0
32,12,0,16,1,0,0,2,0,0,0,0,0,0,0,0,1
94,13,50,21,8,1,0,4,0,0,0,0,1,0,0,0,1
105,13,0,88,1,11,0,4,10,0,0,0,0,0,0,0,0
18,7,0,7,1,0,0,1,3,0,0,0,0,0,0,0,1
37,9,0,25,2,0,0,4,1,0,0,0,0,0,0,0,1
57,8,7,37,2,0,0,3,0,2,0,0,0,0,0,0,0
162,10,24,93,2,1,5,5,13,6,0,0,0,0,0,0,1
23,8,0,11,1,0,0,1,0,0,0,0,0,0,0,0,1
43,8,0,5,1,0,0,1,0,5,0,0,0,0,0,0,0
78,24,0,18,3,1,0,1,1,6,0,0,0,0,0,0,1
44,8,8,23,3,0,0,2,0,1,0,0,0,0,0,0,0
69,18,0,45,2,0,0,3,22,0,0,0,0,0,0,0,1
80,10,10,55,3,0,1,5,29,3,1,1,0,0,0,0,1
25,12,0,9,1,0,0,1,0,0,0,0,0,0,0,0,1
24,7,0,11,3,1,0,1,0,0,0,0,0,0,0,0,1
57,36,0,17,2,3,1,1,0,0,0,0,0,0,0,0,0
69,9,0,10,2,0,1,1,2,8,0,0,0,0,0,0,1
212,14,0,12,2,0,1,2,28,8,0,0,0,0,0,0,1
36,15,0,17,2,1,0,3,0,0,0,0,0,0,0,0,1
55,12,0,39,1,3,0,3,11,0,0,0,0,0,0,0,0
61,10,0,47,2,0,0,7,10,0,0,0,0,0,0,0,1
27,14,0,7,4,0,0,1,16,0,0,0,0,1,0,0,1
27,15,0,12,3,0,0,2,13,0,0,0,0,1,0,0,1
30,17,0,9,1,0,0,2,3,0,0,0,0,0,0,0,0
39,14,8,12,2,0,0,3,6,0,0,0,0,0,0,0,0
37,6,0,24,3,0,0,3,0,0,0,0,0,0,0,0,1
47,14,0,26,4,1,0,3,0,0,1,0,0,0,0,0,0
103,10,0,89,1,12,0,3,2,0,1,0,0,0,0,0,0
16,4,0,8,1,0,0,1,0,0,0,0,0,0,0,0,1
16,5,0,7,1,0,0,1,0,0,1,0,0,0,0,0,0
24,15,0,9,4,0,0,1,14,0,0,0,0,1,0,0,1
29,9,0,16,1,0,0,2,3,1,0,0,0,0,0,0,0
17,13,0,0,1,1,0,0,0,0,0,0,0,0,0,0,0
14,10,0,0,1,0,0,0,0,0,0,0,0,0,0,0,0
73,10,0,10,2,1,2,1,3,8,0,0,0,0,0,0,1
17,5,7,0,2,0,0,0,2,0,0,0,0,0,0,0,1
20,16,0,0,1,0,0,0,0,0,0,0,0,0,0,0,0
117,5,16,47,8,0,0,7,1,11,2,0,1,0,0,0,1
61,8,7,42,3,3,0,3,16,0,0,0,0,0,0,0,1
105,9,0,92,7,0,1,5,15,0,0,0,1,1,0,0,1
42,5,0,31,2,1,0,3,0,0,0,0,0,0,0,0,0
46,9,0,30,3,0,0,3,0,0,0,0,0,0,0,0,1
44,8,0,32,1,1,0,3,10,0,0,0,0,0,0,0,0
34,11,0,19,1,0,0,2,0,0,0,0,0,0,0,0,1
95,14,0,32,2,1,1,3,4,8,0,0,0,0,0,0,1
65,9,0,10,2,0,1,1,3,8,0,0,0,0,0,0,1
80,16,0,10,2,0,1,1,6,8,0,0,0,0,0,0,1
24,10,0,11,1,0,0,1,2,0,0,0,0,0,0,0,1
62,7,0,51,1,8,0,1,5,0,0,0,0,0,0,0,0
73,19,0,48,2,6,0,3,6,0,0,0,0,0,0,0,1
17,13,0,0,1,0,0,0,0,0,0,0,0,0,1,0,1
51,16,0,19,2,1,0,2,2,2,0,0,0,0,0,0,0
155,7,7,40,5,1,3,3,38,5,3,0,0,0,0,0,1
75,18,0,75,4,0,1,5,1,0,0,0,1,0,0,0,1
31,17,0,11,1,0,0,2,0,0,0,0,0,0,0,0,1
20,9,0,7,1,0,0,1,1,0,0,0,0,0,0,0,1
166,14,3,41,5,10,1,2,47,11,0,0,0,0,0,0,1
20,16,0,0,1,0,0,0,0,0,0,0,0,0,0,0,0
43,17,0,22,1,0,2,2,4,0,0,0,0,0,0,0,0
28,13,0,8,2,0,0,2,0,0,0,0,0,0,0,0,1
27,4,0,19,1,0,0,3,7,0,0,0,0,0,0,0,0
33,13,0,16,2,0,0,1,0,0,0,0,0,0,0,0,0
24,8,11,0,2,0,0,0,0,0,0,0,0,0,0,0,0
25,14,0,11,4,0,0,2,12,0,0,0,0,1,0,0,1
32,13,0,16,1,1,0,2,0,0,0,0,0,0,0,0,1
100,12,0,84,1,13,1,2,7,0,0,0,0,0,0,0,0
49,5,10,30,4,0,0,4,12,0,0,0,0,0,0,0,0
20,11,0,5,1,0,0,1,0,0,0,0,0,0,0,0,1
13,9,0,0,1,0,0,0,0,0,0,0,0,0,0,0,1
22,10,0,12,4,0,0,1,11,0,0,0,0,1,0,0,1
17,13,0,0,1,0,0,0,0,0,0,0,0,0,0,0,1
117,8,0,25,3,5,0,4,7,9,0,0,0,0,0,0,1
45,8,2,30,2,0,0,2,0,0,0,0,0,0,0,0,0
46,10,0,32,1,1,0,3,0,0,0,0,0,0,0,0,1
24,3,17,0,2,1,0,0,3,0,0,0,0,0,0,0,1
32,8,9,10,2,0,0,2,4,0,0,0,0,0,0,0,1
62,9,7,41,2,0,2,2,0,0,0,0,0,0,0,0,0
28,10,0,15,2,1,0,2,0,0,1,0,0,0,0,0,1
60,12,0,44,2,1,0,3,0,0,0,0,0,0,0,0,1
42,23,0,16,2,0,0,1,0,0,0,0,0,0,0,0,1
55,17,0,35,1,1,1,1,7,1,0,0,1,0,0,0,1
42,9,0,30,2,2,0,2,0,0,0,0,0,0,0,0,1
28,7,4,13,2,0,0,1,0,0,0,0,0,0,0,0,1
131,13,0,66,1,2,3,6,24,4,0,0,0,0,0,0,1
35,9,0,21,1,0,0,3,0,0,1,0,0,0,1,0,1
117,8,0,6,3,2,0,1,11,8,1,0,1,0,0,0,1
32,29,0,0,1,0,0,0,0,0,0,0,0,0,0,0,1
102,2,12,83,3,9,1,6,13,0,0,0,0,0,0,0,0
92,14,0,10,2,0,1,1,6,10,0,0,0,0,0,0,1
36,8,16,7,4,0,0,1,0,0,2,0,1,0,0,0,1
81,10,0,67,1,10,0,1,10,0,0,0,0,0,0,0,0
65,7,0,3,1,0,2,1,22,3,0,0,0,0,0,0,1
32,16,0,13,2,0,0,1,0,0,0,0,0,0,0,0,0
28,10,0,11,3,0,0,1,0,0,0,0,0,0,0,0,1
46,8,0,17,3,1,0,4,0,1,1,0,1,0,0,0,1
34,8,0,22,2,0,0,2,0,0,0,0,0,0,0,0,0
39,9,26,0,5,0,0,0,5,0,0,0,0,0,0,0,1
17,4,0,9,2,0,0,1,2,0,0,0,0,0,0,0,0
54,14,0,36,2,2,0,2,0,0,0,0,0,0,0,0,0
13,4,0,6,1,0,0,1,0,0,0,0,0,0,0,0,1
31,12,0,15,2,0,0,1,0,0,0,0,0,0,0,0,1
43,16,0,23,2,0,1,2,0,0,0,0,0,0,0,0,0
56,2,8,11,2,0,0,3,7,4,0,0,0,0,0,0,0
14,2,0,1,1,0,0,1,3,2,0,0,0,0,0,0,1
20,8,0,8,1,0,0,1,1,0,0,0,0,0,0,0,0
10,6,0,0,1,0,0,0,3,0,0,0,0,0,0,0,1
145,15,0,99,2,5,2,9,5,5,2,0,0,0,0,0,1
29,6,10,8,2,0,0,1,0,0,1,0,0,0,0,0,1
145,17,104,19,12,0,0,2,52,0,2,0,0,0,0,0,0
116,10,0,102,2,9,0,6,8,0,0,0,0,0,0,0,0
84,3,0,62,2,4,0,3,6,2,0,0,0,0,0,0,0
42,7,3,25,3,0,0,4,17,0,0,0,0,0,0,0,0
50,17,0,30,2,0,0,3,0,0,0,0,0,0,0,0,1
68,8,0,56,2,6,0,3,2,0,0,0,0,0,0,0,0
83,7,0,73,2,9,0,2,17,0,0,0,0,0,0,0,0
46,6,0,37,1,4,0,4,1,0,0,0,0,0,0,0,1
52,10,0,38,1,2,0,3,5,0,0,0,0,0,0,0,0
44,3,9,16,3,0,0,2,7,2,0,0,0,0,0,0,0
50,13,0,31,3,0,0,3,0,0,0,0,0,0,0,0,1
52,13,0,35,2,0,0,3,3,0,0,0,0,0,0,0,0
37,10,0,23,2,0,1,2,0,0,0,0,0,0,0,0,0
51,10,0,38,1,0,0,2,21,0,0,0,0,0,0,0,1
22,9,8,0,2,0,0,0,0,0,0,0,0,0,0,0,0
55,6,0,45,1,4,0,3,4,0,1,0,0,0,0,0,0
38,9,2,22,2,0,1,2,0,0,0,0,0,0,0,0,0
44,7,5,16,2,0,0,1,0,2,0,0,0,0,0,0,1
58,5,7,15,2,0,0,2,18,2,0,0,0,0,0,0,0
43,9,0,30,2,0,2,2,0,0,1,0,0,0,0,0,1
33,7,4,17,3,0,0,2,0,0,0,0,0,0,0,0,1
39,10,0,25,2,0,1,2,0,0,0,0,0,0,0,0,0
186,8,0,10,2,0,1,1,26,8,0,0,0,0,0,0,1
23,5,0,14,2,0,1,1,3,0,0,0,0,0,0,0,1
31,7,0,6,1,0,0,1,3,2,0,0,0,0,0,0,0
50,7,0,39,2,1,0,5,0,0,0,0,0,0,0,0,1
44,16,20,0,3,0,0,0,3,0,0,0,0,0,0,0,1
44,8,0,32,1,1,0,2,0,0,0,0,0,0,0,0,0
11,8,0,0,1,0,0,0,0,0,0,0,0,0,0,0,1
21,11,0,6,1,0,0,1,3,0,0,0,0,0,0,0,1
70,7,40,18,3,0,0,2,2,0,0,0,0,0,0,0,1
16,7,0,5,1,0,0,1,0,0,0,0,0,0,0,0,0
35,13,0,18,2,0,0,2,3,0,0,0,0,0,0,0,1
36,12,0,17,3,1,0,2,1,0,0,0,0,0,0,0,1
103,11,0,88,2,5,6,1,15,0,0,0,0,0,0,0,0
26,9,0,13,1,1,0,3,0,0,0,0,0,0,0,0,1
100,5,4,86,8,0,0,5,15,0,0,0,1,1,0,0,1
31,8,0,19,1,0,0,2,0,0,0,0,0,0,0,0,0
148,8,10,124,2,0,1,2,18,0,0,0,0,0,0,0,1
30,13,0,13,2,0,0,1,0,0,0,0,0,0,0,0,1
72,8,0,61,5,0,0,12,9,0,2,0,0,0,0,0,0
70,7,6,13,2,0,0,2,23,2,0,0,0,0,0,0,0
95,21,0,10,2,3,1,1,5,8,0,0,0,0,0,0,1
211,11,22,12,3,0,0,1,10,26,0,0,0,0,0,0,1
79,12,0,63,1,6,0,2,7,0,0,0,0,0,0,0,0
30,11,0,15,1,1,0,1,0,0,0,0,0,0,0,0,1
26,9,0,13,1,0,0,2,3,1,0,0,0,0,0,0,0
37,4,0,29,1,0,0,4,0,0,0,0,0,0,0,0,0
88,18,10,55,2,1,0,5,22,0,0,0,0,0,0,0,1
9,6,0,0,1,0,0,0,0,0,0,0,0,0,1,0,1
15,11,0,0,1,0,0,0,0,0,0,0,0,0,0,0,0
108,9,0,45,4,1,0,6,6,2,0,0,1,0,0,0,1
245,11,0,37,8,0,1,10,10,28,1,0,1,0,0,0,1
111,19,0,39,2,1,3,5,3,4,0,0,0,0,0,0,1
33,5,6,15,4,0,0,2,0,0,0,0,0,0,0,0,1
109,11,0,18,6,1,0,8,2,6,1,0,0,0,0,0,0
17,13,0,0,1,0,0,0,0,0,0,0,0,0,0,0,0
54,16,0,34,1,1,0,3,0,0,0,0,0,0,0,0,0
28,10,0,14,1,0,0,2,6,0,0,0,0,0,0,0,0
64,18,0,10,2,0,1,1,3,4,0,0,0,0,0,0,1
18,7,0,7,1,0,0,1,0,0,0,0,0,0,0,0,0
235,16,3,1,4,1,3,1,33,17,0,0,0,0,0,0,1
54,14,0,36,1,1,0,4,4,0,0,0,0,0,0,0,0
45,16,0,25,2,1,0,3,2,0,0,0,0,0,0,0,0
58,6,0,48,1,2,0,3,7,0,1,0,0,0,0,0,0
254,15,0,49,5,3,1,6,26,14,0,0,1,0,0,0,1
78,13,0,10,2,2,1,1,4,6,0,0,0,0,0,0,1
34,11,0,19,1,0,0,3,2,0,0,0,0,0,0,0,1
117,5,16,47,8,0,0,7,1,11,2,0,1,0,0,0,1
244,12,0,41,9,0,1,9,8,27,1,0,1,0,0,0,1
99,12,75,7,10,0,0,1,18,0,2,0,0,0,0,0,0
15,12,0,0,1,2,0,0,0,0,0,0,0,0,1,0,1
78,2,0,72,1,13,0,2,6,0,0,0,0,0,0,0,0
104,5,0,13,4,0,0,6,1,10,2,0,1,0,0,0,1
51,18,0,30,2,1,0,2,0,0,0,0,0,0,0,0,1
49,6,8,30,3,1,0,2,0,0,0,0,0,0,0,0,1
129,4,0,121,11,3,0,10,0,0,2,0,0,0,0,0,1
77,9,0,64,1,0,0,1,25,21,0,0,0,0,0,0,1
104,13,0,10,2,5,1,1,3,8,0,0,0,0,0,0,1
41,16,0,21,1,0,1,2,8,0,0,0,0,0,0,0,0
38,9,0,25,2,0,0,3,0,0,0,0,0,0,0,0,1
219,19,185,8,7,4,0,1,69,0,2,0,0,0,0,0,0
23,13,0,6,1,0,0,1,0,0,0,0,0,0,0,0,0
19,15,0,0,1,0,0,0,0,0,0,0,0,0,0,0,0
28,9,0,15,1,0,0,3,0,0,0,0,0,0,0,0,1
18,3,0,11,1,0,0,1,0,0,0,0,0,0,0,0,1
47,5,19,18,4,0,0,1,0,0,0,0,0,0,0,0,0
33,9,0,20,2,0,0,2,3,0,0,0,0,0,0,0,1
96,8,28,55,5,0,4,3,1,1,0,0,0,0,0,0,0
95,8,0,80,2,11,0,4,0,0,0,0,0,0,0,0,0
100,26,0,10,2,0,3,1,5,10,0,0,0,0,0,0,1
74,15,0,55,1,6,0,3,2,0,0,0,0,0,0,0,1
122,4,10,30,4,3,0,3,37,2,1,0,0,0,0,0,0
44,3,0,19,3,0,0,2,7,4,0,0,0,0,0,0,1
18,5,0,9,1,0,0,2,3,0,0,0,0,0,0,0,0
31,7,0,20,1,1,0,2,0,0,0,0,0,0,0,0,0
17,12,0,0,1,0,0,0,0,0,0,0,0,0,1,0,0
57,5,10,37,3,0,0,4,0,0,0,0,0,0,0,0,0
49,14,0,31,2,0,0,4,4,0,0,0,0,0,0,0,0
105,9,0,92,7,0,1,5,15,0,0,0,1,1,0,0,1
55,9,0,41,2,2,0,6,0,0,1,0,0,0,1,0,0
60,6,0,47,2,5,0,2,0,0,0,0,0,0,0,0,1
39,12,0,23,1,1,0,2,0,0,0,0,0,0,0,0,0
16,3,0,10,2,1,0,1,0,0,0,0,0,0,0,0,1
69,29,0,36,2,0,0,4,0,0,1,0,0,0,0,0,1
23,9,0,11,1,0,0,2,0,0,0,0,0,0,0,0,1
68,12,0,52,2,1,0,6,1,0,0,0,0,0,0,0,1
78,15,0,10,2,0,1,1,5,8,0,0,0,0,0,0,1
33,14,0,19,4,0,0,2,11,0,0,0,0,1,0,0,1
28,8,0,16,1,0,0,2,0,0,0,0,0,0,0,0,0
28,10,0,14,2,0,0,2,0,0,0,0,0,0,0,0,1
25,8,0,13,1,0,0,2,3,0,0,0,0,0,0,0,1
45,11,0,30,1,1,0,5,0,0,0,0,0,0,0,0,1
39,8,0,27,2,0,0,2,0,0,0,0,0,0,0,0,0
40,16,0,17,3,0,0,3,0,0,0,0,0,0,0,0,1
28,5,0,19,2,0,0,3,0,0,0,0,0,0,0,0,1
35,9,0,20,3,1,0,2,0,0,0,0,0,0,0,0,0
27,9,0,15,1,0,0,2,3,1,0,0,0,0,0,0,0
99,8,7,8,6,1,0,8,2,5,1,0,0,0,0,0,0
21,15,0,0,2,0,0,0,0,0,0,0,0,0,0,0,1
93,6,4,78,2,0,0,5,7,0,1,0,0,0,0,0,1
29,10,0,12,2,0,0,3,0,0,0,0,0,0,0,0,1
108,9,0,45,4,1,0,6,6,2,0,0,1,0,0,0,1
33,14,0,15,1,0,0,2,0,0,0,0,0,0,0,0,0
43,16,0,23,2,0,0,2,0,0,0,0,0,0,0,0,0
35,6,6,18,2,0,0,1,0,0,0,0,0,0,0,0,1
24,5,0,15,1,0,0,3,0,0,0,0,0,0,0,0,1
96,20,0,72,1,0,0,4,39,0,0,0,0,0,0,0,1
19,7,0,8,1,0,0,1,0,0,0,0,0,0,0,0,1
38,12,18,0,3,0,0,0,0,0,1,0,0,0,0,0,1
43,3,0,15,1,0,0,2,10,5,0,0,0,0,0,0,1
26,8,2,11,2,1,0,1,2,1,0,0,0,0,0,0,1
36,4,0,28,2,0,0,2,0,0,0,0,0,0,0,0,0
35,12,0,19,2,0,0,2,0,0,0,0,0,0,0,0,1
56,7,13,31,4,1,0,1,1,0,0,0,0,0,0,0,0
36,8,0,24,2,2,0,2,0,0,0,0,0,0,0,0,1
13,9,0,0,1,0,0,0,0,0,0,0,0,0,0,0,0
18,13,0,0,3,0,0,0,14,0,0,0,0,1,0,0,1
10,7,0,0,1,0,0,0,0,0,0,0,0,0,1,0,1
22,7,0,11,1,0,0,1,0,0,0,0,0,0,0,0,1
101,16,0,10,3,0,1,1,9,10,0,0,0,0,0,0,1
34,16,0,14,2,0,0,1,0,0,0,0,0,0,0,0,1
94,15,0,26,2,0,0,3,7,6,0,0,0,0,0,0,0
15,11,0,0,1,0,0,0,0,0,1,0,0,0,0,0,1
23,11,0,9,2,0,0,1,0,0,0,0,0,0,0,0,1
24,12,0,8,1,0,0,1,4,0,0,0,0,0,0,0,1
28,12,0,12,1,0,0,1,0,0,0,0,0,0,0,0,1
60,7,6,43,3,0,0,5,0,0,0,0,0,0,0,0,1
16,12,0,0,1,0,0,0,0,0,0,0,0,0,0,0,0
95,17,0,10,3,0,2,1,4,8,0,0,0,0,0,0,1
45,6,0,36,1,2,0,3,0,0,0,0,0,0,0,0,1
30,7,0,19,1,0,1,1,0,0,0,0,0,0,0,0,0
60,3,0,51,2,4,0,3,25,0,0,0,0,0,0,0,0
68,8,0,54,3,4,0,5,10,0,0,0,0,0,0,0,1
82,12,0,10,2,0,1,1,4,10,0,0,0,0,0,0,1
14,3,0,4,3,0,0,1,0,0,0,0,0,0,0,0,0
33,3,0,26,1,1,0,2,9,0,0,0,0,0,0,0,1
23,4,0,15,1,0,0,2,7,0,0,0,0,0,0,0,0
77,12,0,10,3,0,1,1,4,8,0,0,0,0,0,0,1
91,21,58,7,6,3,0,1,4,0,3,0,1,0,0,0,0
129,6,0,119,1,2,0,1,16,1,0,0,0,0,0,0,1
49,15,0,31,3,0,0,2,0,0,1,0,0,0,0,0,1
71,10,0,57,1,5,0,2,8,0,0,0,0,0,0,0,0
31,13,0,15,2,0,0,2,0,0,0,0,0,0,0,0,1
31,10,0,17,2,1,0,2,0,0,0,0,0,0,0,0,1
93,5,0,74,4,2,0,8,3,2,0,0,0,0,0,0,0
42,4,0,34,2,0,0,3,0,0,0,0,0,0,0,0,0
117,5,16,47,8,0,0,7,1,11,2,0,1,0,0,0,1
107,15,0,24,2,0,3,4,0,8,1,0,0,0,0,0,1
22,10,0,8,1,0,0,1,3,0,0,0,0,0,0,0,1
75,15,0,57,2,4,0,4,2,0,0,0,0,0,0,0,0
23,4,0,15,1,0,0,2,7,0,0,0,0,0,0,0,0
85,16,0,66,3,1,0,7,0,0,0,0,0,0,0,0,1
541,11,0,35,3,1,0,4,150,2,0,0,1,0,0,0,1
89,12,0,64,3,3,0,5,0,2,0,0,0,0,0,0,1
30,10,0,16,2,0,0,2,0,0,0,0,0,0,0,0,0
49,13,0,32,2,0,1,2,0,0,0,0,0,0,0,0,1
59,11,0,44,2,3,0,2,0,0,0,0,0,0,0,0,0
14,7,0,0,2,0,0,0,0,0,0,0,0,0,0,0,1
47,6,0,37,1,2,0,3,6,0,1,0,0,0,0,0,0
47,15,0,20,2,0,1,4,2,2,1,0,0,0,0,0,1
25,12,0,7,4,0,0,1,14,0,0,0,0,1,0,0,1
94,10,0,10,2,1,1,1,6,10,0,0,0,0,0,0,1
27,13,9,0,2,0,0,0,5,0,0,0,0,0,0,0,1
18,5,0,9,1,0,0,1,8,0,0,0,0,0,0,0,0
43,17,0,22,1,0,1,2,0,0,0,0,0,0,0,0,0
28,6,0,18,1,2,0,1,0,0,0,0,0,0,0,0,0
19,14,0,0,3,0,0,0,15,0,0,0,0,1,0,0,1
27,4,5,13,2,0,0,2,4,0,0,0,0,0,0,0,1
24,4,5,10,2,0,0,2,0,0,0,0,0,0,0,0,1
50,25,0,19,3,3,0,1,0,0,1,0,0,0,0,0,1
109,15,0,44,5,4,1,8,0,2,2,0,1,0,0,0,1
47,8,0,35,2,0,1,2,17,0,0,0,0,0,0,0,1
38,12,0,22,1,0,1,3,2,0,0,0,0,0,0,0,1
36,10,0,22,2,1,0,3,0,0,0,0,0,0,0,0,0
52,9,7,31,2,0,1,2,0,0,0,0,0,0,0,0,0
70,10,0,43,1,0,0,3,12,4,0,0,0,0,0,0,0
28,17,0,7,1,0,0,1,0,0,0,0,0,0,0,0,0
35,12,18,0,3,0,0,0,0,0,0,0,0,0,0,0,1
106,14,0,92,3,0,0,2,11,0,1,0,1,1,0,0,1
107,13,0,90,1,11,0,4,0,0,0,0,0,0,0,0,0
52,13,0,35,2,2,0,1,0,0,0,0,0,0,0,0,1
26,14,0,8,1,0,0,1,0,0,0,0,0,0,0,0,1
29,12,0,13,1,0,0,2,4,0,0,0,0,0,0,0,1
114,10,0,100,1,11,0,4,8,0,0,0,0,0,0,0,0
102,6,0,17,6,1,0,8,2,6,1,0,0,0,0,0,0
30,12,13,0,2,1,0,0,0,0,0,0,0,0,0,0,0
75,11,0,10,2,0,1,1,6,8,0,0,0,0,0,0,1
52,5,9,33,3,0,0,4,4,0,0,0,0,0,0,0,0
223,16,0,28,6,0,1,3,88,12,1,0,0,0,0,0,1
93,11,0,10,4,0,2,1,5,8,0,0,0,0,0,0,1
64,7,0,54,1,3,0,3,2,0,0,0,0,0,0,0,1
47,9,2,31,2,1,1,2,0,0,0,0,0,0,0,0,0
134,16,0,115,4,2,1,9,6,6,0,0,0,0,0,0,1
56,4,10,37,4,0,0,4,5,0,0,0,0,0,0,0,1
49,11,0,12,2,0,0,1,12,4,0,0,0,0,0,0,0
33,8,0,21,1,0,0,3,0,0,0,0,0,0,0,0,0
31,7,0,6,1,0,1,1,0,2,0,0,0,0,0,0,0
101,12,0,10,3,0,1,1,10,12,0,0,0,0,0,0,1
21,18,0,0,1,0,0,0,0,0,0,0,0,0,0,0,0
56,13,0,40,2,1,0,4,0,0,0,0,0,0,0,0,1
72,6,0,63,2,3,0,6,4,0,0,0,0,0,0,0,1
64,3,8,48,3,0,0,7,2,1,2,0,0,0,0,0,1
37,6,0,11,2,0,1,1,2,2,0,0,0,0,0,0,1
24,5,4,10,2,0,0,2,0,0,0,0,1,0,0,0,1
34,5,12,12,4,1,0,1,0,0,0,0,0,0,0,0,0
46,8,2,31,3,0,0,4,0,0,0,0,0,0,0,0,0
22,6,0,12,1,1,0,1,9,0,0,0,0,0,0,0,0
44,5,0,35,2,0,0,3,0,0,1,0,0,0,0,0,1
75,8,0,63,1,9,0,1,0,0,0,0,0,0,0,0,0
76,7,0,65,1,6,0,3,0,0,0,0,0,0,0,0,0
113,11,0,17,2,1,2,2,6,12,0,0,0,0,0,0,1
56,16,0,36,3,3,0,2,0,0,2,0,0,0,0,0,0
34,15,0,15,1,1,0,1,0,0,0,0,0,0,0,0,0
30,7,0,19,1,0,0,1,0,0,0,0,0,0,0,0,0
541,11,0,35,3,1,0,4,131,2,0,0,1,0,0,0,1
51,7,3,36,2,3,0,2,0,0,0,0,0,0,0,0,1
127,5,0,10,3,10,1,1,8,10,0,0,0,0,0,0,1
39,9,0,26,2,0,1,3,0,1,1,0,0,0,0,0,0
66,17,0,45,1,0,5,2,0,0,0,0,0,0,0,0,0
27,16,0,7,1,0,0,1,1,0,0,0,0,0,0,0,1
96,6,2,15,5,0,1,12,0,1,1,0,0,0,0,0,1
146,9,0,10,2,0,1,1,9,18,0,0,0,0,0,0,1
39,12,0,20,2,2,0,2,2,0,0,0,0,0,0,0,1
35,5,0,26,2,0,0,3,1,0,0,0,0,0,0,0,1
17,13,0,0,1,0,0,0,0,0,0,0,0,0,0,0,1
53,10,0,40,2,5,0,2,0,0,0,0,0,0,0,0,1
28,13,0,15,4,0,0,3,10,0,0,0,0,1,0,0,1
48,17,0,28,2,0,0,3,0,0,0,0,0,0,0,0,1
24,20,0,0,1,1,0,0,0,0,0,0,0,0,0,0,1
44,17,0,23,1,0,0,1,0,1,0,0,0,0,0,0,0
69,7,0,10,2,0,1,1,4,8,0,0,0,0,0,0,1
208,12,0,10,2,10,1,1,8,18,1,0,0,0,0,0,1
269,10,12,60,3,5,4,5,44,15,0,0,0,0,0,0,1
26,8,0,11,3,0,0,1,0,0,0,0,0,0,0,0,1
13,3,0,7,1,0,0,1,1,0,0,0,0,0,0,0,0
50,16,0,21,2,0,0,2,5,2,0,0,0,0,0,0,0
150,13,0,43,2,1,0,4,14,1,0,0,0,0,0,0,1
25,5,0,15,1,1,0,2,0,0,0,0,0,0,1,0,0
26,4,2,3,2,0,0,2,15,1,0,0,0,0,0,0,1
11,7,0,0,1,0,0,0,4,0,0,0,0,0,0,0,1
100,5,4,86,8,0,0,5,15,0,0,0,1,1,0,0,1
53,7,0,42,3,0,0,4,0,1,0,0,0,0,0,0,0
30,8,0,18,2,0,0,1,8,0,0,0,0,0,0,0,1
11,7,0,0,1,0,0,0,0,0,0,0,0,0,0,0,0
25,15,0,7,1,0,0,1,1,0,0,0,0,0,0,0,1
51,4,20,21,5,0,0,2,0,1,2,0,0,0,0,0,0
53,8,0,41,1,3,0,3,0,0,0,0,0,0,0,0,0
42,8,0,27,3,0,1,2,0,0,0,0,0,0,0,0,0
28,9,8,6,2,0,0,1,0,0,0,0,0,0,0,0,0
28,10,0,14,1,1,0,2,0,0,0,0,0,0,0,0,1
146,5,16,20,7,1,0,5,1,20,2,0,1,0,0,0,0
101,8,0,10,2,0,1,1,15,12,0,0,0,0,0,0,1
96,3,15,28,6,1,0,4,0,3,0,1,0,0,0,0,1
60,6,3,47,3,0,2,3,0,0,0,0,0,0,0,0,0
46,6,5,30,2,1,0,3,0,0,1,0,0,0,0,0,1
98,13,0,10,2,0,1,1,2,8,0,0,0,0,0,0,1
18,12,0,0,2,0,0,0,0,0,0,0,0,0,0,0,0
63,8,8,42,3,0,0,4,0,1,0,0,0,0,0,0,0
128,24,0,101,2,8,0,5,5,0,0,0,0,0,0,0,1
92,9,0,80,3,2,0,8,0,0,1,0,1,0,0,0,1
43,8,18,12,3,0,0,1,0,0,0,0,0,0,0,0,1
38,3,0,31,3,1,0,2,2,0,0,0,0,0,0,0,1
94,13,50,21,8,1,0,4,0,0,0,0,1,0,0,0,1
110,3,0,104,1,8,0,5,8,0,0,0,0,0,0,0,0
541,11,0,35,3,1,0,4,131,2,0,0,1,0,0,0,1
32,15,0,13,1,0,0,1,0,0,0,0,0,0,0,0,0
27,4,5,13,2,0,0,2,4,0,0,0,0,0,0,0,1
17,13,0,0,1,0,0,0,1,0,0,0,0,0,0,0,0
33,7,7,15,3,0,0,2,0,1,0,0,0,0,0,0,1
65,19,0,19,4,0,0,3,0,3,1,1,0,0,0,0,1
45,2,11,10,3,0,0,2,9,2,0,0,0,0,0,0,0
41,10,6,20,3,0,0,2,10,0,0,0,0,0,0,0,0
85,16,0,65,2,9,0,1,4,0,0,0,0,0,0,0,0
55,17,0,35,1,1,1,1,7,1,0,0,1,0,0,0,1
110,5,16,20,7,1,0,5,1,11,2,0,1,0,0,0,1
69,8,0,33,2,2,0,3,4,4,0,0,0,0,1,0,0
50,12,0,34,2,1,0,4,10,0,0,0,0,0,0,0,0
43,11,0,28,3,0,0,3,0,0,0,0,0,0,0,0,1
114,8,0,20,5,1,0,12,10,6,1,0,1,0,0,0,1
25,8,0,13,2,0,0,1,0,0,0,0,0,0,0,0,0
79,13,0,45,1,2,0,3,8,2,0,0,0,0,0,0,0
46,15,0,27,2,1,0,3,4,0,0,0,0,0,0,0,1
13,5,3,0,2,0,0,0,0,0,0,0,0,0,0,0,0
92,11,0,10,2,0,1,1,3,10,0,0,0,0,0,0,1
117,13,4,10,6,1,0,1,6,19,2,0,1,0,1,0,0
73,13,0,56,1,0,2,4,0,0,0,0,0,0,1,0,0
37,6,8,18,2,0,0,3,0,0,0,0,0,0,0,0,1
74,13,0,58,1,0,0,4,26,0,1,0,0,0,0,0,0
22,7,0,11,2,0,0,1,0,0,0,0,0,0,0,0,1
49,9,0,36,1,4,0,3,6,0,0,0,0,0,0,0,0
110,11,0,67,1,7,0,3,4,6,0,0,0,0,0,0,1
32,14,0,14,2,0,0,2,0,0,0,0,0,0,0,0,1
126,8,5,22,4,0,0,11,15,5,0,0,0,0,0,0,1
24,9,0,11,2,0,0,1,0,0,0,0,0,0,0,0,1
37,15,0,18,2,0,0,2,0,0,0,0,0,0,0,0,1
39,18,0,18,2,0,0,2,0,0,0,0,0,0,0,0,0
35,14,0,21,4,0,0,2,12,0,0,0,0,1,0,0,1
541,11,0,35,3,1,0,4,150,2,0,0,1,0,0,0,1
76,8,10,53,3,5,0,3,7,0,0,0,0,0,0,0,0
55,17,0,35,1,1,1,1,7,1,0,0,1,0,0,0,1
31,11,3,12,3,0,0,1,0,0,0,0,0,0,0,0,1
45,12,0,30,2,0,0,3,1,0,0,0,0,0,0,0,0
36,6,0,26,1,0,0,1,9,1,0,0,0,0,0,0,1
30,10,0,16,1,0,0,2,0,0,0,0,0,0,0,0,1
31,10,0,17,2,0,0,2,0,0,0,0,0,0,0,0,0
14,10,0,0,1,1,0,0,0,0,0,0,0,0,0,0,0
109,13,0,93,2,11,0,3,6,0,0,0,0,0,0,0,0
75,6,0,4,4,0,0,5,0,5,2,0,1,0,0,0,0
28,13,0,15,5,2,0,1,12,0,0,0,0,1,0,0,1
117,13,4,10,6,1,0,1,6,19,2,0,1,0,1,0,0
31,12,0,7,2,0,0,1,4,2,1,0,0,0,0,0,1
51,4,20,21,5,0,0,2,0,1,2,0,0,0,0,0,0
67,17,0,46,2,5,0,2,2,0,0,0,0,0,0,0,1
36,7,0,25,1,1,1,2,0,0,0,0,0,0,0,0,0
45,8,0,33,2,0,0,4,0,0,1,0,0,0,0,0,1
21,17,0,0,1,0,0,0,0,0,0,0,0,0,0,0,1
25,14,0,7,1,0,0,1,3,0,0,0,0,0,0,0,1
134,6,0,19,2,1,6,3,4,11,1,0,0,0,0,0,1
23,14,0,6,1,0,0,1,0,0,0,0,1,0,0,0,1
99,8,14,27,6,0,1,5,23,4,2,0,0,0,0,0,0
48,12,0,33,4,0,0,5,2,0,0,0,1,0,0,0,1
75,6,0,65,1,11,0,2,12,0,0,0,0,0,0,0,0
92,19,0,69,4,0,0,5,2,0,0,0,1,0,0,0,1
56,5,14,32,4,3,0,2,4,0,0,0,0,0,0,0,1
95,11,0,80,1,10,0,5,8,0,0,0,0,0,0,0,0
142,15,63,44,11,1,1,2,25,2,2,0,0,0,0,0,0
40,20,0,16,1,2,0,2,0,0,0,0,0,0,0,0,1
26,4,5,12,2,0,0,2,3,0,0,0,0,0,0,0,1
32,8,0,20,2,0,0,2,2,0,0,0,0,0,0,0,1
69,12,0,53,1,9,0,3,2,0,0,0,0,0,0,0,1
44,8,0,32,1,1,0,3,15,0,0,0,0,0,0,0,0
54,18,0,33,1,1,1,3,0,0,0,0,0,0,0,0,1
118,14,0,10,2,2,1,1,9,10,0,0,0,0,0,0,1
41,12,0,25,1,2,0,1,0,0,0,0,0,0,0,0,0
44,13,26,0,2,1,0,0,5,0,0,0,0,0,0,0,1
13,10,0,0,1,0,0,0,0,0,0,0,0,0,0,0,1
77,9,0,16,4,0,0,5,0,4,2,0,1,0,0,0,1
52,8,8,31,3,0,0,2,1,1,0,0,0,0,0,0,0
277,30,0,77,5,3,1,5,92,8,2,0,1,0,0,0,1
29,5,0,20,1,1,0,3,2,0,0,0,0,0,0,0,0
39,13,0,22,1,0,0,4,0,0,0,0,0,0,0,0,1
17,13,0,0,1,0,0,0,0,0,0,0,0,0,0,0,1
23,19,0,0,1,1,0,0,0,0,0,0,0,0,0,0,0
49,21,0,24,2,0,0,3,0,0,0,0,0,0,0,0,1
92,14,0,74,2,2,2,4,22,0,2,0,0,0,0,0,1
27,4,0,19,1,0,2,2,5,0,0,0,0,0,0,0,0
34,14,0,16,1,0,0,1,0,0,0,0,0,0,0,0,0
58,5,7,15,2,0,0,2,14,2,0,0,0,0,0,0,0
206,10,0,192,1,1,0,2,57,68,0,0,0,0,0,0,1
38,8,0,26,2,0,0,3,0,1,0,0,0,0,0,0,1
185,13,0,11,2,2,1,1,81,5,1,0,0,0,0,0,0
38,11,0,23,2,0,1,1,0,0,0,0,0,0,0,0,0
34,12,0,18,2,0,0,1,0,0,0,0,0,0,0,0,0
22,10,0,9,1,0,0,1,3,0,0,0,0,0,0,0,1
77,12,0,62,1,6,0,2,2,0,0,0,0,0,0,0,1
26,7,15,0,2,1,0,0,0,0,0,0,0,0,0,0,1
31,13,0,12,4,2,0,1,15,2,0,0,0,1,0,0,1
110,10,0,96,2,9,0,6,8,0,0,0,0,0,0,0,0
14,7,0,4,1,0,0,1,3,0,0,0,0,0,0,0,1
104,5,0,13,4,0,0,6,1,10,2,0,1,0,0,0,1
30,4,2,19,2,0,0,3,0,1,0,0,0,0,0,0,1
101,8,0,86,2,8,0,4,0,0,0,0,0,0,0,0,0
21,7,9,0,2,0,0,0,0,0,0,0,0,0,0,0,0
23,5,0,14,2,1,0,1,0,0,0,0,0,0,0,0,1
36,6,0,10,3,1,0,1,3,2,0,0,0,0,0,0,1
27,4,5,13,2,0,0,2,4,0,0,0,0,0,0,0,1
84,8,0,19,5,1,0,6,1,7,1,0,0,0,0,0,1
18,8,0,6,1,0,0,1,2,0,0,0,0,0,0,0,1
27,14,0,7,4,0,0,1,16,0,0,0,0,1,0,0,1
19,4,0,8,2,0,0,2,1,0,0,0,1,0,0,0,1
26,9,0,13,2,0,0,1,0,0,1,0,0,0,0,0,1
141,13,0,10,2,0,1,1,9,14,0,0,0,0,0,0,1
15,6,0,6,2,0,0,1,0,0,0,0,0,0,0,0,1
23,8,0,11,1,0,0,1,10,0,0,0,0,0,1,0,0
38,20,0,14,2,0,0,1,0,0,0,0,0,0,0,0,1
39,15,0,17,3,0,0,2,1,0,0,0,0,0,0,0,1
132,19,0,109,2,2,0,8,32,0,2,0,0,0,0,0,0
88,10,0,10,3,1,2,1,4,8,0,0,0,0,0,0,1
14,14,0,0,3,0,0,0,11,0,0,0,0,1,0,0,1
31,18,0,10,1,1,0,1,0,0,0,0,0,0,0,0,1
48,19,0,4,3,0,0,2,2,3,0,1,0,0,0,0,1
45,14,0,31,7,0,0,3,11,0,1,0,0,1,0,0,1
26,13,0,9,1,0,0,2,0,0,0,0,0,0,0,0,1
27,4,5,13,2,0,0,2,4,0,0,0,0,0,0,0,1
20,4,2,7,3,0,0,1,2,1,0,0,0,0,0,0,1
30,8,17,0,2,0,0,0,1,0,0,0,0,0,0,0,0
41,16,0,21,2,0,0,2,0,0,0,0,0,0,0,0,1
132,14,24,23,8,5,2,5,2,5,1,0,1,0,0,0,0
71,9,0,10,2,0,1,1,4,8,0,0,0,0,0,0,1
132,14,24,23,8,5,2,5,2,5,1,0,1,0,0,0,0
26,23,0,0,1,2,0,0,0,0,1,0,0,0,1,0,1
33,8,0,21,2,0,0,2,0,0,0,0,0,0,0,0,1
56,14,0,38,3,2,0,2,10,0,0,0,0,0,0,0,0
26,13,0,7,4,0,0,1,15,0,0,0,0,1,0,0,1
115,8,0,56,3,4,0,3,4,8,0,0,0,0,0,0,1
20,5,10,0,2,0,0,0,0,0,0,0,0,0,0,0,1
85,7,0,10,3,1,1,1,4,10,0,0,0,0,0,0,1
80,12,0,10,2,0,1,1,5,8,0,0,0,0,0,0,1
35,12,0,10,2,0,0,1,5,2,0,0,0,0,0,0,0
20,16,0,0,1,0,0,0,0,0,0,0,0,0,0,0,0
146,5,16,20,7,1,0,5,1,20,2,0,1,0,0,0,0
35,9,7,14,2,0,0,4,10,0,0,0,0,0,0,0,0
27,10,0,13,1,0,0,2,0,0,0,0,0,0,0,0,0
119,6,0,109,2,14,0,4,5,0,0,0,0,0,0,0,0
75,10,0,51,1,0,0,3,11,5,0,0,0,0,0,0,0
25,4,16,0,2,0,0,0,0,0,0,0,0,0,0,0,0
41,6,0,20,2,0,0,2,2,2,0,0,0,0,0,0,1
57,4,6,29,2,2,0,2,6,2,0,0,0,0,0,0,0
51,8,14,24,3,0,3,1,8,0,0,0,0,0,0,0,0
24,6,0,14,2,0,0,1,0,0,0,0,0,0,0,0,1
27,12,0,11,1,0,0,1,7,0,0,0,0,0,0,0,1
52,7,0,41,2,0,0,5,5,0,1,0,0,0,0,0,1
70,8,0,59,3,0,0,4,0,0,1,0,0,0,0,0,1
17,13,0,0,1,0,0,0,0,0,0,0,0,0,0,0,1
125,14,3,67,5,0,0,2,45,3,0,0,0,0,1,0,1
30,9,0,17,1,2,0,1,0,0,0,0,0,0,0,0,1
66,3,0,10,2,0,1,1,5,8,0,0,0,0,0,0,1
32,7,0,12,2,0,0,1,8,2,0,0,0,0,0,0,0
44,12,0,29,2,0,0,2,4,3,0,0,0,0,0,0,1
177,9,0,28,2,0,0,3,20,5,0,0,0,0,0,0,1
56,4,0,48,1,5,0,2,0,0,0,0,0,0,0,0,0
47,11,0,17,2,0,0,2,3,2,0,0,0,0,0,0,1
190,6,60,119,10,3,0,1,17,1,2,0,0,0,0,0,1
23,2,17,0,2,0,0,0,0,0,0,0,0,0,0,0,0
64,8,13,38,3,5,0,3,12,0,0,0,0,0,0,0,0
69,10,0,9,2,0,0,1,10,6,0,0,0,0,0,0,0
76,6,0,63,3,0,1,7,5,0,0,0,0,0,0,0,1
306,9,0,53,5,2,0,15,58,18,2,0,0,0,0,0,1
82,6,0,73,1,7,0,3,0,0,0,0,0,0,0,0,0
17,13,0,0,1,0,0,0,0,0,0,0,0,0,0,0,1
46,7,0,36,1,0,0,2,20,0,0,0,0,0,0,0,0
105,9,0,31,2,0,0,4,24,4,0,0,0,0,0,0,1
28,13,0,11,1,0,0,1,5,0,0,0,0,0,0,0,1
31,8,11,8,2,2,0,1,0,0,0,0,0,0,0,0,1
102,15,10,44,5,0,0,2,20,5,0,0,0,0,0,0,1
32,8,0,20,1,1,0,2,0,0,0,0,0,0,0,0,0
62,16,0,42,1,4,0,1,0,0,0,0,0,0,0,0,0
19,15,0,4,3,0,0,1,13,0,0,0,0,1,0,0,1
46,18,0,22,2,2,0,2,0,0,0,0,0,0,0,0,1
142,10,0,129,2,15,0,3,3,0,0,0,0,0,0,0,1
71,11,0,56,2,2,0,4,6,0,0,0,0,0,0,0,0
18,8,5,0,2,0,0,0,0,0,0,0,0,0,0,0,0
39,13,0,22,1,0,3,2,0,0,0,0,0,0,0,0,0
56,9,0,21,3,1,0,7,0,1,1,0,1,0,0,0,1
31,8,0,19,1,0,0,4,0,1,0,0,0,0,0,0,0
12,8,0,0,1,0,0,0,0,0,0,0,0,0,0,0,1
25,12,0,7,4,0,0,1,14,0,0,0,0,1,0,0,1
67,10,0,53,3,2,0,4,4,0,0,0,0,0,0,0,1
132,14,24,23,8,5,2,5,2,5,1,0,1,0,0,0,0
53,13,0,40,3,0,0,2,27,0,0,0,0,1,0,0,1
108,14,0,10,2,1,1,1,3,10,0,0,0,0,0,0,1
67,18,0,13,2,0,2,1,11,4,0,0,0,0,0,0,0
32,16,0,12,1,1,0,1,0,0,0,0,0,0,0,0,0
30,8,0,18,1,1,0,3,0,0,0,0,0,0,0,0,1
64,17,0,43,1,1,0,6,0,0,0,0,0,0,0,0,1
38,6,14,13,3,0,0,1,3,0,0,0,0,0,0,0,1
18,12,0,0,2,1,0,0,0,0,0,0,0,0,0,0,1
103,3,7,44,4,3,0,4,7,11,0,0,0,0,0,0,1
67,14,4,44,3,0,3,3,3,4,0,0,0,0,0,0,1
77,9,0,64,1,7,0,3,6,0,0,0,0,0,0,0,0
42,20,0,18,2,0,0,3,1,0,0,0,0,0,0,0,1
55,17,0,35,1,1,1,1,7,1,0,0,1,0,0,0,1
56,5,12,34,3,0,0,4,3,0,0,0,0,0,0,0,1
121,13,0,10,3,2,1,1,7,10,0,0,0,0,0,0,1
42,5,0,33,1,0,0,6,11,0,0,0,0,0,0,0,1
56,23,0,29,2,0,0,3,7,0,0,0,0,0,0,0,1
18,5,0,9,1,0,0,1,0,1,0,0,0,0,0,0,1
38,10,10,11,3,0,0,2,0,0,1,0,0,0,0,0,1
167,10,20,10,3,2,0,1,7,20,0,0,0,0,0,0,1
75,8,20,42,3,3,0,3,6,0,0,0,0,0,0,0,0
813,5,7,3,11,8,14,1,200,74,0,0,0,0,0,0,1
31,7,0,6,1,1,1,1,2,2,0,0,0,0,0,0,0
45,10,0,31,1,2,0,2,0,0,0,0,0,0,0,0,0
26,9,0,13,1,0,0,1,0,0,0,0,0,0,0,0,1
51,7,0,41,2,1,0,5,0,0,2,0,0,0,0,0,1
24,11,0,9,1,0,0,1,4,0,0,0,0,0,0,0,1
80,16,0,10,2,0,1,1,6,8,0,0,0,0,0,0,1
13,9,0,0,1,0,0,0,4,0,0,0,0,0,0,0,1
132,15,10,52,5,0,0,2,15,7,0,0,0,0,1,0,1
31,8,0,19,1,0,0,4,0,0,0,0,0,0,0,0,0
67,7,0,57,1,0,0,5,26,0,0,0,0,0,0,0,0
105,9,0,92,7,0,1,5,15,0,0,0,1,1,0,0,1
37,7,0,26,1,3,0,1,0,0,0,0,0,0,0,0,0
107,9,0,10,2,2,1,1,8,10,0,0,0,0,0,0,1
192,7,0,25,2,4,12,3,31,11,0,0,0,0,0,0,1
41,6,0,28,2,0,0,4,1,0,0,0,0,0,0,0,1
29,6,0,19,1,2,0,2,6,0,0,0,0,0,0,0,0
170,16,0,148,3,2,0,10,48,0,2,0,1,0,0,0,0
45,12,0,29,2,0,0,3,0,0,0,0,1,0,0,0,1
31,7,0,6,1,0,1,1,2,2,0,0,0,0,0,0,0
42,11,0,27,1,0,0,4,5,0,0,0,0,0,0,0,1
89,15,0,34,2,0,0,3,3,8,0,0,0,0,0,0,1
265,8,0,10,2,0,1,1,33,6,0,0,0,0,0,0,1
70,24,0,43,3,2,0,4,0,0,0,0,0,0,0,0,1
52,14,0,11,3,0,0,1,5,4,0,0,0,0,0,0,1
26,10,0,12,1,0,0,1,0,0,0,0,0,0,0,0,0
80,25,0,17,2,1,1,1,12,6,0,0,0,0,0,0,0
46,10,0,9,2,0,0,1,0,4,0,0,0,0,0,0,0
99,6,12,25,2,0,0,2,4,4,1,0,0,0,0,0,1
95,8,0,82,1,16,0,1,2,0,0,0,0,0,1,0,0
152,15,0,101,3,2,2,11,5,5,3,0,0,0,0,0,1
47,14,0,26,2,1,0,3,0,0,0,0,0,0,0,0,1
21,17,0,0,1,0,0,0,0,0,0,0,0,0,0,0,1
31,7,0,6,1,0,0,1,0,2,0,0,0,0,0,0,0
55,17,0,35,1,1,1,1,7,1,0,0,1,0,0,0,1
41,14,0,24,1,2,0,3,1,0,0,0,0,0,0,0,1
15,2,4,4,2,0,0,1,0,0,0,0,0,0,0,0,0
17,13,0,0,1,0,0,0,0,0,1,0,0,0,0,0,1
73,24,5,39,2,0,0,4,0,0,0,0,0,0,0,0,1
89,6,0,80,2,11,0,2,19,0,0,0,0,0,0,0,0
143,15,0,124,2,1,0,11,18,0,0,0,0,0,0,0,1
45,12,0,29,2,0,0,3,5,0,0,0,0,0,0,0,1
49,8,0,37,1,1,0,3,15,0,0,0,0,0,0,0,0
80,12,0,65,1,0,0,5,14,6,0,0,0,0,0,0,0
26,22,0,0,1,3,0,0,0,0,0,0,0,0,0,0,0
16,7,0,5,1,0,0,1,0,1,0,0,0,0,0,0,1
110,5,16,20,7,1,0,5,1,11,2,0,1,0,0,0,1
25,13,0,8,1,0,0,1,3,0,0,0,0,0,0,0,1
80,10,0,66,1,7,0,3,9,0,1,0,0,0,0,0,0
14,7,2,0,2,0,0,0,0,0,0,0,0,0,0,0,0
77,8,7,26,3,0,0,3,4,6,0,0,0,0,0,0,0
25,9,0,12,1,0,0,2,1,0,0,0,0,0,0,0,1
28,11,0,11,3,0,0,1,0,0,0,0,0,0,0,0,1
35,6,0,14,2,0,0,2,5,4,0,0,0,0,0,0,1
13,7,0,0,2,0,0,0,0,0,0,0,0,0,0,0,0
32,14,0,18,4,0,0,2,11,0,0,0,0,1,0,0,1
89,13,0,55,1,4,0,3,8,2,0,0,0,0,0,0,0
38,17,0,17,1,0,1,2,0,2,0,0,0,0,0,0,0
76,14,0,32,2,0,1,3,4,4,0,0,0,0,0,0,1
46,7,0,32,3,1,0,4,0,0,0,0,0,0,0,0,1
39,12,6,16,3,0,0,2,0,0,0,0,0,0,0,0,1
19,15,0,0,1,0,0,0,0,0,0,0,0,0,0,0,1
43,7,5,26,2,0,1,3,3,0,0,0,0,0,0,0,0
23,6,4,8,2,0,0,1,0,0,0,0,0,0,0,0,1
48,5,0,39,1,0,0,6,11,0,0,0,0,0,0,0,1
44,13,0,27,2,1,0,2,0,0,1,0,0,0,0,0,1
11,7,0,0,1,0,0,0,0,0,0,0,0,0,0,0,0
36,7,0,25,1,0,2,2,0,0,0,0,0,0,0,0,0
44,4,8,27,3,0,0,3,0,0,0,0,0,0,0,0,1
27,4,5,13,2,0,0,2,4,0,0,0,0,0,0,0,1
17,13,0,0,1,0,0,0,0,0,0,0,0,0,0,0,0
59,17,0,38,2,1,1,3,0,0,0,0,0,0,0,0,0
44,7,0,33,2,0,2,2,1,0,0,0,0,0,0,0,0
37,11,0,22,1,1,0,2,0,0,0,0,0,0,0,0,1
30,11,0,15,1,1,0,1,0,0,0,0,0,0,0,0,0
78,10,0,23,2,0,0,2,4,8,0,0,0,0,0,0,0
68,8,8,47,3,0,0,5,10,1,0,0,0,0,0,0,0
20,7,0,9,3,0,0,2,2,0,0,0,0,0,0,0,0
23,12,0,8,1,0,0,2,0,0,0,0,0,0,0,0,1
56,5,14,32,4,3,0,2,4,0,0,0,0,0,0,0,1
22,8,0,9,1,0,0,1,1,0,0,0,0,0,0,0,1
20,16,0,0,1,0,0,0,0,0,0,0,0,0,0,0,0
43,26,0,8,1,2,0,1,1,2,0,0,0,0,0,0,1
55,9,6,35,2,0,1,2,0,0,0,0,0,0,0,0,0
90,7,0,77,6,0,0,8,0,0,0,0,1,0,0,0,1
44,17,0,20,3,0,0,3,1,0,1,0,0,0,0,0,1
43,9,2,27,2,0,2,2,0,0,0,0,0,0,0,0,0
20,6,9,0,2,0,0,0,0,0,0,0,0,0,0,0,0
73,9,0,60,4,4,0,2,1,0,0,0,0,0,0,0,1
166,15,0,96,6,2,3,8,11,2,1,0,1,0,0,0,1
53,10,0,39,2,4,0,2,2,0,0,0,0,0,0,0,0
105,10,0,10,3,0,3,1,3,12,0,0,0,0,0,0,1
46,8,0,34,2,0,2,2,0,0,0,0,0,0,0,0,0
245,11,0,37,8,0,1,10,10,28,1,0,1,0,0,0,1
13,9,0,0,1,0,0,0,0,0,0,0,0,0,1,0,1
28,16,0,8,1,0,0,1,4,0,0,0,0,0,0,0,1
61,17,0,41,1,2,0,5,0,0,0,0,0,0,0,0,1
69,5,0,19,2,0,0,1,8,6,0,0,0,0,0,0,1
56,8,6,37,2,3,0,4,8,0,0,0,0,0,0,0,0
14,8,0,3,1,0,0,1,0,0,0,0,0,0,0,0,1
25,19,0,0,2,1,0,0,0,0,0,0,0,0,0,0,1
15,9,0,0,1,0,0,0,0,0,0,0,0,0,0,0,1
52,9,8,30,3,0,0,3,3,0,0,0,0,0,0,0,0
33,8,0,21,2,0,0,2,3,0,0,0,0,0,0,0,1
53,11,0,38,2,0,2,3,0,0,0,0,0,0,0,0,1
17,13,0,0,1,0,0,0,0,0,0,0,0,0,0,0,0
345,12,28,34,3,8,1,3,45,11,2,0,0,0,0,0,0
33,2,16,10,4,0,0,1,0,0,0,0,0,0,0,0,0
15,12,0,0,1,0,0,0,0,0,0,0,0,0,1,0,0
35,13,0,18,2,0,0,2,0,0,0,0,0,0,0,0,0
21,5,5,6,2,0,0,1,0,0,0,0,0,0,0,0,0
17,8,0,5,1,0,0,1,2,0,0,0,0,0,0,0,1
36,12,0,20,1,0,2,2,5,0,0,0,0,0,0,0,0
61,5,10,15,3,0,0,2,15,2,0,0,0,0,0,0,0
59,23,0,32,2,1,0,3,0,0,0,0,0,0,0,0,1
20,16,0,0,1,0,0,0,0,0,0,0,0,0,0,0,0
96,7,0,5,2,0,1,1,11,13,0,0,1,0,0,0,0
104,19,0,82,1,2,0,4,42,0,0,0,0,0,0,0,1
65,19,0,42,1,0,0,4,26,0,1,0,1,0,0,0,1
61,5,7,45,4,1,0,4,0,0,0,0,0,0,0,0,1
29,16,0,10,1,0,0,1,2,0,0,0,0,0,0,0,1
30,9,0,17,1,2,0,1,5,0,0,0,0,0,0,0,0
34,8,2,19,2,0,0,2,2,0,0,0,0,0,0,0,0
47,17,0,26,1,1,0,1,0,0,0,0,0,0,0,0,1
56,5,8,38,3,0,1,4,1,0,0,0,0,0,0,0,0
28,9,2,12,2,0,0,2,0,0,0,0,0,0,0,0,0
46,8,0,16,2,0,1,1,7,2,0,0,0,0,0,0,1
25,6,0,15,1,0,0,3,0,0,0,0,0,0,0,0,1
65,19,0,42,1,0,0,4,26,0,1,0,1,0,0,0,1
31,7,0,21,2,0,0,3,0,0,0,0,0,0,0,0,1
20,15,0,5,3,0,0,1,15,0,0,0,0,1,0,0,1
85,13,0,68,2,5,0,4,9,0,0,0,0,0,0,0,1
72,8,0,10,2,0,1,1,6,8,0,0,0,0,0,0,1
12,8,0,0,1,0,0,0,1,0,0,0,0,0,0,0,1
42,4,0,35,1,3,0,2,0,0,0,0,0,0,0,0,0
28,14,9,0,2,0,0,0,0,0,0,0,0,0,0,0,1
21,10,0,7,1,0,0,1,3,0,0,0,0,0,0,0,1
37,8,0,7,3,0,0,1,0,2,0,0,0,0,0,0,1
159,8,0,148,2,11,0,6,5,0,0,0,0,0,0,0,1
42,14,0,24,2,0,0,3,0,0,1,0,0,0,0,0,0
80,11,0,65,2,12,0,1,3,0,0,0,0,0,0,0,0
24,4,7,8,2,0,0,1,3,0,0,0,0,0,0,0,1
90,11,16,21,2,0,0,1,54,2,1,0,0,0,0,0,0
72,4,0,64,2,8,0,2,6,0,0,0,0,0,0,0,0
104,12,0,10,4,0,1,1,10,12,0,0,0,0,0,0,1
21,7,0,11,2,0,0,1,0,0,0,0,0,0,0,0,1
24,20,0,0,1,0,0,0,0,0,0,0,0,0,0,0,1
100,5,4,86,8,0,0,5,15,0,0,0,1,1,0,0,1
64,11,0,49,2,1,0,4,0,0,0,0,0,0,0,0,1
19,15,0,0,1,0,0,0,0,0,0,0,0,0,0,0,1
111,8,0,99,1,12,0,2,1,0,0,0,0,0,0,0,0
24,19,0,0,1,0,0,0,0,0,0,0,0,0,1,0,1
177,16,0,10,2,4,1,1,14,18,0,0,0,0,0,0,1
76,9,19,43,2,4,0,4,8,0,0,0,0,0,0,0,0
36,12,13,6,4,1,0,1,0,0,1,0,0,0,0,0,0
41,16,0,21,2,0,1,1,0,0,0,0,0,0,0,0,1
60,11,0,42,2,0,0,2,19,0,0,0,0,0,0,0,1
47,8,0,35,2,0,1,2,17,0,0,0,0,0,0,0,1
93,10,0,80,3,8,0,2,10,0,2,0,1,0,0,0,1
16,12,0,0,1,0,0,0,0,0,0,0,0,0,0,0,0
78,19,0,10,2,0,1,1,2,8,0,0,0,0,0,0,1
53,11,0,38,2,0,0,4,2,0,0,0,0,0,0,0,0
41,11,0,26,2,0,1,3,3,0,0,0,0,0,0,0,1
28,9,0,15,2,0,0,2,0,0,0,0,0,0,0,0,0
25,6,4,10,2,0,0,1,0,1,0,0,0,0,0,0,1
23,14,0,9,4,0,0,1,11,0,0,0,0,1,0,0,1
18,6,0,8,1,0,0,1,2,0,0,0,0,0,0,0,1
18,12,0,0,1,1,0,0,0,0,0,0,0,0,0,0,1
66,9,13,39,2,4,0,2,0,0,0,0,0,0,0,0,0
244,12,0,41,9,0,1,9,8,27,1,0,1,0,0,0,1
53,9,0,41,2,5,0,1,7,0,0,0,0,0,0,0,0
18,14,0,0,1,0,0,0,0,0,0,0,0,0,0,0,1
20,8,0,8,1,0,0,2,0,0,0,0,0,0,0,0,0
30,2,16,8,2,1,0,1,3,0,0,0,0,0,0,0,1
84,13,22,21,7,1,2,5,11,4,2,0,0,0,0,0,0
25,15,0,7,1,0,0,1,2,0,0,0,0,0,0,0,1
24,5,0,15,1,0,0,1,0,0,0,0,0,0,0,0,1
128,15,0,10,2,0,1,1,3,16,0,0,0,0,0,0,1
65,8,0,53,1,6,0,2,0,0,0,0,0,0,0,0,0
27,5,5,12,4,0,0,1,0,0,0,0,0,0,0,0,0
11,7,0,0,1,0,0,0,0,0,0,0,0,0,0,0,1
43,4,2,32,3,0,0,4,4,0,0,0,0,0,0,0,1
42,7,6,24,3,1,0,2,0,0,0,0,0,0,0,0,1
42,9,2,26,2,0,1,2,0,0,0,0,0,0,0,0,0
31,7,0,6,1,0,0,1,2,2,0,0,0,0,0,0,0
30,14,0,12,2,0,0,1,0,0,0,0,0,0,0,0,0
80,8,7,60,2,0,1,8,8,0,0,0,0,0,0,0,0
26,8,0,14,1,0,0,1,3,0,0,0,0,0,0,0,1
90,6,0,80,2,11,0,3,9,0,0,0,0,0,0,0,0
111,11,0,96,1,14,0,4,10,0,0,0,0,0,0,0,0
26,13,0,7,4,0,0,1,15,0,0,0,0,1,0,0,1
96,6,8,77,2,8,2,3,17,0,0,0,0,0,0,0,0
67,6,0,10,2,0,1,1,3,8,0,0,0,0,0,0,1
99,12,0,10,2,0,1,1,10,14,0,0,0,0,0,0,1
61,12,0,45,2,0,1,5,1,0,0,0,0,0,0,0,1
52,17,0,28,3,3,0,1,2,0,0,0,0,0,0,0,1
51,16,0,19,2,1,0,2,2,2,0,0,0,0,0,0,0
52,15,0,23,2,0,0,2,6,2,0,0,0,0,0,0,0
28,19,0,6,1,0,0,1,0,0,0,0,1,0,0,0,1
134,21,0,10,2,4,1,1,8,10,0,0,0,0,0,0,1
29,16,0,6,2,0,0,1,0,0,0,0,0,0,0,0,1
38,20,0,15,2,1,0,1,0,0,0,0,0,0,0,0,1
15,11,0,0,1,0,0,0,0,0,0,0,0,0,0,0,0
80,8,19,48,3,5,0,3,10,0,0,0,0,0,0,0,0
19,4,0,8,2,0,0,2,1,0,0,0,1,0,0,0,1
22,18,0,0,1,0,0,0,0,0,0,0,0,0,0,0,0
31,7,0,6,1,0,1,1,3,2,0,0,0,0,0,0,0
31,7,0,6,1,0,1,1,2,2,0,0,0,0,0,0,0
111,12,0,19,5,2,0,12,2,8,1,0,0,0,0,0,1
69,6,0,59,1,5,0,3,6,0,1,0,0,0,0,0,0
12,8,0,0,1,0,0,0,0,0,0,0,0,0,0,0,1
26,7,0,15,1,0,0,2,0,0,0,0,0,0,0,0,1
90,10,0,10,2,5,1,1,17,8,0,0,0,0,0,0,1
18,9,0,6,1,0,0,1,0,0,0,0,1,0,0,0,1
121,7,0,89,7,8,0,7,12,2,0,0,0,0,0,0,0
7,3,0,0,1,0,0,0,0,0,0,0,0,0,0,0,0
33,4,0,25,1,0,0,3,7,0,0,0,0,0,0,0,0
110,10,0,19,4,0,0,6,4,10,2,0,1,0,0,0,1
14,10,0,0,1,0,0,0,0,0,0,0,0,0,0,0,1
689,5,7,3,11,4,7,1,133,56,0,0,0,0,0,0,1
90,8,0,79,2,8,1,3,9,0,0,0,0,0,0,0,0
118,10,0,10,2,8,1,1,10,10,0,0,0,0,0,0,1
20,10,0,6,1,0,0,1,1,0,0,0,0,0,0,0,1
72,4,0,64,1,7,0,3,8,0,0,0,0,0,0,0,0
49,11,0,34,2,0,0,4,0,0,1,0,0,0,0,0,0
57,9,0,12,2,0,2,1,3,4,0,0,0,0,0,0,0
86,19,0,13,2,1,1,2,6,8,0,0,0,0,0,0,1
16,8,0,4,1,0,0,1,0,0,0,0,0,0,0,0,1
33,10,0,16,3,0,1,2,6,0,0,0,0,0,0,0,1
79,17,0,55,5,2,0,7,8,0,0,0,0,0,0,0,1
109,5,17,10,7,1,0,3,8,19,1,0,0,0,0,0,0
85,8,0,5,1,0,0,1,10,12,0,0,0,0,0,0,0
34,8,0,22,2,0,0,2,4,0,0,0,0,0,0,0,1
33,6,12,10,3,0,0,1,5,0,0,0,0,0,0,0,0
89,9,0,21,5,1,0,12,1,2,1,0,1,0,0,0,1
61,13,0,14,2,0,0,2,0,6,0,0,0,0,0,0,0
146,12,0,47,1,0,1,4,53,8,1,0,0,0,0,0,0
37,20,0,11,3,0,0,1,2,0,0,0,0,0,0,0,0
74,13,0,57,2,1,1,3,10,0,0,0,0,0,1,0,1
31,7,0,6,1,0,0,1,4,2,0,0,0,0,0,0,0
15,11,0,0,1,0,0,0,0,0,0,0,0,0,0,0,1
51,13,0,38,7,0,0,3,10,0,0,0,0,1,0,0,1
35,18,0,10,2,0,0,1,0,0,0,0,0,0,0,0,1
30,9,4,12,2,0,0,1,0,1,0,0,0,0,0,0,1
61,10,5,10,3,0,0,1,1,6,0,0,0,0,0,0,0
239,14,0,54,4,1,1,5,6,42,2,0,0,0,0,0,1
118,21,0,93,1,12,0,2,12,0,0,0,0,0,0,0,0
107,11,13,72,3,6,0,5,8,0,0,0,0,0,0,0,1
75,6,0,4,4,0,0,5,0,5,2,0,1,0,0,0,0
15,4,0,7,1,0,0,1,2,0,0,0,0,0,0,0,0
68,4,12,48,3,1,0,2,23,0,0,0,0,0,0,0,1
47,6,0,37,2,2,0,2,0,0,0,0,0,0,0,0,0
64,10,0,50,1,0,0,3,17,0,0,0,0,0,0,0,1
18,12,0,0,2,0,0,0,0,0,0,0,0,0,0,0,1
105,9,0,45,4,1,0,6,5,2,0,0,1,0,0,0,1
92,15,0,10,2,0,1,1,6,10,0,0,0,0,0,0,1
541,11,0,35,3,1,0,4,131,2,0,0,1,0,0,0,1
56,5,14,32,4,3,0,2,4,0,0,0,0,0,0,0,1
41,11,0,10,1,0,0,1,3,2,0,0,0,0,0,0,1
94,13,50,21,8,1,0,4,0,0,0,0,1,0,0,0,1
83,13,0,10,2,0,1,1,3,8,0,0,0,0,0,0,1
8,5,0,0,1,1,0,0,1,0,0,0,0,0,1,0,1
53,3,6,39,3,0,0,6,0,0,0,0,0,0,0,0,1
128,7,41,31,4,2,0,3,2,4,0,0,0,0,0,0,1
26,14,0,7,3,0,0,1,17,0,0,0,0,1,0,0,1
29,14,0,10,3,0,0,1,17,0,0,0,0,1,0,0,1
89,10,0,75,2,6,1,3,7,0,0,0,0,0,0,0,0
106,12,0,90,2,7,2,5,11,0,0,0,0,0,0,0,0
95,7,0,84,2,7,0,3,4,0,0,0,0,0,0,0,1
35,5,0,27,2,1,0,2,0,0,0,0,0,0,1,0,1
7,3,0,0,1,0,0,0,0,0,0,0,0,0,0,0,0
134,13,0,10,2,0,1,1,4,18,0,0,0,0,0,0,1
80,12,0,64,2,0,0,1,10,5,0,0,0,0,0,0,0
31,6,0,21,2,0,0,3,0,0,1,0,0,0,0,0,1
56,9,0,44,4,1,1,2,0,0,2,0,0,0,0,0,1
23,11,0,9,1,1,0,1,6,0,0,0,0,0,0,0,1
159,4,7,52,12,1,0,12,6,7,0,0,1,0,0,0,1
29,9,0,16,1,0,0,2,3,1,0,0,0,0,0,0,0
142,9,0,129,2,5,2,11,6,2,5,0,1,0,0,0,1
45,8,2,30,2,1,0,5,6,0,0,0,0,0,0,0,0
107,9,0,11,3,0,2,1,4,12,0,0,0,0,0,0,1
84,13,0,67,2,0,3,5,0,0,0,0,0,0,0,0,0
61,16,0,41,2,1,0,3,0,0,0,0,0,0,0,0,1
78,3,0,71,1,11,0,3,6,0,0,0,0,0,0,0,0
54,14,0,40,3,0,0,2,30,0,0,0,0,1,0,0,1
45,21,0,21,2,1,0,2,0,0,0,0,0,0,0,0,1
38,8,0,26,1,1,0,5,7,0,0,0,0,0,0,0,0
54,5,0,45,1,7,0,2,5,0,0,0,0,0,0,0,0
29,3,0,22,1,1,0,2,0,0,0,0,0,0,0,0,0
65,10,0,51,1,6,0,4,8,0,0,0,0,0,0,0,0
30,14,0,13,1,1,0,2,2,0,0,0,0,0,0,0,1
35,5,0,16,2,0,0,2,0,2,0,0,0,0,0,0,1
27,16,0,7,2,0,0,1,1,0,0,0,0,0,0,0,1
26,7,0,15,2,0,0,2,8,0,0,0,0,0,0,0,1
50,7,0,39,1,6,0,1,9,0,0,0,0,0,0,0,0
55,13,0,39,1,3,0,2,0,0,0,0,0,0,0,0,1
109,15,0,44,5,4,1,8,0,2,2,0,1,0,0,0,1
541,11,0,35,3,1,0,4,142,2,0,0,1,0,0,0,1
73,18,0,51,1,7,0,2,5,0,0,0,0,0,0,0,0
74,6,20,43,6,0,0,2,15,0,3,0,0,0,1,0,1
60,14,0,43,2,2,0,6,6,0,0,0,0,0,0,0,1
40,8,0,28,1,1,0,5,5,0,0,0,0,0,0,0,0
55,19,0,32,1,0,1,4,5,0,0,0,0,0,0,0,0
244,12,0,41,9,0,1,9,8,27,1,0,1,0,0,0,1
117,5,16,47,8,0,0,7,1,11,2,0,1,0,0,0,1
32,13,0,15,2,1,0,2,0,0,0,0,0,0,0,0,1
125,10,0,108,3,15,0,4,11,0,0,0,0,0,0,0,1
27,5,0,18,1,0,0,1,3,0,0,0,0,0,0,0,1
245,11,0,37,8,0,1,10,10,28,1,0,1,0,0,0,1
32,14,0,14,2,0,0,2,0,0,0,0,0,0,0,0,1
55,7,0,45,1,1,0,3,14,0,0,0,0,0,0,0,1
34,10,0,21,2,0,0,2,0,0,0,0,0,0,0,0,1
46,10,0,32,1,2,0,2,0,0,0,0,0,0,0,0,0
31,7,0,6,1,0,0,1,1,2,0,0,0,0,0,0,0
72,13,0,10,2,0,1,1,2,8,0,0,0,0,0,0,1
37,5,0,28,1,0,0,3,2,0,0,0,0,0,0,0,0
68,4,12,48,3,1,0,2,20,0,0,0,0,0,0,0,1
35,5,0,26,1,0,0,4,0,0,0,0,0,0,0,0,1
40,9,0,24,2,0,0,4,0,0,0,0,0,0,0,0,1
40,9,0,28,2,1,0,2,2,0,0,0,0,0,0,0,1
40,14,0,22,2,0,0,3,0,0,0,0,0,0,0,0,1
58,6,0,23,3,1,0,3,0,3,0,1,0,0,0,0,1
31,8,0,19,1,0,0,2,0,0,0,0,0,0,0,0,1
233,23,0,206,2,3,0,7,102,0,1,0,0,0,0,0,1
80,6,0,10,3,0,1,1,5,10,0,0,0,0,0,0,1
26,8,13,0,2,0,0,0,0,0,0,0,0,0,0,0,0
52,4,3,41,3,0,1,4,8,0,0,0,0,0,0,0,1
28,21,0,0,2,0,0,0,0,0,0,0,0,0,0,0,1
45,15,0,26,2,0,0,5,4,0,0,0,0,0,0,0,0
149,17,0,10,2,1,1,1,7,18,0,0,0,0,0,0,1
12,8,0,0,1,0,0,0,3,0,0,0,0,0,0,0,0
73,6,0,2,1,0,0,1,5,11,1,0,0,0,0,0,0
170,10,0,104,7,2,4,9,17,2,1,0,1,0,0,0,1
72,5,0,27,1,0,0,2,6,5,0,0,0,0,0,0,0
29,14,0,11,2,0,0,1,0,0,1,0,0,0,0,0,1
35,9,0,23,1,0,0,3,0,0,0,0,0,0,0,0,1
90,13,0,73,1,9,0,4,8,0,0,0,0,0,0,0,0
18,14,0,0,1,0,0,0,0,0,0,0,0,0,0,0,0
26,14,0,8,1,0,0,1,3,0,0,0,0,0,0,0,1
23,4,0,15,1,0,0,2,7,0,0,0,0,0,0,0,0
44,4,15,12,4,0,0,1,3,2,0,0,0,0,0,0,1
170,16,0,148,3,2,0,10,48,0,2,0,1,0,0,0,0
27,4,5,13,2,0,0,2,4,0,0,0,0,0,0,0,1
32,8,0,17,3,0,0,1,0,0,0,0,0,0,0,0,1
104,6,0,15,2,0,0,2,4,18,0,0,0,0,0,0,0
35,4,4,22,3,0,0,2,6,0,0,0,0,0,0,0,0
119,14,0,22,4,2,3,1,5,8,0,0,0,0,0,0,1
85,15,0,10,2,1,1,1,1,8,0,0,0,0,0,0,1
49,8,0,37,1,1,0,3,15,0,0,0,0,0,0,0,0
31,7,0,6,1,1,0,1,1,2,0,0,0,0,0,0,0
49,21,0,24,3,0,0,2,0,0,0,0,0,0,0,0,1
45,16,6,18,4,0,0,1,0,0,1,0,0,0,0,0,1
66,11,0,51,2,1,0,7,0,0,0,0,0,0,1,0,0
87,7,4,71,3,8,0,4,2,0,0,0,0,0,0,0,1
34,7,0,7,1,0,0,1,10,2,0,0,0,0,0,0,0
62,20,0,10,1,1,0,1,1,6,0,0,0,0,0,0,1
49,21,0,24,1,4,0,1,0,0,0,0,0,0,0,0,1
245,11,0,37,8,0,1,10,10,28,1,0,1,0,0,0,1
65,19,0,42,1,0,0,4,26,0,1,0,1,0,0,0,1
196,15,7,23,2,1,3,3,27,3,1,0,0,0,0,0,1
28,14,0,10,2,1,0,1,0,0,0,0,0,0,0,0,1
28,12,0,13,2,0,0,2,2,0,0,0,0,0,0,0,1
115,8,4,20,9,0,0,3,10,10,0,0,1,0,0,0,1
24,9,0,11,1,0,0,2,3,1,0,0,0,0,0,0,0
162,14,0,10,2,0,1,1,8,20,0,0,0,0,0,0,1
68,15,0,50,1,2,0,4,1,0,0,0,0,0,0,0,1
13,6,0,0,2,0,0,0,0,0,0,0,0,0,0,0,1
29,8,16,0,2,0,0,0,0,0,0,0,0,0,0,0,0
28,24,0,0,1,1,0,0,0,0,0,0,0,0,0,0,0
78,0,0,72,2,0,0,4,0,0,0,0,0,0,0,0,0
22,18,0,0,1,0,0,0,0,0,0,0,0,0,0,0,0
36,11,5,15,3,0,0,1,0,0,0,0,0,0,0,0,1
69,9,0,10,2,0,1,1,2,8,0,0,0,0,0,0,1
39,9,2,23,2,0,1,2,0,0,0,0,0,0,0,0,0
34,9,0,21,1,1,0,2,0,0,0,0,0,0,0,0,0
52,9,2,36,2,0,1,2,0,0,0,0,0,0,0,0,0
108,9,17,76,2,0,0,2,28,0,0,0,0,0,0,0,1
102,13,0,82,3,9,0,3,3,0,0,0,0,0,0,0,1
25,8,0,13,1,0,0,2,1,0,0,0,0,0,0,0,1
48,15,0,29,3,1,0,2,1,0,0,0,0,0,0,0,1
69,6,0,17,4,0,0,6,1,2,0,0,0,0,0,0,0
158,5,0,26,5,3,0,2,2,14,1,0,0,0,0,0,1
125,14,0,107,2,16,0,3,7,3,0,0,0,0,0,0,0
40,9,0,27,2,0,0,3,0,0,0,0,0,0,0,0,1
77,8,0,65,1,7,0,5,10,0,0,0,0,0,0,0,0
79,16,0,10,2,0,1,1,5,8,0,0,0,0,0,0,1
20,7,0,9,1,0,0,1,8,0,0,0,0,0,0,0,0
51,11,0,36,2,1,0,5,0,0,0,0,0,0,0,0,0
42,8,2,27,2,1,0,5,8,0,0,0,0,0,0,0,0
32,12,0,6,1,0,0,1,5,2,0,0,0,0,0,0,1
21,8,0,9,1,0,0,2,3,0,0,0,0,0,0,0,0
28,8,0,16,2,0,0,1,2,0,0,0,0,0,0,0,0
20,16,0,0,1,0,0,0,0,1,0,0,0,0,0,0,1
84,5,19,55,2,1,0,4,18,0,0,0,0,0,0,0,1
25,21,0,0,1,0,0,0,0,0,0,0,0,0,0,0,1
45,6,0,14,3,0,0,2,0,3,0,1,0,0,0,0,1
43,6,7,25,3,0,0,2,0,1,0,0,0,0,0,0,1
32,8,0,14,2,0,0,2,10,2,0,0,0,0,0,0,1
95,16,0,10,2,0,3,1,8,12,0,0,0,0,0,0,1
50,11,0,35,2,2,1,2,0,0,2,0,0,0,0,0,1
131,18,0,10,2,4,1,1,5,12,0,0,0,0,0,0,1
78,9,0,62,3,2,0,3,0,0,0,0,0,0,0,0,1
39,15,0,21,1,1,0,2,0,0,0,0,0,0,0,0,1
313,5,0,304,1,9,0,4,115,92,0,0,0,0,0,0,0
26,15,6,0,2,0,0,0,0,0,0,0,0,0,0,0,0
244,12,0,41,9,0,1,9,8,27,1,0,1,0,0,0,1
31,7,0,6,1,0,0,1,4,2,0,0,0,0,0,0,0
19,10,0,5,1,0,0,1,0,0,0,0,0,0,0,0,0
66,9,0,53,2,4,0,3,6,0,0,0,0,0,0,0,0
93,22,0,10,2,1,1,1,2,8,0,0,0,0,0,0,1
18,12,0,6,3,0,0,2,10,0,0,0,0,1,0,0,1
73,9,0,10,2,0,1,1,3,8,0,0,0,0,0,0,1
78,8,12,53,3,7,0,3,9,0,0,0,0,0,0,0,0
19,8,0,7,1,0,0,1,0,0,0,0,0,0,0,0,1
35,6,0,18,2,0,1,1,3,2,0,0,0,0,0,0,1
31,9,0,10,2,1,0,1,2,2,0,0,0,0,0,0,1
35,10,0,21,2,0,0,2,0,0,0,0,0,0,0,0,1
56,2,7,42,3,4,0,2,0,0,0,0,0,0,0,0,0
29,12,0,13,2,0,0,1,0,0,0,0,0,0,0,0,0
34,7,0,23,2,0,0,3,0,0,0,0,0,0,0,0,0
46,6,0,36,1,3,0,3,5,0,1,0,0,0,0,0,0
17,13,0,0,1,0,0,0,0,0,0,0,0,0,0,0,0
58,11,16,25,2,1,0,2,6,0,0,0,0,0,0,0,1
23,11,0,8,1,1,0,1,0,0,0,0,0,0,0,0,1
88,6,0,10,2,1,1,1,3,8,0,0,0,0,0,0,1
24,6,0,14,2,1,0,1,0,0,0,0,0,0,0,0,1
94,11,0,80,1,8,0,4,3,0,0,0,0,0,0,0,1
68,15,0,53,4,0,1,4,27,0,0,0,0,1,0,0,1
46,10,0,21,2,0,0,2,6,4,0,0,0,0,0,0,0
25,8,0,13,1,0,0,2,1,0,0,0,0,0,0,0,1
42,8,0,30,1,0,0,4,0,0,0,0,0,0,0,0,0
117,13,4,10,6,1,0,1,6,19,2,0,1,0,1,0,0
29,12,0,13,1,0,0,1,0,0,0,0,0,0,0,0,1
42,17,0,21,1,0,1,2,0,0,0,0,0,0,0,0,0
55,7,0,12,3,0,0,2,1,5,0,1,0,0,0,0,1
46,20,0,23,2,1,0,2,0,0,0,0,0,0,0,0,1
87,6,0,74,2,0,6,3,6,0,0,0,0,0,0,0,0
25,13,0,12,4,0,0,1,13,0,0,0,0,1,0,0,1
81,16,0,32,3,1,0,4,0,3,0,1,0,0,0,0,1
131,8,6,113,2,17,0,2,0,0,1,0,0,0,0,0,0
92,5,0,10,2,0,1,1,5,10,0,0,0,0,0,0,1
111,19,0,10,2,1,1,1,22,6,0,0,0,0,0,0,1
23,8,0,4,1,1,0,2,2,2,0,0,0,0,1,0,1
31,24,0,0,2,0,0,0,0,0,0,0,0,0,0,0,1
28,14,0,10,1,1,0,1,0,0,0,0,0,0,0,0,0
55,17,0,35,1,1,1,1,7,1,0,0,1,0,0,0,1
89,6,2,4,6,1,0,8,2,7,1,0,0,0,0,0,0
77,14,9,50,2,2,1,4,0,0,0,0,0,0,0,0,1
24,10,0,10,2,0,0,1,0,0,0,0,0,0,0,0,0
29,6,0,19,1,1,0,2,0,0,0,0,0,0,0,0,1
26,4,5,12,2,0,0,2,3,0,0,0,0,0,0,0,1
233,5,0,18,2,0,2,2,27,10,0,0,0,0,0,0,1
17,2,0,11,1,1,0,2,1,0,0,0,0,0,0,0,1
18,13,0,0,3,0,0,0,14,0,0,0,0,1,0,0,1
48,9,17,17,3,0,0,2,3,0,1,0,0,0,0,0,0
55,13,0,38,2,0,2,4,6,0,0,0,0,0,0,0,0
108,4,0,101,5,2,0,6,25,0,2,0,0,0,0,0,0
44,13,0,31,6,1,0,2,10,0,2,0,0,1,0,0,1
65,19,0,42,1,0,0,4,26,0,1,0,1,0,0,0,1
60,10,0,47,2,3,0,3,7,2,0,0,0,0,0,0,1
66,10,0,15,2,1,0,2,9,9,0,0,0,0,0,0,0
42,11,0,27,2,2,0,1,0,0,0,0,0,0,0,0,0
17,8,0,5,1,0,0,1,0,0,0,0,0,0,0,0,0
66,12,0,13,4,0,0,5,1,2,0,0,0,0,0,0,1
24,11,0,9,1,0,0,1,2,0,0,0,0,0,0,0,1
18,3,5,6,2,0,0,1,1,0,0,0,0,0,0,0,1
17,13,0,0,1,0,0,0,0,0,0,0,0,0,0,0,0
41,11,0,26,2,2,0,3,0,0,0,0,0,0,0,0,1
56,12,2,23,3,0,2,2,7,2,0,0,0,0,0,0,0
32,8,0,1,2,1,0,1,0,2,0,0,0,0,0,0,1
109,19,0,10,2,0,1,1,7,12,0,0,0,0,0,0,1
62,8,0,50,1,3,0,3,17,2,0,0,0,0,0,0,0
23,4,0,15,1,0,0,2,7,0,0,0,0,0,0,0,0
84,8,28,43,5,0,1,3,0,1,0,0,0,0,0,0,0
31,11,15,0,2,1,0,0,0,0,0,0,0,0,0,0,1
109,15,0,44,5,4,1,8,0,2,2,0,1,0,0,0,1
22,6,0,12,1,0,0,1,0,1,0,0,0,0,0,0,0
33,9,0,20,2,0,0,2,1,0,0,0,0,0,0,0,0
49,15,0,30,2,1,0,3,4,0,0,0,0,0,0,0,0
33,21,0,8,1,1,0,1,0,0,0,0,0,0,0,0,1
42,5,0,31,2,2,0,3,0,0,2,0,0,0,0,0,1
82,5,0,58,4,3,0,6,0,2,2,0,0,0,0,0,1
9,5,0,0,1,0,0,0,0,0,0,0,0,0,0,0,0
81,5,0,72,1,10,0,2,8,0,0,0,0,0,0,0,0
43,13,0,26,2,2,0,1,3,0,0,0,0,0,0,0,0
123,9,0,80,2,5,2,5,15,5,0,0,0,0,0,0,0
73,13,0,56,2,3,0,7,0,0,0,0,0,0,0,0,0
14,11,0,0,1,1,0,0,0,0,0,0,0,0,0,0,0
45,14,0,26,1,1,0,3,0,1,0,0,0,0,0,0,1
60,18,0,10,2,1,1,1,0,4,0,0,0,0,0,0,1
36,8,0,24,2,0,0,2,4,0,0,0,0,0,0,0,1
85,13,0,68,2,13,0,1,0,0,0,0,0,0,0,0,0
184,5,0,10,3,8,1,1,9,18,0,0,0,0,0,0,1
100,5,4,86,8,0,0,5,15,0,0,0,1,1,0,0,1
32,6,0,22,1,1,0,2,0,0,1,0,0,0,0,0,0
31,5,6,15,2,0,1,2,0,0,0,0,0,0,0,0,0
10,6,0,0,1,0,0,0,2,0,0,0,0,0,0,0,1
41,7,0,30,1,4,0,3,4,0,0,0,0,0,0,0,0
28,7,0,18,2,2,0,1,0,0,0,0,0,0,0,0,1
13,9,0,0,1,0,0,0,4,0,0,0,0,0,0,0,1
203,6,0,10,2,0,1,1,23,7,0,0,0,0,0,0,1
36,9,23,0,2,2,0,0,0,0,0,0,0,0,0,0,0
50,15,0,31,2,2,0,3,1,0,0,0,0,0,0,0,0
27,10,12,0,2,0,0,0,0,0,0,0,0,0,0,0,0
19,4,3,8,2,0,0,1,0,1,0,0,0,0,0,0,1
50,11,0,17,5,0,0,2,11,2,0,0,0,1,0,0,1
54,13,0,41,4,0,0,2,10,0,0,0,0,1,0,0,1
134,6,0,121,2,0,12,3,6,0,0,0,0,0,0,0,0
41,9,25,3,3,2,0,1,0,0,3,0,0,0,0,0,1
94,7,0,83,1,11,0,4,8,0,0,0,0,0,0,0,0
45,9,0,25,2,1,0,4,0,2,1,0,0,0,0,0,1
94,10,0,10,2,1,2,1,7,12,0,0,0,0,0,0,1
45,12,0,29,2,0,0,2,0,0,0,0,0,0,0,0,1
75,6,0,4,4,0,0,5,0,5,2,0,1,0,0,0,0
115,14,0,30,2,0,0,2,3,8,0,0,0,0,0,0,0
51,9,0,37,1,1,0,3,0,0,0,0,0,0,1,0,1
59,14,0,41,1,0,0,2,25,0,0,0,0,0,0,0,1
26,11,10,0,2,0,0,0,1,0,0,0,0,0,0,0,1
31,8,18,0,2,0,0,0,0,0,0,0,0,0,0,0,0
36,13,0,20,2,1,0,1,0,0,0,0,0,0,0,0,1
44,10,3,27,3,1,0,3,0,1,0,0,0,0,0,0,1
78,14,0,60,2,0,1,7,0,0,1,0,0,0,0,0,0
11,7,0,0,1,0,0,0,1,0,0,0,0,0,0,0,0
49,4,22,18,3,0,0,2,1,0,0,0,0,0,0,0,0
36,19,0,13,2,0,0,1,0,0,0,0,0,0,0,0,0
28,8,15,0,2,0,0,0,0,0,0,0,0,0,0,0,0
91,4,0,82,1,0,0,1,35,27,0,0,0,0,1,0,1
15,15,0,0,3,0,0,0,12,0,0,0,0,1,0,0,1
33,4,14,10,3,0,0,1,0,0,1,0,0,0,0,0,1
32,7,0,21,1,2,0,2,1,0,0,0,0,0,0,0,0
61,15,0,10,2,1,1,1,2,4,0,0,0,0,0,0,1
170,10,0,104,7,2,4,9,17,2,1,0,1,0,0,0,1
159,4,7,52,12,1,0,12,6,7,0,0,1,0,0,0,1
20,11,4,0,2,0,0,0,0,0,0,0,0,0,0,0,1
27,7,0,16,2,0,0,2,1,0,0,0,0,0,0,0,1
83,4,0,76,1,7,0,3,0,0,0,0,0,0,0,0,0
27,13,9,0,2,0,0,0,6,0,0,0,0,0,0,0,1
135,9,3,24,6,3,0,4,0,8,0,0,0,0,0,0,0
30,15,0,12,2,0,0,1,0,0,0,0,0,0,0,0,1
47,4,0,39,2,4,0,2,4,0,0,0,0,0,0,0,0
22,5,0,13,1,0,0,2,0,0,0,0,0,0,0,0,1
190,6,60,119,10,3,0,1,16,1,2,0,0,0,0,0,1
84,14,0,11,2,4,0,1,5,6,0,0,0,0,0,0,0
27,9,0,14,1,0,0,2,0,0,0,0,0,0,0,0,1
80,16,0,60,1,10,0,1,5,0,0,0,0,0,0,0,1
25,14,0,11,4,0,0,1,13,0,0,0,0,1,0,0,1
78,13,0,10,3,0,1,1,4,8,0,0,0,0,0,0,1
132,14,24,23,8,5,2,5,2,5,1,0,1,0,0,0,0
36,8,0,8,1,0,2,1,8,2,0,0,0,0,0,0,1
65,18,0,43,1,1,0,5,3,0,3,0,0,0,0,0,1
101,9,0,10,2,0,1,1,20,6,0,0,0,0,0,0,1
58,13,0,41,1,6,0,2,6,0,0,0,0,0,0,0,1
88,3,0,10,2,2,2,1,2,8,1,0,0,0,0,0,1
46,12,0,30,1,3,0,1,0,0,0,0,0,0,0,0,0
105,25,0,17,3,0,1,2,4,10,0,0,0,0,0,0,1
97,22,0,53,6,1,1,3,0,3,2,0,0,0,0,0,0
16,12,0,4,3,0,0,1,11,0,0,0,0,1,0,0,1
77,20,0,53,3,0,1,3,0,0,0,0,0,0,0,0,0
43,13,0,26,2,0,1,2,0,0,0,0,0,0,0,0,0
38,8,0,26,1,0,0,1,0,0,0,0,0,0,0,0,0
36,7,0,26,2,1,0,1,0,0,0,0,0,0,0,0,1
118,18,0,57,2,2,3,2,13,3,0,0,0,0,0,0,1
26,13,0,7,4,0,0,1,15,0,0,0,0,1,0,0,1
17,13,0,0,1,0,0,0,0,0,0,0,0,0,0,0,1
46,8,0,17,3,1,0,4,0,1,1,0,1,0,0,0,1
36,12,0,20,2,0,0,2,9,0,0,0,0,0,0,0,1
55,22,0,20,2,0,0,3,2,2,0,0,0,0,0,0,1
35,12,8,10,3,0,0,1,7,0,0,0,0,0,0,0,1
17,12,0,5,3,0,0,1,12,0,0,0,0,1,0,0,1
35,18,0,11,3,1,0,1,0,0,0,0,0,0,0,0,1
27,4,5,13,2,0,0,2,4,0,0,0,0,0,0,0,1
55,5,6,34,3,2,0,4,14,2,1,0,0,0,0,0,0
31,7,0,6,1,0,1,1,0,2,0,0,0,0,0,0,0
34,13,0,17,2,0,0,1,0,0,0,0,0,0,0,0,0
108,12,0,10,3,0,4,1,6,11,0,0,0,0,0,0,1
71,11,0,56,2,0,5,2,0,0,0,0,0,0,0,0,1
79,7,0,68,2,0,1,3,4,0,0,0,0,0,0,0,0
87,9,0,20,2,1,0,6,0,4,0,0,0,0,0,0,0
15,11,0,0,1,0,0,0,0,0,0,0,0,0,0,0,0
25,5,0,17,3,0,0,2,0,0,0,0,0,0,0,0,1
86,6,0,76,2,9,0,2,16,0,0,0,0,0,0,0,0
29,6,0,12,2,0,0,3,0,1,0,0,0,0,0,0,1
37,11,0,23,2,1,0,2,0,0,0,0,0,0,0,0,1
27,10,0,13,2,0,0,1,0,0,0,0,0,0,0,0,1
95,12,0,79,1,8,0,5,18,0,0,0,0,0,0,0,0
26,13,0,7,4,0,0,1,15,0,0,0,0,1,0,0,1
40,7,2,26,2,2,0,2,0,0,0,0,0,0,0,0,0
29,5,0,21,2,0,0,3,0,0,0,0,0,0,0,0,0
31,7,0,6,1,0,0,1,0,2,0,0,0,0,0,0,0
18,12,0,0,2,0,0,0,0,0,0,0,0,0,0,0,1
43,3,12,23,3,0,0,4,2,0,0,0,0,0,0,0,1
65,26,0,11,2,2,1,1,4,4,0,0,0,0,0,0,1
44,9,0,31,2,3,0,2,0,0,0,0,0,0,0,0,0
71,13,0,54,2,0,0,2,5,0,0,0,0,0,0,0,1
14,10,0,0,1,0,0,0,0,0,0,0,0,0,0,0,1
105,9,0,45,4,1,0,6,5,2,0,0,1,0,0,0,1
105,9,0,45,4,1,0,6,5,2,0,0,1,0,0,0,1
15,11,0,0,1,0,0,0,0,0,0,0,0,0,0,0,1
22,11,0,7,1,1,0,1,0,0,0,0,0,0,0,0,1
50,11,0,35,1,0,1,3,7,0,0,0,0,0,0,0,0
65,19,0,42,1,0,0,4,26,0,1,0,1,0,0,0,1
59,7,4,10,4,1,1,2,2,2,4,0,0,0,0,0,1
25,8,0,13,1,0,0,2,2,0,0,0,0,0,0,0,1
30,16,0,10,2,0,0,1,0,0,0,0,0,0,0,0,0
46,4,0,38,2,2,3,1,4,0,0,0,0,0,0,0,0
25,12,0,7,4,0,0,1,14,0,0,0,0,1,0,0,1
91,21,58,7,6,3,0,1,4,0,3,0,1,0,0,0,0
34,23,0,8,2,0,0,1,0,0,0,0,0,0,0,0,1
32,13,0,15,1,0,0,4,0,0,0,0,0,0,0,0,1
74,17,0,53,1,6,0,4,0,0,0,0,0,0,0,0,0
75,9,0,62,1,9,0,2,0,0,0,0,0,0,0,0,0
48,9,0,35,2,0,0,4,4,0,0,0,0,0,0,0,1
16,13,0,0,1,0,0,0,2,0,0,0,0,0,0,0,1
71,15,0,52,1,1,0,3,16,0,0,0,0,0,0,0,1
67,10,0,53,1,4,0,4,6,0,0,0,0,0,0,0,0
69,15,0,50,1,3,0,5,18,0,0,0,0,0,0,0,0
57,8,10,34,3,4,0,3,6,0,0,0,0,0,0,0,1
20,6,0,10,1,0,0,2,1,1,0,0,0,0,0,0,1
58,17,5,31,2,0,0,4,0,0,0,0,0,0,0,0,0
56,11,0,42,2,0,0,5,4,0,0,0,0,0,0,0,1
40,9,2,24,2,0,2,2,0,0,0,0,0,0,0,0,0
19,9,0,6,1,0,0,2,0,0,0,0,0,0,0,0,1
20,15,0,0,1,0,0,0,0,0,1,0,0,0,1,0,1
51,15,0,32,1,3,0,2,0,0,0,0,0,0,0,0,1
18,8,0,6,1,0,0,1,3,0,0,0,0,0,0,0,1
82,11,0,67,2,7,0,1,12,6,0,0,0,0,0,0,0
81,20,0,10,2,1,1,1,4,8,0,0,0,0,0,0,1
47,9,0,35,2,1,0,6,8,0,0,0,0,0,0,0,1
51,18,0,29,2,1,0,2,0,0,0,0,0,0,0,0,1
69,8,0,57,2,0,3,4,4,0,0,0,0,0,0,0,0
71,10,0,10,2,0,1,1,3,8,0,0,0,0,0,0,1
21,5,0,1,1,0,1,1,2,2,0,0,0,0,0,0,0
22,8,0,10,1,0,0,1,0,0,0,0,0,0,0,0,1
30,8,17,0,2,0,0,0,0,0,0,0,0,0,0,0,0
25,9,0,5,1,0,0,1,0,2,0,0,0,0,0,0,1
31,9,0,18,1,0,0,2,3,1,0,0,0,0,0,0,0
42,9,2,26,2,1,1,2,0,2,0,0,0,0,0,0,0
146,6,8,124,4,2,0,4,57,0,0,0,0,0,0,0,1
128,14,0,10,2,4,1,1,8,10,0,0,0,0,0,0,1
81,14,0,10,3,0,1,1,6,8,0,0,0,0,0,0,1
109,15,0,44,5,4,1,8,0,2,2,0,1,0,0,0,1
41,11,0,25,1,1,0,4,7,0,0,0,0,0,1,0,1
32,9,2,16,2,0,1,2,0,0,0,0,0,0,0,0,0
20,9,0,8,1,0,0,1,3,0,0,0,0,0,0,0,1
71,15,0,52,2,3,2,2,2,1,0,0,0,0,0,0,0
65,20,0,13,2,1,0,1,1,6,0,0,0,0,0,0,1
27,5,7,10,3,1,0,1,0,0,0,0,0,0,0,0,0
37,13,0,20,2,0,0,2,0,0,0,0,0,0,0,0,1
96,7,0,5,2,0,1,1,11,13,0,0,1,0,0,0,0
47,14,0,29,2,0,1,3,0,0,0,0,0,0,0,0,1
89,13,0,18,2,0,6,1,6,2,0,0,0,0,0,0,0
16,8,0,4,1,0,0,1,0,0,0,0,0,0,0,0,1
22,8,9,0,2,0,0,0,0,0,0,0,0,0,0,0,0
92,9,0,80,3,2,0,8,0,0,1,0,1,0,0,0,1
19,4,0,8,2,0,0,2,1,0,0,0,1,0,0,0,1
27,3,0,20,1,0,0,2,0,0,0,0,0,0,0,0,0
75,6,0,4,4,0,0,5,0,5,2,0,1,0,0,0,0
23,8,10,0,2,0,0,0,0,0,0,0,0,0,0,0,0
145,7,0,10,2,20,0,1,0,2,0,0,0,0,0,0,0
81,15,0,62,1,4,0,5,15,0,0,0,0,0,0,0,0
46,4,0,39,1,0,1,4,21,0,0,0,0,0,0,0,1
25,11,9,0,2,1,0,0,0,0,0,0,0,0,0,0,0
43,6,0,33,1,1,0,3,3,0,0,0,0,0,0,0,1
48,7,0,10,2,0,1,1,2,4,0,0,0,0,0,0,1
26,7,0,15,1,0,0,1,0,0,0,0,0,0,0,0,0
75,16,0,52,5,0,0,3,4,0,1,0,0,0,0,0,0
71,8,0,1,1,0,1,1,20,4,0,0,0,0,0,0,1
51,6,0,4,3,0,0,5,5,2,0,0,0,0,0,0,1
43,8,0,31,2,1,0,3,1,0,0,0,0,0,0,0,0
43,5,0,34,1,0,1,2,0,0,0,0,0,0,0,0,1
60,4,0,53,2,2,1,4,0,0,0,0,0,0,0,0,1
70,8,7,26,3,0,0,3,2,5,0,0,0,0,0,0,0
100,4,0,16,3,0,0,2,5,13,1,0,0,0,0,0,1
20,16,0,0,1,0,0,0,0,0,0,0,0,0,0,0,0
17,13,0,0,1,0,0,0,0,0,0,0,0,0,0,0,1
19,8,0,7,1,0,0,1,3,0,0,0,0,0,0,0,1
31,8,0,20,1,1,0,2,1,0,0,0,0,0,0,0,1
113,3,0,106,1,2,0,4,41,27,0,0,0,0,0,0,0
113,12,0,13,6,1,0,8,2,8,1,0,0,0,0,0,1
72,19,0,10,3,0,1,1,1,6,0,0,0,0,0,0,1
117,9,13,8,2,0,1,2,30,8,1,0,0,0,0,0,0
117,13,4,10,6,1,0,1,6,19,2,0,1,0,1,0,0
47,7,0,36,2,0,0,2,4,2,0,0,0,0,0,0,1
18,12,0,0,2,0,0,0,0,0,0,0,0,0,0,0,1
42,13,0,25,2,0,0,3,0,0,0,0,0,0,0,0,1
30,6,7,12,2,0,0,1,0,1,0,0,0,0,0,0,1
71,6,0,58,2,4,0,4,3,0,0,0,0,0,0,0,1
164,9,0,16,5,0,1,2,7,17,1,0,0,0,0,0,0
98,10,0,10,2,1,1,1,3,8,0,0,0,0,0,0,1
46,6,0,36,1,0,3,2,0,0,0,0,0,0,0,0,0
94,20,0,27,2,2,0,2,3,8,0,0,0,0,0,0,1
39,10,0,25,2,0,0,2,0,0,0,0,0,0,0,0,0
39,3,0,32,1,3,0,3,0,0,0,0,0,0,0,0,0
27,4,0,16,3,0,0,1,0,0,1,0,0,0,0,0,1
109,15,0,44,5,4,1,8,0,2,2,0,1,0,0,0,1
117,12,15,44,2,4,0,3,20,2,0,0,0,0,0,0,0
24,7,0,13,1,0,0,1,4,0,0,0,0,0,0,0,0
26,13,0,9,1,0,0,2,0,0,0,0,0,0,0,0,1
32,8,0,20,1,0,0,2,0,1,0,0,0,0,0,0,0
54,10,0,37,3,3,0,2,0,0,0,0,0,0,0,0,1
30,15,0,11,2,0,0,1,0,0,0,0,0,0,0,0,1
70,10,0,56,1,7,0,2,7,0,0,0,0,0,0,0,0
15,11,0,0,1,0,0,0,0,0,0,0,0,0,0,0,0
28,9,8,6,2,0,0,1,0,0,0,0,0,0,0,0,0
293,9,0,280,1,7,0,6,98,78,0,0,0,0,0,0,0
20,11,0,5,1,0,0,1,4,0,0,0,0,0,0,0,0
88,16,8,59,5,2,0,4,19,0,0,0,0,0,0,0,1
17,14,0,0,1,0,0,0,0,0,0,0,0,0,0,0,0
46,6,0,28,2,0,0,3,6,2,0,0,0,0,0,0,1
58,7,0,23,4,0,0,7,0,2,1,0,0,0,0,0,1
31,27,0,0,1,0,0,0,0,0,0,0,0,0,0,0,0
113,19,0,10,2,0,1,1,29,6,0,0,0,0,1,0,1
18,13,0,0,3,0,0,0,14,0,0,0,0,1,0,0,1
35,11,0,20,1,0,0,2,0,0,0,0,0,0,0,0,1
37,8,0,25,1,1,0,5,4,0,0,0,0,0,0,0,0
55,12,0,39,2,4,0,1,0,0,0,0,0,0,0,0,0
22,13,0,6,1,0,0,1,2,0,0,0,0,0,0,0,1
230,11,0,120,2,2,1,7,49,10,0,0,0,0,0,0,1
62,5,0,53,1,2,0,5,6,1,0,0,0,0,0,0,0
109,13,0,92,2,1,2,5,3,8,0,0,0,0,0,0,0
155,7,7,40,5,1,3,3,45,5,3,0,0,0,0,0,1
33,8,20,0,2,0,0,0,0,0,0,0,0,0,0,0,0
61,8,13,35,3,3,0,3,6,0,0,0,0,0,0,0,0
38,11,11,11,3,1,0,1,5,0,0,0,0,0,0,0,0
57,16,0,37,2,3,0,1,0,0,0,0,0,0,0,0,0
68,3,0,10,3,0,1,1,4,8,0,0,0,0,0,0,1
33,11,3,14,3,1,0,2,0,0,2,0,0,0,1,0,1
17,7,0,6,1,0,0,1,1,0,0,0,0,0,0,0,1
25,6,4,10,2,0,0,2,0,0,1,0,0,0,0,0,1
110,5,16,20,7,1,0,5,1,11,2,0,1,0,0,0,1
47,19,1,22,3,0,0,3,1,0,1,0,0,0,0,0,1
81,8,28,40,5,0,0,3,2,1,0,0,0,0,0,0,0
29,9,0,16,1,0,0,2,5,0,0,0,0,0,0,0,0
37,12,0,21,1,2,0,1,0,0,0,0,0,0,0,0,0
83,5,0,5,5,1,0,8,2,6,1,0,0,0,0,0,0
145,22,0,119,3,5,0,2,33,0,2,0,0,0,0,0,1
77,7,0,67,2,7,0,1,12,0,0,0,0,0,0,0,0
1666,5,2,3,17,20,7,1,545,75,0,0,1,0,0,0,1
83,11,0,69,2,0,0,5,2,1,1,0,0,0,0,0,1
66,11,0,13,2,3,0,2,0,2,0,0,0,0,0,0,0
36,9,22,0,2,0,0,0,0,0,0,0,0,0,0,0,0
33,9,0,20,2,0,0,2,3,0,0,0,0,0,0,0,1
91,15,0,73,1,2,0,6,13,0,0,0,0,0,0,0,1
34,11,0,20,1,0,0,2,2,1,0,0,0,0,0,0,1
92,19,0,69,4,0,0,5,2,0,0,0,1,0,0,0,1
38,12,0,22,1,1,1,2,5,0,0,0,0,0,0,0,0
19,10,0,6,1,0,0,1,2,0,0,0,0,0,0,0,1
18,9,0,6,1,0,0,1,0,0,0,0,1,0,0,0,1
42,11,0,13,2,1,0,2,0,2,1,0,0,0,0,0,1
110,15,0,10,2,1,1,1,5,13,0,0,0,0,0,0,1
83,12,6,60,2,1,0,4,26,0,0,0,0,0,0,0,1
24,9,0,11,2,0,0,2,0,0,0,0,0,0,0,0,1
21,10,0,7,1,0,0,1,0,0,0,0,0,0,0,0,1
44,10,7,22,3,0,0,3,0,0,0,0,0,0,0,0,0
106,12,0,90,1,11,0,3,3,0,0,0,0,0,0,0,1
69,13,0,10,2,1,0,1,2,6,0,0,0,0,0,0,1
22,6,0,5,2,0,0,1,0,0,0,0,0,0,0,0,1
32,11,0,17,1,0,0,2,0,1,0,0,0,0,0,0,0
46,12,0,30,2,5,0,2,14,0,0,0,0,0,0,0,1
43,11,0,28,1,0,0,5,2,0,0,0,0,0,0,0,1
27,12,0,11,2,0,0,1,0,0,0,0,0,0,0,0,1
83,7,0,72,2,4,0,6,8,0,0,0,0,0,0,0,0
35,7,0,9,1,0,0,1,3,2,0,0,0,0,0,0,1
32,25,0,0,2,2,0,0,0,0,0,0,0,0,0,0,1
31,9,0,19,2,0,0,2,0,0,0,0,0,0,0,0,1
30,9,0,17,2,0,1,3,2,0,0,0,0,0,0,0,1
67,5,6,51,2,3,0,4,9,0,1,0,0,0,0,0,0
107,12,0,10,2,2,1,1,5,10,0,0,0,0,0,0,1
9,4,0,0,2,0,0,0,0,0,0,0,0,0,0,0,1
55,14,0,37,2,2,0,2,0,0,0,0,0,0,0,0,0
69,21,0,15,2,0,1,1,0,4,0,0,0,0,0,0,0
79,7,0,68,2,0,1,3,4,0,0,0,0,0,0,0,0
49,19,0,26,1,0,0,4,0,0,0,0,0,0,0,0,1
50,8,23,15,4,2,1,1,0,0,0,0,0,0,0,0,1
146,6,0,134,5,2,0,7,17,0,1,0,1,0,0,0,1
48,20,22,0,2,0,0,0,19,0,0,0,0,0,0,0,1
93,5,0,8,5,1,0,8,5,6,1,0,0,0,0,0,0
41,18,0,19,2,2,0,2,0,0,0,0,0,0,0,0,1
47,13,4,25,2,0,0,2,0,0,0,0,0,0,0,0,0
86,5,0,77,1,0,0,7,19,0,1,0,0,0,0,0,0
86,12,0,10,2,0,1,1,4,10,0,0,0,0,0,0,1
17,13,0,0,1,0,0,0,0,0,0,0,0,0,0,0,0
38,7,0,27,2,0,0,2,0,0,0,0,0,0,0,0,1
24,13,4,0,3,0,0,0,0,0,0,0,0,0,0,0,0
46,18,0,25,2,0,0,2,0,0,0,0,0,0,0,0,1
80,10,0,27,2,0,0,6,2,4,1,0,0,0,0,0,0
48,6,0,36,3,3,0,2,0,0,0,0,0,0,0,0,1
93,13,0,76,1,9,0,4,8,0,0,0,0,0,0,0,0
52,12,0,36,2,1,0,3,0,0,0,0,0,0,0,0,0
97,10,0,69,3,8,0,5,24,2,0,0,0,0,0,0,1
121,20,0,1,1,2,0,1,39,6,1,0,0,0,0,0,0
14,10,0,0,1,0,0,0,0,0,0,0,0,0,0,0,0
68,18,0,26,2,0,0,2,0,2,0,0,0,0,0,0,1
28,13,0,12,1,1,0,2,0,0,0,0,0,0,0,0,0
38,15,0,15,2,0,0,2,0,2,0,0,0,0,0,0,1
39,14,0,21,2,2,0,1,0,0,0,0,0,0,0,0,1
27,9,0,14,1,0,1,1,0,0,0,0,0,0,0,0,0
39,12,0,16,2,0,0,2,3,2,0,0,0,0,0,0,1
31,9,0,18,2,0,0,2,0,0,1,0,0,0,0,0,1
12,6,0,3,1,0,0,1,0,0,0,0,0,0,0,0,1
38,7,0,26,1,1,0,3,1,0,0,0,0,0,0,0,1
25,9,11,0,2,0,0,0,0,0,0,0,0,0,0,0,0
45,21,0,20,1,1,0,2,0,0,0,0,0,0,0,0,1
47,13,0,30,2,0,1,3,0,0,0,0,0,0,0,0,0
25,11,0,11,2,1,0,1,0,0,0,0,0,0,0,0,1
84,25,0,10,2,0,1,1,2,8,0,0,0,0,0,0,1
90,7,0,77,6,0,0,8,0,0,0,0,1,0,0,0,1
39,16,0,19,2,0,0,2,1,0,0,0,0,0,0,0,1
254,15,0,49,5,3,1,6,26,14,0,0,1,0,0,0,1
30,7,4,14,2,0,0,2,2,1,0,0,0,0,0,0,1
58,5,7,15,2,0,0,2,15,2,0,0,0,0,0,0,0
87,17,0,10,2,0,1,1,4,10,0,0,0,0,0,0,1
70,15,0,52,3,2,0,5,3,0,0,0,0,0,0,0,1
25,22,0,0,1,2,0,0,0,0,0,0,0,0,1,0,1
34,21,0,9,1,2,0,1,0,0,0,0,0,0,0,0,1
67,8,6,48,3,1,2,4,6,0,0,0,0,0,0,0,0
57,2,7,43,3,3,0,2,5,0,0,0,0,0,0,0,0
31,24,0,0,2,0,0,0,0,0,0,0,0,0,0,0,1
80,11,0,10,2,0,1,1,3,10,0,0,0,0,0,0,1
31,8,0,16,3,0,0,2,1,0,0,0,0,0,0,0,1
46,15,0,28,2,0,0,2,0,0,1,0,0,0,0,0,1
24,21,0,0,1,1,0,0,4,0,0,0,0,0,1,0,1
105,9,0,45,4,1,0,6,5,2,0,0,1,0,0,0,1
34,3,0,27,1,4,0,1,1,0,0,0,0,0,0,0,0
116,11,0,28,2,0,0,3,11,6,0,0,0,0,0,0,1
88,4,0,81,2,6,0,4,2,0,0,0,0,0,0,0,1
71,17,0,50,2,2,0,5,3,0,0,0,0,0,0,0,1
59,10,0,46,2,0,1,4,4,0,1,0,0,0,0,0,1
59,8,7,39,4,0,0,4,5,0,0,0,0,0,0,0,0
42,5,10,22,2,0,1,3,8,0,0,0,0,0,0,0,0
90,6,0,80,1,9,0,4,10,0,0,0,0,0,0,0,0
34,9,7,13,3,0,0,1,0,0,0,0,0,0,0,0,1
34,8,21,0,2,0,0,0,0,0,1,0,0,0,0,0,1
67,7,0,57,1,0,0,5,30,0,0,0,0,0,0,0,0
22,13,0,5,1,1,0,1,0,0,0,0,0,0,0,0,1
33,13,0,13,3,1,0,2,3,0,0,0,0,0,0,0,0
31,7,0,6,1,0,0,1,5,2,0,0,0,0,0,0,0
29,7,0,18,1,0,0,2,0,0,0,0,0,0,0,0,1
64,15,0,10,3,0,1,1,3,4,0,0,0,0,0,0,1
135,6,0,10,2,2,1,1,5,16,0,0,0,0,0,0,1
73,7,0,62,2,0,1,3,4,0,0,0,0,0,0,0,0
87,10,0,73,1,6,0,5,8,0,0,0,0,0,0,0,0
66,6,0,56,1,5,0,3,9,0,1,0,0,0,0,0,0
541,11,0,35,3,1,0,4,131,2,0,0,1,0,0,0,1
42,6,31,0,5,0,0,0,4,0,1,0,0,0,0,0,1
52,3,12,19,2,0,1,2,0,2,0,0,0,0,0,0,0
26,4,5,12,2,0,0,2,3,0,0,0,0,0,0,0,1
26,13,0,7,4,0,0,1,15,0,0,0,0,1,0,0,1
244,13,0,74,2,0,1,5,110,4,1,0,0,0,0,0,0
55,17,0,35,1,1,1,1,7,1,0,0,1,0,0,0,1
140,8,0,63,2,2,1,7,11,1,0,0,0,0,0,0,1
21,7,0,10,1,0,0,2,0,0,0,0,0,0,0,0,1
42,7,0,31,1,3,0,3,5,0,0,0,0,0,0,0,0
19,10,0,5,1,0,0,1,2,0,0,0,0,0,0,0,1
54,11,9,29,3,3,0,1,6,0,0,0,0,0,0,0,0
39,13,0,22,2,0,1,1,0,0,0,0,0,0,0,0,0
26,7,5,9,2,1,0,1,4,0,0,0,0,0,0,0,1
13,3,6,0,2,0,0,0,0,0,0,0,0,0,0,0,1
103,6,4,74,3,0,1,6,7,2,1,0,0,0,0,0,1
157,17,0,10,2,8,1,1,18,12,0,0,0,0,0,0,1
44,11,0,29,2,1,0,2,0,0,0,0,0,0,0,0,0
79,6,0,10,2,0,1,1,3,10,0,0,0,0,0,0,1
41,13,5,15,3,0,0,2,0,0,0,0,0,0,0,0,0
43,14,0,22,2,0,0,3,0,0,0,0,0,0,0,0,1
93,11,0,10,2,1,1,1,4,12,0,0,0,0,0,0,1
79,10,0,10,2,0,1,1,6,8,0,0,0,0,0,0,1
30,13,0,13,1,2,0,2,0,0,0,0,0,0,0,0,0
43,4,0,35,1,2,0,2,0,0,0,0,0,0,0,0,0
37,11,0,22,2,1,0,3,0,0,0,0,0,0,0,0,1
64,10,0,50,2,4,0,3,12,0,0,0,0,0,0,0,0
24,5,4,10,2,0,0,2,0,0,0,0,1,0,0,0,1
65,3,4,53,3,0,0,3,0,0,0,0,0,0,0,0,0
26,12,0,11,2,1,0,1,0,0,0,0,0,0,0,0,1
55,6,0,45,1,4,0,3,13,0,1,0,0,0,0,0,0
22,7,0,11,1,1,0,1,0,0,0,0,0,0,0,0,1
18,14,0,0,1,0,0,0,0,0,0,0,0,0,0,0,0
48,5,0,39,1,0,0,6,11,0,0,0,0,0,0,0,0
107,7,4,10,3,5,1,1,20,10,0,0,0,0,0,0,1
77,18,0,56,2,7,0,2,3,0,0,0,0,0,0,0,1
89,9,0,21,5,1,0,12,1,2,1,0,1,0,0,0,1
111,7,0,25,2,0,1,2,28,2,0,0,0,0,0,0,0
13,9,0,0,1,0,0,0,4,0,0,0,0,0,0,0,1
15,11,0,0,1,0,0,0,0,0,0,0,0,0,0,0,1
15,11,0,0,1,0,0,0,0,0,0,0,0,0,0,0,1
28,18,0,6,1,0,0,1,0,0,0,0,0,0,0,0,0
17,10,0,4,1,0,0,1,0,0,0,0,0,0,0,0,0
18,4,9,0,2,0,0,0,0,0,0,0,0,0,0,0,1
40,8,0,29,2,0,0,4,0,0,0,0,0,0,0,0,1
37,7,0,26,1,0,0,5,0,0,0,0,0,0,0,0,1
20,16,0,0,1,0,0,0,0,0,0,0,0,0,0,0,1
71,4,0,10,3,0,1,1,2,6,0,0,0,0,0,0,1
146,22,0,10,5,0,4,1,6,12,0,0,0,0,0,0,1
26,7,0,15,1,1,0,1,0,0,0,0,0,0,0,0,0
22,10,0,8,1,0,0,2,2,0,0,0,0,0,0,0,1
19,13,0,6,3,0,0,1,10,0,0,0,0,1,0,0,1
30,12,0,13,2,0,0,2,0,0,0,0,0,0,1,0,1
39,9,2,23,2,0,2,2,0,2,0,0,0,0,0,0,0
36,9,2,20,2,0,1,2,0,0,0,0,0,0,0,0,0
60,10,0,15,3,0,1,2,0,4,0,0,0,0,0,0,1
56,10,0,9,2,1,1,1,3,4,0,0,0,0,1,0,1
24,20,0,0,1,0,0,0,0,0,0,0,0,0,0,0,0
36,12,2,17,2,0,0,2,0,1,0,0,0,0,0,0,1
47,10,0,33,1,0,0,1,20,0,0,0,0,0,0,0,0
25,3,3,14,3,0,0,1,0,0,0,0,0,0,0,0,1
48,4,12,28,3,1,0,2,9,0,0,0,0,0,0,0,1
18,14,0,0,1,1,0,0,0,0,0,0,0,0,0,0,0
67,9,0,51,3,3,0,4,2,0,0,0,0,0,0,0,1
44,6,0,34,2,0,0,3,3,0,0,0,0,0,0,0,1
86,14,0,68,2,1,0,1,10,11,0,0,0,0,0,0,0
58,16,0,38,2,0,0,5,6,0,0,0,0,0,0,0,0
17,12,0,0,3,0,0,0,13,0,0,0,0,1,0,0,1
21,17,0,0,1,0,0,0,4,0,0,0,0,0,1,0,1
89,11,0,74,1,9,0,2,0,0,0,0,0,0,0,0,0
51,9,2,35,2,0,4,2,4,0,0,0,0,0,0,0,0
18,5,0,9,1,0,0,1,0,0,0,0,0,0,0,0,1
134,11,0,14,2,2,1,2,3,16,0,0,0,0,0,0,1
24,8,0,12,2,0,0,2,5,0,0,0,0,0,0,0,0
87,10,0,73,1,4,0,4,6,0,0,0,0,0,0,0,0
113,9,0,101,2,12,0,3,3,0,0,0,0,0,0,0,1
32,5,5,17,2,1,0,1,0,0,0,0,0,0,0,0,0
102,7,0,77,1,9,1,5,8,2,0,0,0,0,0,0,0
19,15,0,0,1,0,0,0,0,0,0,0,0,0,0,0,0
54,8,3,38,2,0,1,4,0,0,0,0,0,0,0,0,0
23,6,0,14,1,0,0,2,1,1,0,0,0,0,0,0,1
24,13,0,11,3,0,0,2,10,0,0,0,0,1,0,0,1
80,10,12,53,3,0,3,4,9,0,0,0,0,0,0,0,0
104,13,0,73,2,8,0,5,10,2,0,0,0,0,0,0,1
64,17,0,43,1,5,0,2,1,0,0,0,0,0,0,0,1
34,20,0,10,1,1,0,1,1,0,0,0,0,0,0,0,1
44,8,8,23,3,0,0,2,6,0,0,0,0,0,0,0,0
23,11,8,0,2,0,0,0,0,0,0,0,0,0,0,0,0
24,9,0,12,1,0,0,1,0,0,1,0,0,0,0,0,1
59,8,0,47,1,2,0,6,0,0,0,0,0,0,0,0,1
39,9,2,23,2,0,1,2,0,2,0,0,0,0,0,0,0
42,10,0,28,3,2,0,2,0,0,0,0,0,0,0,0,1
25,8,0,13,1,0,0,2,1,0,0,0,0,0,0,0,1
34,12,0,18,2,0,1,1,0,0,0,0,0,0,0,0,0
27,13,0,11,2,0,0,1,0,0,0,0,0,0,0,0,1
61,7,0,50,1,0,0,3,9,0,0,0,0,0,1,0,0
8,5,0,0,1,0,0,0,0,0,0,0,0,0,0,0,1
91,5,0,82,1,9,0,4,3,0,0,0,0,0,0,0,0
54,4,12,32,4,3,0,2,5,0,0,0,0,0,0,0,1
34,16,0,11,2,0,0,1,0,0,1,0,0,0,0,0,1
20,16,0,0,1,0,0,0,0,0,0,0,0,0,0,0,0
29,10,0,15,1,0,0,2,0,0,0,0,0,0,0,0,1
63,10,0,49,1,0,9,3,0,0,0,0,0,0,0,0,0
58,12,0,43,3,1,0,4,2,0,0,0,0,0,0,0,1
31,4,0,24,2,0,0,4,0,1,0,0,0,0,0,0,1
26,9,0,14,2,0,0,2,0,0,0,0,0,0,0,0,1
33,9,0,20,2,0,0,3,5,0,0,0,0,0,0,0,0
41,11,0,26,1,0,0,3,0,0,0,0,0,0,0,0,0
28,9,0,15,1,0,0,2,0,0,0,0,0,0,0,0,0
117,5,16,20,8,1,0,5,1,11,2,0,0,0,0,0,0
109,16,0,27,3,0,3,4,1,2,0,0,0,0,0,0,0
41,20,0,17,1,0,0,3,0,0,0,0,0,0,0,0,1
67,5,0,10,2,0,1,1,4,8,0,0,0,0,0,0,1
63,34,15,9,2,0,0,1,1,0,0,0,0,0,0,0,0
34,3,0,19,1,0,0,4,0,2,0,0,0,0,0,0,0
186,9,172,0,10,1,0,0,65,0,2,0,0,0,0,0,0
41,17,0,17,2,0,0,2,0,0,0,0,0,0,0,0,1
39,7,0,6,1,1,0,1,3,2,0,0,0,0,0,0,1
51,8,3,14,2,0,0,1,1,6,0,0,0,0,0,0,0
184,25,0,10,2,5,1,1,7,18,0,0,0,0,0,0,1
35,19,0,12,1,0,0,2,0,0,0,0,0,0,0,0,1
28,10,0,15,2,0,0,2,1,0,0,0,0,0,0,0,1
134,9,4,14,7,1,0,5,11,20,1,0,0,0,0,0,0
43,12,0,12,1,0,0,1,2,2,0,0,0,0,0,0,1
97,5,0,21,5,1,0,6,0,6,2,0,1,0,0,0,1
27,12,0,11,2,0,0,1,0,0,0,0,0,0,0,0,1
46,12,0,21,2,1,0,2,6,2,0,0,0,0,0,0,0
42,6,0,28,2,0,1,3,0,2,0,0,0,0,0,0,1
94,14,0,76,1,11,0,2,12,0,0,0,0,0,0,0,0
93,10,0,80,3,8,0,2,10,0,2,0,1,0,0,0,1
25,6,7,8,3,0,0,1,0,0,0,0,0,0,0,0,1
213,6,0,204,1,0,0,2,87,66,0,0,0,0,0,0,0
25,9,11,0,2,0,0,0,0,0,0,0,0,0,0,0,0
21,12,0,9,4,0,0,1,11,0,0,0,0,1,0,0,1
49,6,0,9,3,0,0,6,1,2,0,0,0,0,0,0,1
57,8,18,26,3,3,0,2,12,0,1,0,0,0,0,0,1
50,7,2,36,3,0,0,4,7,0,0,0,0,0,0,0,0
102,6,4,44,4,0,0,4,5,2,1,0,0,0,0,0,0
116,13,0,10,2,1,1,1,4,14,0,0,0,0,0,0,1
53,7,0,15,2,0,1,1,6,6,0,0,0,0,0,0,1
12,8,0,0,1,0,0,0,0,0,0,0,0,0,0,0,0
109,18,0,88,2,11,0,4,2,0,0,0,0,0,0,0,1
29,6,0,19,2,1,0,1,0,0,0,0,0,0,0,0,0
172,13,0,10,2,4,1,1,8,18,0,0,0,0,0,0,1
25,12,0,9,2,0,0,1,0,0,0,0,0,0,0,0,0
238,32,0,21,3,0,1,3,38,10,0,0,0,0,0,0,1
57,7,0,47,2,4,0,3,2,0,0,0,0,0,0,0,1
49,8,18,18,4,0,0,2,2,1,0,0,0,0,0,0,0
45,8,8,24,3,0,0,2,0,1,0,0,0,0,0,0,0
16,4,0,8,1,0,0,2,0,0,0,0,0,0,0,0,1
45,7,5,15,2,0,1,2,8,2,0,0,0,0,0,0,0
118,15,0,99,1,12,0,5,14,0,0,0,0,0,0,0,0
30,6,0,18,2,0,0,2,3,0,0,0,0,0,0,0,1
107,19,0,84,2,9,0,2,0,0,0,0,0,0,0,0,0
24,9,0,12,2,0,0,1,0,0,0,0,0,0,0,0,1
50,8,0,38,1,1,0,3,15,0,0,0,0,0,0,0,0
73,14,0,55,2,8,0,2,11,0,0,0,0,0,0,0,0
18,14,0,0,1,0,0,0,0,0,0,0,0,0,0,0,1
67,8,0,10,2,0,1,1,2,6,0,0,0,0,0,0,1
19,9,0,6,1,0,0,1,2,0,0,0,0,0,0,0,1
57,9,0,44,2,0,0,4,3,0,0,0,0,0,0,0,0
20,4,5,6,2,0,0,1,0,0,0,0,0,0,0,0,0
30,10,0,17,2,0,0,2,0,0,0,0,0,0,0,0,1
55,15,0,36,2,2,0,2,0,0,0,0,0,0,0,0,1
14,7,0,0,2,0,0,0,0,0,0,0,0,0,0,0,1
35,5,0,23,2,0,0,3,0,0,1,0,0,0,0,0,1
61,15,0,42,2,1,1,4,0,0,1,0,0,0,0,0,0
24,20,0,0,1,2,0,0,0,0,1,0,0,0,0,0,1
36,8,16,7,4,0,0,1,0,0,2,0,1,0,0,0,1
25,12,0,13,3,0,0,2,9,0,0,0,0,1,0,0,1
28,7,0,15,3,0,0,2,0,0,1,0,0,0,0,0,1
19,6,4,4,2,0,0,1,0,0,0,0,0,0,0,0,1
103,12,0,10,4,0,1,1,10,12,0,0,0,0,0,0,1
72,18,6,43,2,2,0,4,0,0,0,0,0,0,0,0,0
108,24,0,10,3,0,2,1,10,12,0,0,0,0,0,0,1
106,6,36,60,5,1,0,6,37,0,0,0,0,0,0,0,1
81,15,0,62,2,4,0,4,8,0,0,0,0,0,0,0,0
80,11,0,65,1,0,0,10,21,0,0,0,0,0,0,0,0
31,4,0,23,1,0,0,3,7,0,0,0,0,0,0,0,0
91,21,58,7,6,3,0,1,4,0,3,0,1,0,0,0,0
12,9,0,0,1,0,0,0,0,0,0,0,0,0,1,0,1
78,23,0,48,2,0,0,1,13,0,0,0,0,0,0,0,1
89,9,0,59,3,1,0,7,0,4,2,0,1,0,0,0,1
28,13,0,12,1,1,0,2,0,0,0,0,0,0,0,0,1
97,5,0,21,5,1,0,6,0,6,2,0,1,0,0,0,1
18,14,0,0,1,0,0,0,0,0,0,0,0,0,0,0,1
56,5,11,35,3,0,1,4,0,0,0,0,0,0,0,0,0
19,5,0,10,1,0,0,1,0,1,0,0,0,0,0,0,1
43,6,4,28,3,0,0,3,11,1,0,0,0,0,0,0,0
23,14,0,9,3,0,0,2,13,0,0,0,0,1,0,0,1
107,11,0,17,5,1,3,1,2,8,0,0,0,0,0,0,1
103,4,0,95,1,11,0,2,1,0,0,0,0,0,0,0,0
100,5,4,86,8,0,0,5,15,0,0,0,1,1,0,0,1
50,8,0,38,2,0,1,1,1,0,0,0,0,0,0,0,1
157,18,0,10,2,11,1,1,7,10,0,0,0,0,0,0,1
72,8,0,10,3,0,1,1,4,8,0,0,0,0,0,0,1
27,18,0,5,1,0,0,1,0,0,0,0,0,0,0,0,1
14,10,0,0,1,0,0,0,0,0,0,0,0,0,0,0,0
21,12,0,9,3,0,0,2,9,0,0,0,0,1,0,0,1
22,13,0,3,4,0,0,1,15,0,0,0,0,1,0,0,1
86,12,3,66,4,4,0,3,0,1,0,0,0,0,0,0,1
151,16,0,10,3,7,1,1,5,10,0,0,0,0,0,0,1
95,15,0,76,2,8,0,3,7,0,0,0,0,0,0,0,0
47,7,4,31,2,0,5,2,0,0,0,0,0,0,0,0,0
22,7,0,11,1,0,0,1,0,0,0,0,0,0,0,0,0
60,11,0,45,2,0,1,3,8,3,0,0,0,0,0,0,0
60,13,33,9,3,3,0,1,3,0,1,0,0,0,0,0,1
13,4,4,0,2,0,0,0,0,0,0,0,0,0,0,0,0
43,5,0,34,1,0,0,4,2,0,0,0,0,0,0,0,1
27,13,0,14,4,0,0,2,10,0,0,0,0,1,0,0,1
95,5,0,10,3,0,1,1,11,12,0,0,0,0,0,0,1
41,5,0,32,1,4,0,3,3,0,0,0,0,0,0,0,0
89,11,0,74,1,0,10,3,7,2,0,0,0,0,0,0,0
25,8,12,0,2,0,0,0,2,0,0,0,0,0,0,0,0
120,23,0,12,3,0,4,1,3,8,0,0,0,0,0,0,1
97,5,0,28,2,0,0,3,30,4,0,0,0,0,0,0,1
49,6,0,39,2,2,0,5,12,0,0,0,0,0,0,0,1
87,6,0,77,1,4,0,5,30,0,0,0,0,0,0,0,0
16,3,8,0,2,0,0,0,0,0,0,0,0,0,1,0,1
64,4,6,50,3,7,0,2,0,0,0,0,0,0,0,0,0
21,13,0,8,4,0,0,1,10,0,0,0,0,1,0,0,1
14,10,0,0,1,0,0,0,0,0,0,0,0,0,0,0,1
29,4,0,22,1,0,0,2,0,1,0,0,0,0,0,0,0
92,8,0,79,1,15,0,1,2,0,0,0,0,0,1,0,0
26,14,0,12,4,0,0,1,11,0,0,0,0,1,0,0,1
33,9,2,17,2,0,1,2,0,0,0,0,0,0,0,0,0
1666,5,2,3,17,20,7,1,545,75,0,0,1,0,0,0,1
39,5,10,19,3,0,0,2,0,0,1,0,0,0,0,0,1
20,8,0,9,2,0,0,1,0,0,0,0,0,0,0,0,1
33,6,12,10,3,0,0,1,3,0,0,0,0,0,0,0,0
132,14,24,23,8,5,2,5,2,5,1,0,1,0,0,0,0
26,4,5,12,2,0,0,2,3,0,0,0,0,0,0,0,1
245,11,0,37,8,0,1,10,10,28,1,0,1,0,0,0,1
41,12,0,25,2,0,3,2,0,0,0,0,0,0,0,0,0
21,14,0,7,3,0,0,1,12,0,0,0,0,1,0,0,1
288,6,0,56,4,0,1,6,4,56,2,0,0,0,0,0,0
24,18,0,0,2,0,0,0,0,0,0,0,0,0,0,0,1
25,8,0,13,1,0,0,2,3,0,0,0,0,0,0,0,1
76,11,0,10,3,0,1,1,4,8,0,0,0,0,0,0,1
371,12,28,34,3,8,4,3,49,16,2,0,0,0,0,0,0
42,8,0,10,2,0,0,1,15,2,0,0,0,0,0,0,0
21,17,0,0,1,0,0,0,0,0,0,0,0,0,0,0,1
77,14,0,59,1,6,0,2,10,0,0,0,0,0,0,0,0
39,9,0,22,1,0,0,4,4,2,0,0,0,0,0,0,0
24,8,0,12,1,0,0,2,0,0,0,0,0,0,0,0,0
24,9,0,11,2,0,0,1,0,0,0,0,0,0,0,0,1
60,9,0,10,2,0,1,1,0,6,0,0,0,0,0,0,1
58,23,0,31,2,3,0,3,1,0,0,0,0,0,0,0,0
24,4,0,16,2,0,0,2,0,0,0,0,0,0,0,0,0
22,9,0,8,1,0,0,1,4,0,0,0,0,0,1,0,1
118,2,15,29,4,0,0,2,5,16,0,0,0,0,0,0,1
31,7,0,6,1,1,0,1,2,2,0,0,0,0,0,0,0
27,4,0,19,1,1,0,2,4,0,0,0,0,0,0,0,1
345,12,28,34,3,7,2,3,50,11,2,0,0,0,0,0,0
27,6,0,17,2,1,0,1,0,0,0,0,0,0,0,0,0
60,7,8,40,2,2,0,3,0,0,0,0,0,0,0,0,0
409,11,111,186,17,5,2,14,114,9,4,0,1,0,0,0,0
25,7,0,14,1,0,0,1,0,0,0,0,0,0,0,0,0
26,6,0,16,1,0,0,2,5,0,0,0,0,0,0,0,0
90,7,0,77,6,0,0,8,0,0,0,0,1,0,0,0,1
18,14,0,0,1,0,0,0,0,0,0,0,0,0,0,0,1
12,2,0,6,1,0,0,1,0,0,0,0,0,0,0,0,1
22,3,5,9,2,0,0,1,3,0,0,0,0,0,0,0,1
132,14,24,23,8,5,2,5,2,5,1,0,1,0,0,0,0
59,22,11,1,2,0,0,1,10,5,0,0,0,0,0,0,0
26,14,0,7,3,0,0,1,15,0,0,0,0,1,0,0,1
152,18,0,10,2,1,1,1,7,18,0,0,0,0,0,0,1
41,8,0,5,1,0,0,1,6,3,0,0,0,0,0,0,1
80,8,0,68,1,5,0,3,15,0,0,0,0,0,0,0,0
45,8,0,33,1,1,0,3,11,0,0,0,0,0,0,0,0
57,6,0,16,3,0,1,2,2,4,0,0,0,0,0,0,1
139,9,0,10,4,0,5,1,8,12,0,0,0,0,0,0,1
22,13,0,3,4,0,0,1,15,0,0,0,0,1,0,0,1
33,12,0,18,2,0,0,2,0,0,0,0,0,0,0,0,1
117,7,0,35,4,2,3,5,1,6,1,1,0,0,0,0,1
88,15,0,10,2,1,1,1,4,8,0,0,0,0,0,0,1
23,10,0,9,2,0,0,1,0,0,0,0,0,0,0,0,0
43,7,0,32,1,1,0,3,8,0,0,0,0,0,0,0,0
14,5,0,6,1,0,0,1,3,0,0,0,0,0,0,0,1
39,9,8,17,3,0,0,2,0,0,0,0,0,0,0,0,0
31,11,0,16,1,0,0,2,0,0,0,0,0,0,0,0,1
47,9,0,17,2,0,1,1,2,4,0,0,0,0,0,0,1
158,7,7,38,5,1,4,3,46,5,3,0,0,0,0,0,1
38,2,0,32,1,2,0,2,1,0,0,0,0,0,0,0,0
113,14,0,10,2,2,1,1,5,10,0,0,0,0,0,0,1
26,3,10,9,2,0,0,1,3,0,0,0,0,0,0,0,1
541,11,0,35,3,1,0,4,142,2,0,0,1,0,0,0,1
34,9,0,14,2,0,0,1,4,2,0,0,0,0,0,0,0
98,9,4,77,4,2,0,5,2,4,0,0,0,0,0,0,0
81,6,4,66,2,6,0,4,13,3,0,0,0,0,0,0,0
26,13,0,7,4,0,0,1,15,0,0,0,0,1,0,0,1
41,15,0,21,1,0,0,3,0,1,1,0,0,0,1,0,1
31,4,2,19,3,0,0,3,0,0,1,0,0,0,0,0,0
42,18,19,0,2,1,0,0,0,0,0,0,0,0,0,0,1
96,7,0,5,2,0,1,1,11,13,0,0,1,0,0,0,0
294,10,0,66,15,2,0,7,75,26,1,0,0,0,0,0,1
62,14,0,45,1,2,0,3,2,0,0,0,0,0,0,0,1
64,14,0,47,1,6,0,3,0,0,0,0,0,0,0,0,1
82,13,22,21,7,1,2,5,11,4,2,0,0,0,0,0,0
98,6,87,0,7,2,0,0,4,0,4,0,0,0,0,0,1
247,23,64,37,6,6,0,2,94,1,2,0,0,0,0,0,0
36,8,0,24,1,0,0,3,0,0,0,0,0,0,0,0,1
114,8,0,20,5,1,0,12,10,6,1,0,1,0,0,0,1
81,14,0,64,2,4,0,3,3,0,0,0,0,0,0,0,1
32,6,7,15,3,0,0,3,6,0,0,0,0,0,0,0,1
45,7,0,20,2,1,0,2,4,2,0,0,0,0,0,0,0
24,7,0,13,1,0,1,1,0,0,0,0,0,0,0,0,0
23,5,13,0,3,0,0,0,0,0,0,0,0,0,0,0,0
40,6,0,21,3,0,0,5,0,1,1,0,0,0,0,0,1
20,7,3,5,2,0,0,1,0,0,0,0,0,0,0,0,1
101,5,9,25,3,0,0,2,13,9,1,0,0,0,0,0,0
467,9,0,26,22,0,5,6,39,51,1,0,1,0,0,0,1
102,15,0,40,1,3,0,2,3,8,0,0,0,0,0,0,1
271,5,0,263,1,0,9,3,95,72,0,0,0,0,0,0,0
38,4,0,31,1,0,0,2,2,4,0,0,0,0,0,0,0
59,6,0,49,1,4,0,3,3,0,1,0,0,0,0,0,0
18,11,0,0,2,0,0,0,0,0,0,0,0,0,0,0,1
34,9,2,18,2,0,1,2,0,0,0,0,0,0,0,0,0
91,6,4,76,2,0,2,5,9,0,1,0,0,0,0,0,1
29,3,0,22,2,0,0,2,0,0,0,0,0,0,0,0,1
32,28,0,0,1,0,0,0,0,0,0,0,0,0,0,0,0
21,6,10,0,2,0,0,0,0,0,0,0,0,0,0,0,1
33,13,0,15,1,3,0,1,14,0,0,0,0,0,1,0,1
87,13,0,71,1,9,0,2,0,0,0,0,0,0,0,0,1
37,11,0,22,1,0,0,2,0,0,0,0,0,0,0,0,1
36,6,0,26,1,0,0,2,0,0,0,0,0,0,0,0,0
41,10,0,24,2,1,0,2,0,0,0,0,0,0,0,0,1
61,16,0,17,3,2,1,2,7,4,0,0,0,0,0,0,0
128,16,0,10,2,1,1,1,5,16,0,0,0,0,0,0,1
35,10,0,13,1,0,0,1,2,2,0,0,0,0,0,0,1
73,9,2,57,2,0,6,3,0,0,0,0,0,0,0,0,0
89,6,0,31,2,2,0,3,13,6,0,0,0,0,0,0,0
19,2,0,13,1,0,0,2,1,0,0,0,0,0,0,0,1
12,8,0,0,1,0,0,0,0,0,0,0,0,0,0,0,0
48,8,0,36,1,2,0,3,5,0,0,0,0,0,0,0,0
96,12,0,80,2,1,2,5,14,0,0,0,0,0,0,0,1
42,3,0,35,1,0,0,4,7,0,0,0,0,0,0,0,0
76,12,0,60,1,1,0,4,19,0,0,0,0,0,0,0,1
40,9,0,27,2,0,0,3,11,0,0,0,0,0,0,0,0
32,4,6,6,3,0,0,2,3,2,0,0,0,0,0,0,1
97,6,0,87,2,10,0,3,9,0,0,0,0,0,0,0,0
53,17,0,32,2,0,1,3,0,0,0,0,0,0,0,0,0
80,18,0,10,2,1,1,1,5,8,0,0,0,0,0,0,1
39,6,0,11,2,0,0,1,8,4,0,0,0,0,0,0,1
63,8,10,40,3,4,0,3,8,0,0,0,0,0,0,0,0
19,2,13,0,2,0,0,0,0,0,0,0,0,0,0,0,1
18,7,0,7,1,0,0,1,0,0,0,0,0,0,0,0,1
29,8,0,17,1,0,0,2,0,0,0,0,0,0,0,0,0
42,8,0,30,1,1,0,3,9,0,0,0,0,0,0,0,0
32,8,0,20,2,0,0,2,2,0,0,0,0,0,0,0,1
13,9,0,0,1,0,0,0,0,0,0,0,0,0,0,0,0
23,7,0,12,1,0,0,2,0,0,0,0,0,0,0,0,1
136,10,0,122,2,11,0,7,8,0,1,0,0,0,0,0,0
36,8,0,24,2,0,0,2,4,0,0,0,0,0,0,0,1
44,6,0,26,2,0,0,2,0,2,0,0,0,0,0,0,0
103,6,0,15,2,0,0,2,4,18,0,0,0,0,0,0,0
38,5,0,29,2,0,0,5,4,0,0,0,0,0,0,0,0
27,8,0,15,2,1,0,1,1,0,0,0,0,0,0,0,0
220,10,0,38,3,0,0,4,14,6,0,0,0,0,0,0,1
102,4,3,10,3,0,0,1,8,7,0,0,0,0,0,0,1
100,5,7,59,7,1,0,6,2,4,1,1,0,0,0,0,1
18,8,5,0,2,0,0,0,2,0,0,0,0,0,0,0,0
1666,5,2,3,17,20,7,1,545,75,0,0,1,0,0,0,1
52,12,0,36,2,0,1,7,9,0,0,0,0,0,0,0,1
40,8,16,11,3,0,0,2,4,0,0,0,0,0,0,0,1
11,7,0,0,1,1,0,0,0,0,0,0,0,0,0,0,0
125,16,0,105,2,0,6,4,7,3,0,0,0,0,0,0,0
33,12,0,17,2,1,0,1,6,0,0,0,0,0,0,0,0
76,14,0,13,3,0,1,2,3,6,0,0,0,0,0,0,1
90,17,0,10,2,1,1,1,3,8,0,0,0,0,0,0,1
21,15,0,0,2,1,0,0,0,0,0,0,0,0,0,0,1
22,13,0,3,4,0,0,1,15,0,0,0,0,1,0,0,1
60,5,0,51,1,0,0,6,16,0,0,0,0,0,0,0,0
28,9,15,0,2,0,0,0,5,0,1,0,0,0,1,0,1
28,6,4,14,3,0,0,1,11,0,0,0,0,0,0,0,1
31,11,0,17,3,0,0,2,0,0,1,0,0,0,0,0,0
97,7,0,86,1,11,0,4,9,0,0,0,0,0,0,0,0
47,4,0,40,2,2,0,3,7,0,0,0,0,0,0,0,1
21,13,0,4,1,0,0,1,0,0,0,0,0,0,0,0,1
50,2,7,36,3,2,0,2,6,0,0,0,0,0,0,0,0
19,4,10,0,2,0,0,0,0,0,0,0,0,0,0,0,0
37,5,0,25,2,0,0,2,3,0,0,0,0,0,0,0,1
18,7,0,8,1,0,0,1,0,0,0,0,0,0,0,0,1
32,8,0,20,2,0,0,2,2,0,0,0,0,0,0,0,1
69,8,0,10,2,0,1,1,4,8,0,0,0,0,0,0,1
93,16,0,39,3,0,0,5,12,2,1,0,0,0,0,0,1
37,8,24,0,2,1,0,0,0,0,0,0,0,0,0,0,0
56,17,0,35,1,0,2,2,0,2,0,0,0,0,0,0,0
30,3,0,23,1,0,0,4,3,0,0,0,0,0,0,0,0
100,12,0,84,1,1,9,6,2,0,0,0,0,0,0,0,0
75,34,37,0,2,5,0,0,6,0,0,0,0,0,1,0,1
55,11,0,40,2,0,0,3,0,0,0,0,0,0,0,0,1
32,10,0,19,1,0,0,3,1,0,0,0,0,0,0,0,0
60,10,0,10,2,0,1,1,3,6,0,0,0,0,0,0,1
39,8,0,27,1,0,2,3,0,0,0,0,0,0,0,0,0
18,14,0,4,3,0,0,1,12,0,0,0,0,1,0,0,1
51,13,0,31,2,1,0,3,0,0,0,0,0,0,0,0,1
157,17,0,10,2,5,0,1,4,14,0,0,0,0,0,0,1
62,10,0,48,2,3,0,2,0,0,0,0,0,0,0,0,0
40,14,0,22,2,1,0,3,8,0,0,0,0,0,0,0,0
58,5,0,49,2,0,0,5,4,0,0,0,0,0,0,0,0
24,5,0,15,2,0,1,2,0,0,0,0,0,0,0,0,1
87,20,0,47,1,3,0,3,2,4,0,0,0,0,0,0,1
44,9,0,31,2,0,0,2,0,0,0,0,0,0,0,0,0
56,9,0,21,3,1,0,7,0,1,1,0,1,0,0,0,1
72,5,54,6,12,0,0,1,2,0,4,0,1,0,0,0,1
75,10,0,61,2,6,0,3,10,0,0,0,0,0,0,0,0
93,13,0,76,3,1,0,5,22,0,0,0,0,0,0,0,1
60,19,0,37,1,3,0,1,0,0,0,0,0,0,0,0,0
172,17,0,119,2,0,0,4,31,4,0,0,0,0,0,0,1
24,21,0,0,1,0,0,0,0,0,0,0,0,0,0,0,1
36,8,0,24,2,0,0,2,4,0,0,0,0,0,0,0,1
65,5,9,46,2,1,5,2,1,0,0,0,0,0,0,0,0
36,9,0,23,1,1,0,2,0,0,0,0,0,0,0,0,0
53,4,8,36,3,0,0,3,0,1,0,0,0,0,0,0,1
26,3,3,15,3,0,0,2,0,0,0,0,0,0,0,0,1
24,20,0,0,1,0,0,0,0,0,0,0,0,0,0,0,0
146,5,16,20,7,1,0,5,1,20,2,0,1,0,0,0,0
22,14,0,8,3,0,0,1,11,0,0,0,0,1,0,0,1
75,10,0,61,1,0,6,3,2,0,0,0,0,0,0,0,0
188,11,0,15,2,0,1,2,72,6,1,0,0,0,0,0,1
27,4,5,13,2,0,0,2,4,0,0,0,0,0,0,0,1
58,6,0,17,1,0,0,3,5,6,0,0,0,0,0,0,1
48,14,0,30,1,0,0,2,0,0,1,0,0,0,0,0,1
101,15,0,10,2,0,1,1,8,12,0,0,0,0,0,0,1
31,7,0,6,1,0,0,1,3,2,0,0,0,0,0,0,0
99,7,0,6,2,4,0,1,5,7,1,0,1,0,0,0,0
27,4,5,13,2,0,0,2,4,0,0,0,0,0,0,0,1
198,16,161,13,13,6,0,1,98,0,3,0,0,0,0,0,0
97,10,0,83,4,1,0,4,29,0,2,0,0,0,0,0,1
18,9,0,6,1,0,0,1,0,0,0,0,1,0,0,0,1
50,9,0,37,2,1,0,4,0,0,0,0,0,0,0,0,1
22,16,0,0,2,0,0,0,0,0,0,0,0,0,0,0,1
70,8,0,58,2,0,0,4,0,0,0,0,0,0,0,0,1
56,14,5,21,3,0,0,2,6,2,0,0,0,0,0,0,0
25,12,0,7,4,0,0,1,14,0,0,0,0,1,0,0,1
98,14,0,39,2,2,3,5,1,2,0,0,0,0,0,0,1
63,21,29,8,7,1,0,1,0,0,2,0,0,0,0,0,1
25,21,0,0,1,2,0,0,0,0,0,0,0,0,0,0,0
123,4,35,4,4,1,1,2,29,4,0,0,1,0,0,0,0
75,8,28,34,5,0,0,2,1,1,0,0,0,0,0,0,0
67,7,0,57,1,0,0,5,24,0,0,0,0,0,0,0,0
20,9,0,7,1,0,0,1,0,0,0,0,0,0,0,0,1
47,11,0,32,2,3,0,1,0,0,0,0,0,0,0,0,0
49,3,0,43,1,4,0,1,3,0,0,0,0,0,0,0,0
134,30,0,10,3,1,1,1,6,12,0,0,0,0,0,0,1
19,15,0,0,1,0,0,0,0,0,0,0,0,0,0,0,1
93,22,0,24,2,2,0,3,1,7,1,0,0,0,0,0,1
75,10,0,61,1,6,0,2,0,0,0,0,0,0,0,0,0
26,22,0,0,1,0,0,0,0,0,0,0,0,0,0,0,1
54,6,0,41,2,3,0,2,0,0,0,0,0,0,0,0,1
55,9,0,40,3,0,0,4,5,0,0,0,0,0,0,0,1
39,12,0,23,2,0,1,1,4,2,0,0,0,0,0,0,1
38,17,0,14,3,0,0,1,0,0,0,0,0,0,0,0,1
22,10,0,8,1,0,0,1,3,0,0,0,0,0,0,0,1
66,15,0,47,3,0,1,5,0,0,0,0,0,0,0,0,0
23,7,0,7,2,0,0,1,4,0,0,0,0,0,0,0,1
55,6,7,35,4,0,0,4,1,1,0,0,0,0,0,0,1
59,11,0,45,1,1,0,2,17,0,0,0,0,0,0,0,1
17,7,6,0,2,1,0,0,0,0,0,0,0,0,1,0,1
96,20,0,72,3,0,0,7,0,0,1,0,0,0,0,0,1
93,10,0,80,3,8,0,2,10,0,2,0,1,0,0,0,1
28,6,0,15,2,1,0,2,2,0,0,0,0,0,0,0,1
144,14,5,84,5,0,0,2,48,3,0,0,0,0,1,0,1
25,6,0,12,3,0,0,1,0,0,0,0,0,0,0,0,1
120,6,17,57,3,0,2,1,10,6,0,0,0,0,0,0,1
35,4,0,28,5,0,0,4,0,0,0,0,0,0,0,0,1
34,7,0,24,2,1,0,3,0,0,0,0,0,0,0,0,1
61,20,0,10,2,0,1,1,0,4,0,0,0,0,0,0,1
26,5,0,17,1,0,0,2,0,0,0,0,0,0,0,0,1
299,19,0,41,16,0,0,2,62,29,1,1,0,0,0,0,1
52,15,16,16,3,0,0,2,3,0,0,0,0,0,0,0,1
38,5,0,29,1,3,0,3,0,0,0,0,0,0,0,0,0
71,11,0,56,2,0,0,2,12,4,0,0,0,0,0,0,1
48,7,0,37,1,1,0,3,6,0,0,0,0,0,0,0,0
91,11,0,76,2,8,0,2,0,0,0,0,0,0,0,0,0
49,9,0,37,2,1,0,3,3,0,0,0,0,0,0,0,1
142,9,0,129,2,5,2,11,6,2,5,0,1,0,0,0,1
17,13,0,0,1,1,0,0,0,0,0,0,0,0,0,0,0
72,6,5,3,2,1,0,1,7,4,1,0,0,0,0,0,1
37,33,0,0,1,2,0,0,0,0,0,0,0,0,0,0,1
30,10,0,16,2,0,0,2,0,0,0,0,0,0,0,0,1
32,16,0,12,1,0,0,1,7,0,0,0,0,0,0,0,1
42,6,0,32,2,0,1,2,8,0,0,0,0,0,0,0,0
26,13,0,13,3,0,0,2,11,0,0,0,0,1,0,0,1
34,2,0,28,1,0,3,1,0,0,0,0,0,0,0,0,0
26,13,0,13,4,0,0,1,10,0,0,0,0,1,0,0,1
111,6,0,34,4,4,1,8,0,5,1,0,1,0,0,0,1
42,22,0,16,2,1,0,1,0,0,0,0,0,0,0,0,0
77,9,0,65,3,0,0,5,17,1,0,0,0,0,0,0,0
77,17,13,42,2,0,0,1,2,5,0,0,0,0,0,0,0
93,7,0,9,4,0,0,4,10,3,0,1,0,0,0,1,1
26,11,0,11,2,0,0,1,0,0,0,0,0,0,0,0,1
63,8,5,10,3,0,1,1,6,2,0,0,0,0,0,0,1
33,5,6,17,2,0,0,3,4,0,0,0,0,0,0,0,0
37,15,0,18,2,0,0,3,3,0,0,0,0,0,0,0,1
541,11,0,35,3,1,0,4,131,2,0,0,1,0,0,0,1
62,8,8,41,2,2,0,4,7,0,0,0,0,0,0,0,0
17,10,0,0,1,0,0,0,0,0,0,0,0,0,0,0,1
42,11,0,27,2,1,0,2,1,0,0,0,0,0,0,0,0
54,12,0,24,4,0,0,3,9,2,1,0,0,1,0,0,1
30,5,0,21,2,0,0,1,0,0,0,0,0,0,0,0,1
25,6,0,15,1,0,0,3,0,0,0,0,0,0,0,0,1
24,13,0,11,4,0,0,1,12,0,0,0,0,1,0,0,1
22,10,0,8,2,0,0,1,0,0,0,0,0,0,0,0,1
69,6,0,7,5,0,0,5,3,3,1,0,0,0,0,0,1
89,9,0,59,3,1,0,7,0,4,2,0,1,0,0,0,1
10,6,0,0,1,0,0,0,0,0,0,0,0,0,0,0,0
158,7,7,38,5,1,4,3,40,5,3,0,0,0,0,0,1
82,22,0,10,2,1,1,1,3,8,0,0,0,0,0,0,1
32,5,0,23,2,0,2,1,0,0,0,0,0,0,0,0,1
74,14,0,57,1,9,0,3,0,0,0,0,0,0,0,0,1
22,9,8,0,2,0,0,0,0,0,0,0,0,0,0,0,0
59,15,0,37,2,1,0,4,0,0,0,0,0,0,0,0,1
41,8,20,9,3,1,0,1,4,0,0,0,0,0,0,0,1
25,8,7,6,3,0,0,1,0,0,0,0,0,0,0,0,1
41,16,0,21,2,0,0,2,0,0,0,0,0,0,0,0,1
49,9,2,33,3,0,4,2,0,0,0,0,0,0,0,0,0
65,6,5,49,2,0,0,5,0,0,1,0,0,0,0,0,0
90,11,0,10,3,0,1,1,2,10,0,0,0,0,0,0,1
47,13,0,30,3,1,0,3,0,0,0,0,0,0,0,0,1
34,9,0,21,2,0,0,3,0,0,0,0,0,0,0,0,1
49,6,2,34,4,0,0,3,0,1,0,0,0,0,0,0,1
66,10,18,33,2,2,0,4,8,0,0,0,0,0,0,0,0
42,13,0,25,1,0,0,2,0,0,0,0,0,0,0,0,1
37,8,0,25,1,0,0,4,0,0,0,0,0,0,0,0,0
33,16,0,13,2,0,0,1,0,0,0,0,0,0,0,0,0
46,7,0,35,1,1,0,3,6,0,0,0,0,0,0,0,0
73,9,0,60,1,6,0,4,0,0,0,0,0,0,0,0,1
33,11,5,12,3,0,0,1,0,0,0,0,0,0,0,0,1
38,15,0,19,2,1,0,2,3,0,0,0,0,0,0,0,1
44,11,0,29,2,0,2,1,0,0,0,0,0,0,0,0,0
541,11,0,35,3,1,0,4,150,2,0,0,1,0,0,0,1
146,5,16,20,7,1,0,5,1,20,2,0,1,0,0,0,0
52,8,0,26,2,0,0,2,4,2,0,0,0,0,0,0,0
43,10,0,29,2,3,0,2,0,0,0,0,0,0,0,0,0
56,6,0,27,2,0,0,3,6,4,0,0,0,0,0,0,1
98,7,0,15,5,1,0,12,2,6,1,0,0,0,0,0,1
60,7,0,10,3,0,1,1,3,6,0,0,0,0,0,0,1
73,13,0,10,2,0,1,1,2,8,0,0,0,0,0,0,1
90,2,0,84,1,8,0,4,4,0,0,0,0,0,0,0,0
87,10,0,10,2,1,1,1,11,10,0,0,0,0,0,0,1
49,8,8,28,4,0,0,2,1,1,0,0,0,0,0,0,0
119,7,0,10,2,3,1,1,8,12,0,0,0,0,0,0,1
85,9,0,36,4,1,0,5,12,4,0,0,0,0,0,0,1
193,24,0,53,2,1,0,4,77,2,1,0,0,0,0,0,1
10,6,0,0,1,0,0,0,0,0,0,0,0,0,0,0,1
34,14,0,16,2,0,0,1,0,0,0,0,0,0,0,0,1
27,4,10,8,3,0,0,1,0,0,0,0,0,0,0,0,1
21,12,4,0,2,0,0,0,0,0,0,0,0,0,0,0,0
95,13,0,57,2,1,0,4,21,4,2,1,0,0,0,0,1
50,16,0,19,1,0,0,3,7,2,0,0,0,0,0,0,0
170,10,0,104,7,2,4,9,17,2,1,0,1,0,0,0,1
31,14,0,17,4,0,0,2,11,0,0,0,0,1,0,0,1
37,8,0,26,1,1,0,3,0,0,0,0,0,0,0,0,1
29,11,0,14,2,0,0,2,2,0,0,0,0,0,0,0,1
60,3,4,48,3,0,0,4,0,0,0,0,0,0,0,0,1
123,18,0,101,2,1,0,9,20,0,1,0,0,0,0,0,1
47,12,0,32,1,1,0,3,0,0,0,0,0,0,0,0,0
53,9,0,40,1,0,1,3,0,0,0,0,0,0,0,0,1
29,8,0,17,1,1,0,1,0,0,0,0,0,0,0,0,0
43,14,0,25,1,1,0,3,4,0,0,0,0,0,0,0,1
48,7,0,38,2,0,0,3,0,0,0,0,0,0,0,0,1
74,15,0,53,2,0,0,4,21,0,0,0,0,0,0,0,1
23,4,0,12,2,0,0,1,0,0,0,0,0,0,0,0,1
69,7,0,58,4,7,0,2,1,0,0,0,0,0,0,0,0
42,8,27,0,6,1,0,0,0,0,1,0,0,0,0,0,1
27,11,0,9,2,0,0,2,0,0,0,0,0,0,0,0,1
95,14,0,77,5,3,1,5,2,0,0,0,0,0,0,0,1
13,9,0,0,1,0,0,0,0,0,0,0,0,0,0,0,1
103,6,4,76,2,1,2,5,7,2,1,0,0,0,0,0,1
32,5,0,23,1,1,0,3,2,0,0,0,0,0,0,0,0
16,12,0,0,1,1,0,0,0,0,0,0,0,0,0,0,0
29,19,0,6,1,0,0,1,0,0,0,0,0,0,0,0,1
77,3,0,70,1,12,0,3,7,0,0,0,0,0,0,0,0
32,10,17,0,2,1,0,0,2,0,0,0,0,0,0,0,1
19,9,0,6,1,0,0,1,0,0,0,0,0,0,0,0,1
47,9,22,11,3,0,0,1,0,0,0,0,0,0,0,0,1
39,4,4,26,3,0,0,2,0,1,0,0,0,0,0,0,1
128,9,0,23,5,0,1,2,28,12,0,0,0,0,0,0,0
27,14,0,7,4,0,0,1,16,0,0,0,0,1,0,0,1
34,8,0,19,3,1,0,1,0,0,0,0,0,0,0,0,1
277,30,0,77,5,3,1,5,92,8,2,0,1,0,0,0,1
109,15,0,44,5,4,1,8,0,2,2,0,1,0,0,0,1
48,4,0,40,2,0,0,5,3,0,0,0,0,0,0,0,0
38,11,0,9,1,0,1,1,6,2,0,0,0,0,0,0,0
33,7,0,22,2,0,1,2,1,0,0,0,0,0,0,0,0
99,14,0,81,2,12,0,4,10,0,0,0,0,0,0,0,0
42,12,0,26,2,0,0,2,0,0,0,0,0,0,0,0,1
80,9,0,10,2,0,1,1,4,8,0,0,0,0,0,0,1
35,19,0,13,1,0,0,2,0,0,1,0,0,0,0,0,0
16,9,0,0,2,0,0,0,0,0,0,0,0,0,0,0,1
132,14,24,23,8,5,2,5,2,5,1,0,1,0,0,0,0
25,15,0,10,4,0,0,1,12,0,0,0,0,1,0,0,1
25,18,0,0,2,0,0,0,0,0,0,0,0,0,0,0,1
63,8,0,48,2,1,0,5,0,0,2,0,0,0,0,0,1
48,16,16,11,3,0,0,2,3,0,0,0,0,0,0,0,1
171,7,12,1,4,0,0,2,80,2,1,0,0,0,0,0,1
92,6,0,74,4,1,0,5,22,2,0,0,0,0,0,0,1
166,15,0,96,6,2,3,8,11,2,1,0,1,0,0,0,1
33,15,0,11,2,0,0,2,0,0,0,0,0,0,0,0,1
11,7,0,0,1,0,0,0,0,0,0,0,0,0,0,0,1
93,19,0,70,2,1,0,6,20,0,1,0,0,0,0,0,1
25,6,0,16,2,0,0,2,1,0,0,0,0,0,0,0,1
41,21,0,16,2,0,0,1,0,0,0,0,0,0,0,0,0
17,12,0,0,3,0,0,0,13,0,0,0,0,1,0,0,1
46,7,4,30,2,0,4,2,0,1,0,0,0,0,0,0,0
47,9,0,35,2,1,0,6,8,0,0,0,0,0,0,0,1
53,13,0,36,2,2,3,1,0,0,0,0,0,0,0,0,0
37,3,7,22,2,1,0,3,3,0,0,0,0,0,0,0,1
23,10,0,10,2,0,0,1,0,0,0,0,0,0,0,0,1
131,18,0,10,2,4,1,1,7,10,0,0,0,0,0,0,1
77,4,0,69,1,8,0,2,0,0,0,0,0,0,0,0,0
48,4,0,40,2,0,1,4,0,0,0,0,0,0,0,0,1
48,6,0,38,1,0,0,3,0,2,0,0,0,0,0,0,0
95,17,0,10,3,0,2,1,4,8,0,0,0,0,0,0,1
48,10,20,13,2,1,1,1,0,0,0,0,0,0,0,0,0
31,10,4,13,3,0,0,1,1,0,0,0,0,0,0,0,1
33,7,6,8,2,0,0,2,0,2,0,0,0,0,0,0,1
107,12,0,10,2,2,1,1,5,10,0,0,0,0,0,0,1
58,7,0,48,2,0,0,7,6,0,0,0,0,0,0,0,1
199,20,0,19,2,0,0,2,77,4,0,0,0,0,0,0,0
30,6,0,21,2,0,0,4,2,0,0,0,0,0,0,0,1
142,6,0,132,2,0,0,6,0,0,0,0,0,0,0,0,0
43,13,0,27,2,1,0,3,0,0,0,0,0,0,0,0,1
24,10,0,10,1,0,0,1,0,0,0,0,0,0,0,0,1
31,11,0,16,1,0,0,2,0,0,0,0,0,0,0,0,1
31,3,10,13,2,0,0,2,0,0,0,0,0,0,0,0,1
93,10,0,80,3,8,0,2,10,0,2,0,1,0,0,0,1
20,7,0,9,2,0,0,1,0,0,0,0,0,0,0,0,0
76,18,0,51,2,3,0,5,0,0,0,0,0,0,0,0,1
26,14,0,12,4,0,0,1,11,0,0,0,0,1,0,0,1
75,13,0,10,2,0,1,1,4,8,0,0,0,0,0,0,1
31,9,2,15,2,0,0,2,0,0,0,0,0,0,0,0,1
26,13,0,7,4,0,0,1,15,0,0,0,0,1,0,0,1
26,15,0,7,1,0,0,1,3,0,0,0,0,0,0,0,1
31,7,0,6,1,0,0,1,1,2,0,0,0,0,0,0,0
50,16,0,28,2,3,0,2,0,0,0,0,0,0,0,0,0
19,13,0,6,3,0,0,2,11,0,0,0,0,1,0,0,1
99,7,0,6,2,4,0,1,5,7,1,0,1,0,0,0,0
30,13,12,0,2,1,0,0,3,0,0,0,0,0,0,0,1
40,10,0,17,2,1,0,1,2,2,0,0,0,0,0,0,1
53,8,0,42,1,4,0,3,4,0,0,0,0,0,0,0,1
38,13,0,17,4,0,0,3,10,2,1,0,0,1,0,0,1
81,5,7,64,2,7,0,2,0,0,0,0,0,0,0,0,0
55,10,0,26,2,1,0,3,2,2,0,0,0,0,0,0,1
68,12,0,52,2,9,0,3,11,0,0,0,0,0,0,0,0
27,9,0,15,1,0,0,2,1,0,0,0,0,0,0,0,1
93,12,0,77,1,7,0,3,7,1,0,0,0,0,0,0,0
33,8,20,0,2,0,0,0,0,0,0,0,0,0,0,0,1
35,9,2,19,2,0,1,2,0,0,0,0,0,0,0,0,0
59,18,0,38,2,0,0,7,2,0,0,0,0,0,0,0,1
58,5,7,15,2,0,0,2,14,2,0,0,0,0,0,0,0
89,9,0,10,3,0,1,1,4,10,0,0,0,0,0,0,1
27,3,0,17,3,1,0,1,0,0,0,0,0,0,0,0,1
20,5,0,11,2,0,0,1,0,0,0,0,0,0,1,0,1
30,3,5,17,3,0,0,2,0,1,0,0,0,0,0,0,1
84,4,0,73,2,1,0,6,19,0,0,0,0,0,0,0,1
45,16,0,25,2,1,0,3,2,0,0,0,0,0,0,0,0
18,14,0,0,1,0,0,0,0,0,0,0,0,0,0,0,0
23,8,0,12,2,0,0,1,0,0,0,0,0,0,1,0,1
22,3,0,16,2,1,0,1,1,0,0,0,0,0,0,0,1
40,8,0,15,2,0,0,1,8,2,0,0,0,0,0,0,0
29,9,6,9,2,0,0,3,0,0,0,0,0,0,0,0,0
97,8,0,84,1,17,0,1,2,0,0,0,0,0,1,0,0
85,9,0,73,2,10,0,1,2,0,0,0,0,0,0,0,0
28,6,8,9,2,0,0,1,6,0,0,0,0,0,0,0,1
58,2,7,44,2,0,4,5,8,0,0,0,0,0,0,0,0
84,22,0,10,2,1,1,1,5,8,0,0,0,0,0,0,1
46,8,0,34,2,0,0,4,0,0,1,0,0,0,0,0,1
29,8,0,16,2,0,0,2,1,0,0,0,0,0,1,0,1
81,15,0,10,2,1,1,1,6,8,0,0,0,0,0,0,1
26,4,17,0,2,1,0,0,0,0,0,0,0,0,0,0,0
36,9,6,16,2,0,1,1,0,0,0,0,0,0,0,0,0
62,14,0,45,3,0,0,6,0,0,1,0,0,0,0,0,1
28,6,0,18,1,1,0,1,0,0,0,0,0,0,0,0,0
22,9,0,9,1,0,0,1,3,0,0,0,0,0,0,0,1
27,4,0,16,2,0,0,1,0,0,0,0,0,0,0,0,1
27,5,16,0,5,0,0,0,0,0,0,0,0,0,0,0,0
15,11,0,0,1,0,0,0,0,0,0,0,0,0,0,0,1
36,7,0,25,2,1,0,3,0,0,0,0,0,0,0,0,0
76,9,0,34,2,0,0,3,0,4,0,0,0,0,0,0,1
94,13,50,21,8,1,0,4,0,0,0,0,1,0,0,0,1
17,9,0,4,1,0,0,1,0,0,0,0,0,0,0,0,1
29,14,0,12,1,0,0,1,2,0,0,0,0,0,0,0,1
44,9,0,14,2,0,0,1,0,2,0,0,0,0,0,0,1
50,18,2,25,3,0,0,3,5,0,0,0,0,0,0,0,1
32,8,0,20,2,0,0,2,8,0,0,0,0,0,0,0,1
45,6,0,14,3,0,0,2,0,3,0,1,0,0,0,0,1
50,19,0,27,2,0,1,1,0,0,0,0,0,0,0,0,0
38,14,0,20,1,1,0,3,4,0,0,0,0,0,0,0,0
29,9,0,11,2,0,0,1,4,2,0,0,0,0,0,0,1
39,12,0,10,2,1,0,1,2,2,0,0,0,0,0,0,1
91,17,0,10,2,0,1,1,4,10,0,0,0,0,0,0,1
47,17,0,23,3,1,0,3,6,1,0,0,0,0,0,0,1
37,9,2,21,2,0,1,2,0,0,0,0,0,0,0,0,1
109,15,0,44,5,4,1,8,0,2,2,0,1,0,0,0,1
21,12,0,9,3,0,0,2,10,0,0,0,0,1,0,0,1
26,4,5,12,2,0,0,2,3,0,0,0,0,0,0,0,1
12,8,0,0,1,1,0,0,0,0,0,0,0,0,0,0,1
36,9,0,23,1,0,1,2,0,0,0,0,0,0,0,0,0
49,21,0,25,2,1,0,2,0,0,0,0,0,0,0,0,1
102,10,0,28,2,0,0,3,26,4,0,0,0,0,0,0,1
94,5,0,85,1,13,0,3,6,0,0,0,0,0,0,0,0
75,11,0,60,2,8,0,3,4,0,0,0,0,0,0,0,0
124,21,0,10,2,3,1,1,11,10,0,0,0,0,0,0,1
52,10,0,14,2,0,0,1,5,5,0,0,0,0,0,0,1
13,9,0,0,1,0,0,0,0,0,0,0,0,0,0,0,1
90,7,0,77,6,0,0,8,0,0,0,0,1,0,0,0,1
42,5,0,14,2,0,0,1,3,3,0,0,0,0,0,0,0
89,9,0,59,3,1,0,7,0,4,2,0,1,0,0,0,1
32,13,0,15,2,0,0,1,0,0,0,0,0,0,0,0,1
44,15,0,25,2,1,0,2,0,0,0,0,0,0,0,0,1
41,18,0,19,1,0,0,1,0,0,0,0,0,0,0,0,1
31,5,4,17,2,0,0,2,1,0,0,0,0,0,0,0,1
33,6,4,18,2,0,0,2,0,0,0,0,0,0,0,0,1
59,5,0,51,2,6,0,3,7,0,0,0,0,0,0,0,1
22,14,0,4,1,0,0,1,0,0,0,0,0,0,0,0,1
39,9,0,26,2,3,0,1,0,0,0,0,0,0,0,0,0
21,11,0,7,1,0,0,1,3,0,0,0,0,0,0,0,1
99,6,0,16,5,1,0,12,8,6,1,0,0,0,0,0,1
60,13,0,42,1,1,0,4,18,0,0,0,0,0,1,0,1
27,4,5,13,2,0,0,2,4,0,0,0,0,0,0,0,1
24,6,7,6,2,0,0,1,0,0,0,0,0,0,0,0,1
53,6,0,41,2,4,0,3,4,0,1,0,0,0,0,0,0
28,8,15,0,2,0,0,0,0,0,0,0,0,0,0,0,1
37,10,0,24,2,0,0,3,0,0,0,0,0,0,0,0,1
146,5,16,20,7,1,0,5,1,20,2,0,1,0,0,0,0
17,14,0,3,3,0,0,1,13,0,0,0,0,1,0,0,1
89,11,0,74,2,1,2,8,0,0,3,0,0,0,0,0,1
17,14,0,0,1,0,0,0,0,0,0,0,0,0,0,0,1
58,17,0,37,2,1,0,5,2,0,0,0,0,0,0,0,1
54,8,10,11,3,0,0,4,12,2,0,0,0,0,0,0,1
27,8,0,15,1,0,0,2,0,0,0,0,0,0,0,0,0
44,6,0,31,2,2,0,2,14,0,0,0,0,0,0,0,1
24,14,0,10,4,0,0,1,11,0,0,0,0,1,0,0,1
51,2,14,21,3,1,0,3,5,2,0,0,0,0,0,0,0
95,9,0,83,2,2,0,6,22,0,0,0,0,0,0,0,1
246,8,2,18,3,0,0,3,34,4,0,0,0,0,1,0,1
19,8,0,4,2,0,0,1,0,0,0,0,0,0,0,0,1
49,6,0,40,1,2,0,2,0,0,0,0,0,0,0,0,1
29,4,11,10,4,0,0,1,2,0,0,0,0,0,0,0,1
56,10,0,39,4,0,0,4,0,0,0,0,0,0,0,0,1
80,8,0,10,2,0,1,1,2,10,0,0,0,0,0,0,1
30,5,0,22,2,0,0,3,0,0,0,0,0,0,0,0,1
254,15,0,49,5,3,1,6,26,14,0,0,1,0,0,0,1
68,7,0,57,2,5,0,3,5,0,0,0,0,0,0,0,0
55,5,3,42,3,0,0,4,0,0,0,0,0,0,0,0,0
40,6,0,23,3,0,0,3,1,2,0,0,0,0,0,0,1
98,9,0,10,3,0,1,1,10,12,0,0,0,0,0,0,1
52,7,0,38,3,1,0,3,2,0,0,0,0,0,0,0,1
23,4,0,15,1,0,0,2,7,0,0,0,0,0,0,0,0
91,2,0,85,1,10,0,4,4,0,0,0,0,0,0,0,0
36,11,0,21,2,0,1,2,4,0,0,0,0,0,0,0,1
27,14,0,7,4,0,0,1,16,0,0,0,0,1,0,0,1
76,13,0,10,2,1,1,1,5,8,0,0,0,0,0,0,1
106,14,0,92,3,0,0,2,11,0,1,0,1,1,0,0,1
57,11,0,10,2,0,1,1,2,4,0,0,0,0,0,0,1
36,7,0,13,3,0,0,1,2,2,0,0,0,0,0,0,1
244,13,0,17,13,0,0,2,61,31,0,0,0,0,0,0,1
34,14,0,16,1,0,0,2,0,0,0,0,0,0,0,0,1
72,15,0,53,2,0,0,4,7,2,0,0,0,0,0,0,0
35,7,4,19,3,0,0,2,6,0,0,0,0,0,0,0,1
55,17,0,35,1,1,1,1,7,1,0,0,1,0,0,0,1
51,6,0,41,2,3,0,2,0,0,0,0,0,0,0,0,0
96,8,0,81,3,9,0,4,2,3,0,0,0,0,0,0,1
44,6,0,34,2,0,0,2,0,0,0,0,0,0,0,0,1
43,2,12,21,4,0,0,3,0,0,0,0,0,0,0,0,1
93,10,0,80,3,8,0,2,10,0,2,0,1,0,0,0,1
50,12,0,35,3,1,0,3,0,0,0,0,0,0,0,0,1
26,9,0,13,1,0,0,2,3,1,0,0,0,0,0,0,0
90,13,0,74,2,4,0,3,6,0,0,0,0,0,0,0,1
34,9,2,18,2,0,1,2,0,0,0,0,0,0,0,0,0
26,4,6,11,3,0,0,1,0,0,0,0,0,0,0,0,0
29,14,0,11,2,0,0,1,0,0,0,0,0,0,0,0,1
32,10,0,18,2,0,0,2,0,0,0,0,0,0,0,0,1
35,12,0,20,2,1,0,1,0,0,0,0,0,0,0,0,1
40,5,12,18,2,0,1,2,0,0,0,0,0,0,0,0,0
68,10,0,21,2,0,0,3,0,6,0,0,0,0,0,0,0
23,6,13,0,2,1,0,0,0,0,0,0,0,0,0,0,1
17,12,0,5,3,0,0,1,12,0,0,0,0,1,0,0,1
19,9,0,6,1,0,0,1,0,0,0,0,0,0,0,0,0
41,2,2,30,4,0,0,3,0,1,0,0,0,0,0,0,1
42,9,2,26,2,0,2,2,1,2,0,0,0,0,0,0,0
254,15,0,49,5,3,1,6,26,14,0,0,1,0,0,0,1
98,12,0,83,2,10,0,3,2,0,0,0,0,0,0,0,1
24,8,0,13,1,0,0,2,0,0,0,0,0,0,1,0,1
117,7,0,10,2,10,1,1,33,10,0,0,0,0,0,0,1
30,7,0,19,1,0,0,3,8,0,0,0,0,0,0,0,0
83,23,0,56,2,0,0,3,7,0,0,0,0,0,0,0,1
89,6,0,79,1,9,0,3,5,0,0,0,0,0,0,0,0
78,2,10,61,3,9,0,3,8,0,0,0,0,0,0,0,0
65,11,0,50,2,0,0,7,0,0,1,0,0,0,0,0,1
22,2,7,9,2,0,0,1,3,0,0,0,0,0,0,0,1
89,13,0,72,2,0,6,4,0,0,0,0,0,0,0,0,0
63,10,0,49,2,0,3,4,0,0,0,0,0,0,0,0,0
70,5,0,49,1,3,0,3,7,2,0,0,0,0,0,0,0
44,9,0,32,2,0,0,5,0,0,0,0,0,0,0,0,1
44,4,0,36,1,3,0,2,0,0,0,0,0,0,0,0,0
37,6,0,24,3,0,0,2,0,0,0,0,0,0,0,0,1
47,8,0,33,2,0,0,5,6,0,0,0,0,0,0,0,1
25,21,0,0,1,0,0,0,0,0,0,0,0,0,0,0,0
87,8,0,76,2,8,1,3,8,0,0,0,0,0,0,0,0
36,7,0,25,1,2,0,2,0,0,0,0,0,0,0,0,0
12,3,8,0,1,0,0,0,0,0,0,0,0,0,0,0,1
39,8,0,27,2,0,0,5,8,0,0,0,0,0,0,0,1
50,13,0,33,1,3,0,2,0,0,0,0,0,0,0,0,0
14,10,0,0,1,0,0,0,0,0,0,0,0,0,0,0,1
22,11,6,0,2,0,0,0,0,0,0,0,0,0,0,0,0
51,18,0,30,2,1,0,2,0,0,0,0,0,0,0,0,1
76,6,0,10,2,0,1,1,4,10,0,0,0,0,0,0,1
35,19,0,13,1,0,0,2,0,0,0,0,0,0,0,0,1
27,13,0,10,1,0,0,2,4,0,0,0,0,0,0,0,1
18,14,0,0,1,0,0,0,0,0,0,0,0,0,0,0,1
13,9,0,0,1,0,0,0,3,0,0,0,0,0,0,0,0
40,9,2,24,3,0,2,2,0,0,0,0,0,0,0,0,0
102,10,0,10,3,1,1,1,7,10,0,0,0,0,0,0,1
95,9,3,55,6,0,0,6,7,3,0,0,0,0,1,0,1
80,11,0,10,2,1,1,1,4,10,0,0,0,0,0,0,0
22,9,0,1,1,0,0,1,5,2,0,0,0,0,0,0,0
26,13,0,7,4,0,0,1,15,0,0,0,0,1,0,0,1
74,7,0,60,3,4,0,3,2,0,0,0,0,0,0,0,1
47,5,0,38,2,0,0,3,1,0,0,0,0,0,0,0,1
28,7,0,17,1,0,0,2,0,0,0,0,0,0,0,0,1
20,16,0,0,1,0,0,0,0,0,0,0,0,0,0,0,1
25,16,0,6,1,0,0,1,1,0,0,0,0,0,0,0,1
29,9,0,16,1,0,0,3,0,0,0,0,0,0,0,0,1
33,6,13,9,2,0,0,1,3,0,0,0,0,0,0,0,1
19,8,0,7,1,0,0,1,2,0,0,0,0,0,0,0,1
15,11,0,0,1,1,0,0,0,0,0,0,0,0,0,0,0
76,19,0,54,2,0,1,5,0,0,1,0,0,0,0,0,1
78,6,0,69,2,3,0,6,29,0,0,0,0,0,0,0,1
37,18,0,12,2,0,0,1,1,0,0,0,0,0,0,0,1
59,15,0,40,2,6,0,1,8,0,0,0,0,0,0,0,0
27,4,5,13,2,0,0,2,4,0,0,0,0,0,0,0,1
50,20,0,26,2,1,0,3,6,0,0,0,0,0,0,0,0
41,13,0,21,2,0,0,2,4,0,0,0,0,0,0,0,1
65,9,10,41,2,1,0,2,4,5,0,0,0,0,0,0,0
68,7,0,57,2,0,0,8,20,0,0,0,0,0,0,0,1
76,13,0,10,2,0,1,1,5,8,0,0,0,0,0,0,1
99,8,28,58,5,0,0,6,0,1,0,0,0,0,0,0,0
33,9,0,20,2,0,0,2,1,0,0,0,0,0,0,0,1
12,8,0,0,1,0,0,0,0,0,0,0,0,0,0,0,0
60,17,0,39,2,1,0,3,0,0,1,0,0,0,0,0,1
85,7,0,74,1,9,0,4,8,0,0,0,0,0,0,0,0
10,6,0,0,1,0,0,0,1,0,0,0,0,0,0,0,1
85,12,0,69,3,0,0,4,25,0,1,0,0,0,0,0,1
35,14,0,16,2,0,0,1,0,0,0,0,0,0,1,0,1
63,15,0,10,3,0,1,1,1,4,0,0,0,0,0,0,1
34,7,8,14,2,0,0,2,0,0,0,0,0,0,0,0,1
172,5,0,27,4,0,1,3,33,11,0,0,0,0,0,0,1
29,14,0,11,2,0,0,1,1,0,0,0,0,0,0,0,1
50,13,0,33,1,2,0,3,1,0,0,0,0,0,0,0,1
27,4,5,13,2,0,0,2,4,0,0,0,0,0,0,0,1
31,11,0,16,1,0,0,2,0,0,0,0,0,0,0,0,1
36,23,0,10,1,0,0,1,3,0,0,0,0,0,0,0,1
37,9,12,12,3,2,0,2,4,0,0,0,0,0,0,0,1
111,6,0,34,4,4,1,8,0,5,1,0,1,0,0,0,1
43,7,28,0,6,0,0,0,3,0,1,0,0,0,0,0,1
44,6,0,34,1,1,0,3,14,0,0,0,0,0,0,0,0
101,11,0,86,1,10,0,4,24,0,0,0,0,0,0,0,0
56,6,0,16,3,0,1,2,1,4,0,0,0,0,0,0,1
96,6,6,79,4,0,1,6,23,0,1,0,0,0,0,0,0
91,17,0,10,2,0,1,1,5,10,0,0,0,0,0,0,1
51,6,17,12,3,0,0,1,6,2,0,0,0,0,0,0,0
43,5,0,28,2,0,0,3,0,1,1,0,0,0,0,0,1
34,8,4,14,3,0,0,2,0,0,1,0,0,0,0,0,1
30,26,0,0,1,0,0,0,0,0,0,0,0,0,0,0,0
66,20,0,42,1,4,0,2,0,0,0,0,0,0,0,0,0
38,11,7,15,2,0,0,1,0,1,0,0,0,0,0,0,0
69,9,10,45,2,1,0,2,0,4,0,0,0,0,0,0,0
20,8,0,8,1,0,0,1,4,0,0,0,0,0,0,0,1
45,7,9,24,3,0,0,3,5,1,0,0,0,0,0,0,0
217,22,0,10,2,0,1,1,26,8,0,0,0,0,0,0,1
61,4,2,50,4,2,1,5,4,0,0,0,0,0,0,0,1
37,7,0,26,1,0,0,1,0,0,0,0,0,0,0,0,0
51,15,0,32,2,0,0,4,0,0,1,0,0,0,0,0,1
11,7,0,0,1,0,0,0,0,0,0,0,0,0,0,0,1
28,10,0,14,2,0,0,2,0,0,0,0,0,0,0,0,1
69,7,0,10,2,0,1,1,4,8,0,0,0,0,0,0,1
37,3,0,31,1,0,0,3,2,0,0,0,0,0,0,0,1
171,15,0,43,4,1,0,4,27,27,2,0,0,1,0,0,1
47,8,0,35,2,0,2,2,8,0,0,0,0,0,0,0,0
25,7,0,14,1,0,0,1,0,0,0,0,0,0,0,0,0
133,13,0,10,2,0,1,1,3,18,0,0,0,0,0,0,1
64,10,0,50,2,0,0,5,0,0,0,0,0,0,0,0,0
42,3,0,35,2,0,0,3,0,0,0,0,0,0,0,0,0
47,5,6,5,2,0,0,1,10,6,0,0,0,0,0,0,0
27,4,5,13,2,0,0,2,4,0,0,0,0,0,0,0,1
26,22,0,0,1,2,0,0,0,0,0,0,0,0,0,0,1
30,8,5,12,2,1,0,1,0,0,0,0,0,0,0,0,0
25,7,0,14,1,0,0,1,0,0,0,0,0,0,0,0,0
53,18,2,28,3,0,0,3,5,0,0,0,0,0,0,0,1
64,9,6,44,2,0,7,2,0,0,0,0,0,0,0,0,0
54,15,0,35,2,0,1,4,0,0,0,0,0,0,0,0,1
27,14,8,0,2,0,0,0,0,0,0,0,0,0,0,0,1
20,15,0,5,3,0,0,1,15,0,0,0,0,1,0,0,1
91,21,58,7,6,3,0,1,4,0,3,0,1,0,0,0,0
28,6,0,18,2,0,0,2,0,0,0,0,0,0,0,0,1
27,16,0,8,2,0,0,1,0,0,0,0,0,0,0,0,1
32,8,19,0,2,2,0,0,1,0,0,0,0,0,0,0,1
20,3,4,9,2,0,0,1,3,0,0,0,0,0,0,0,1
73,9,0,60,2,0,0,5,25,0,0,0,0,0,0,0,1
29,8,16,0,2,2,0,0,0,0,0,0,0,0,0,0,1
31,8,0,19,2,0,0,2,7,0,0,0,0,0,0,0,1
77,14,0,10,2,0,1,1,5,8,0,0,0,0,0,0,1
20,5,0,11,2,0,0,1,0,0,0,0,0,0,0,0,1
48,5,0,40,3,2,0,3,3,0,0,0,0,0,0,0,1
50,16,0,30,2,1,0,3,0,0,1,0,0,0,0,0,1
14,5,0,6,1,0,0,1,0,0,0,0,0,0,0,0,0
67,10,0,53,1,4,0,3,0,0,0,0,0,0,0,0,1
75,14,0,10,2,0,1,1,4,8,0,0,0,0,0,0,1
43,17,0,23,2,0,0,2,0,0,0,0,0,0,0,0,1
58,6,0,48,1,4,0,3,6,0,1,0,0,0,0,0,0
72,5,54,6,12,0,0,1,2,0,4,0,1,0,0,0,1
76,8,0,64,1,10,0,2,0,0,0,0,0,0,0,0,0
25,7,0,14,1,1,0,2,1,0,0,0,0,0,0,0,0
50,18,0,28,2,4,0,1,0,0,0,0,0,0,0,0,0
43,7,8,23,2,1,0,2,0,0,0,0,0,0,0,0,0
91,12,0,18,2,0,1,2,1,10,0,0,0,0,0,0,1
33,15,0,15,4,0,0,2,14,0,0,0,0,1,0,0,1
85,9,0,73,2,10,0,1,2,0,0,0,0,0,0,0,0
235,7,2,7,15,0,0,1,65,27,0,0,0,0,0,0,1
31,16,0,11,1,0,0,1,0,0,0,0,0,0,0,0,0
13,9,0,0,1,1,0,0,0,0,0,0,0,0,0,0,1
31,7,0,6,1,0,0,1,3,2,0,0,0,0,0,0,0
46,14,0,28,1,2,0,3,7,0,0,0,0,0,0,0,0
77,9,0,65,2,3,0,3,0,0,0,0,0,0,0,0,1
113,11,0,98,2,1,0,5,35,22,0,0,0,0,0,0,0
64,17,0,43,2,0,3,3,7,0,0,0,0,0,0,0,0
154,8,0,10,2,12,1,1,8,10,0,0,0,0,0,0,1
34,5,0,25,1,0,0,3,2,0,0,0,0,0,0,0,0
146,5,16,20,7,1,0,5,1,20,2,0,1,0,0,0,0
95,17,0,10,3,0,2,1,4,8,0,0,0,0,0,0,1
37,3,0,30,1,0,0,3,0,0,0,0,0,0,0,0,1
24,8,11,0,2,0,0,0,0,0,0,0,0,0,0,0,0
30,5,0,22,1,1,0,1,4,0,1,0,0,0,0,0,1
54,7,0,43,2,0,3,2,0,2,0,0,0,0,0,0,0
14,8,0,0,2,0,0,0,0,0,0,0,0,0,0,0,1
164,15,0,57,2,1,1,4,60,4,1,0,0,0,0,0,0
58,8,0,46,1,4,0,3,15,0,0,0,0,0,0,0,0
99,9,0,10,3,0,1,1,10,12,0,0,0,0,0,0,1
86,13,0,70,2,8,0,2,11,0,0,0,0,0,0,0,1
59,10,0,45,2,1,1,4,0,0,0,0,0,0,0,0,1
218,3,0,12,14,0,0,2,74,24,0,0,0,0,0,0,1
41,12,0,25,1,1,0,2,0,0,0,0,0,0,0,0,0
39,9,0,26,1,1,0,4,9,0,0,0,0,0,0,0,0
92,13,0,75,2,14,0,1,0,0,0,0,0,0,0,0,0
57,4,6,42,2,6,1,2,17,0,0,0,0,0,0,0,0
105,8,0,90,3,15,0,2,10,0,0,0,0,0,0,0,0
61,7,0,50,1,1,0,4,0,0,0,0,0,0,0,0,0
57,7,0,25,3,0,0,3,2,3,0,1,0,0,0,0,1
49,19,0,23,6,0,0,1,0,0,1,0,0,0,0,0,1
31,7,0,6,1,0,1,1,3,2,0,0,0,0,0,0,0
88,24,0,10,3,0,1,1,4,8,0,0,0,0,0,0,1
23,4,0,15,2,0,0,1,0,0,0,0,0,0,0,0,0
22,18,0,0,1,0,0,0,0,0,0,0,0,0,0,0,0
38,9,24,0,4,0,0,0,1,0,0,0,0,0,0,0,1
89,9,0,21,5,1,0,12,1,2,1,0,1,0,0,0,1
47,18,0,25,2,0,0,1,0,0,0,0,0,0,0,0,1
38,5,0,29,2,1,0,3,0,0,0,0,0,0,0,0,1
79,21,0,45,1,5,0,2,3,2,0,0,0,0,0,0,1
32,8,7,12,2,0,0,3,2,0,0,0,0,0,0,0,0
39,10,0,25,2,1,0,5,0,0,0,0,0,0,0,0,1
43,17,0,20,3,1,0,2,0,0,0,0,0,0,0,0,0
17,13,0,0,1,0,0,0,0,0,0,0,0,0,0,0,0
41,8,4,24,3,0,0,2,6,0,0,0,0,0,0,0,0
31,7,0,6,1,1,0,1,1,2,0,0,0,0,0,0,0
16,12,0,0,1,0,0,0,0,0,0,0,0,0,0,0,0
35,8,0,23,2,1,0,2,11,0,0,0,0,0,0,0,0
72,12,4,51,2,6,0,4,8,0,0,0,0,0,0,0,0
153,29,0,17,2,1,1,2,6,16,0,0,0,0,0,0,1
52,20,0,29,2,0,0,4,2,0,0,0,0,0,0,0,1
86,8,0,74,3,5,0,3,4,0,0,0,0,0,0,0,0
15,5,0,7,1,0,0,1,0,0,0,0,0,0,0,0,1
114,8,0,20,5,1,0,12,10,6,1,0,1,0,0,0,1
48,12,0,33,4,0,0,5,2,0,0,0,1,0,0,0,1
110,5,16,20,7,1,0,5,1,11,2,0,1,0,0,0,1
115,14,0,66,1,3,0,4,8,4,0,0,0,0,0,0,1
46,6,0,11,2,0,0,1,7,6,0,0,0,0,0,0,1
68,4,12,48,3,1,0,2,20,0,0,0,0,0,0,0,1
85,2,11,67,4,2,0,5,15,0,0,0,0,0,0,0,1
66,9,0,53,2,2,0,4,4,2,0,0,0,0,0,0,0
53,5,14,29,3,2,0,2,4,0,0,0,0,0,0,0,0
59,5,3,46,2,0,5,2,0,0,0,0,0,0,0,0,0
33,8,0,21,2,0,0,2,0,0,0,0,0,0,0,0,0
30,6,0,21,1,0,0,3,0,0,0,0,0,0,0,0,1
24,10,0,10,2,0,0,1,0,0,0,0,0,0,0,0,1
45,8,1,31,3,2,0,2,1,0,0,0,0,0,0,0,1
34,9,2,18,2,0,1,2,0,0,0,0,0,0,0,0,0
19,9,5,0,2,0,0,0,1,0,0,0,0,0,0,0,0
18,14,0,0,1,0,0,0,0,0,0,0,0,0,0,0,0
29,9,2,13,2,1,0,2,0,0,0,0,0,0,0,0,0
60,22,0,34,2,2,0,2,0,0,0,0,0,0,0,0,0
61,26,0,32,2,2,0,4,0,0,1,0,0,0,0,0,1
47,8,0,35,2,1,0,3,0,0,0,0,0,0,0,0,0
18,13,0,5,3,0,0,1,12,0,0,0,0,1,0,0,1
28,12,0,16,4,0,0,2,9,0,0,0,0,1,0,0,1
26,17,0,3,2,0,0,1,0,0,0,0,0,0,0,0,0
244,12,0,41,9,0,1,9,8,27,1,0,1,0,0,0,1
24,18,0,0,2,0,0,0,0,0,0,0,0,0,0,0,0
80,2,7,66,2,0,10,5,10,0,0,0,0,0,0,0,0
52,6,0,42,2,0,2,2,8,0,0,0,0,0,0,0,0
72,5,0,53,3,1,2,4,4,2,0,0,0,0,0,0,0
115,10,0,10,3,2,1,1,10,12,0,0,0,0,0,0,1
43,11,0,28,2,0,0,2,0,0,0,0,0,0,0,0,1
18,3,0,9,2,1,0,1,0,0,0,0,0,0,0,0,1
20,16,0,0,1,0,0,0,0,0,0,0,0,0,0,0,0
40,7,0,29,2,1,0,3,0,0,1,0,0,0,0,0,0
83,9,2,67,2,0,6,2,4,0,0,0,0,0,0,0,0
32,12,0,16,2,0,0,2,4,0,0,0,0,0,0,0,0
43,8,0,31,1,0,0,3,15,0,0,0,0,0,0,0,0
118,19,0,10,2,2,0,1,3,14,0,0,0,0,0,0,1
17,13,0,0,1,0,0,0,0,0,0,0,0,0,0,0,1
58,17,0,10,2,1,1,1,2,4,0,0,0,0,0,0,1
35,14,0,17,1,1,0,1,0,0,0,0,0,0,0,0,0
104,6,0,15,2,0,0,2,5,18,0,0,0,0,0,0,0
115,3,0,36,2,0,3,4,6,6,0,0,0,0,0,0,0
51,6,0,42,2,1,0,4,0,0,0,0,0,0,0,0,1
40,9,0,27,2,0,0,4,0,0,0,0,0,0,0,0,1
44,10,0,30,2,2,0,2,1,0,0,0,0,0,0,0,1
47,18,0,8,1,0,0,1,4,2,0,0,0,0,0,0,1
20,10,0,1,1,0,0,1,2,2,0,0,0,0,0,0,0
21,14,0,7,3,0,0,1,12,0,0,0,0,1,0,0,1
170,16,0,148,3,2,0,10,48,0,2,0,1,0,0,0,0
67,11,0,49,3,5,0,2,0,0,1,0,0,0,0,0,1
17,13,0,0,1,0,0,0,0,0,0,0,0,0,0,0,0
90,8,0,78,2,12,0,1,21,0,0,0,0,0,0,0,0
90,7,0,77,6,0,0,8,0,0,0,0,1,0,0,0,1
46,14,0,28,2,1,0,3,0,0,0,0,0,0,0,0,1
46,5,0,15,2,0,1,1,8,4,0,0,0,0,0,0,1
47,17,0,26,2,4,0,1,0,0,0,0,0,0,0,0,0
26,10,0,12,1,0,0,1,7,0,0,0,0,0,0,0,1
28,18,0,6,1,0,0,1,1,0,0,0,0,0,0,0,1
33,8,0,21,2,0,0,2,3,0,0,0,0,0,0,0,1
64,4,0,53,2,4,0,5,4,0,0,0,0,0,0,0,1
25,11,0,7,2,0,0,1,0,0,0,0,0,0,0,0,1
29,13,0,16,4,0,0,2,10,0,0,0,0,1,0,0,1
39,9,0,14,2,0,0,1,0,2,0,0,0,0,0,0,1
345,12,28,34,3,11,0,3,39,11,2,0,0,0,0,0,0
40,14,0,26,4,0,1,2,12,0,0,0,0,1,0,0,1
89,9,0,59,3,1,0,7,0,4,2,0,1,0,0,0,1
19,12,0,2,3,0,0,1,14,0,0,0,0,1,0,0,1
31,10,0,17,1,1,0,1,0,0,0,0,0,0,0,0,0
13,5,0,4,1,0,0,2,0,1,0,0,0,0,0,0,0
16,6,0,6,1,0,0,1,2,0,0,0,0,0,0,0,0
54,14,0,40,3,0,0,2,28,0,0,0,0,1,0,0,1
78,13,0,10,3,0,1,1,4,8,0,0,0,0,0,0,1
53,18,0,28,3,0,0,3,0,0,0,0,0,0,0,0,1
35,13,0,22,4,0,0,2,10,0,0,0,0,1,0,0,1
20,6,0,10,1,0,0,1,0,0,0,0,0,0,0,0,1
42,5,0,33,1,3,0,3,2,0,0,0,0,0,0,0,0
53,19,0,31,1,1,0,3,2,0,0,0,0,0,0,0,1
41,6,0,31,1,1,0,3,5,1,0,0,0,0,0,0,0
46,5,9,27,3,0,0,4,1,0,0,0,0,0,0,0,1
38,7,4,23,2,0,0,3,0,0,0,0,0,0,0,0,0
26,13,0,9,1,0,0,2,0,0,0,0,0,0,0,0,0
54,8,0,42,1,5,0,4,9,0,0,0,0,0,0,0,0
116,15,0,53,2,4,0,3,3,8,0,0,0,0,0,0,1
21,8,0,10,1,0,0,2,0,0,0,0,0,0,0,0,1
20,16,0,0,1,0,0,0,0,0,0,0,0,0,0,0,0
27,23,0,0,1,0,0,0,0,0,0,0,0,0,0,0,1
48,6,0,39,3,1,0,3,4,0,0,0,0,0,0,0,1
105,9,0,92,7,0,1,5,15,0,0,0,1,1,0,0,1
44,9,8,22,2,2,0,2,1,0,0,0,0,0,0,0,0
38,9,2,22,2,0,2,2,0,0,0,0,0,0,0,0,0
35,5,9,16,2,1,0,2,0,0,1,0,0,0,0,0,1
43,6,0,33,1,1,0,3,5,1,0,0,0,0,0,0,0
74,15,0,10,2,1,1,1,2,8,0,0,0,0,0,0,1
110,17,0,89,2,11,0,1,9,0,0,0,0,0,0,0,0
102,8,0,90,2,9,0,4,6,0,0,0,0,0,0,0,0
24,20,0,0,1,0,0,0,0,0,0,0,0,0,0,0,0
40,8,0,28,2,0,2,2,0,0,0,0,0,0,0,0,0
28,15,0,7,4,0,0,1,17,0,0,0,0,1,0,0,1
86,21,0,10,2,1,1,1,4,8,0,0,0,0,0,0,1
70,8,17,27,3,2,1,2,5,2,1,0,0,0,0,0,1
53,20,0,29,1,0,0,4,0,0,0,0,0,0,0,0,1
293,12,0,28,14,4,0,8,49,27,1,0,0,0,0,0,1
17,3,7,0,3,0,0,0,0,0,0,0,0,0,0,0,0
47,12,0,32,2,0,0,3,0,0,0,0,0,0,0,0,1
36,16,0,16,2,0,0,1,0,0,0,0,0,0,0,0,1
72,11,0,57,1,7,0,5,6,0,0,0,0,0,0,0,0
22,8,0,10,2,0,0,1,0,0,1,0,0,0,0,0,1
61,12,0,45,2,0,0,2,0,5,0,0,0,0,0,0,0
23,19,0,0,1,2,0,0,0,0,0,0,0,0,0,0,0
27,10,0,10,2,1,0,1,0,1,1,0,0,0,1,0,0
28,6,0,19,2,0,0,2,0,0,1,0,0,0,0,0,1
409,11,111,186,17,5,2,14,114,9,4,0,1,0,0,0,0
27,7,0,17,1,0,0,3,0,0,0,0,0,0,0,0,1
35,11,8,11,3,0,0,1,7,0,0,0,0,0,0,0,0
18,14,0,4,3,0,0,1,12,0,0,0,0,1,0,0,1
31,7,0,6,1,1,0,1,3,2,0,0,0,0,0,0,0
40,5,4,18,2,1,0,2,1,1,0,0,0,0,0,0,1
97,10,0,83,1,11,0,4,10,0,1,0,0,0,0,0,0
146,5,16,20,7,1,0,5,1,20,2,0,1,0,0,0,0
67,8,0,10,2,0,1,1,2,8,0,0,0,0,0,0,1
25,14,0,11,4,0,0,1,13,0,0,0,0,1,0,0,1
29,13,0,16,4,0,0,2,12,0,0,0,0,1,0,0,1
115,12,17,81,4,0,0,2,10,0,1,0,0,0,0,0,1
36,8,16,7,4,0,0,1,0,0,2,0,1,0,0,0,1
26,6,0,16,1,0,0,2,0,0,0,0,0,0,0,0,0
172,3,62,103,2,0,0,3,0,0,2,0,1,0,0,0,1
62,14,0,11,3,0,0,2,12,2,0,0,0,0,0,0,1
16,12,0,0,1,0,0,0,0,0,0,0,0,0,0,0,0
33,10,0,16,2,0,0,3,0,0,0,0,0,0,0,0,1
35,4,4,22,3,2,0,1,14,0,0,0,0,0,0,0,1
75,13,0,10,2,1,1,1,5,8,0,0,0,0,0,0,1
22,8,0,11,2,0,0,2,0,0,0,0,0,0,0,0,1
28,5,0,16,2,1,0,2,0,0,0,0,0,0,0,0,1
54,13,0,37,1,5,0,2,2,0,0,0,0,0,0,0,1
23,4,0,15,1,0,0,2,7,0,0,0,0,0,0,0,0
32,6,0,21,2,0,0,3,0,0,1,0,0,0,1,0,1
57,12,7,33,2,0,0,5,4,0,0,0,0,0,0,0,0
38,5,6,22,2,0,0,3,10,0,0,0,0,0,0,0,0
45,12,0,29,2,0,0,3,0,0,0,0,1,0,0,0,1
26,9,0,10,3,0,0,1,1,0,0,0,0,0,0,0,0
24,10,0,11,2,1,0,1,0,0,0,0,0,0,0,0,1
75,13,0,58,1,0,0,5,4,2,0,0,0,0,0,0,0
96,7,0,5,2,0,1,1,11,13,0,0,1,0,0,0,0
13,9,0,0,1,1,0,0,0,0,0,0,0,0,0,0,1
68,6,0,58,2,0,4,4,0,0,0,0,0,0,0,0,0
28,9,0,13,3,0,0,1,0,0,0,0,0,0,0,0,1
87,6,0,10,3,1,1,1,4,8,0,0,0,0,0,0,1
71,10,0,57,1,1,0,4,21,1,2,0,0,0,0,0,1
28,15,0,7,4,0,0,1,17,0,0,0,0,1,0,0,1
35,4,0,28,2,2,0,2,0,0,0,0,0,0,0,0,1
26,9,12,0,3,0,0,0,0,0,0,0,0,0,0,0,1
113,18,0,91,1,1,0,8,21,0,0,0,0,0,0,0,1
71,10,17,27,7,1,1,5,7,3,2,0,0,0,0,0,0
19,15,0,0,3,0,0,0,15,0,0,0,0,1,0,0,1
50,10,0,36,1,4,0,1,0,0,0,0,0,0,0,0,0
43,11,0,28,2,2,0,3,6,0,0,0,0,0,0,0,1
39,11,0,24,1,1,0,2,1,0,0,0,0,0,0,0,1
51,5,35,6,7,0,0,1,8,0,2,0,0,0,0,0,1
13,9,0,0,1,0,0,0,0,0,0,0,0,0,0,0,0
26,4,5,12,2,0,0,2,3,0,0,0,0,0,0,0,1
80,10,5,17,3,1,0,1,5,6,0,0,0,0,0,0,0
90,4,6,58,3,6,2,3,10,2,0,0,0,0,0,0,0
75,13,0,59,2,4,0,6,1,0,0,0,0,0,0,0,1
22,4,4,6,3,0,0,1,2,0,0,0,0,0,0,0,1
345,12,28,34,3,6,5,3,38,11,2,0,0,0,0,0,0
47,8,0,35,2,0,1,2,17,0,0,0,0,0,0,0,1
80,12,0,64,1,1,9,3,11,2,0,0,0,0,0,0,0
31,15,0,12,2,0,0,1,0,0,0,0,0,0,0,0,0
29,3,13,8,3,0,0,1,2,0,0,0,0,0,0,0,1
24,13,0,7,1,0,0,1,1,0,1,0,0,0,0,0,1
35,9,0,22,1,1,0,2,0,0,0,0,0,0,0,0,0
26,1,0,22,1,0,0,2,7,0,1,0,0,0,0,0,0
108,9,0,45,4,1,0,6,6,2,0,0,1,0,0,0,1
96,13,0,11,3,5,0,1,10,4,1,0,0,0,0,0,0
126,14,0,10,3,4,1,1,8,10,0,0,0,0,0,0,1
74,10,0,60,1,7,0,3,8,0,0,0,0,0,0,0,1
21,9,0,8,2,0,0,1,0,0,0,0,0,0,0,0,0
46,20,0,22,1,3,0,1,0,0,0,0,0,0,0,0,0
40,9,2,24,2,0,1,2,0,0,0,0,0,0,0,0,0
49,3,0,43,2,0,0,6,14,0,0,0,0,0,0,0,0
28,6,0,18,2,0,0,2,0,0,0,0,0,0,0,0,1
126,19,0,10,3,6,1,1,3,10,0,0,0,0,0,0,1
33,9,2,17,2,0,1,2,0,0,0,0,0,0,0,0,0
66,20,0,42,1,7,0,4,8,0,0,0,0,0,0,0,0
20,5,10,0,2,0,0,0,0,0,0,0,0,0,0,0,0
16,12,0,0,1,0,0,0,0,0,0,0,0,0,0,0,0
33,6,23,0,5,0,0,0,6,0,1,0,0,0,0,0,1
68,6,0,58,1,4,0,3,10,0,1,0,0,0,0,0,0
64,16,0,42,2,5,0,2,3,0,0,0,0,0,0,0,1
63,8,17,33,3,1,0,5,16,0,0,0,0,0,0,0,0
31,7,13,6,3,0,0,1,2,0,0,0,0,0,0,0,1
21,8,9,0,2,0,0,0,0,0,0,0,0,0,0,0,1
41,8,0,30,1,2,0,3,6,0,0,0,0,0,0,0,1
74,13,0,57,2,8,0,2,4,0,0,0,0,0,0,0,1
75,18,0,53,1,1,7,1,0,0,0,0,0,0,0,0,0
32,15,0,11,3,0,0,1,0,0,0,0,0,0,0,0,1
47,10,0,33,2,0,4,2,1,0,0,0,0,0,0,0,0
83,7,4,39,3,0,0,4,22,1,0,0,0,0,0,0,1
19,15,0,0,1,0,0,0,0,0,0,0,0,0,0,0,0
26,13,0,7,4,0,0,1,15,0,0,0,0,1,0,0,1
19,9,0,6,1,0,0,1,0,0,0,0,0,0,0,0,1
52,13,0,36,3,1,0,4,0,0,0,0,0,0,0,0,1
81,6,0,10,2,2,1,1,6,8,0,0,0,0,0,0,1
13,4,0,3,2,0,0,1,0,0,0,0,0,0,0,0,0
30,6,12,7,2,0,0,1,0,0,0,0,0,0,0,0,1
44,13,0,27,2,0,1,2,0,0,0,0,0,0,0,0,0
98,6,0,17,2,0,1,2,5,10,0,0,0,0,0,0,1
88,6,0,10,3,0,1,1,3,10,0,0,0,0,0,0,1
11,8,0,0,1,0,0,0,0,0,0,0,0,0,0,0,0
59,9,2,43,2,0,5,2,2,3,0,0,0,0,0,0,0
128,10,0,10,2,4,1,1,10,10,0,0,0,0,0,0,1
27,7,0,16,1,0,0,2,0,0,0,0,0,0,0,0,1
35,8,0,23,2,1,0,2,11,0,0,0,0,0,0,0,0
26,13,0,7,4,0,0,1,15,0,0,0,0,1,0,0,1
26,18,0,4,1,1,0,1,0,0,0,0,0,0,0,0,1
44,11,0,29,2,1,0,3,0,0,0,0,0,0,0,0,1
75,7,5,58,3,3,1,4,6,0,0,0,0,0,0,0,0
65,6,0,55,2,4,0,5,15,0,0,0,0,0,0,0,0
14,7,0,0,2,0,0,0,0,0,0,0,0,0,0,0,1
14,10,0,0,1,0,0,0,0,0,0,0,0,0,0,0,0
13,9,0,0,1,0,0,0,0,0,0,0,0,0,0,0,0
132,14,24,23,8,5,2,5,2,5,1,0,1,0,0,0,0
27,8,0,15,2,0,1,1,0,0,0,0,0,0,0,0,1
13,9,0,0,1,0,0,0,4,0,0,0,0,0,0,0,1
67,23,0,10,2,0,0,1,8,4,0,0,0,0,0,0,0
38,6,5,20,3,0,0,3,0,0,0,0,0,0,0,0,1
42,6,0,30,3,0,0,3,5,0,0,0,0,0,0,0,1
83,22,0,10,2,1,1,1,4,8,0,0,0,0,0,0,1
64,4,2,53,3,0,0,5,2,0,0,0,0,0,0,0,1
32,12,0,16,2,1,0,1,1,0,0,0,0,0,0,0,0
29,8,0,17,1,0,0,2,0,0,0,0,0,0,0,0,0
56,9,0,21,3,1,0,7,0,1,1,0,1,0,0,0,1
95,8,0,83,1,10,0,5,15,0,0,0,0,0,0,0,0
128,9,0,23,5,0,1,2,28,12,0,0,0,0,0,0,0
91,4,0,82,1,0,0,1,33,27,0,0,0,0,1,0,1
45,9,4,27,4,1,0,3,0,0,1,0,0,0,0,0,1
123,4,35,4,4,1,1,2,29,4,0,0,1,0,0,0,0
39,3,0,32,2,0,0,3,0,0,0,0,0,0,0,0,0
92,9,0,80,3,2,0,8,0,0,1,0,1,0,0,0,1
31,8,0,20,1,1,0,3,2,0,0,0,0,0,0,0,1
27,15,0,8,1,0,0,1,0,0,0,0,0,0,0,0,1
39,14,0,21,1,0,1,2,0,0,0,0,0,0,0,0,0
45,9,0,33,2,1,0,3,0,0,0,0,0,0,0,0,1
27,7,0,17,2,1,0,2,0,0,0,0,0,0,0,0,1
55,11,0,38,2,0,4,4,8,0,0,0,0,0,0,0,1
39,4,2,20,3,0,0,2,4,2,0,0,0,0,0,0,1
38,12,4,17,2,1,0,2,0,0,0,0,0,0,0,0,0
33,8,4,14,3,1,0,2,0,2,0,0,0,0,0,0,1
22,12,0,6,2,0,0,1,0,0,0,0,0,0,0,0,1
33,6,0,23,1,0,0,4,0,0,0,0,0,0,0,0,1
33,10,0,19,2,0,0,2,0,0,0,0,0,0,0,0,0
48,12,0,33,4,0,0,5,2,0,0,0,1,0,0,0,1
40,15,0,21,2,0,1,2,0,0,0,0,0,0,1,0,1
11,7,0,0,1,0,0,0,0,0,0,0,0,0,0,0,0
61,9,3,44,2,1,0,4,6,0,0,0,0,0,0,0,0
31,11,0,16,2,0,0,1,1,0,0,0,0,0,0,0,0
21,16,0,0,1,0,0,0,0,1,0,0,0,0,0,0,1
49,5,6,33,2,0,2,2,0,0,0,0,0,0,0,0,0
25,11,0,10,2,0,0,1,1,0,0,0,0,0,0,0,1
27,6,6,10,3,0,0,1,0,0,0,0,0,0,0,0,1
47,9,0,34,2,0,1,3,6,0,0,0,0,0,0,0,0
90,15,0,10,2,0,1,1,4,10,0,0,0,0,0,0,1
39,7,0,28,2,0,1,2,0,0,0,0,0,0,0,0,0
26,13,0,6,2,0,0,1,0,0,0,0,1,0,0,0,1
20,16,0,0,1,0,0,0,0,0,0,0,0,0,0,0,0
76,9,0,51,2,0,2,5,2,1,0,0,0,0,0,0,0
51,12,0,35,1,1,0,6,4,0,0,0,0,0,0,0,0
81,4,0,10,5,1,0,9,4,4,1,0,0,0,0,0,1
44,15,8,16,3,0,0,2,0,0,0,0,0,0,0,0,0
143,15,0,10,6,0,4,1,7,12,0,0,0,0,0,0,1
35,10,0,18,3,1,1,2,1,0,0,0,0,0,0,0,1
55,11,0,40,2,2,0,4,6,0,0,0,0,0,0,0,0
36,8,0,24,2,1,0,2,12,0,0,0,0,0,0,0,0
49,6,0,40,1,0,0,2,18,0,1,0,0,0,0,0,1
46,6,5,30,3,1,0,3,7,1,0,0,0,0,0,0,1
43,7,0,33,1,0,0,1,19,0,0,0,0,0,0,0,1
28,6,0,18,2,0,0,3,0,0,0,0,0,0,0,0,1
33,6,0,24,2,1,0,3,0,0,0,0,0,0,0,0,1
16,12,0,0,1,0,0,0,0,0,0,0,0,0,0,0,0
45,14,0,27,1,0,1,2,0,0,0,0,0,0,0,0,0
25,8,4,8,2,1,0,1,6,0,0,0,0,0,0,0,1
117,7,5,53,3,0,0,2,27,12,0,0,0,0,0,0,0
74,10,0,60,1,0,0,4,19,0,0,0,0,0,0,0,1
61,13,0,44,2,2,1,3,6,0,0,0,0,0,0,0,0
33,21,0,8,1,0,0,1,0,0,0,0,0,0,0,0,1
8,4,0,0,1,0,0,0,0,0,0,0,0,0,0,0,0
19,15,0,0,1,0,0,0,0,0,0,0,0,0,0,0,1
28,8,2,13,2,0,0,2,0,0,0,0,0,0,0,0,0
91,21,58,7,6,3,0,1,4,0,3,0,1,0,0,0,0
22,3,15,0,2,1,0,0,2,0,0,0,0,0,0,0,1
72,17,0,51,1,5,0,3,12,0,0,0,0,0,0,0,0
66,9,0,54,1,1,2,4,0,0,1,0,0,0,0,0,1
84,10,0,23,2,0,0,2,5,10,0,0,0,0,0,0,0
58,7,0,47,1,0,0,5,19,0,0,0,0,0,0,0,0
55,13,0,36,3,0,1,4,0,0,0,0,0,0,0,0,1
119,14,0,22,4,2,3,1,5,8,0,0,0,0,0,0,1
97,9,0,10,2,1,1,1,6,10,0,0,0,0,0,0,1
69,5,0,19,2,0,0,1,8,6,0,0,0,0,0,0,1
19,15,0,0,1,1,0,0,0,0,0,0,0,0,0,0,0
20,16,0,0,1,2,0,0,0,0,0,0,0,0,0,0,0
70,13,0,10,2,0,1,1,3,6,0,0,0,0,0,0,1
30,10,0,16,2,0,0,2,0,0,0,0,0,0,0,0,1
120,14,0,102,2,5,5,6,7,0,0,0,0,0,0,0,0
42,3,0,35,1,4,0,3,6,0,0,0,0,0,0,0,0
42,13,8,16,3,1,0,1,2,0,0,0,0,0,0,0,1
19,3,0,10,3,0,0,1,4,0,0,0,0,0,0,0,1
39,17,0,18,3,0,0,1,0,0,0,0,0,0,0,0,1
35,6,0,25,1,0,0,3,6,0,1,0,0,0,0,0,0
35,14,0,18,2,1,0,2,0,0,0,0,0,0,0,0,1
25,8,0,13,1,0,0,2,1,0,0,0,0,0,0,0,1
80,16,0,10,3,0,1,1,3,8,0,0,0,0,0,0,1
14,14,0,0,3,0,0,0,11,0,0,0,0,1,0,0,1
238,15,0,72,2,3,6,5,23,17,1,0,0,0,0,0,1
104,22,0,20,2,0,0,1,3,7,0,0,0,0,0,0,0
65,7,4,49,3,0,0,3,1,1,0,0,0,0,0,0,1
30,14,0,10,3,0,0,1,0,0,0,0,0,0,0,0,1
124,18,0,10,2,4,1,1,7,10,0,0,0,0,0,0,1
75,18,0,75,4,0,1,5,1,0,0,0,1,0,0,0,1
24,15,0,5,1,0,0,1,0,0,0,0,0,0,0,0,1
35,10,0,21,2,0,0,2,0,0,0,0,0,0,0,0,1
56,8,17,26,3,1,0,4,6,0,0,0,0,0,0,0,0
142,9,0,129,2,5,2,11,6,2,5,0,1,0,0,0,1
107,7,0,20,2,8,0,2,9,10,0,0,0,0,0,0,0
58,8,10,35,3,3,0,3,6,0,0,0,0,0,0,0,0
17,5,0,9,1,0,0,2,0,0,0,0,0,0,0,0,1
32,9,8,10,2,0,0,1,0,1,1,0,0,0,0,0,1
49,3,5,34,4,0,1,4,0,0,0,0,0,0,0,0,1
24,5,14,0,2,0,0,0,10,0,0,0,0,0,0,0,0
75,7,0,21,2,0,1,2,7,6,0,0,0,0,0,0,0
109,10,0,95,1,13,0,5,20,0,0,0,0,0,0,0,0
67,7,0,56,1,7,0,4,8,0,0,0,0,0,0,0,0
36,8,0,24,2,0,0,2,4,0,0,0,0,0,0,0,1
28,15,0,7,4,0,0,1,17,0,0,0,0,1,0,0,1
44,14,0,26,2,0,0,1,0,0,0,0,0,0,0,0,0
19,4,0,8,2,0,0,2,1,0,0,0,1,0,0,0,1
38,10,0,24,2,0,0,3,0,0,0,0,0,0,0,0,1
19,15,0,0,1,0,0,0,0,0,0,0,0,0,0,0,0
29,7,0,18,1,1,0,2,0,0,0,0,0,0,0,0,0
103,6,0,12,3,0,5,1,3,8,0,0,0,0,0,0,1
33,7,13,8,2,1,0,1,0,0,0,0,0,0,0,0,1
31,6,3,17,3,0,0,2,3,0,0,0,0,0,0,0,0
24,4,0,16,1,0,0,2,7,0,0,0,0,0,0,0,0
140,9,3,10,4,8,1,1,10,8,0,0,0,0,0,0,1
18,7,0,7,1,0,0,1,0,0,0,0,0,0,0,0,0
20,17,0,0,1,0,0,0,1,0,0,0,0,0,1,0,1
33,13,0,16,1,1,0,2,0,0,0,0,0,0,0,0,0
51,9,2,35,2,0,3,2,0,0,0,0,0,0,0,0,0
94,5,12,72,4,6,0,4,14,0,0,0,0,0,0,0,0
55,16,0,32,2,2,0,3,8,0,0,0,0,0,0,0,1
157,9,0,40,3,3,1,7,5,10,1,0,0,0,0,0,0
467,9,0,26,22,0,5,6,39,51,1,0,1,0,0,0,1
378,11,111,155,17,5,2,14,95,9,4,0,1,0,0,0,0
27,7,0,16,2,0,0,1,0,0,0,0,0,0,0,0,1
61,12,0,13,2,0,0,2,8,11,0,0,0,0,0,0,0
277,30,0,77,5,3,1,5,92,8,2,0,1,0,0,0,1
37,6,0,27,1,3,0,2,0,0,0,0,0,0,0,0,1
106,11,0,91,2,5,6,1,11,0,0,0,0,0,0,0,0
82,16,0,13,2,0,1,2,6,8,0,0,0,0,0,0,1
16,6,0,6,1,0,0,1,2,0,0,0,0,0,0,0,1
23,11,0,8,1,0,0,1,0,0,0,0,0,0,0,0,1
99,8,0,88,3,7,0,8,14,2,0,0,0,0,0,0,1
20,4,11,0,2,0,0,0,3,0,0,0,0,0,0,0,1
27,12,0,12,2,0,0,2,4,0,0,0,0,0,0,0,1
30,16,0,10,2,0,0,1,0,0,0,0,0,0,0,0,0
28,6,0,19,2,0,0,3,0,0,1,0,0,0,0,0,1
43,8,0,12,2,0,1,2,2,4,0,0,0,0,0,0,0
30,10,0,16,1,0,0,2,0,0,0,0,0,0,0,0,1
44,12,0,28,1,3,0,3,4,0,0,0,0,0,0,0,1
17,13,0,0,1,0,0,0,0,0,0,0,0,0,0,0,0
26,4,5,12,2,0,0,2,3,0,0,0,0,0,0,0,1
51,26,0,11,2,2,1,1,2,2,0,0,0,0,0,0,1
34,11,0,20,1,1,0,3,0,0,0,0,0,0,0,0,1
32,9,2,16,2,0,1,2,0,0,0,0,0,0,0,0,0
65,12,0,49,1,6,0,2,0,0,0,0,0,0,0,0,0
40,5,0,31,1,0,0,3,3,0,0,0,0,0,0,0,0
30,7,0,13,2,0,0,2,4,2,0,0,0,0,1,0,1
24,2,0,18,1,0,1,1,0,0,0,0,0,0,0,0,0
34,13,0,17,1,0,1,2,0,0,0,0,0,0,0,0,0
46,23,0,16,3,1,0,1,0,0,0,0,0,0,0,0,1
94,13,50,21,8,1,0,4,0,0,0,0,1,0,0,0,1
62,18,0,10,2,0,1,1,3,4,0,0,0,0,0,0,1
40,9,0,27,2,0,1,3,0,0,0,0,0,0,0,0,0
79,6,4,21,2,0,0,2,5,2,1,0,0,0,0,0,0
27,14,0,7,4,0,0,1,16,0,0,0,0,1,0,0,1
39,10,0,23,3,2,0,1,0,0,0,0,0,0,0,0,0
108,4,0,101,2,9,1,5,5,0,0,0,0,0,0,0,1
52,13,0,35,2,1,0,4,0,0,0,0,0,0,0,0,1
69,8,11,45,3,3,0,3,6,0,0,0,0,0,0,0,0
52,4,0,44,1,0,0,4,4,1,0,0,0,0,0,0,0
21,9,0,8,1,0,0,1,1,0,0,0,0,0,0,0,1
15,6,0,5,1,0,0,1,0,0,1,0,0,0,0,0,1
227,6,0,10,2,0,1,1,27,8,0,0,0,0,0,0,1
105,6,0,43,2,3,0,3,12,6,0,0,0,0,0,0,0
8,5,0,0,1,0,0,0,0,0,0,0,0,0,1,0,1
32,9,0,20,2,0,0,3,0,0,0,0,0,0,0,0,1
117,8,0,6,3,2,0,1,11,8,1,0,1,0,0,0,1
32,8,0,20,2,0,0,2,2,0,0,0,0,0,0,0,1
28,14,0,14,4,0,0,2,11,0,0,0,0,1,0,0,1
122,9,0,28,2,0,2,2,27,10,0,0,0,0,0,0,0
116,14,0,10,2,2,1,1,6,10,0,0,0,0,0,0,1
35,9,0,22,1,0,0,2,12,0,0,0,0,0,0,0,0
25,11,0,11,2,0,0,1,0,0,0,0,0,0,0,0,1
21,17,0,0,1,2,0,0,0,0,1,0,0,0,0,0,0
93,9,3,76,2,6,0,3,6,0,0,0,0,0,0,0,0
55,3,0,45,2,6,0,2,0,0,0,0,0,0,0,0,1
31,18,0,9,1,0,0,1,0,0,0,0,0,0,0,0,1
59,11,0,16,2,0,0,1,1,6,0,0,0,0,0,0,1
43,7,0,33,2,1,0,2,3,0,0,0,0,0,0,0,0
47,9,2,31,2,0,2,2,0,2,0,0,0,0,0,0,0
45,12,0,29,2,0,0,3,0,0,0,0,1,0,0,0,1
34,10,13,4,4,0,0,1,0,0,0,0,0,0,0,0,1
89,10,0,58,1,8,0,1,21,2,0,0,0,0,0,0,0
72,10,0,29,1,1,1,2,2,6,0,0,0,0,0,0,1
26,16,0,6,2,0,0,1,0,0,0,0,0,0,0,0,1
25,10,0,11,2,1,0,1,0,0,0,0,0,0,0,0,1
46,7,0,36,1,0,0,2,20,0,0,0,0,0,0,0,1
54,7,0,43,1,1,0,5,4,0,0,0,0,0,0,0,1
19,8,7,0,2,1,0,0,0,0,0,0,0,0,0,0,1
40,10,0,26,2,1,0,2,0,0,0,0,0,0,0,0,0
57,14,0,40,2,1,0,3,0,0,1,0,0,0,0,0,1
49,9,10,25,3,0,0,3,6,0,0,0,0,0,0,0,0
30,3,10,13,3,0,0,2,0,1,0,0,0,0,0,0,1
133,8,0,119,2,2,0,1,14,1,0,0,0,0,0,0,1
103,6,0,79,1,11,0,2,11,2,0,0,0,0,0,0,0
51,8,8,30,3,1,0,3,8,1,0,0,0,0,0,0,0
172,3,62,103,2,0,0,3,0,0,2,0,1,0,0,0,1
86,7,0,14,2,0,3,1,31,4,0,0,0,0,0,0,0
60,16,0,40,1,1,0,5,0,0,0,0,0,0,0,0,1
63,4,0,55,2,5,0,3,4,0,0,0,0,0,0,0,0
29,20,0,5,1,0,0,2,1,0,0,0,0,0,0,0,0
166,15,0,96,6,2,3,8,11,2,1,0,1,0,0,0,1
43,7,22,9,5,4,0,2,10,0,0,0,0,0,0,0,0
34,6,0,24,1,1,0,2,0,0,0,0,0,0,0,0,0
15,11,0,0,1,0,0,0,1,0,0,0,0,0,0,0,0
73,13,0,10,2,1,1,1,2,6,0,0,0,0,0,0,1
47,10,0,33,1,0,0,3,8,0,0,0,0,0,0,0,0
24,11,0,7,4,0,0,1,13,0,0,0,0,1,0,0,1
32,9,7,9,4,0,0,1,0,0,0,0,0,0,0,0,1
61,14,0,21,2,0,0,2,7,4,0,0,0,0,0,0,0
39,13,6,15,3,0,1,1,4,0,0,0,0,0,0,0,0
14,6,3,0,2,0,0,0,0,0,0,0,0,0,0,0,1
66,17,5,39,2,0,0,4,0,0,0,0,0,0,0,0,1
32,5,0,24,1,0,0,4,2,0,0,0,0,0,0,0,0
23,10,0,9,2,1,0,1,0,0,0,0,0,0,0,0,1
14,10,0,0,1,0,0,0,0,0,0,0,0,0,0,0,0
208,10,0,28,2,0,0,3,25,6,0,0,0,0,0,0,1
33,3,0,27,2,0,0,3,8,3,0,0,0,0,0,0,1
43,8,0,7,1,0,0,1,0,4,0,0,0,0,0,0,0
79,8,7,60,3,0,0,6,0,0,1,0,0,0,0,0,1
101,6,46,44,3,5,0,3,24,0,1,0,0,0,0,0,1
32,10,0,15,3,1,1,1,1,0,0,0,0,0,0,0,1
38,4,0,30,1,0,0,4,0,0,0,0,0,0,0,0,0
38,15,0,19,2,2,0,1,0,0,0,0,0,0,0,0,0
26,13,0,6,2,0,0,1,0,0,0,0,1,0,0,0,1
82,13,0,10,2,0,1,1,4,10,0,0,0,0,0,0,1
45,21,0,20,2,4,0,1,0,0,0,0,0,0,0,0,0
34,14,0,17,1,0,0,2,4,0,0,0,0,0,0,0,1
43,8,0,32,1,1,0,3,2,0,0,0,0,0,0,0,1
18,9,0,6,1,0,0,1,0,0,0,0,1,0,0,0,1
68,4,12,48,3,1,0,2,20,0,0,0,0,0,0,0,1
24,14,0,6,1,0,0,1,1,0,0,0,0,0,0,0,1
27,15,0,7,4,0,0,1,16,0,0,0,0,1,0,0,1
11,7,0,0,1,0,0,0,0,0,0,0,0,0,0,0,1
43,12,0,28,2,1,0,2,2,0,0,0,0,0,0,0,1
19,14,0,5,3,0,0,1,14,0,0,0,0,1,0,0,1
18,14,0,0,1,0,0,0,0,0,0,0,0,0,0,0,0
59,9,8,37,3,0,0,2,1,0,0,0,0,0,0,0,1
58,14,0,13,2,0,0,1,8,4,0,0,0,0,0,0,0
74,12,0,10,2,0,1,1,4,8,0,0,0,0,0,0,1
132,31,39,57,3,1,1,3,26,0,0,0,0,0,0,0,0
32,15,0,5,1,0,0,1,1,2,0,0,0,0,0,0,1
21,17,0,0,1,1,0,0,2,0,0,0,0,0,0,0,1
68,4,12,48,3,1,0,2,20,0,0,0,0,0,0,0,1
69,11,0,54,2,1,0,5,6,0,0,0,0,0,0,0,0
90,5,0,81,2,7,0,5,7,0,0,0,0,0,0,0,0
117,5,16,47,8,0,0,7,1,11,2,0,1,0,0,0,1
55,9,2,39,2,0,2,2,4,4,0,0,0,0,0,0,0
28,24,0,0,1,2,0,0,0,0,1,0,0,0,0,0,1
25,12,0,9,2,1,0,1,0,0,0,0,0,0,0,0,1
62,6,5,46,2,0,1,4,10,0,1,0,0,0,0,0,1
34,9,2,18,2,0,1,2,0,0,0,0,0,0,0,0,0
85,6,8,47,3,3,0,2,8,2,1,0,0,0,0,0,0
18,6,0,8,1,0,0,1,0,0,0,0,0,0,0,0,1
46,8,0,35,2,1,0,4,0,0,0,0,0,0,0,0,1
29,9,0,17,1,0,0,2,3,1,0,0,0,0,0,0,0
23,11,0,8,1,0,0,1,1,0,0,0,0,0,0,0,1
40,9,0,27,2,0,0,3,0,0,0,0,0,0,0,0,1
52,15,6,26,5,2,0,3,0,0,0,0,0,0,0,0,1
39,12,0,10,2,0,0,1,1,2,0,0,0,0,0,0,1
79,9,21,18,5,1,0,2,19,6,0,0,0,0,1,0,0
183,8,0,17,3,2,2,2,16,21,0,0,0,0,0,0,1
56,27,0,25,2,3,1,1,0,0,0,0,0,0,0,0,0
25,8,0,13,1,0,0,2,3,0,0,0,0,0,0,0,1
21,18,0,0,1,1,0,0,0,0,0,0,0,0,1,0,1
19,13,0,0,2,0,0,0,0,0,0,0,0,0,0,0,0
118,12,0,29,6,0,0,10,1,7,1,0,0,0,0,0,1
20,9,0,7,1,0,0,1,2,0,0,0,0,0,0,0,1
16,13,0,0,1,0,0,0,0,0,0,0,0,0,0,0,1
184,9,0,17,2,1,1,2,73,5,0,0,0,0,0,0,0
106,7,0,10,2,5,1,1,18,10,0,0,0,0,0,0,1
32,8,0,20,2,0,1,2,0,0,0,0,0,0,0,0,1
31,7,0,6,1,0,0,1,1,2,0,0,0,0,0,0,0
29,10,2,12,2,0,0,2,4,0,0,0,0,0,0,0,1
29,19,0,6,1,0,0,1,2,0,0,0,0,0,0,0,1
45,5,0,33,3,1,0,4,0,0,0,0,0,0,0,0,1
22,18,0,0,1,0,0,0,0,0,0,0,0,0,0,0,1
21,5,11,0,2,0,0,0,0,0,0,0,0,0,0,0,1
31,9,0,18,2,0,0,2,0,0,0,0,0,0,0,0,1
71,8,22,9,3,0,0,2,15,4,0,0,0,0,0,0,0
122,7,0,10,2,4,1,1,12,10,0,0,0,0,0,0,1
29,8,8,8,3,0,0,1,4,0,0,0,0,0,0,0,1
80,5,5,37,3,1,0,3,9,4,0,0,0,0,0,0,0
44,4,12,24,3,1,0,2,5,0,0,0,0,0,0,0,1
29,5,0,20,1,0,0,3,1,0,0,0,0,0,0,0,0
32,11,0,18,1,0,0,2,0,1,0,0,0,0,0,0,1
46,3,0,23,3,0,0,4,0,2,1,0,0,0,0,0,1
149,15,0,128,4,0,1,10,9,2,3,1,0,0,0,0,1
59,20,0,33,2,3,0,3,4,0,0,0,0,0,0,0,1
40,14,0,26,5,0,1,2,17,0,0,0,0,1,0,0,1
84,12,10,21,4,1,0,2,10,7,0,0,0,0,0,0,1
37,16,0,18,1,0,0,2,0,0,0,0,0,0,0,0,1
69,8,28,28,5,0,0,2,0,1,0,0,0,0,0,0,0
59,11,0,44,1,0,4,1,11,5,0,0,0,0,0,0,0
88,5,0,14,6,1,0,8,2,5,1,0,0,0,0,0,0
32,8,0,21,2,1,0,1,0,0,0,0,0,0,0,0,1
40,15,0,21,2,1,0,1,0,0,0,0,0,0,0,0,1
14,6,0,5,1,0,0,1,0,0,0,0,0,0,0,0,0
49,12,0,10,3,1,0,1,1,2,0,0,0,0,0,0,1
28,9,0,15,3,0,0,1,0,0,0,0,0,0,0,0,0
63,7,5,11,5,1,0,1,6,6,0,1,0,0,0,0,1
45,10,0,31,1,3,0,2,5,0,0,0,0,0,0,0,0
134,7,0,14,4,1,0,2,23,17,0,0,0,0,0,0,0
101,2,0,95,1,11,0,4,4,0,0,0,0,0,0,0,0
45,7,0,34,1,0,0,2,0,0,0,0,0,0,0,0,0
34,14,0,14,2,0,0,2,0,0,0,0,0,0,0,0,0
132,14,24,23,8,5,2,5,2,5,1,0,1,0,0,0,0
38,4,2,27,3,0,0,4,0,0,0,0,0,0,0,0,1
38,6,6,21,2,1,0,3,5,0,0,0,0,0,0,0,0
88,15,4,64,3,1,8,3,0,0,0,0,0,0,0,0,0
165,12,0,149,2,2,2,12,21,1,0,0,0,0,0,0,1
35,8,0,23,2,0,0,3,0,0,0,0,0,0,0,0,1
132,18,0,32,5,0,3,3,4,8,0,0,0,0,0,0,1
22,6,0,12,1,0,0,1,4,0,0,0,0,0,0,0,0
40,11,0,25,2,3,0,1,0,0,0,0,0,0,0,0,0
26,5,7,9,2,0,0,1,5,0,0,0,0,0,0,0,1
41,11,0,26,1,1,0,4,0,0,0,0,0,0,0,0,1
91,7,0,10,2,2,0,1,4,8,0,0,0,0,0,0,1
33,9,2,17,2,0,1,2,0,0,0,0,0,0,0,0,0
23,14,0,6,1,0,0,1,0,0,0,0,1,0,0,0,1
193,18,23,1,3,3,1,3,49,23,2,0,0,0,0,0,0
83,9,0,70,1,8,0,3,0,0,0,0,0,0,0,0,0
44,14,0,23,4,0,0,1,0,0,0,0,0,0,0,0,1
58,7,0,10,2,0,1,1,6,6,0,0,0,0,0,0,1
79,21,0,45,1,5,0,2,3,2,0,0,0,0,0,0,1
19,13,0,0,2,0,0,0,0,0,0,0,0,0,0,0,1
20,5,0,11,2,0,0,1,1,0,0,0,0,0,0,0,1
43,6,0,33,2,3,0,1,5,0,0,0,0,0,0,0,0
42,11,0,27,2,0,0,2,0,0,0,0,0,0,0,0,0
23,4,0,15,1,0,0,2,7,0,0,0,0,0,0,0,0
13,10,0,0,1,0,0,0,0,0,0,0,0,0,0,0,1
73,9,0,10,2,0,1,1,6,8,0,0,0,0,0,0,1
38,15,0,19,2,0,0,2,1,0,0,0,0,0,0,0,1
24,14,0,6,1,0,0,1,0,0,0,0,0,0,0,0,1
277,30,0,77,5,3,1,5,92,8,2,0,1,0,0,0,1
59,7,0,48,1,4,0,3,7,0,0,0,0,0,0,0,0
27,8,3,12,2,0,0,2,0,0,0,0,0,0,0,0,1
249,16,0,54,3,3,0,4,58,17,0,0,0,0,0,0,1
29,7,0,18,1,0,0,1,0,0,0,0,0,0,0,0,0
54,11,0,39,1,2,0,5,2,0,0,0,0,0,0,0,1
79,12,0,52,1,3,0,3,2,2,0,0,0,0,0,0,1
56,7,0,46,2,1,1,6,0,0,2,0,0,0,0,0,1
18,13,0,0,3,0,0,0,14,0,0,0,0,1,0,0,1
112,9,0,28,2,1,0,4,43,3,0,0,0,0,0,0,1
90,11,0,22,2,0,1,1,8,8,0,0,0,0,0,0,0
5,5,0,0,0,0,0,0,4,0,0,0,0,0,0,0,1
114,8,0,20,5,1,0,12,10,6,1,0,1,0,0,0,1
26,12,0,14,4,0,0,1,15,0,0,0,0,1,0,0,1
34,12,17,0,3,0,0,0,0,0,0,0,0,0,0,0,1
27,7,6,9,2,0,0,1,4,0,0,0,0,0,0,0,1
15,11,0,0,1,0,0,0,0,0,0,0,0,0,0,0,0
28,15,0,7,4,0,0,1,17,0,0,0,0,1,0,0,1
19,4,0,8,2,0,0,2,1,0,0,0,1,0,0,0,1
80,11,0,65,1,0,0,10,18,0,0,0,0,0,0,0,0
50,16,0,27,3,0,0,3,1,0,1,0,0,0,0,0,1
125,8,0,57,8,0,0,2,29,4,0,0,0,0,0,0,0
72,6,4,37,2,2,0,2,1,8,1,0,0,0,0,0,1
59,4,0,52,1,6,0,2,0,0,0,0,0,0,0,0,0
62,17,0,42,2,1,0,3,0,0,0,0,0,0,0,0,1
378,11,111,155,17,5,2,14,95,9,4,0,1,0,0,0,0
42,11,3,23,2,1,0,3,0,0,0,0,0,0,0,0,1
73,12,0,10,3,0,1,1,3,6,0,0,0,0,0,0,1
69,8,0,10,2,0,1,1,4,8,0,0,0,0,0,0,1
50,20,0,26,2,0,0,3,0,0,0,0,0,0,0,0,1
30,11,0,15,1,0,1,1,0,0,0,0,0,0,0,0,0
40,10,0,26,2,0,2,1,0,0,0,0,0,0,0,0,0
38,4,0,31,2,0,0,2,0,0,0,0,0,0,0,0,1
11,7,0,0,1,0,0,0,2,0,0,0,0,0,0,0,1
52,5,0,43,1,0,0,4,0,2,0,0,0,0,0,0,0
141,24,0,113,1,13,0,4,8,0,1,0,0,0,0,0,0
36,6,10,16,4,1,0,1,1,0,0,0,0,0,0,0,0
45,7,0,34,2,0,1,2,0,0,0,0,0,0,0,0,1
345,12,28,34,3,7,3,3,49,11,2,0,0,0,0,0,0
409,11,111,186,17,5,2,14,114,9,4,0,1,0,0,0,0
20,16,0,0,1,1,0,0,0,0,1,0,0,0,0,0,1
73,4,0,64,1,0,0,1,28,21,0,0,0,0,1,0,1
62,13,0,4,3,1,0,5,2,4,0,0,0,0,0,0,1
33,9,0,20,2,0,0,2,1,0,0,0,0,0,0,0,1
111,9,0,19,5,0,0,2,1,5,0,0,0,0,0,0,1
114,10,0,26,6,0,0,5,12,5,0,1,0,0,0,0,1
71,11,0,57,1,1,0,4,17,0,0,0,0,0,0,0,1
23,9,10,0,2,0,0,0,0,0,0,0,0,0,0,0,0
31,27,0,0,1,0,0,0,0,0,0,0,0,0,0,0,1
81,14,0,10,2,0,1,1,2,10,0,0,0,0,0,0,1
59,10,0,45,1,5,0,2,3,0,0,0,0,0,0,0,0
42,17,0,21,1,2,1,1,0,0,0,0,0,0,0,0,0
58,2,10,41,3,1,0,2,22,0,0,0,0,0,0,0,1
75,8,19,43,3,5,0,3,6,0,0,0,0,0,0,0,0
118,17,0,97,5,1,0,3,39,0,3,0,0,0,0,0,1
33,15,0,15,2,0,0,2,0,0,1,0,0,0,0,0,1
94,14,10,53,4,0,0,3,12,3,0,0,0,0,1,0,1
27,7,0,16,2,0,0,1,0,0,0,0,0,0,0,0,1
54,9,2,38,2,0,4,2,0,2,0,0,0,0,0,0,0
40,4,0,32,1,3,0,2,0,0,0,0,0,0,0,0,0
32,10,0,18,1,0,1,2,0,0,0,0,0,0,0,0,0
47,9,0,32,2,0,1,3,1,0,1,0,0,0,0,0,1
29,12,0,13,1,0,0,2,1,0,0,0,0,0,0,0,1
72,24,0,45,1,2,0,3,23,0,0,0,0,0,0,0,1
48,4,12,28,3,1,0,2,9,0,0,0,0,0,0,0,1
74,9,0,62,2,6,0,3,4,0,0,0,0,0,0,0,1
57,12,6,16,3,0,0,3,0,2,0,0,0,0,0,0,1
92,9,0,80,3,2,0,8,0,0,1,0,1,0,0,0,1
378,11,111,155,17,5,2,14,95,9,4,0,1,0,0,0,0
22,4,4,9,3,0,0,1,4,0,0,0,0,0,0,0,0
78,19,0,10,2,1,1,1,2,8,0,0,0,0,0,0,1
43,18,0,21,1,0,0,4,0,1,0,0,0,0,0,0,1
21,14,0,7,3,0,0,1,12,0,0,0,0,1,0,0,1
18,4,0,11,1,0,0,2,0,0,1,0,0,0,0,0,0
39,5,0,9,2,0,0,1,10,5,0,0,0,0,0,0,1
22,7,0,11,1,0,0,1,0,0,0,0,0,0,0,0,0
70,8,0,58,1,7,0,2,13,0,0,0,0,0,0,0,0
20,7,0,7,3,0,0,1,3,0,0,0,0,0,0,0,1
63,14,0,26,3,2,0,2,0,2,0,0,0,0,0,0,1
254,15,0,49,5,3,1,6,26,14,0,0,1,0,0,0,1
89,17,0,68,1,7,0,2,0,0,0,0,0,0,0,0,0
32,8,0,20,1,0,1,3,0,0,0,0,0,0,0,0,0
35,8,0,24,1,3,0,2,0,0,0,0,0,0,0,0,0
49,4,0,41,1,3,0,2,6,0,0,0,0,0,0,0,0
109,15,0,44,5,4,1,8,0,2,2,0,1,0,0,0,1
27,8,14,0,2,2,0,0,0,0,0,0,0,0,0,0,0
63,8,0,51,2,3,3,1,7,0,0,0,0,0,0,0,0
13,9,0,0,1,0,0,0,0,0,0,0,0,0,0,0,1
16,12,0,0,1,0,0,0,0,0,0,0,0,0,0,0,0
31,5,0,22,2,0,0,2,2,1,0,0,0,0,0,0,1
35,10,0,21,1,0,1,2,2,1,0,0,0,0,0,0,1
18,9,0,6,1,0,0,1,0,0,0,0,1,0,0,0,1
14,10,0,0,1,0,0,0,0,0,0,0,0,0,0,0,0
25,13,0,9,2,0,0,1,0,0,0,0,0,0,0,0,1
27,11,0,12,3,0,0,1,0,0,0,0,0,0,0,0,0
17,9,0,4,1,0,0,1,3,0,0,0,0,0,0,0,1
82,13,64,0,3,6,0,0,4,0,0,0,0,0,0,0,0
155,7,7,40,5,1,3,3,36,5,3,0,0,0,0,0,1
34,4,6,19,3,0,0,2,3,0,0,0,0,0,0,0,1
61,12,16,15,3,0,0,1,7,2,0,0,0,0,0,0,0
134,10,0,120,2,15,0,6,10,0,0,0,0,0,0,0,0
36,9,0,24,1,0,0,4,0,0,0,0,0,0,0,0,1
25,13,0,8,1,0,0,1,0,0,0,0,0,0,0,0,0
93,20,0,67,3,6,0,2,0,0,0,0,0,0,0,0,1
36,9,2,20,2,0,1,2,0,0,0,0,0,0,0,0,0
126,5,0,28,2,0,0,3,11,4,0,0,0,0,0,0,1
89,9,0,59,3,1,0,7,0,4,2,0,1,0,0,0,1
110,15,15,75,2,0,0,1,9,3,0,0,0,0,0,0,1
19,13,0,6,3,0,0,2,11,0,0,0,0,1,0,0,1
82,6,0,72,2,0,0,8,0,0,0,0,0,0,0,0,1
28,5,0,16,3,2,0,2,0,0,0,0,0,0,0,0,1
174,9,0,28,2,0,1,2,27,38,0,0,0,0,0,0,0
45,16,6,10,3,1,0,1,0,1,0,0,0,0,0,0,0
70,12,0,10,2,0,1,1,2,6,0,0,0,0,0,0,1
117,13,4,10,6,1,0,1,6,19,2,0,1,0,1,0,0
65,18,0,43,1,1,0,5,0,0,0,0,0,0,0,0,1
170,25,0,10,2,1,1,1,4,18,0,0,0,0,0,0,1
59,18,0,38,1,0,0,3,4,2,1,0,0,0,0,0,1
23,10,0,10,2,0,0,1,3,0,0,0,0,0,0,0,0
24,5,4,10,2,0,0,2,0,0,0,0,1,0,0,0,1
57,16,0,37,2,0,2,3,0,0,0,0,0,0,0,0,0
34,9,2,18,2,0,1,2,0,0,0,0,0,0,0,0,0
14,4,0,6,1,0,0,1,0,0,0,0,0,0,0,0,1
49,4,0,38,3,1,0,4,4,0,0,0,0,0,0,0,1
270,11,3,1,6,1,4,1,47,20,0,0,0,0,0,0,1
34,13,0,15,3,0,1,2,18,0,0,0,0,1,0,0,1
117,5,16,47,8,0,0,7,1,11,2,0,1,0,0,0,1
29,6,3,14,3,0,0,2,0,0,0,0,0,0,1,0,1
28,7,0,17,1,0,0,1,0,0,0,0,0,0,0,0,0
19,9,0,6,1,0,0,1,3,0,0,0,0,0,0,0,1
13,9,0,0,1,0,0,0,0,0,0,0,0,0,0,0,0
20,5,0,12,2,3,0,1,0,0,0,0,0,0,0,0,1
49,8,0,37,1,2,0,5,7,0,0,0,0,0,0,0,0
53,12,0,37,1,4,0,4,9,0,0,0,0,0,0,0,1
31,7,0,6,1,1,0,1,2,2,0,0,0,0,0,0,0
84,22,0,10,3,0,1,1,2,8,0,0,0,0,0,0,1
64,11,7,41,3,1,0,4,3,0,3,0,0,0,0,0,0
38,11,3,20,3,0,0,4,8,0,0,0,0,0,0,0,0
13,9,0,0,1,0,0,0,0,0,0,0,0,0,0,0,0
52,14,0,19,2,1,0,2,3,2,0,0,0,0,0,0,1
195,12,0,90,2,1,1,9,58,7,2,0,0,0,0,0,1
43,10,7,22,3,0,3,1,5,0,0,0,0,0,0,0,1
77,12,0,10,3,0,1,1,4,8,0,0,0,0,0,0,1
41,8,3,10,3,0,0,1,0,2,0,0,0,0,0,0,0
77,8,0,62,4,3,0,3,3,0,0,0,0,0,0,0,1
151,6,0,10,2,0,1,1,7,20,0,0,0,0,0,0,1
55,13,0,39,1,0,1,4,0,0,0,0,0,0,0,0,1
39,9,8,17,3,0,0,2,0,0,0,0,0,0,0,0,0
26,7,0,15,1,0,0,2,0,0,0,0,0,0,0,0,0
36,3,0,29,1,1,0,3,8,0,0,0,0,0,0,0,0
51,5,0,42,1,3,0,4,1,0,0,0,0,0,0,0,0
36,9,2,20,2,0,1,2,0,0,0,0,0,0,0,0,0
92,19,0,69,4,0,0,5,2,0,0,0,1,0,0,0,1
69,7,0,58,2,0,1,3,12,0,0,0,0,0,0,0,0
13,9,0,0,1,0,0,0,0,0,0,0,0,0,0,0,1
192,6,60,119,11,3,0,1,26,1,2,0,0,0,0,0,1
19,15,0,0,1,0,0,0,0,0,0,0,0,0,0,0,0
100,14,0,82,1,8,0,4,5,0,0,0,0,0,0,0,0
135,6,0,10,2,1,1,1,5,16,0,0,0,0,0,0,1
94,9,0,10,2,0,3,2,13,17,0,0,0,0,0,0,0
60,12,0,45,1,2,0,4,3,0,0,0,0,0,0,0,1
158,15,0,96,6,2,3,8,7,2,1,0,1,0,0,0,1
18,15,0,0,1,1,0,0,0,0,0,0,0,0,0,0,1
17,5,0,8,1,0,0,1,0,0,0,0,0,0,0,0,1
148,17,0,112,11,2,2,10,0,3,3,0,0,0,0,0,0
33,15,0,14,1,0,0,3,0,0,0,0,0,0,0,0,1
31,18,0,9,1,0,0,1,5,0,0,0,0,0,0,0,1
57,9,43,0,3,3,0,0,4,0,0,0,0,0,0,0,0
54,12,0,38,1,0,1,5,6,0,0,0,0,0,0,0,0
68,10,0,54,1,4,0,2,4,0,0,0,0,0,0,0,0
38,15,0,19,2,1,0,1,0,0,0,0,0,0,0,0,0
81,14,0,12,1,4,1,3,6,5,0,0,0,0,0,0,0
170,10,0,104,7,2,4,9,17,2,1,0,1,0,0,0,1
13,9,0,0,1,0,0,0,0,0,0,0,0,0,0,0,0
55,4,3,41,4,1,0,4,7,0,0,0,0,0,0,0,1
12,3,2,3,2,0,0,1,0,0,0,0,0,0,0,0,1
115,10,0,10,2,8,1,1,24,10,0,0,0,0,0,0,1
28,8,0,16,2,1,0,2,0,0,0,0,0,0,0,0,1
45,17,0,21,3,0,0,3,1,0,0,0,0,0,0,0,1
59,8,0,47,1,4,0,3,15,0,0,0,0,0,0,0,0
51,13,0,34,2,0,0,3,0,0,0,0,0,0,0,0,1
43,10,0,13,2,0,2,1,5,2,0,0,0,0,0,0,0
105,12,0,90,1,8,0,1,0,0,0,0,0,0,0,0,1
27,13,9,0,2,0,0,0,0,0,0,0,0,0,0,0,0
15,8,0,4,1,0,0,1,0,0,0,0,0,0,0,0,1
70,10,7,48,3,4,0,2,6,0,0,0,0,0,0,0,0
59,4,0,51,1,6,0,2,14,0,0,0,0,0,0,0,0
103,7,0,92,1,0,0,4,23,0,0,0,0,0,0,0,0
206,15,0,187,10,1,0,7,68,0,2,0,0,0,0,0,0
19,5,8,0,2,0,0,0,1,0,0,0,0,0,0,0,1
42,22,0,16,2,0,0,2,0,0,0,0,0,0,0,0,1
79,6,4,21,2,0,0,2,6,2,1,0,0,0,0,0,0
62,11,8,38,4,2,0,2,10,0,0,0,0,0,0,0,1
21,18,0,0,1,0,0,0,0,0,0,0,0,0,0,0,0
123,10,0,10,2,6,1,1,19,12,0,0,0,0,0,0,1
27,14,0,7,4,0,0,1,16,0,0,0,0,1,0,0,1
29,10,0,15,2,0,0,2,7,0,0,0,0,0,0,0,0
27,5,5,12,2,1,0,1,0,0,0,0,0,0,0,0,0
82,14,0,15,3,0,1,2,2,8,0,0,0,0,0,0,1
74,7,0,63,1,8,0,3,10,0,0,0,0,0,0,0,0
100,15,0,79,3,0,0,4,29,3,1,0,0,0,0,0,1
19,15,0,0,1,0,0,0,0,0,0,0,0,0,0,0,1
52,10,0,38,2,1,0,4,1,0,0,0,0,0,0,0,1
40,15,0,25,4,0,1,2,14,0,0,0,0,1,0,0,1
19,9,0,6,1,0,0,1,2,0,0,0,0,0,0,0,1
134,7,0,123,2,2,6,4,10,7,2,0,0,0,0,0,1
27,8,0,12,2,0,0,2,0,0,0,0,0,0,0,0,1
47,8,16,11,6,1,0,1,0,2,1,0,0,0,0,0,0
36,11,0,14,2,0,0,2,2,2,0,0,0,0,0,0,0
70,9,0,10,2,1,1,1,4,8,0,0,0,0,0,0,1
84,11,0,69,1,1,0,5,17,0,0,0,0,0,0,0,0
68,6,0,10,2,0,1,1,4,8,0,0,0,0,0,0,1
41,9,3,24,3,0,0,3,5,0,0,0,0,0,0,0,1
20,4,12,0,2,0,0,0,4,0,0,0,0,0,0,0,1
55,3,0,49,2,1,0,7,8,0,0,0,0,0,0,0,0
28,13,0,15,3,1,0,2,10,0,0,0,0,1,0,0,1
73,5,0,32,3,0,1,3,3,4,0,0,0,0,0,0,1
58,8,0,46,1,4,0,3,15,0,0,0,0,0,0,0,0
38,7,0,28,2,0,2,1,3,0,0,0,0,0,0,0,0
110,8,0,57,5,0,0,2,24,4,0,0,0,0,0,0,0
99,13,0,83,1,10,0,2,0,0,0,0,0,0,0,0,1
73,9,0,10,2,0,1,1,3,8,0,0,0,0,0,0,1
43,10,11,17,2,0,0,2,0,0,0,0,0,0,0,0,0
50,10,0,36,1,0,3,3,3,0,0,0,0,0,0,0,0
82,13,0,65,1,8,0,3,8,0,0,0,0,0,0,0,0
38,6,0,29,2,1,0,1,0,0,0,0,0,0,0,0,1
80,14,0,60,2,6,0,3,2,0,0,0,0,0,0,0,1
29,8,0,17,2,0,0,1,0,0,0,0,0,0,0,0,0
21,17,0,0,1,0,0,0,0,0,0,0,0,0,0,0,0
28,6,0,19,2,0,0,3,2,0,0,0,0,0,0,0,1
42,13,0,25,2,1,0,2,0,0,0,0,0,0,0,0,1
18,14,0,0,1,0,0,0,0,0,0,0,0,0,0,0,0
25,7,4,9,2,0,0,1,0,1,0,0,0,0,0,0,1
28,7,0,17,1,0,1,3,3,0,0,0,0,0,0,0,0
12,9,0,0,1,0,0,0,0,0,0,0,0,0,0,0,1
56,9,0,43,3,1,0,2,10,0,0,0,0,0,0,0,1
135,17,0,10,2,7,1,1,6,10,0,0,0,0,0,0,1
68,10,0,54,1,4,0,2,5,0,0,0,0,0,0,0,0
80,9,0,64,2,9,0,1,6,0,0,0,0,0,0,0,0
61,16,19,14,4,0,0,2,1,2,3,0,0,0,0,0,1
58,5,7,15,2,0,0,2,14,2,0,0,0,0,0,0,0
30,4,0,22,2,1,0,2,2,0,0,0,0,0,0,0,1
541,11,0,35,3,1,0,4,131,2,0,0,1,0,0,0,1
27,14,0,7,4,0,0,1,16,0,0,0,0,1,0,0,1
80,19,0,10,2,0,1,1,4,8,0,0,0,0,0,0,1
23,7,0,12,1,0,0,1,0,0,0,0,0,0,0,0,0
48,10,0,34,1,4,0,2,0,0,0,0,0,0,0,0,0
51,7,0,40,2,4,0,3,7,0,1,0,0,0,0,0,0
45,11,0,30,2,3,0,1,5,0,0,0,0,0,0,0,0
192,8,60,119,10,3,0,1,21,1,2,0,0,0,0,0,1
77,18,0,52,4,0,0,7,2,0,1,0,0,0,0,0,1
43,16,0,23,1,0,0,2,1,0,0,0,0,0,0,0,0
37,4,0,29,1,0,0,3,5,0,0,0,0,0,0,0,1
24,6,0,12,2,0,0,2,0,0,0,0,0,0,0,0,1
67,12,0,10,2,0,1,1,10,6,0,0,0,0,0,0,0
30,10,0,13,2,0,0,2,0,0,0,0,0,0,0,0,1
170,16,0,148,3,2,0,10,48,0,2,0,1,0,0,0,0
144,11,0,33,2,2,6,3,4,7,2,0,0,0,0,0,1
46,9,2,30,2,1,1,2,0,0,0,0,0,0,0,0,1
87,23,0,60,5,1,1,4,3,0,2,0,0,0,0,0,1
11,7,0,0,1,0,0,0,0,0,0,0,0,0,0,0,1
39,12,0,23,1,5,0,1,4,0,0,0,0,0,0,0,0
25,4,0,17,1,0,0,2,0,0,0,0,0,0,0,0,1
20,16,0,0,1,2,0,0,4,0,0,0,0,0,0,0,1
45,7,0,34,3,0,0,3,0,0,0,0,0,0,0,0,1
80,10,0,67,2,1,0,2,10,5,1,0,0,0,0,0,1
40,16,0,20,2,1,0,2,0,0,0,0,0,0,0,0,1
31,7,0,20,1,1,0,2,0,0,0,0,0,0,0,0,0
19,15,0,0,1,0,0,0,0,0,0,0,0,0,0,0,1
41,7,0,30,2,1,0,4,6,0,0,0,0,0,0,0,1
95,9,15,66,2,9,0,4,8,0,0,0,0,0,0,0,0
43,7,11,15,4,0,0,2,4,0,0,0,0,0,0,0,1
44,6,0,26,2,0,0,2,0,2,0,0,0,0,0,0,0
72,12,0,10,2,0,1,1,2,8,0,0,0,0,0,0,1
43,6,21,11,6,0,0,1,0,0,1,0,0,0,0,0,1
98,9,0,10,3,0,1,1,10,12,0,0,0,0,0,0,1
56,21,0,12,1,3,0,1,0,2,0,0,0,0,0,0,1
30,4,0,23,2,0,0,3,0,2,0,0,0,0,0,0,1
32,9,2,16,2,0,1,1,0,0,0,0,0,0,0,0,0
30,8,0,18,1,2,0,1,0,0,0,0,0,0,0,0,0
22,18,0,0,1,0,0,0,0,0,0,0,0,0,0,0,1
12,8,0,0,1,1,0,0,0,0,0,0,0,0,0,0,1
181,21,0,56,11,0,3,5,25,14,0,0,0,0,0,0,1
81,13,0,64,1,9,0,3,8,0,0,0,0,0,0,0,0
91,18,0,70,2,10,0,2,3,0,0,0,0,0,0,0,1
20,12,0,8,4,0,0,1,9,0,0,0,0,1,0,0,1
52,7,6,34,3,3,0,1,5,0,0,0,0,0,0,0,0
85,18,0,63,2,2,2,5,10,0,1,0,0,0,0,0,1
90,10,0,10,3,0,1,1,5,10,0,0,0,0,0,0,1
27,3,12,7,3,0,0,1,0,0,0,0,0,0,0,0,1
31,3,0,24,2,0,1,2,0,0,0,0,0,0,0,0,0
32,7,0,20,2,2,0,1,0,0,0,0,0,0,1,0,1
31,16,0,11,2,0,0,1,0,0,0,0,0,0,0,0,1
27,14,0,7,4,0,0,1,16,0,0,0,0,1,0,0,1
47,8,0,35,2,0,1,2,17,0,0,0,0,0,0,0,1
18,14,0,0,1,0,0,0,0,0,0,0,0,0,0,0,1
87,6,0,77,1,0,8,4,5,0,0,0,0,0,0,0,0
130,14,0,110,2,13,0,4,17,0,0,0,0,0,0,0,1
87,10,0,42,3,2,0,5,10,1,0,0,0,0,0,0,1
31,4,2,19,3,0,0,3,0,0,1,0,0,0,0,0,0
108,6,0,10,2,1,1,1,7,12,0,0,0,0,0,0,1
76,19,0,10,2,0,1,1,3,6,0,0,0,0,0,0,1
36,6,0,26,1,1,0,2,0,0,0,0,0,0,0,0,0
51,18,0,27,3,1,0,1,0,0,0,0,0,0,0,0,1
10,7,0,0,1,0,0,0,0,0,0,0,0,0,0,0,1
29,13,11,0,2,0,0,0,7,0,0,0,0,0,0,0,1
34,7,0,23,2,1,0,2,2,0,0,0,0,0,0,0,1
58,5,0,49,2,7,1,1,7,0,0,0,0,0,0,0,0
95,13,22,21,7,1,2,5,21,4,2,0,0,0,0,0,0
77,12,0,10,3,0,1,1,4,8,0,0,0,0,0,0,1
94,22,0,10,2,1,1,1,2,10,0,0,0,0,0,0,1
77,19,0,54,1,0,0,4,28,0,0,0,0,0,0,0,1
40,7,0,29,2,0,0,2,0,0,0,0,0,0,0,0,0
72,8,0,10,2,0,1,1,4,8,0,0,0,0,0,0,1
67,14,0,49,1,0,0,3,24,0,0,0,0,0,0,0,1
34,7,0,4,1,0,0,1,6,4,0,0,0,0,0,0,0
116,10,0,100,3,0,1,5,25,3,0,0,0,0,0,0,1
55,17,0,35,1,1,1,1,7,1,0,0,1,0,0,0,1
21,10,0,7,1,0,0,1,1,0,0,0,0,0,0,0,1
84,9,0,71,1,9,0,4,8,0,0,0,0,0,0,0,0
40,8,27,0,2,1,0,0,0,0,0,0,0,0,0,0,1
83,6,0,71,3,6,0,3,0,0,0,0,0,0,0,0,1
89,9,0,21,5,1,0,12,1,2,1,0,1,0,0,0,1
73,7,0,55,2,1,0,11,0,2,1,0,0,0,0,0,1
27,5,16,0,2,0,0,0,2,0,0,0,0,0,0,0,1
77,8,14,50,3,3,0,3,6,0,0,0,0,0,0,0,0
93,5,1,82,2,0,0,8,16,1,2,0,0,0,0,0,0
44,12,0,28,2,0,0,3,0,0,1,0,0,0,0,0,0
48,20,0,25,2,0,0,3,0,0,0,0,0,0,0,0,1
73,12,0,57,2,1,0,7,12,0,1,0,0,0,0,0,1
88,9,0,4,4,0,0,4,1,7,2,0,0,0,0,0,0
34,14,0,20,3,0,2,1,12,0,0,0,0,1,0,0,1
110,5,16,20,7,1,0,5,1,11,2,0,1,0,0,0,1
24,6,0,14,1,1,0,1,0,0,0,0,0,0,0,0,0
88,15,0,69,1,11,0,3,6,0,0,0,0,0,0,0,0
56,6,0,43,2,1,0,4,1,0,0,0,0,0,0,0,1
18,14,0,0,1,0,0,0,0,0,0,0,0,0,0,0,0
56,5,12,34,3,0,0,4,0,0,0,0,0,0,0,0,0
74,19,0,51,1,2,0,6,1,0,1,0,0,0,0,0,1
117,7,0,10,2,10,1,1,33,10,0,0,0,0,0,0,1
146,6,0,134,5,2,0,7,17,0,1,0,1,0,0,0,1
20,7,0,9,1,0,0,1,1,0,0,0,0,0,0,0,1
44,12,0,20,2,0,0,2,5,2,0,0,0,0,0,0,0
27,11,0,12,2,0,0,1,0,0,0,0,0,0,0,0,1
19,11,0,4,1,0,0,1,2,0,0,0,0,0,0,0,1
42,6,14,17,2,0,0,2,11,0,0,0,0,0,0,0,0
14,10,0,0,1,0,0,0,0,0,0,0,0,0,0,0,1
43,3,0,20,4,0,0,2,9,2,0,0,0,0,0,0,0
80,22,0,52,3,4,0,2,6,0,0,0,0,0,0,0,0
30,11,0,15,2,0,0,2,0,0,0,0,0,0,1,0,1
22,9,0,9,1,0,0,1,4,0,0,0,0,0,0,0,1
23,12,6,0,2,0,0,0,0,1,0,0,0,0,0,0,1
84,7,0,73,3,2,0,8,3,0,2,0,0,0,0,0,1
20,5,4,6,2,0,0,1,0,0,0,0,0,0,0,0,0
35,9,2,19,3,0,2,2,0,0,0,0,0,0,0,0,0
60,15,0,27,2,0,0,2,14,2,0,0,0,0,0,0,0
59,8,0,41,4,0,0,5,3,0,0,0,0,0,0,0,1
64,7,0,53,1,3,0,1,27,1,0,0,0,0,0,0,0
33,12,0,17,1,0,0,3,1,0,0,0,0,0,0,0,1
20,16,0,0,1,0,0,0,0,0,0,0,0,0,0,0,0
38,10,0,24,1,0,2,3,0,0,0,0,0,0,0,0,0
80,6,0,10,3,0,1,1,5,10,0,0,0,0,0,0,1
27,23,0,0,1,0,0,0,0,0,0,0,0,0,0,0,0
38,9,0,25,1,0,0,4,0,0,0,0,0,0,0,0,1
24,10,0,10,1,0,0,1,4,0,0,0,0,0,0,0,1
41,8,0,29,2,0,0,3,0,0,1,0,0,0,0,0,1
91,7,0,80,1,11,0,2,10,1,0,0,0,0,0,0,0
93,6,0,83,1,13,0,4,7,0,0,0,0,0,0,0,0
18,8,0,6,1,0,0,1,0,0,0,0,0,0,0,0,1
89,5,0,80,1,8,0,4,2,0,0,0,0,0,0,0,0
19,9,6,0,2,1,0,0,0,0,0,0,0,0,0,0,1
45,5,0,37,4,0,0,3,0,0,0,0,0,0,0,0,0
61,10,0,45,3,0,0,6,0,0,0,0,0,0,0,0,1
33,7,0,22,2,0,0,2,0,0,0,0,0,0,0,0,1
117,13,4,10,6,1,0,1,6,19,2,0,1,0,1,0,0
29,9,4,11,2,0,0,1,0,1,0,0,0,0,0,0,1
18,14,0,0,1,0,0,0,0,0,0,0,0,0,0,0,0
114,9,0,102,2,15,0,1,0,0,0,0,0,0,0,0,0
38,8,25,0,2,2,0,0,4,0,0,0,0,0,0,0,1
56,4,0,5,1,0,1,2,8,6,0,0,0,0,0,0,0
28,4,0,18,3,0,0,2,0,0,0,0,0,0,0,0,1
30,5,5,15,2,1,0,1,0,0,0,0,0,0,0,0,0
88,7,0,28,2,0,0,3,14,15,0,0,0,0,0,0,0
50,11,0,35,1,0,0,4,17,0,0,0,0,0,0,0,0
25,10,0,11,2,0,0,1,0,0,0,0,0,0,0,0,1
47,13,8,17,3,0,0,1,9,0,0,0,0,0,0,0,1
33,5,10,12,3,0,0,1,4,0,0,0,0,0,0,0,1
30,3,13,10,3,0,0,1,4,0,0,0,0,0,0,0,1
87,18,0,10,2,1,2,1,5,10,0,0,0,0,0,0,1
33,15,0,11,3,0,0,1,0,0,0,0,0,0,0,0,1
35,13,8,9,2,0,0,1,3,0,0,0,0,0,0,0,1
18,9,0,6,1,0,0,1,0,0,0,0,1,0,0,0,1
51,12,0,35,2,0,0,3,0,0,0,0,0,0,0,0,1
23,12,0,7,1,0,0,1,2,0,0,0,0,0,0,0,1
25,8,0,13,1,0,0,2,0,0,0,0,0,0,0,0,1
30,13,0,13,2,0,0,2,0,0,0,0,0,0,0,0,1
68,4,12,48,3,1,0,2,20,0,0,0,0,0,0,0,1
43,7,0,32,1,2,0,2,0,0,0,0,0,0,0,0,0
22,9,0,9,2,0,0,1,0,0,0,0,0,0,0,0,1
22,10,0,8,1,0,0,1,0,0,0,0,0,0,0,0,1
14,7,0,0,2,0,0,0,0,0,0,0,0,0,0,0,1
14,6,0,2,2,0,0,1,0,0,0,0,0,0,0,0,1
39,15,0,21,2,0,1,2,0,0,0,0,0,0,0,0,1
87,6,0,25,2,4,0,3,22,6,0,0,0,0,0,0,0
72,5,54,6,12,0,0,1,2,0,4,0,1,0,0,0,1
30,9,0,17,1,0,0,3,0,0,0,0,0,0,0,0,1
19,7,0,8,1,0,0,1,1,0,0,0,0,0,0,0,1
45,8,0,31,2,0,0,4,6,0,0,0,0,0,0,0,0
102,7,0,31,2,0,0,3,21,5,0,0,0,0,0,0,1
170,16,0,148,3,2,0,10,48,0,2,0,1,0,0,0,0
23,8,0,11,1,0,0,2,0,0,0,0,0,0,0,0,1
58,6,0,48,1,2,0,4,0,0,0,0,0,0,0,0,0
99,7,0,6,2,4,0,1,5,7,1,0,1,0,0,0,0
34,10,0,21,2,0,1,2,0,0,0,0,0,0,0,0,1
19,15,0,0,1,2,0,0,0,0,0,0,0,0,0,0,0
88,20,0,64,1,1,0,3,17,0,0,0,0,0,0,0,0
42,7,0,31,1,3,0,2,0,0,0,0,0,0,0,0,1
103,10,0,10,3,0,3,1,17,12,0,0,0,0,0,0,0
55,17,0,35,1,1,1,1,7,1,0,0,1,0,0,0,1
18,8,5,0,2,0,0,0,0,0,0,0,0,0,0,0,0
15,12,0,0,1,0,0,0,1,0,0,0,0,0,0,0,1
35,12,0,19,1,2,0,1,2,0,0,0,0,0,0,0,0
25,4,8,8,3,0,0,1,5,1,0,0,0,0,0,0,1
43,12,0,28,2,0,0,2,0,0,0,0,0,0,0,0,1
22,11,0,7,1,0,0,1,0,0,0,0,0,0,0,0,1
38,8,0,27,2,2,0,2,6,0,0,0,0,0,0,0,1
79,8,0,64,3,2,0,5,0,0,0,0,0,0,0,0,1
61,10,10,36,2,3,0,2,8,0,0,0,0,0,1,0,1
74,15,0,10,2,0,1,1,2,8,0,0,0,0,0,0,1
24,10,9,0,2,0,0,0,0,0,0,0,0,0,0,0,0
52,10,0,26,2,0,0,4,0,2,0,0,0,0,0,0,1
22,11,0,7,1,0,0,1,2,0,0,0,0,0,0,0,1
23,14,0,1,1,0,0,1,0,1,0,0,0,0,0,0,1
56,15,8,28,3,0,0,3,3,0,0,0,0,0,0,0,0
79,8,15,51,3,4,0,3,6,0,0,0,0,0,0,0,0
21,11,0,6,1,1,0,1,0,0,1,0,0,0,0,0,1
115,8,0,103,2,9,0,6,8,0,0,0,0,0,0,0,1
53,11,0,38,2,3,0,3,1,0,0,0,0,0,0,0,1
94,9,0,10,2,0,3,2,13,17,0,0,0,0,0,0,0
109,9,0,97,1,2,1,5,14,6,1,0,0,0,0,0,1
41,5,0,32,1,0,0,6,11,0,0,0,0,0,0,0,1
57,21,0,13,1,1,0,1,0,2,0,0,0,0,0,0,1
110,9,0,6,1,1,5,1,49,6,0,0,0,0,0,0,0
79,7,0,69,2,10,0,2,4,0,0,0,0,0,0,0,0
71,3,2,20,4,0,0,2,4,5,0,0,0,0,0,0,1
18,8,0,6,1,0,0,1,0,0,0,0,0,0,0,0,1
89,15,0,70,2,1,0,5,25,0,0,0,0,0,0,0,1
81,13,0,65,2,6,0,3,3,0,0,0,0,0,0,0,1
50,15,0,31,1,1,0,2,0,0,0,0,0,0,0,0,0
31,7,0,6,1,0,1,1,1,2,0,0,0,0,0,0,0
77,16,0,57,6,2,0,3,0,0,1,0,0,0,0,0,0
190,6,60,119,10,3,0,1,22,1,2,0,0,0,0,0,1
18,13,0,0,1,0,0,0,0,0,1,0,0,0,1,0,1
16,12,0,0,1,0,0,0,0,0,0,0,0,0,0,0,0
135,8,0,57,10,0,0,2,33,4,0,0,0,0,0,0,0
44,14,0,26,1,0,2,1,0,0,0,0,0,0,0,0,1
35,4,0,27,1,0,0,4,0,0,0,0,0,0,0,0,0
49,5,6,33,3,0,0,4,4,0,0,0,0,0,0,0,0
92,30,0,10,2,1,1,1,5,8,0,0,0,0,0,0,1
55,8,14,28,3,1,0,3,6,0,0,0,0,0,0,0,0
26,13,0,6,2,0,0,1,0,0,0,0,1,0,0,0,1
51,13,0,34,2,4,0,2,0,0,0,0,0,0,0,0,1
61,7,7,43,2,3,0,5,15,0,0,0,0,0,0,0,0
90,14,0,72,1,6,0,4,0,0,0,0,0,0,0,0,0
116,11,0,101,2,5,8,1,13,0,0,0,0,0,0,0,0
63,15,0,42,3,1,0,5,0,0,0,0,0,0,0,0,1
158,15,0,96,6,2,3,8,7,2,1,0,1,0,0,0,1
37,9,0,24,2,0,0,4,2,0,0,0,0,0,0,0,0
26,4,5,12,2,0,0,2,3,0,0,0,0,0,0,0,1
36,8,0,24,1,1,0,2,6,0,0,0,0,0,0,0,0
75,14,0,10,2,0,1,1,3,8,0,0,0,0,0,0,1
28,13,0,11,2,1,0,1,0,0,0,0,0,0,0,0,1
40,14,9,1,2,0,0,1,8,2,0,0,0,0,0,0,0
104,5,0,13,4,0,0,6,1,10,2,0,1,0,0,0,1
33,13,15,0,2,0,0,0,8,0,0,0,0,0,0,0,1
57,8,0,45,2,0,1,4,6,0,0,0,0,0,0,0,0
22,7,11,0,3,0,1,0,0,0,0,0,0,0,0,0,0
158,7,7,38,5,1,4,3,32,5,3,0,0,0,0,0,1
80,11,0,65,1,0,0,10,23,0,0,0,0,0,0,0,0
132,6,14,107,2,14,0,5,17,0,0,0,0,0,0,0,0
57,6,0,47,1,4,0,3,9,0,1,0,0,0,0,0,0
104,12,0,13,2,0,1,2,6,10,0,0,0,0,0,0,1
33,14,0,15,1,0,0,1,4,0,0,0,0,0,0,0,1
237,15,0,10,2,0,1,1,25,11,0,0,0,0,0,0,1
123,4,35,4,4,1,1,2,29,4,0,0,1,0,0,0,0
30,4,0,19,3,0,0,2,0,0,0,0,0,0,0,0,1
31,6,0,18,3,0,0,2,0,0,0,0,0,0,0,0,0
66,12,0,50,2,0,2,5,0,0,0,0,0,0,0,0,0
115,16,0,95,1,10,0,6,18,0,0,0,0,0,0,0,0
28,6,6,11,3,0,0,1,0,0,0,0,0,0,0,0,1
20,4,7,0,1,0,0,0,0,2,0,0,0,0,0,0,1
15,11,0,0,1,0,0,0,0,0,0,0,0,0,0,0,0
48,8,6,27,5,0,0,3,2,0,0,0,0,0,0,0,0
26,4,0,19,1,0,0,3,5,0,0,0,0,0,0,0,1
76,10,0,62,1,6,0,3,7,0,0,0,0,0,0,0,0
62,5,52,0,7,0,0,0,10,0,0,0,0,0,0,0,1
57,10,0,44,1,5,0,2,3,0,0,0,0,0,0,0,1
31,7,0,20,1,3,0,1,4,0,0,0,0,0,0,0,0
39,3,35,0,1,7,0,0,3,0,0,0,0,0,0,0,1
58,6,9,38,4,1,0,2,3,2,0,0,0,0,0,0,0
54,8,0,42,2,1,0,7,13,0,0,0,0,0,0,0,1
159,4,7,52,12,1,0,12,6,7,0,0,1,0,0,0,1
64,4,2,53,3,0,1,5,3,0,0,0,0,0,0,0,1
31,4,2,19,3,0,0,3,0,0,1,0,0,0,0,0,1
33,13,0,16,2,0,0,1,0,0,0,0,0,0,0,0,0
41,7,0,12,1,0,0,1,2,2,0,0,0,0,0,0,1
70,10,0,40,2,0,0,4,9,2,0,0,0,0,0,0,0
25,4,13,4,2,0,0,1,7,0,0,0,0,0,0,0,1
53,4,4,40,3,2,0,4,6,0,0,0,0,0,0,0,0
85,15,0,10,3,0,1,1,3,8,0,0,0,0,0,0,1
31,3,0,24,1,1,0,3,5,0,0,0,0,0,0,0,0
117,5,16,47,8,0,0,7,1,11,2,0,1,0,0,0,1
27,11,0,12,1,0,0,2,0,0,0,0,0,0,0,0,0
30,13,0,14,2,0,0,1,0,0,0,0,0,0,0,0,1
34,13,16,0,2,0,0,0,6,0,0,0,0,0,0,0,1
20,16,0,0,1,1,0,0,0,0,0,0,0,0,0,0,0
11,7,0,0,1,0,0,0,0,0,0,0,0,0,0,0,1
38,14,0,24,4,0,1,2,11,0,1,0,0,1,0,0,1
24,14,0,5,3,0,0,1,17,0,0,0,0,1,0,0,1
85,6,0,63,1,5,0,6,6,2,0,0,0,0,0,0,0
46,5,0,37,1,0,0,6,11,0,0,0,0,0,0,0,1
47,8,0,35,2,0,1,2,17,0,0,0,0,0,0,0,1
35,4,0,11,2,0,1,1,8,2,0,0,0,0,0,0,0
30,15,0,11,2,0,0,1,0,0,0,0,0,0,0,0,1
92,12,0,10,3,0,1,1,2,10,0,0,0,0,0,0,1
37,11,0,22,2,1,0,1,0,0,0,0,0,0,0,0,0
25,6,4,10,3,0,0,1,0,0,0,0,0,0,0,0,1
23,10,0,9,1,0,0,1,3,0,0,0,0,0,0,0,1
164,8,0,57,14,0,0,2,21,4,0,0,0,0,0,0,0
89,14,0,10,2,0,1,1,4,10,0,0,0,0,0,0,1
25,21,0,0,1,0,0,0,0,0,0,0,0,0,0,0,0
52,13,0,32,2,1,0,3,0,0,0,0,0,0,0,0,1
48,19,0,11,2,0,0,1,5,2,0,0,0,0,0,0,0
30,13,12,0,2,1,0,0,3,0,0,0,0,0,0,0,1
89,8,0,69,2,0,7,3,8,2,0,0,0,0,0,0,0
58,8,0,46,2,0,2,4,0,0,0,0,0,0,0,0,0
27,13,0,11,1,1,0,2,0,0,0,0,0,0,0,0,0
86,15,0,34,4,4,1,3,27,8,0,0,0,1,0,0,0
26,13,0,6,2,0,0,1,0,0,0,0,1,0,0,0,1
17,7,0,7,1,0,0,1,0,0,0,0,0,0,0,0,1
152,10,15,47,6,4,0,5,30,7,1,1,0,0,0,0,1
190,6,60,119,10,3,0,1,23,1,2,0,0,0,0,0,1
77,9,0,16,4,0,0,5,0,4,2,0,1,0,0,0,1
21,11,0,7,1,0,0,1,3,0,0,0,0,0,0,0,1
31,7,0,6,1,0,0,1,1,2,0,0,0,0,0,0,0
62,5,0,54,1,5,0,3,2,0,0,0,0,0,0,0,1
36,17,0,15,2,1,0,2,0,0,0,0,0,0,0,0,0
14,10,0,0,1,1,0,0,0,0,0,0,0,0,0,0,0
17,4,8,0,2,0,0,0,1,0,0,0,0,0,0,0,0
60,17,0,39,1,4,0,2,2,0,0,0,0,0,0,0,0
69,10,0,55,1,7,0,4,10,0,0,0,0,0,0,0,0
28,4,0,20,1,1,0,2,0,0,0,0,0,0,0,0,0
153,13,0,24,1,0,0,4,18,2,1,0,0,0,0,0,1
13,7,0,0,2,0,0,0,2,0,0,0,0,0,0,0,1
126,12,17,92,4,0,0,2,10,0,1,0,0,0,0,0,1
37,14,0,16,3,0,0,1,0,0,0,0,0,0,0,0,0
287,16,3,1,6,0,8,1,47,20,1,0,0,0,0,0,1
15,7,0,4,1,0,0,1,0,0,0,0,0,0,0,0,1
26,13,0,9,1,0,0,2,3,0,0,0,0,0,0,0,1
117,6,0,10,2,7,1,1,4,8,0,0,0,0,0,0,1
14,10,0,0,1,0,0,0,0,0,0,0,0,0,0,0,1
31,7,0,6,1,1,0,1,1,2,0,0,0,0,0,0,0
19,8,0,7,1,0,0,1,0,0,0,0,0,0,0,0,0
100,22,0,10,2,1,1,1,2,8,0,0,0,0,0,0,1
36,10,0,22,1,2,0,1,0,0,0,0,0,0,0,0,0
94,10,0,10,3,0,1,1,3,10,0,0,0,0,0,0,1
43,14,0,26,2,0,0,2,0,0,0,0,0,0,0,0,1
158,15,0,96,6,2,3,8,7,2,1,0,1,0,0,0,1
29,12,0,14,2,0,0,1,0,0,0,0,0,0,0,0,1
22,18,0,0,1,0,0,0,0,0,0,0,0,0,0,0,0
135,12,8,16,3,2,0,1,7,14,0,0,0,0,0,0,1
53,3,2,43,3,0,0,4,0,0,0,0,0,0,0,0,1
63,14,3,41,5,0,0,2,4,1,0,0,0,0,0,0,1
50,13,1,31,3,2,0,2,1,0,0,0,0,0,0,0,1
28,8,0,16,1,0,0,2,0,1,0,0,0,0,0,0,1
31,9,0,10,2,0,0,1,2,2,0,0,0,0,0,0,1
31,7,0,6,1,1,1,1,2,2,0,0,0,0,0,0,0
36,7,0,25,1,0,0,2,0,0,0,0,0,0,0,0,0
24,4,0,16,1,0,0,2,7,0,0,0,0,0,0,0,0
36,8,0,24,2,0,0,2,4,0,0,0,0,0,0,0,1
97,10,13,69,2,13,0,1,9,0,0,0,0,0,0,0,0
26,13,0,7,4,0,0,1,15,0,0,0,0,1,0,0,1
55,8,0,44,2,2,0,3,8,0,0,0,0,0,0,0,1
99,6,0,15,2,0,0,2,4,18,0,0,0,0,0,0,0
70,5,0,10,2,0,1,1,3,8,0,0,0,0,0,0,1
41,8,0,29,2,0,1,3,4,0,0,0,0,0,0,0,1
17,5,0,9,1,0,0,1,1,0,0,0,0,0,0,0,1
17,12,0,5,3,0,0,1,12,0,0,0,0,1,0,0,1
76,17,0,56,2,2,0,4,4,5,0,0,0,0,0,0,1
71,2,4,60,2,4,1,7,2,0,0,0,0,0,0,0,0
91,7,0,81,2,9,0,2,5,0,0,0,0,0,0,0,0
48,4,2,37,3,0,2,3,0,1,0,0,0,0,0,0,1
13,10,0,0,1,0,0,0,0,0,0,0,0,0,0,0,1
21,8,0,9,1,0,0,2,3,0,0,0,0,0,0,0,0
66,12,0,25,4,1,2,2,1,4,0,0,0,0,0,0,1
36,8,0,17,2,2,0,1,3,2,0,0,0,0,1,0,1
117,13,4,10,6,1,0,1,6,19,2,0,1,0,1,0,0
30,8,0,17,1,0,0,4,0,0,0,0,0,0,1,0,1
31,18,0,9,2,1,0,1,0,0,0,0,0,0,0,0,0
88,12,0,73,2,6,0,5,2,0,0,0,0,0,0,0,1
18,14,0,0,1,0,0,0,0,0,0,0,0,0,0,0,1
60,9,0,34,1,1,0,3,0,1,2,0,0,0,0,0,1
33,9,5,14,2,2,0,1,1,0,0,0,0,0,0,0,1
44,8,0,33,2,0,0,4,0,0,1,0,0,0,0,0,1
30,11,0,15,2,0,0,2,2,0,0,0,0,0,0,0,1
43,10,0,12,2,0,0,2,4,3,0,0,0,0,0,0,1
99,10,0,60,2,6,0,3,4,4,0,0,0,0,0,0,0
33,8,0,21,2,0,0,2,0,0,0,0,0,0,0,0,0
18,8,0,6,1,0,0,1,0,0,0,0,0,0,0,0,1
115,4,2,10,6,1,0,5,8,20,1,0,0,0,0,0,0
68,17,0,47,1,0,0,3,19,1,0,0,0,0,0,0,1
24,13,0,11,4,0,0,1,12,0,0,0,0,1,0,0,1
54,11,32,6,2,0,0,1,17,0,0,0,0,0,0,0,1
17,8,0,6,2,0,0,1,0,0,0,0,0,0,0,0,1
64,14,0,46,2,2,0,5,14,0,0,0,0,0,0,0,0
42,14,0,25,1,3,0,2,0,0,0,0,0,0,0,0,1
108,10,0,29,2,7,0,2,0,2,0,0,0,0,0,0,0
34,8,4,14,3,0,0,2,0,0,2,0,0,0,0,0,1
22,18,0,0,1,2,0,0,0,0,0,0,0,0,0,0,1
15,8,0,3,1,0,0,1,0,0,0,0,0,0,0,0,0
26,3,18,0,3,0,0,0,1,0,0,0,0,0,0,0,0
56,11,4,35,3,1,0,4,2,0,0,0,0,0,1,0,1
70,7,41,17,3,3,0,2,0,0,0,0,0,0,0,0,1
19,14,0,5,3,0,0,1,13,0,0,0,0,1,0,0,1
123,10,0,110,2,21,0,2,7,0,0,0,0,0,0,0,0
15,11,0,0,1,0,0,0,0,0,0,0,0,0,0,0,0
24,20,0,0,1,0,0,0,0,0,0,0,0,0,0,0,0
67,11,0,53,2,3,0,2,0,0,0,0,0,0,0,0,1
30,6,0,20,1,0,0,2,0,0,0,0,0,0,0,0,0
87,3,0,81,2,6,0,5,1,0,0,0,0,0,0,0,0
22,12,0,6,1,0,0,1,0,0,0,0,0,0,0,0,1
33,8,20,0,2,0,0,0,0,0,0,0,0,0,0,0,0
20,16,0,0,1,1,0,0,0,0,0,0,0,0,0,0,0
56,6,0,46,2,0,4,2,0,0,0,0,0,0,0,0,0
36,8,0,25,2,0,0,3,0,0,0,0,0,0,0,0,0
103,12,0,10,4,0,1,1,10,12,0,0,0,0,0,0,1
39,5,12,17,3,0,0,2,0,0,0,0,0,0,0,0,1
35,15,0,16,2,0,0,2,0,0,1,0,0,0,0,0,1
53,9,6,33,2,0,3,2,0,0,0,0,0,0,0,0,0
64,13,0,40,4,0,0,4,0,2,1,0,0,0,0,0,1
110,11,0,10,2,2,1,1,10,10,0,0,0,0,0,0,1
77,15,0,10,2,0,1,1,4,8,0,0,0,0,0,0,1
36,23,0,9,2,0,0,1,0,0,0,0,0,0,0,0,1
23,3,2,14,2,0,0,2,0,0,0,0,0,0,0,0,1
30,26,0,0,1,0,0,0,0,0,0,0,0,0,0,0,0
59,10,0,28,2,0,1,3,8,2,0,0,0,0,0,0,0
86,3,7,37,4,2,0,4,6,5,0,0,0,0,0,0,1
78,8,0,10,2,0,1,1,5,10,0,0,0,0,0,0,1
31,15,0,12,2,1,0,2,0,0,0,0,0,0,0,0,1
39,6,6,14,3,0,0,2,0,2,1,0,0,0,0,0,1
102,12,0,10,2,0,1,1,6,10,0,0,0,0,0,0,1
39,9,0,7,1,1,0,2,8,1,0,0,0,0,0,0,1
64,8,0,24,2,1,0,2,1,6,0,0,0,0,0,0,1
70,13,0,53,1,7,0,1,0,0,0,0,0,0,0,0,0
29,11,0,14,2,1,0,1,1,0,0,0,0,0,0,0,1
23,4,0,15,1,0,0,2,7,0,0,0,0,0,0,0,0
38,8,0,26,2,0,3,1,0,0,0,0,0,0,0,0,0
40,5,0,31,2,0,2,2,8,0,0,0,0,0,0,0,1
22,11,0,7,1,0,0,1,0,0,1,0,0,0,0,0,1
95,25,0,10,2,2,1,1,2,8,0,0,0,0,0,0,1
28,11,12,0,2,0,0,0,5,0,0,0,0,0,0,0,1
275,12,0,50,13,1,0,8,52,28,1,1,0,0,0,0,1
39,6,0,27,3,1,0,2,0,0,0,0,0,0,0,0,1
42,6,29,0,6,0,0,0,1,0,1,0,0,0,0,0,1
43,12,0,27,2,0,1,2,0,0,0,0,0,0,0,0,0
59,9,0,46,1,0,1,5,0,0,0,0,0,0,0,0,0
51,6,4,36,3,1,0,3,8,0,0,0,0,0,0,0,1
57,12,0,41,2,0,3,2,0,2,0,0,0,0,0,0,0
22,7,0,11,1,0,0,1,1,0,0,0,0,0,0,0,1
27,10,0,10,2,1,0,1,0,0,0,0,0,0,0,0,0
34,9,2,18,2,0,1,2,0,0,0,0,0,0,0,0,0
27,8,0,15,2,0,0,1,3,0,0,0,0,0,0,0,0
40,2,0,34,1,0,4,1,0,0,0,0,0,0,0,0,0
97,13,0,10,2,0,1,1,4,10,0,0,0,0,0,0,1
61,6,18,32,5,0,0,4,0,0,0,0,0,0,0,0,1
40,2,0,34,1,0,3,1,0,0,0,0,0,0,0,0,0
26,22,0,0,1,0,0,0,0,0,0,0,0,0,0,0,0
35,5,0,26,2,0,0,3,0,0,0,0,0,0,0,0,1
225,14,0,52,8,1,1,4,82,4,2,0,0,0,0,0,1
71,9,0,10,2,1,1,1,4,8,0,0,0,0,0,0,1
18,8,6,0,2,0,0,0,0,0,0,0,0,0,0,0,1
31,12,0,15,2,0,0,1,0,0,0,0,0,0,0,0,0
32,8,5,14,2,1,0,1,0,0,0,0,0,0,0,0,0
41,9,2,25,2,0,2,2,0,2,0,0,0,0,0,0,0
25,13,0,12,3,0,0,2,10,0,0,0,0,1,0,0,1
23,16,0,4,1,0,0,1,0,0,0,0,0,0,0,0,1
42,14,0,24,2,0,0,3,0,0,0,0,0,0,0,0,1
12,8,0,0,1,0,0,0,0,0,0,0,0,0,0,0,0
26,14,0,12,4,0,0,1,11,0,0,0,0,1,0,0,1
45,9,2,29,2,0,2,2,0,0,0,0,0,0,0,0,0
43,6,0,33,1,2,0,3,6,0,1,0,0,0,0,0,0
92,9,0,80,3,2,0,8,0,0,1,0,1,0,0,0,1
107,6,0,10,2,2,1,1,6,10,0,0,0,0,0,0,1
52,13,0,16,3,0,0,2,7,3,0,0,0,0,0,0,0
50,10,0,36,1,0,0,2,22,0,0,0,0,0,0,0,1
67,17,0,46,1,0,0,3,21,0,0,0,0,0,0,0,1
58,15,8,30,3,0,0,3,0,0,0,0,0,0,0,0,0
97,6,0,15,2,0,0,2,3,18,0,0,0,0,0,0,0
17,13,0,0,1,0,0,0,0,0,0,0,0,0,0,0,1
27,13,0,10,1,0,0,2,0,0,0,0,0,0,0,0,0
25,12,0,10,1,1,0,1,4,0,0,0,0,0,0,0,1
26,9,2,10,2,0,0,2,0,0,0,0,0,0,0,0,0
14,10,0,0,1,1,0,0,0,0,0,0,0,0,0,0,0
26,13,0,9,1,0,0,1,0,0,0,0,0,0,0,0,1
11,7,0,0,1,0,0,0,4,0,0,0,0,0,0,0,1
27,9,0,14,1,0,0,2,3,1,0,0,0,0,0,0,0
126,9,0,113,1,16,0,2,2,0,0,0,0,0,0,0,0
35,9,0,22,2,0,0,3,0,0,0,0,0,0,0,0,1
41,9,4,23,2,1,0,2,2,6,0,0,0,0,0,0,1
91,11,0,10,3,0,1,1,3,8,0,0,0,0,0,0,1
90,7,25,19,6,1,2,5,25,4,1,0,0,0,0,0,0
29,8,0,17,2,0,0,2,0,0,0,0,0,0,0,0,1
37,5,0,27,1,0,0,3,7,0,0,0,0,0,1,0,0
31,7,0,6,1,0,0,1,4,2,0,0,0,0,0,0,0
33,6,9,13,3,0,0,1,0,0,0,0,0,0,0,0,0
158,15,0,96,6,2,3,8,7,2,1,0,1,0,0,0,1
114,13,6,85,3,8,0,5,13,0,0,0,0,0,0,0,1
74,12,0,10,2,1,1,1,4,8,0,0,0,0,0,0,1
26,13,0,13,3,0,0,2,10,0,0,0,0,1,0,0,1
79,8,14,17,4,1,0,2,3,6,0,0,0,0,0,0,0
31,10,0,17,2,0,0,2,4,0,0,0,0,0,0,0,1
18,14,0,0,1,0,0,0,0,0,0,0,0,0,0,0,1
25,21,0,0,1,0,0,0,0,0,0,0,0,0,0,0,0
19,11,0,3,4,0,0,1,12,0,0,0,0,1,0,0,1
54,7,0,43,1,6,0,1,6,0,0,0,0,0,0,0,0
51,6,0,10,3,0,1,1,0,4,0,0,0,0,0,0,1
75,10,0,52,4,1,0,7,3,2,0,0,0,0,0,0,1
88,5,0,79,2,5,0,4,0,0,1,0,0,0,0,0,1
42,9,2,26,2,0,3,2,2,0,0,0,0,0,0,0,0
27,14,0,7,4,0,0,1,16,0,0,0,0,1,0,0,1
76,11,0,10,3,1,1,1,4,8,0,0,0,0,0,0,1
11,7,0,0,1,0,0,0,0,0,0,0,0,0,0,0,1
17,13,0,0,1,0,0,0,0,0,0,0,0,0,0,0,1
93,6,0,84,1,0,0,8,20,0,0,0,0,0,0,0,1
35,9,2,19,2,0,1,2,0,0,0,0,0,0,0,0,0
52,10,0,38,2,0,1,4,0,0,0,0,0,0,0,0,0
43,12,9,17,2,0,0,1,0,0,0,0,0,0,0,0,0
66,11,13,37,2,1,1,5,7,0,1,0,0,0,0,0,1
31,7,0,6,1,1,0,1,3,2,0,0,0,0,0,0,0
69,8,0,24,2,0,0,3,4,8,0,0,0,0,0,0,0
66,18,0,26,1,3,0,2,0,2,0,0,0,0,0,0,1
77,8,0,65,2,0,5,3,7,0,0,0,0,0,0,0,0
80,8,0,28,2,0,1,3,8,8,0,0,0,0,0,0,1
31,10,5,11,3,0,0,1,0,0,0,0,0,0,0,0,1
254,15,0,49,5,3,1,6,26,14,0,0,1,0,0,0,1
60,7,4,25,3,0,1,2,0,2,0,0,0,0,0,0,1
114,10,0,10,2,3,1,1,3,8,0,0,0,0,0,0,1
19,13,0,6,3,0,0,1,10,0,0,0,0,1,0,0,1
27,14,0,13,3,0,0,2,11,0,0,0,0,1,0,0,1
22,18,0,0,1,0,0,0,0,0,0,0,0,0,0,0,0
84,12,10,45,4,0,0,3,11,3,0,0,0,0,1,0,1
19,10,0,5,1,1,0,1,1,0,0,0,0,0,0,0,0
61,7,0,50,1,1,0,5,24,0,0,0,0,0,0,0,0
47,9,0,34,1,2,0,2,0,0,0,0,0,0,0,0,1
27,14,0,7,4,0,0,1,16,0,0,0,0,1,0,0,1
89,8,0,78,3,2,0,4,0,0,0,0,0,0,0,0,1
27,14,0,7,4,0,0,1,16,0,0,0,0,1,0,0,1
56,5,0,10,2,0,1,1,0,6,0,0,0,0,0,0,1
68,11,0,13,1,2,0,5,0,1,1,0,0,0,0,0,1
43,8,2,28,3,0,0,4,1,0,0,0,0,0,0,0,0
41,13,23,0,2,1,0,0,3,0,2,0,0,0,0,0,1
166,7,0,155,3,5,3,13,0,2,5,0,1,0,0,0,0
89,12,0,73,3,0,0,5,21,0,0,0,0,0,0,0,1
216,6,0,113,5,0,1,6,45,5,1,0,0,0,0,0,1
36,5,3,23,3,1,0,3,8,0,0,0,0,0,0,0,0
24,20,0,0,1,0,0,0,0,0,0,0,0,0,1,0,1
33,11,0,18,1,1,0,2,0,0,1,0,0,0,0,0,1
64,8,17,34,3,1,0,5,16,0,0,0,0,0,0,0,0
41,13,20,0,3,0,0,0,3,0,0,0,0,0,0,0,1
28,7,0,17,2,0,0,1,0,0,0,0,0,0,0,0,1
75,13,0,10,2,0,1,1,8,8,0,0,0,0,0,0,1
50,9,0,38,1,2,0,3,5,0,0,0,0,0,0,0,1
57,3,6,43,2,2,0,3,0,2,0,0,0,0,0,0,0
52,7,7,33,3,0,0,4,0,0,0,0,0,0,0,0,0
92,14,0,74,2,0,0,3,8,0,0,0,0,0,0,0,1
21,6,0,11,1,0,0,1,0,0,0,0,0,0,0,0,0
41,6,0,31,2,0,2,2,0,0,0,0,0,0,0,0,0
27,11,0,10,3,0,0,1,2,0,0,0,0,0,0,0,1
172,3,62,103,2,0,0,3,0,0,2,0,1,0,0,0,1
21,17,0,0,1,0,0,0,0,0,0,0,0,0,0,0,1
9,6,0,0,1,0,0,0,1,0,0,0,0,0,1,0,1
46,8,0,24,2,0,0,3,5,2,0,0,0,0,0,0,0
66,14,0,48,2,1,0,5,0,0,0,0,0,0,0,0,0
35,12,0,19,3,0,0,2,0,0,0,0,0,0,0,0,0
54,11,0,40,2,0,0,4,0,0,0,0,0,0,0,0,1
24,13,0,7,1,0,0,1,0,0,0,0,0,0,0,0,1
48,6,13,12,3,0,0,1,7,2,0,0,0,0,0,0,0
68,7,0,24,4,0,0,7,1,2,0,0,0,0,0,0,1
31,7,0,20,1,0,0,2,1,0,0,0,0,0,0,0,0
88,12,0,10,3,1,2,1,3,8,0,0,0,0,0,0,1
19,7,0,8,2,1,0,1,0,0,0,0,0,0,0,0,1
81,16,0,61,1,10,0,1,0,0,0,0,0,0,0,0,0
42,14,0,28,4,0,0,2,17,0,0,0,0,1,0,0,1
42,8,0,31,2,3,0,1,0,0,0,0,0,0,0,0,0
23,6,0,13,1,1,0,1,10,0,0,0,0,0,0,0,0
39,12,0,21,2,1,0,1,0,0,0,0,0,0,0,0,1
244,12,0,41,9,0,1,9,8,27,1,0,1,0,0,0,1
132,12,0,17,2,3,1,2,7,10,0,0,0,0,0,0,1
43,3,5,16,3,0,0,1,6,2,0,0,0,0,0,0,0
32,8,0,20,2,0,0,2,0,0,0,0,0,0,0,0,0
68,8,26,29,3,4,0,1,0,0,0,0,0,0,0,0,1
23,11,0,9,2,0,0,1,0,0,0,0,0,0,0,0,1
50,15,0,8,1,0,0,1,3,2,0,0,0,0,0,0,1
75,18,0,75,4,0,1,5,1,0,0,0,1,0,0,0,1
246,8,2,18,3,0,0,3,36,4,0,0,0,0,1,0,1
66,17,0,45,1,5,0,5,14,0,0,0,0,0,0,0,0
137,27,0,10,2,2,1,1,9,16,0,0,0,0,0,0,1
132,14,24,23,8,5,2,5,2,5,1,0,1,0,0,0,0
64,6,0,55,1,1,0,4,21,0,0,0,0,0,0,0,1
112,11,0,97,3,0,0,1,64,0,0,0,0,0,0,0,0
33,15,0,11,3,0,0,1,0,0,0,0,0,0,0,0,1
46,8,0,17,3,1,0,4,0,1,1,0,1,0,0,0,1
14,10,0,0,1,0,0,0,0,0,0,0,0,0,0,0,1
12,9,0,0,1,0,0,0,0,0,0,0,0,0,0,0,1
38,11,0,24,1,2,0,1,0,0,0,0,0,0,0,0,1
106,14,0,92,3,0,0,2,11,0,1,0,1,1,0,0,1
33,7,0,22,1,0,0,2,13,0,0,0,0,0,0,0,1
59,15,0,41,2,1,0,3,0,0,0,0,0,0,0,0,1
61,15,0,42,2,2,0,4,4,0,0,0,0,0,0,0,1
49,9,10,25,2,2,0,2,0,0,0,0,0,0,0,0,0
77,13,0,60,1,6,0,2,0,0,0,0,0,0,0,0,0
135,9,0,122,1,16,0,2,6,0,0,0,0,0,0,0,0
23,19,0,0,1,0,0,0,0,0,0,0,0,0,0,0,0
42,5,7,25,3,0,0,3,0,0,0,0,0,0,0,0,0
26,5,7,7,3,0,0,1,0,0,0,0,0,0,0,0,1
117,8,7,62,3,2,1,5,10,6,2,0,0,0,0,0,1
50,11,0,35,2,4,0,1,0,0,0,0,0,0,0,0,0
56,7,0,45,2,2,0,3,4,0,0,0,0,0,0,0,0
33,9,0,20,1,0,0,2,3,1,0,0,0,0,0,0,0
56,9,0,21,3,1,0,7,0,1,1,0,1,0,0,0,1
31,7,0,6,1,1,1,1,1,2,0,0,0,0,0,0,0
19,15,0,0,1,0,0,0,0,0,0,0,0,0,0,0,0
132,14,24,23,8,5,2,5,2,5,1,0,1,0,0,0,0
48,8,6,30,3,0,1,2,0,0,0,0,0,0,0,0,0
248,4,0,74,2,1,1,6,93,8,1,0,0,0,0,0,1
38,13,0,25,4,0,0,2,13,0,0,0,0,1,0,0,1
21,10,0,8,1,0,0,1,1,0,0,0,0,0,0,0,1
55,17,0,35,1,1,1,1,7,1,0,0,1,0,0,0,1
66,8,0,54,3,1,0,8,8,0,0,0,0,0,0,0,1
176,14,0,15,3,6,1,2,18,18,0,0,0,0,0,0,1
44,11,0,29,2,3,0,1,0,0,0,0,0,0,0,0,0
22,7,0,11,2,0,0,1,0,0,1,0,0,0,0,0,0
41,11,0,23,3,0,0,2,0,0,0,0,0,0,0,0,0
31,13,13,0,2,1,0,0,0,0,0,0,0,0,0,0,0
166,15,0,96,6,2,3,8,11,2,1,0,1,0,0,0,1
57,7,3,43,3,0,0,2,13,0,0,0,0,0,0,0,1
93,6,6,76,3,0,1,6,21,0,1,0,0,0,0,0,0
38,16,0,18,1,0,0,2,0,0,0,0,0,0,0,0,1
51,10,0,35,3,0,0,4,0,0,0,0,0,0,0,0,1
59,8,0,19,2,0,0,3,14,4,0,0,0,0,0,0,0
199,10,124,59,7,6,0,5,53,0,3,0,0,0,1,0,0
32,9,0,19,1,2,0,1,5,0,0,0,0,0,0,0,0
29,10,14,0,2,0,0,0,0,0,0,0,0,0,0,0,0
55,14,0,37,2,6,0,3,14,0,0,0,0,0,0,0,1
171,14,0,10,3,13,1,1,5,10,0,0,0,0,0,0,1
27,6,7,9,2,0,0,1,0,0,0,0,0,0,0,0,1
146,6,0,134,5,2,0,7,17,0,1,0,1,0,0,0,1
69,8,11,16,4,1,0,2,8,6,0,0,0,0,0,0,0
33,19,0,10,2,0,0,1,0,0,0,0,0,0,0,0,1
49,5,9,26,2,1,0,5,14,1,0,0,0,0,0,0,1
132,18,0,10,2,5,1,1,3,10,0,0,0,0,0,0,1
19,14,0,5,3,0,0,1,14,0,0,0,0,1,0,0,1
95,15,0,29,1,1,0,5,40,2,1,0,0,0,0,0,1
56,8,6,37,3,2,0,2,0,0,0,0,0,0,0,0,0
19,15,0,0,1,0,0,0,0,0,0,0,0,0,0,0,0
21,6,0,11,2,0,0,1,3,0,0,0,0,0,0,0,1
39,11,10,14,2,1,0,2,0,0,0,0,0,0,0,0,1
212,6,0,10,2,0,1,1,29,9,0,0,0,0,0,0,1
29,9,0,16,1,0,0,2,3,1,0,0,0,0,0,0,0
27,7,0,17,2,0,0,1,1,0,0,0,0,0,0,0,1
58,14,0,27,1,3,0,2,3,2,0,0,0,0,0,0,1
103,2,3,67,2,7,4,5,8,2,0,0,0,0,0,0,0
31,7,0,6,1,1,0,1,0,2,0,0,0,0,0,0,0
26,13,0,7,4,0,0,1,15,0,0,0,0,1,0,0,1
20,10,0,6,1,0,0,1,2,0,0,0,0,0,0,0,1
48,6,0,38,1,4,0,3,4,0,1,0,0,0,0,0,0
541,11,0,35,3,1,0,4,150,2,0,0,1,0,0,0,1
46,15,0,27,1,2,0,3,2,0,0,0,0,0,0,0,1
68,9,5,49,6,1,0,4,0,0,1,0,0,0,0,0,1
15,8,0,0,2,0,0,0,0,0,0,0,0,0,0,0,1
70,6,0,44,2,2,0,5,3,2,0,0,0,0,0,0,1
50,7,9,30,3,1,0,3,0,0,1,0,0,0,0,0,0
28,24,0,0,1,0,0,0,0,0,0,0,0,0,0,0,1
26,6,0,13,3,0,0,2,0,0,0,0,0,0,0,0,0
16,12,0,0,1,0,0,0,0,0,0,0,0,0,0,0,0
87,13,0,10,2,0,1,1,5,12,0,0,0,0,0,0,1
89,8,0,78,3,7,0,7,19,0,0,0,0,0,0,0,1
91,15,0,72,2,7,0,2,6,0,0,0,0,0,0,0,0
27,11,11,0,2,0,0,0,0,0,0,0,0,0,0,0,0
111,6,48,52,4,4,0,4,20,0,2,0,0,0,0,0,1
17,9,0,3,4,0,0,1,10,0,0,0,0,1,0,0,1
106,9,0,43,2,1,3,5,1,6,0,0,0,0,0,0,1
115,8,0,60,2,4,0,2,5,8,0,0,0,0,0,0,1
26,22,0,0,1,0,0,0,0,0,0,0,0,0,0,0,0
90,7,0,77,6,0,0,8,0,0,0,0,1,0,0,0,1
24,20,0,0,1,0,0,0,0,0,0,0,0,0,0,0,0
36,9,0,23,2,0,0,5,0,0,0,0,0,0,0,0,0
62,13,10,29,3,0,0,3,4,1,0,0,0,0,0,0,0
54,8,0,39,3,2,0,2,0,0,0,0,0,0,0,0,1
64,9,19,31,2,2,0,2,0,0,0,0,0,0,0,0,0
38,18,0,13,3,0,0,2,2,0,0,0,0,0,0,0,1
23,4,0,15,1,0,0,2,7,0,0,0,0,0,0,0,0
42,3,0,35,2,0,0,5,6,0,0,0,0,0,0,0,1
56,9,2,40,2,0,4,2,0,0,0,0,0,0,0,0,0
29,6,0,8,1,0,0,1,6,2,1,0,0,0,0,0,0
12,8,0,0,1,0,0,0,0,0,0,0,0,0,0,0,0
23,5,0,14,2,0,0,1,0,0,0,0,0,0,0,0,0
26,4,5,12,2,0,0,2,3,0,0,0,0,0,0,0,1
116,15,63,33,10,0,0,1,23,0,2,0,0,0,0,0,0
33,5,0,24,1,0,0,3,3,0,0,0,0,0,0,0,0
21,6,10,0,2,0,0,0,0,0,0,0,0,0,0,0,0
32,11,0,17,2,0,0,2,0,0,0,0,0,0,0,0,1
38,15,0,19,2,0,0,2,0,0,0,0,0,0,0,0,1
50,21,0,11,3,0,1,1,2,2,0,0,0,0,0,0,1
15,11,0,0,1,0,0,0,0,0,0,0,0,0,0,0,0
60,19,0,22,2,0,0,2,0,2,0,0,0,0,0,0,0
636,2,12,18,17,0,4,2,188,58,1,0,0,0,0,0,1
36,8,0,21,2,0,0,2,0,0,2,0,0,0,0,0,1
108,7,6,90,3,4,2,6,10,0,0,0,0,0,0,0,0
18,14,0,0,1,0,0,0,0,0,0,0,0,0,0,0,1
28,6,0,15,2,0,0,2,1,0,0,0,0,0,0,0,1
88,9,15,59,3,5,0,7,4,0,0,0,0,0,0,0,0
44,16,0,24,2,1,0,2,0,0,0,0,0,0,0,0,0
50,6,0,41,2,1,0,5,3,0,0,0,0,0,0,0,1
48,12,0,33,4,0,0,5,2,0,0,0,1,0,0,0,1
38,6,0,28,1,0,0,3,10,0,0,0,0,0,0,0,0
183,9,4,7,2,1,2,1,40,24,0,0,0,0,0,0,0
14,5,0,6,1,0,0,1,0,0,0,0,0,0,0,0,1
50,9,7,29,2,0,2,2,0,0,0,0,0,0,0,0,0
85,9,0,72,2,0,0,8,0,0,0,0,0,0,0,0,1
67,21,0,13,4,0,0,2,0,3,1,1,0,0,0,0,1
53,13,0,36,1,0,3,3,0,0,0,0,0,0,0,0,0
195,15,0,10,2,1,1,1,24,6,0,0,0,0,0,0,1
25,13,0,9,1,0,0,1,0,0,0,0,0,0,0,0,1
32,12,0,1,1,0,1,1,4,2,0,0,0,0,0,0,0
48,5,0,39,2,1,1,4,2,0,0,0,0,0,0,0,1
19,15,0,0,1,0,0,0,2,0,0,0,0,0,0,0,1
86,15,0,10,2,2,1,1,10,8,0,0,0,0,0,0,1
15,7,3,0,2,0,0,0,3,0,0,0,0,0,0,0,0
47,10,0,33,1,1,0,3,0,0,0,0,0,0,0,0,0
50,5,0,37,2,0,0,3,2,2,0,0,0,0,0,0,1
66,13,2,10,3,0,3,1,0,2,0,0,0,0,0,0,0
89,9,0,21,5,1,0,12,1,2,1,0,1,0,0,0,1
26,6,5,10,3,0,0,1,1,0,0,0,0,0,0,0,1
36,17,0,15,2,0,0,1,0,0,0,0,0,0,0,0,1
17,13,0,0,1,0,0,0,0,0,0,0,0,0,0,0,0
95,19,0,10,2,0,1,1,5,10,0,0,0,0,0,0,1
96,19,0,17,3,0,1,2,2,8,0,0,0,0,0,0,1
17,13,0,0,1,0,0,0,0,0,0,0,0,0,0,0,0
17,12,0,0,1,0,0,0,1,0,0,0,0,0,0,0,1
173,15,0,10,3,11,1,1,11,10,0,0,0,0,0,0,1
106,14,0,92,3,0,0,2,11,0,1,0,1,1,0,0,1
28,13,0,11,2,0,0,1,0,0,0,0,0,0,0,0,1
232,14,0,12,2,0,1,2,26,6,0,0,0,0,0,0,1
172,3,62,103,2,0,0,3,0,0,2,0,1,0,0,0,1
44,5,9,25,3,0,0,3,0,0,0,0,0,0,0,0,0
51,7,0,40,1,3,0,2,2,0,0,0,0,0,0,0,1
90,17,0,10,2,0,1,1,4,10,0,0,0,0,0,0,1
29,9,2,13,2,0,0,2,0,0,0,0,0,0,0,0,0
195,11,3,1,2,2,0,1,28,2,0,0,0,0,0,0,1
30,14,0,16,3,0,0,2,14,1,0,0,0,1,0,0,1
27,6,0,17,2,0,0,2,2,0,0,0,0,0,0,0,1
63,7,0,52,1,8,0,2,0,0,0,0,0,0,0,0,0
75,8,13,49,3,7,0,3,6,0,0,0,0,0,0,0,0
87,15,0,68,2,9,0,1,7,0,0,0,0,0,0,0,0
20,9,0,7,1,0,0,1,4,0,0,0,0,0,0,0,1
32,6,0,22,2,0,0,3,0,0,0,0,0,0,0,0,1
83,22,0,10,2,1,1,1,2,6,0,0,0,0,0,0,1
30,8,0,10,2,0,0,1,0,2,0,0,0,0,0,0,0
191,7,60,119,10,3,0,1,19,1,2,0,0,0,0,0,1
20,2,7,7,2,0,0,1,0,0,0,0,0,0,0,0,1
30,2,16,8,2,0,0,1,1,0,0,0,0,0,0,0,1
16,4,8,0,2,0,0,0,0,0,0,0,0,0,0,0,1
55,6,0,46,2,0,0,6,0,0,1,0,0,0,0,0,1
76,16,0,10,2,0,1,1,3,8,0,0,0,0,0,0,1
24,20,0,0,1,0,0,0,0,0,0,0,0,0,0,0,0
40,4,0,15,1,0,0,2,0,2,0,0,0,0,0,0,1
85,8,0,18,1,1,2,4,1,6,0,0,0,0,0,0,0
12,3,0,6,1,0,0,1,1,0,0,0,0,0,0,0,1
61,8,14,32,3,3,2,5,2,0,0,0,0,0,0,0,0
79,12,0,64,1,0,0,5,12,6,0,0,0,0,0,0,0
46,13,0,29,2,1,0,2,0,0,0,0,0,0,0,0,1
34,9,0,19,2,0,1,1,0,0,0,0,0,0,1,0,1
131,19,0,10,2,1,1,1,3,16,0,0,0,0,0,0,1
84,11,3,65,5,1,1,3,8,1,0,0,0,0,1,0,1
29,6,6,12,2,0,0,2,0,0,1,0,0,0,0,0,1
14,3,0,4,2,0,0,1,0,0,0,0,0,0,0,0,1
13,9,0,0,1,0,0,0,4,0,0,0,0,0,0,0,1
55,13,0,38,1,5,0,2,4,0,0,0,0,0,0,0,0
24,5,4,10,2,0,0,2,0,0,0,0,1,0,0,0,1
272,9,0,259,1,6,0,6,86,72,0,0,0,0,0,0,0
57,14,0,1,1,5,0,1,0,2,0,0,0,0,0,0,0
87,5,0,76,2,8,0,4,15,0,0,0,0,0,0,0,0
60,6,0,50,3,1,0,5,2,0,0,0,0,0,0,0,1
37,4,0,26,3,0,0,2,6,0,0,0,0,0,0,0,1
87,12,0,72,2,6,0,4,0,0,0,0,0,0,0,0,0
26,4,5,12,2,0,0,2,3,0,0,0,0,0,0,0,1
76,12,0,60,3,1,0,5,0,0,0,0,0,0,0,0,0
25,16,0,5,1,0,0,1,0,0,0,0,0,0,0,0,0
19,8,7,0,2,1,0,0,0,0,0,0,0,0,0,0,1
124,9,0,111,1,3,15,2,8,0,0,0,0,0,0,0,0
60,9,0,47,2,1,0,4,1,0,0,0,0,0,0,0,1
83,14,0,65,2,9,0,2,3,0,0,0,0,0,0,0,1
45,4,9,27,2,2,0,3,7,0,0,0,0,0,0,0,1
33,9,12,7,2,0,0,2,1,0,0,0,0,0,0,0,0
24,20,0,0,1,0,0,0,0,0,0,0,0,0,0,0,0
41,18,0,13,2,0,0,1,0,2,0,0,0,0,0,0,0
47,7,0,33,2,0,0,1,13,0,0,0,0,0,0,0,1
80,16,0,21,2,7,0,2,5,1,0,0,0,0,0,0,0
16,13,0,0,1,1,0,0,0,0,0,0,0,0,0,0,1
53,13,0,36,1,3,0,2,0,0,0,0,0,0,0,0,0
67,11,0,49,2,4,0,3,4,0,0,0,0,0,0,0,1
32,15,0,13,2,0,0,1,0,0,0,0,0,0,0,0,1
110,10,0,19,4,0,0,6,4,10,2,0,1,0,0,0,1
64,6,0,54,1,4,0,3,10,0,1,0,0,0,0,0,0
22,7,0,11,1,0,0,1,0,0,0,0,0,0,0,0,0
116,22,0,10,2,1,1,1,4,10,0,0,0,0,0,0,1
42,9,2,26,2,0,2,2,0,2,0,0,0,0,0,0,0
34,8,0,22,1,0,0,3,0,0,0,0,0,0,0,0,0
54,7,0,15,1,1,0,2,4,6,0,0,0,0,0,0,1
44,7,0,33,1,0,0,1,0,0,0,0,0,0,0,0,1
48,8,0,36,1,1,0,3,15,0,0,0,0,0,0,0,0
39,4,0,31,1,0,0,4,0,0,0,0,0,0,0,0,0
120,13,0,103,1,12,0,2,6,0,0,0,0,0,0,0,1
50,15,0,31,1,2,0,2,0,0,0,0,0,0,0,0,0
38,12,0,22,2,1,0,2,0,0,0,0,0,0,0,0,0
26,14,0,12,4,0,0,1,13,0,0,0,0,1,0,0,1
31,9,0,19,2,0,0,2,0,0,0,0,0,0,0,0,1
59,10,0,45,2,5,0,2,5,0,0,0,0,0,0,0,0
150,13,0,28,2,0,0,3,15,6,0,0,0,0,0,0,1
46,15,0,27,1,1,1,3,0,0,0,0,0,0,0,0,0
58,20,0,24,2,0,0,2,0,2,0,0,0,0,0,0,0
33,6,0,23,2,0,0,3,0,1,0,0,0,0,0,0,1
86,20,0,10,2,1,2,1,4,8,0,0,0,0,0,0,1
52,13,0,35,1,0,2,3,1,0,0,0,0,0,0,0,0
48,8,32,0,3,3,0,0,0,0,3,0,0,0,0,0,1
53,25,0,24,3,3,0,2,0,0,0,0,0,0,0,0,1
20,9,6,0,2,0,0,0,0,0,0,0,0,0,0,0,0
12,5,0,0,2,0,0,0,0,0,0,0,0,0,0,0,1
22,7,0,11,1,0,0,1,0,0,0,0,0,0,0,0,0
42,3,4,28,4,0,0,4,8,0,0,0,0,0,0,0,1
9,5,0,0,1,0,0,0,0,0,0,0,0,0,0,0,0
41,6,2,28,3,0,0,3,0,1,0,0,0,0,0,0,1
124,13,0,10,2,1,2,1,7,16,0,0,0,0,0,0,1
54,12,0,9,1,0,0,1,1,6,0,0,0,0,0,0,1
39,9,0,26,1,0,0,3,5,0,0,0,0,0,0,0,0
21,6,10,0,2,0,0,0,0,0,0,0,0,0,0,0,0
38,7,0,27,2,1,0,1,0,0,1,0,0,0,0,0,1
52,8,0,41,1,6,0,1,8,0,0,0,0,0,0,0,0
30,13,0,10,2,0,0,1,0,0,0,0,0,0,0,0,1
133,9,0,118,3,13,0,5,7,0,0,0,0,0,0,0,0
123,13,7,21,4,3,1,3,56,2,0,0,0,0,0,0,1
34,14,0,16,2,0,0,2,0,0,0,0,0,0,0,0,1
47,6,10,26,3,0,0,3,0,0,0,0,0,0,0,0,0
54,15,0,19,2,0,0,2,7,2,0,0,0,0,0,0,0
71,9,0,10,2,0,1,1,5,8,0,0,0,0,0,0,1
123,10,0,110,11,1,0,4,0,0,4,0,0,0,0,0,1
59,12,0,43,1,5,0,1,0,0,0,0,0,0,0,0,0
71,14,0,53,2,5,0,2,6,0,0,0,0,0,0,0,0
92,19,0,69,4,0,0,5,2,0,0,0,1,0,0,0,1
42,7,0,31,2,1,0,3,0,0,0,0,0,0,0,0,0
112,5,0,14,2,5,1,2,6,10,0,0,0,0,0,0,1
13,10,0,0,1,0,0,0,0,0,0,0,0,0,0,0,1
28,12,0,12,1,1,0,1,0,0,0,0,0,0,0,0,0
245,11,0,37,8,0,1,10,10,28,1,0,1,0,0,0,1
63,5,7,22,3,0,4,1,5,4,0,0,0,0,0,0,0
26,22,0,0,1,0,0,0,0,0,0,0,0,0,0,0,0
34,12,0,18,1,1,0,2,0,0,0,0,0,0,0,0,1
72,5,54,6,12,0,0,1,2,0,4,0,1,0,0,0,1
109,7,0,98,1,0,3,4,26,0,0,0,0,0,0,0,0
25,13,0,8,1,0,0,1,3,0,0,0,0,0,0,0,1
67,2,11,18,3,0,1,3,7,4,0,0,0,0,0,0,0
16,12,0,0,1,0,0,0,0,0,0,0,0,0,0,0,0
36,17,0,1,1,0,0,1,0,2,0,0,0,0,0,0,1
18,7,0,7,2,0,0,1,1,0,0,0,0,0,0,0,0
26,8,0,12,2,0,0,2,1,0,0,0,0,0,0,0,1
80,16,0,10,3,0,1,1,3,8,0,0,0,0,0,0,1
38,9,2,22,2,0,1,2,0,0,0,0,0,0,0,0,0
37,6,0,27,2,0,0,4,0,0,0,0,0,0,0,0,1
44,17,0,23,1,0,1,2,0,0,0,0,0,0,0,0,0
27,5,5,12,2,1,0,1,0,0,0,0,0,0,0,0,0
94,11,0,79,1,10,0,5,7,0,0,0,0,0,0,0,0
19,7,0,8,1,0,0,1,0,0,0,0,0,0,0,0,1
26,14,0,12,3,0,0,2,11,0,0,0,0,1,0,0,1
45,5,7,11,3,0,0,1,7,4,0,0,0,0,0,0,0
51,10,0,37,4,0,0,3,0,0,1,0,0,0,0,0,1
59,4,0,23,4,1,0,2,0,3,0,1,0,0,0,0,1
89,9,4,8,4,0,0,2,7,16,0,0,0,0,0,0,0
22,2,0,16,1,0,1,1,0,0,0,0,0,0,0,0,0
166,15,0,96,6,2,3,8,11,2,1,0,1,0,0,0,1
25,8,0,13,1,0,0,2,2,0,0,0,0,0,0,0,1
12,5,0,0,2,0,0,0,0,0,0,0,0,0,0,0,1
34,10,0,14,2,0,1,1,2,2,0,0,0,0,0,0,1
26,4,5,12,2,0,0,2,3,0,0,0,0,0,0,0,1
90,10,0,51,7,0,0,5,0,3,1,1,0,0,0,0,1
81,8,0,15,5,0,0,5,0,4,2,0,0,0,1,0,0
34,30,0,0,1,0,0,0,4,0,0,0,0,0,0,0,0
64,13,0,47,1,6,0,3,8,0,0,0,0,0,0,0,0
40,16,0,18,3,0,0,2,1,0,0,0,0,0,0,0,1
40,16,0,11,2,0,0,1,4,2,0,0,0,0,0,0,1
68,17,0,48,2,4,0,4,2,0,0,0,0,0,0,0,1
57,11,0,42,2,0,0,4,2,3,0,0,0,0,0,0,0
66,7,0,32,3,0,0,4,0,3,0,1,0,0,0,0,1
23,4,0,15,1,0,0,2,7,0,0,0,0,0,0,0,0
45,10,0,22,2,0,0,2,0,2,0,0,0,0,0,0,0
70,21,0,45,2,0,0,2,19,0,0,0,0,0,0,0,1
24,9,0,11,2,0,0,1,0,0,0,0,0,0,0,0,1
38,8,25,0,2,1,0,0,0,0,0,0,0,0,0,0,0
50,5,0,4,3,0,0,5,1,2,0,0,0,0,0,0,0
38,14,0,24,4,0,0,2,12,0,0,0,0,1,0,0,1
16,12,0,0,1,0,0,0,0,0,0,0,0,0,0,0,1
20,12,0,8,3,0,0,1,10,0,0,0,0,1,0,0,1
61,6,0,2,1,0,0,1,7,10,1,0,0,0,0,0,0
45,5,0,29,4,0,0,3,0,2,0,0,0,0,0,0,1
30,14,0,12,2,1,0,1,0,0,0,0,0,0,0,0,1
41,8,0,29,1,1,0,5,8,0,0,0,0,0,0,0,0
47,12,0,29,2,1,0,4,0,0,0,0,0,0,0,0,0
112,7,0,20,2,8,0,2,12,10,0,0,0,0,0,0,0
18,9,0,6,2,0,0,1,0,0,0,0,0,0,0,0,1
28,19,0,6,1,0,0,1,0,0,0,0,1,0,0,0,1
20,16,0,0,1,0,0,0,0,0,0,0,0,0,0,0,0
28,19,0,6,1,0,0,1,0,0,0,0,1,0,0,0,1
115,12,17,81,4,0,0,2,9,0,1,0,0,0,0,0,1
63,6,0,17,4,0,0,5,1,2,0,0,0,0,0,0,0
70,10,0,56,1,6,0,2,4,0,0,0,0,0,0,0,0
17,13,0,4,3,0,0,1,11,0,0,0,0,1,0,0,1
57,4,10,39,3,1,0,4,0,0,0,0,0,0,0,0,1
33,8,0,21,1,0,0,3,0,0,0,0,0,0,0,0,1
179,17,0,70,2,2,1,5,62,4,1,0,0,0,0,0,1
100,12,0,66,3,2,1,8,1,2,3,0,0,0,0,0,1
43,13,0,26,1,3,0,1,0,0,0,0,0,0,0,0,0
108,9,0,45,4,1,0,6,6,2,0,0,1,0,0,0,1
22,15,0,7,3,0,0,1,13,0,0,0,0,1,0,0,1
97,5,0,21,5,1,0,6,0,6,2,0,1,0,0,0,1
65,7,4,49,2,0,8,2,0,0,0,0,0,0,0,0,0
16,12,0,0,1,0,0,0,0,0,0,0,0,0,0,0,1
28,7,0,17,1,1,0,2,6,0,0,0,0,0,0,0,0
20,17,0,0,1,1,0,0,0,0,0,0,0,0,1,0,1
68,11,0,53,1,6,0,2,0,0,0,0,0,0,0,0,0
73,14,0,24,2,1,0,4,4,4,0,0,0,0,0,0,1
18,8,6,0,2,0,0,0,0,0,0,0,0,0,0,0,1
17,6,7,0,2,0,0,0,0,0,0,0,0,0,0,0,0
39,7,0,28,2,0,1,2,1,0,0,0,0,0,0,0,0
80,4,5,66,3,0,5,4,7,0,0,0,0,0,0,0,0
74,11,0,13,2,0,1,2,3,6,0,0,0,0,0,0,1
84,20,0,46,2,4,0,4,2,2,0,0,0,0,0,0,1
45,14,0,10,1,0,0,1,3,2,0,0,0,0,0,0,1
73,12,0,10,2,0,1,1,4,8,0,0,0,0,0,0,1
100,11,0,85,1,10,0,4,6,0,0,0,0,0,0,0,0
14,9,0,0,3,0,0,0,10,0,0,0,0,1,0,0,1
21,5,9,0,3,1,0,0,0,0,0,0,0,0,0,0,0
29,9,0,15,2,0,0,2,0,0,0,0,0,0,1,0,1
29,22,0,0,2,0,0,0,0,0,0,0,0,0,0,0,1
36,9,0,23,1,0,0,2,0,0,1,0,0,0,0,0,1
29,8,0,14,3,0,0,2,0,0,0,0,0,0,0,0,1
65,16,0,45,4,1,0,5,0,0,1,0,0,0,0,0,1
18,13,0,0,3,0,0,0,14,0,0,0,0,1,0,0,1
25,13,0,8,4,0,0,1,14,2,0,0,0,1,0,0,1
24,17,0,3,1,0,0,1,0,0,0,0,0,0,0,0,1
13,9,0,0,1,0,0,0,4,0,0,0,0,0,0,0,1
29,4,5,16,2,0,0,2,0,0,0,0,0,0,0,0,1
93,7,0,63,2,7,1,4,5,2,0,0,0,0,0,0,0
33,6,0,23,1,0,0,3,5,0,1,0,0,0,0,0,0
21,7,0,10,1,0,0,1,0,0,0,0,0,0,0,0,0
66,23,0,31,2,0,0,4,1,2,1,0,0,0,0,0,1
31,13,0,14,2,0,0,2,0,0,0,0,0,0,0,0,1
19,12,0,0,2,0,0,0,0,0,0,0,0,0,0,0,1
20,16,0,0,1,0,0,0,0,0,0,0,0,0,0,0,1
70,9,0,10,2,1,1,1,4,8,0,0,0,0,0,0,1
25,4,8,8,2,0,0,1,0,0,0,0,0,0,0,0,1
26,13,0,6,2,0,0,1,0,0,0,0,1,0,0,0,1
20,16,0,0,1,0,0,0,0,0,0,0,0,0,0,0,0
123,17,0,10,2,0,5,1,8,14,0,0,0,0,0,0,1
43,6,0,33,2,2,0,3,0,0,0,0,0,0,0,0,1
35,9,0,22,2,0,0,2,6,0,0,0,0,0,0,0,1
62,6,0,10,2,0,1,1,2,6,0,0,0,0,0,0,1
61,12,0,10,2,0,1,1,3,6,0,0,0,0,0,0,1
32,11,0,17,2,1,0,2,0,0,0,0,0,0,0,0,1
67,10,0,53,2,6,0,4,0,0,0,0,0,0,0,0,0
97,20,0,41,3,2,1,4,2,4,0,0,0,0,0,0,1
63,9,0,51,3,1,1,5,0,0,0,0,0,0,0,0,1
40,9,0,27,2,1,0,2,0,0,0,0,0,0,0,0,1
35,4,0,27,1,0,0,4,4,0,0,0,0,0,0,0,0
37,9,2,21,2,0,1,2,0,0,0,0,0,0,0,0,0
39,8,0,27,2,0,2,2,0,0,0,0,0,0,0,0,0
14,10,0,0,1,0,0,0,0,0,0,0,0,0,0,0,1
119,6,51,54,7,0,0,4,34,0,3,0,0,0,0,0,1
57,10,0,43,1,0,2,5,0,0,0,0,0,0,0,0,1
38,26,0,9,1,0,0,1,4,0,0,0,0,0,0,0,1
159,4,7,52,12,1,0,12,6,7,0,0,1,0,0,0,1
92,6,0,10,2,2,1,1,4,8,0,0,0,0,0,0,1
33,9,0,20,2,0,0,2,2,0,0,0,0,0,0,0,1
105,11,0,10,2,1,1,1,6,10,0,0,0,0,0,0,1
166,15,0,96,6,2,3,8,11,2,1,0,1,0,0,0,1
14,5,0,6,2,0,0,1,0,0,0,0,0,0,0,0,1
26,8,0,14,1,0,0,1,4,0,0,0,0,0,0,0,0
46,4,0,15,3,0,0,2,3,2,0,0,0,0,0,0,1
70,8,0,58,1,5,0,3,12,0,0,0,0,0,0,0,0
142,10,0,85,2,9,0,5,10,8,0,0,0,0,0,0,1
87,7,4,71,2,0,11,2,0,0,0,0,0,0,0,0,0
21,6,3,8,2,0,0,1,0,0,0,0,0,0,0,0,1
30,10,0,16,1,1,0,2,0,0,0,0,0,0,0,0,0
14,10,0,0,1,1,0,0,0,0,0,0,0,0,0,0,1
53,6,0,43,1,3,0,2,4,0,0,0,0,0,0,0,0
33,17,0,13,2,0,0,1,0,0,0,0,0,0,0,0,1
23,19,0,0,1,1,0,0,0,0,0,0,0,0,0,0,1
27,5,5,12,2,0,0,2,0,0,0,0,0,0,0,0,0
23,10,0,10,2,0,0,1,0,0,0,0,0,0,0,0,1
37,9,0,24,2,1,0,2,0,0,0,0,0,0,0,0,0
244,12,0,41,9,0,1,9,8,27,1,0,1,0,0,0,1
40,7,0,29,2,1,0,3,7,0,1,0,0,0,0,0,1
53,11,0,27,2,0,0,3,3,2,0,0,0,0,0,0,0
36,6,0,24,3,1,0,2,0,0,0,0,0,0,0,0,1
30,8,0,18,1,1,0,2,0,0,0,0,0,0,0,0,0
53,10,0,39,2,3,0,2,1,0,0,0,0,0,0,0,1
48,11,6,26,2,0,0,1,6,6,0,0,0,0,0,0,0
26,13,0,7,4,0,0,1,15,0,0,0,0,1,0,0,1
36,8,16,7,4,0,0,1,0,0,2,0,1,0,0,0,1
82,14,0,15,3,0,1,2,2,8,0,0,0,0,0,0,1
47,15,0,21,2,0,0,2,4,2,0,0,0,0,0,0,0
26,4,5,12,2,0,0,2,3,0,0,0,0,0,0,0,1
39,4,0,31,1,0,1,4,0,0,0,0,0,0,0,0,0
23,14,0,6,1,0,0,1,0,0,0,0,1,0,0,0,1
158,7,7,38,5,1,4,3,34,5,3,0,0,0,0,0,1
41,17,0,21,1,1,0,3,0,0,0,0,0,0,0,0,1
21,15,0,0,2,0,0,0,0,0,0,0,0,0,0,0,0
43,12,17,10,3,1,0,1,0,1,0,0,0,0,0,0,1
65,18,0,25,1,3,0,2,0,2,0,0,0,0,0,0,1
60,9,0,47,1,3,0,2,9,4,0,0,0,0,0,0,0
46,6,0,36,2,0,4,2,1,0,0,0,0,0,0,0,0
44,18,0,22,2,0,0,2,3,0,0,0,0,0,0,0,1
55,17,0,34,2,0,2,2,0,0,1,0,0,0,0,0,1
55,17,0,35,1,1,1,1,7,1,0,0,1,0,0,0,1
33,9,2,17,2,0,1,2,0,0,0,0,0,0,0,0,0
29,12,0,13,2,0,0,2,0,0,0,0,0,0,0,0,1
270,11,0,29,4,0,0,2,92,8,1,1,0,0,1,0,1
25,8,0,13,1,0,0,2,1,0,0,0,0,0,0,0,1
58,5,7,15,2,0,0,2,15,2,0,0,0,0,0,0,0
44,8,19,12,2,0,0,2,0,0,0,0,0,0,0,0,0
28,13,0,11,1,0,0,2,1,0,0,0,0,0,0,0,1
41,11,5,13,3,0,0,2,0,2,0,0,0,0,0,0,0
14,10,0,0,1,0,0,0,0,0,0,0,0,0,0,0,1
55,9,15,26,5,0,0,2,7,0,2,0,0,0,0,0,0
47,8,0,35,1,1,0,3,15,0,0,0,0,0,0,0,0
98,25,0,69,2,1,0,7,1,0,1,0,0,0,0,0,1
43,9,0,30,2,2,0,2,0,0,0,0,0,0,0,0,0
21,10,0,8,1,0,0,1,0,0,0,0,0,0,0,0,1
29,6,0,19,1,2,0,2,6,0,0,0,0,0,0,0,0
37,11,0,22,1,0,0,1,0,0,0,0,0,0,0,0,1
74,13,0,57,2,1,1,3,10,0,0,0,0,0,1,0,1
541,11,0,35,3,1,0,4,131,2,0,0,1,0,0,0,1
146,6,0,134,5,2,0,7,17,0,1,0,1,0,0,0,1
44,11,0,29,5,1,0,3,1,0,0,0,0,0,0,0,1
31,9,0,18,1,1,0,2,1,0,0,0,0,0,0,0,1
55,9,0,43,1,3,0,3,2,0,0,0,0,0,0,0,1
60,8,0,48,2,1,4,3,7,0,0,0,0,0,0,0,0
37,8,24,0,2,0,0,0,0,0,0,0,0,0,0,0,0
128,9,0,10,4,0,4,1,7,12,0,0,0,0,0,0,1
25,9,11,0,2,0,0,0,0,0,0,0,0,0,0,0,0
82,9,3,50,5,2,0,5,8,2,0,0,0,0,0,0,1
66,6,0,56,1,4,0,4,1,1,0,0,0,0,0,0,0
90,7,0,35,2,4,0,4,4,8,0,0,0,0,0,0,1
40,5,0,31,1,3,0,3,3,0,0,0,0,0,0,0,0
25,9,0,12,2,0,0,1,0,0,0,0,0,0,0,0,0
142,9,0,129,2,5,2,11,6,2,5,0,1,0,0,0,1
135,10,0,121,2,6,0,2,42,16,0,0,0,0,0,0,1
52,8,0,40,1,2,0,3,10,0,0,0,0,0,0,0,0
17,13,0,0,1,0,0,0,0,0,0,0,0,0,0,0,0
37,10,0,23,2,0,0,2,3,0,1,0,0,0,0,0,1
12,8,0,0,1,0,0,0,0,0,0,0,0,0,0,0,1
102,11,0,87,2,8,0,2,5,0,1,0,0,0,0,0,0
17,13,0,0,1,0,0,0,0,0,0,0,0,0,0,0,0
26,3,0,20,2,0,0,2,0,1,0,0,0,0,0,0,1
24,4,3,12,4,0,0,1,5,0,0,0,0,0,0,0,0
85,8,18,11,3,2,0,2,0,4,0,0,0,0,0,0,0
141,11,0,126,1,20,0,3,6,0,0,0,0,0,0,0,0
22,10,0,8,1,0,0,1,0,0,0,0,0,0,0,0,1
45,15,0,26,1,0,0,1,0,0,0,0,0,0,0,0,1
30,12,0,15,2,0,0,2,0,0,0,0,0,0,0,0,1
23,19,0,0,1,2,0,0,0,0,0,0,0,0,0,0,1
43,39,0,0,1,4,0,0,0,0,1,0,0,0,0,0,1
49,9,8,27,3,0,0,3,4,0,0,0,0,0,0,0,0
31,14,0,14,2,0,0,2,0,0,0,0,0,0,0,0,1
23,19,0,0,1,0,0,0,0,0,0,0,0,0,0,0,0
105,15,0,64,4,1,3,6,6,2,0,1,0,0,0,0,0
26,15,0,11,4,0,0,1,15,0,0,0,0,1,0,0,1
69,4,12,48,3,4,0,3,6,0,0,0,0,0,0,0,0
62,20,0,10,2,0,1,1,0,4,0,0,0,0,0,0,1
32,13,0,12,2,0,0,1,0,0,0,0,0,0,0,0,1
24,5,4,10,2,0,0,2,0,0,0,0,1,0,0,0,1
68,6,0,58,1,5,0,3,4,0,1,0,0,0,0,0,0
51,4,0,43,2,3,0,5,0,0,0,0,0,0,0,0,1
45,8,0,33,2,2,0,2,12,0,0,0,0,0,0,0,0
32,20,0,9,1,4,0,1,1,0,0,0,0,0,0,0,1
20,16,0,0,1,1,0,0,0,0,0,0,0,0,0,0,1
115,11,59,40,7,6,0,2,24,0,1,0,0,0,0,0,0
146,5,16,20,7,1,0,5,1,20,2,0,1,0,0,0,0
15,11,0,0,1,0,0,0,0,0,0,0,0,0,0,0,1
32,8,0,20,1,0,0,1,0,0,0,0,0,0,0,0,0
31,7,0,6,1,0,0,1,3,2,0,0,0,0,0,0,0
89,6,0,79,2,3,0,4,0,0,1,0,0,0,0,0,1
43,5,9,24,3,0,0,4,8,0,0,0,0,0,0,0,1
70,16,0,50,1,6,0,3,10,0,0,0,0,0,0,0,0
36,13,0,19,2,0,1,1,0,0,0,0,0,0,1,0,1
34,7,0,23,2,0,2,1,10,0,0,0,0,0,0,0,0
43,18,0,21,2,1,0,1,0,0,0,0,0,0,0,0,1
34,12,0,18,2,0,0,2,0,0,0,0,0,0,0,0,1
23,7,0,13,2,0,0,1,0,0,0,0,0,0,0,0,1
52,12,0,40,3,0,0,2,31,0,0,0,0,1,0,0,1
20,6,0,10,2,0,0,1,0,0,0,0,0,0,0,0,1
196,11,0,13,2,0,1,2,72,10,1,0,0,0,0,0,1
66,18,0,44,1,6,0,3,6,0,0,0,0,0,0,0,0
40,3,11,21,3,0,0,2,9,0,0,0,0,0,0,0,0
72,8,15,12,5,0,0,1,3,6,0,0,0,0,0,0,0
71,10,0,57,1,3,0,4,6,0,0,0,0,0,0,0,0
68,16,0,48,1,7,0,4,9,0,0,0,0,0,0,0,0
35,22,0,6,2,1,0,1,0,0,0,0,0,0,0,0,0
40,11,6,18,2,0,0,1,0,3,0,0,0,0,0,0,0
29,12,0,10,3,0,0,1,0,0,0,0,0,0,0,0,1
26,13,0,13,4,0,0,1,10,0,0,0,0,1,0,0,1
35,15,0,16,2,1,0,1,0,0,0,0,0,0,0,0,0
35,4,0,27,1,0,0,4,0,0,0,0,0,0,0,0,0
9,5,0,0,1,0,0,0,0,0,0,0,0,0,0,0,1
16,12,0,0,1,0,0,0,0,0,0,0,0,0,0,0,0
90,7,0,77,6,0,0,8,0,0,0,0,1,0,0,0,1
66,10,8,43,2,4,0,4,14,0,0,0,0,0,0,0,0
25,12,0,7,4,0,0,1,14,0,0,0,0,1,0,0,1
106,11,0,10,3,0,1,1,9,14,0,0,0,0,0,0,1
75,12,0,10,2,0,1,1,5,8,0,0,0,0,0,0,1
53,13,0,36,1,2,3,3,5,0,0,0,0,0,0,0,0
57,14,0,37,3,1,0,5,0,0,0,0,0,0,0,0,1
61,11,0,10,2,0,0,1,1,6,0,0,0,0,0,0,1
29,5,0,20,2,0,0,3,4,0,0,0,0,0,0,0,1
69,6,0,10,2,0,1,1,6,8,0,0,0,0,0,0,1
15,11,0,0,1,1,0,0,0,0,0,0,0,0,0,0,0
27,4,5,13,2,0,0,2,4,0,0,0,0,0,0,0,1
28,5,0,12,2,0,0,2,3,2,1,0,0,0,0,0,1
98,6,0,39,2,2,0,3,13,6,0,0,0,0,0,0,0
70,7,0,10,2,0,1,1,8,8,0,0,0,0,0,0,1
46,9,0,34,3,1,0,3,0,0,1,0,0,0,0,0,0
73,12,0,57,1,6,0,4,14,0,0,0,0,0,0,0,0
44,13,0,27,1,0,0,3,1,0,0,0,0,0,0,0,1
59,4,6,18,4,0,0,2,0,3,0,0,0,0,0,0,0
44,7,0,33,2,0,0,1,2,0,0,0,0,0,1,0,1
40,3,6,26,2,1,0,3,0,0,0,0,0,0,0,0,0
197,13,0,10,2,0,1,1,24,6,0,0,0,0,0,0,1
129,8,0,117,1,11,0,4,5,0,0,0,0,0,0,0,0
57,6,45,0,6,1,0,0,14,0,1,0,0,0,0,0,1
42,9,2,26,2,0,3,2,2,1,0,0,0,0,0,0,0
29,5,9,10,2,1,0,1,0,0,0,0,0,0,0,0,1
92,16,0,73,2,7,0,5,6,0,0,0,0,0,0,0,1
48,11,0,31,2,0,4,4,8,0,0,0,0,0,0,0,1
13,9,0,0,1,0,0,0,4,0,0,0,0,0,0,0,1
67,14,0,10,3,0,1,1,2,6,0,0,0,0,0,0,1
15,11,0,0,1,0,0,0,0,0,0,0,0,0,0,0,0
69,15,0,54,6,0,2,2,35,0,0,0,0,1,0,0,1
18,14,0,0,1,0,0,0,0,0,0,0,0,0,0,0,0
45,20,0,18,3,0,0,2,0,0,0,0,0,0,0,0,1
45,8,0,34,1,3,0,4,8,0,0,0,0,0,0,0,0
51,19,0,28,2,0,0,3,0,0,1,0,0,0,0,0,1
112,12,15,75,5,3,0,3,5,3,0,0,0,0,0,0,1
25,9,0,12,2,0,0,2,0,0,0,0,0,0,0,0,1
48,7,0,26,1,2,0,2,5,3,0,0,0,0,0,0,0
62,12,6,39,2,5,0,4,10,0,0,0,0,0,0,0,0
30,7,0,19,2,1,0,2,0,0,0,0,0,0,0,0,1
22,18,0,0,1,0,0,0,0,0,1,0,0,0,0,0,0
82,9,9,19,4,0,0,2,30,10,0,0,0,0,0,0,0
30,26,0,0,1,1,0,0,0,0,1,0,0,0,0,0,1
51,6,0,41,1,2,0,3,10,0,1,0,0,0,0,0,0
60,9,0,48,3,1,0,5,0,0,0,0,0,0,0,0,1
57,11,0,42,1,8,0,2,21,0,0,0,0,0,0,0,1
48,8,0,36,2,0,2,2,9,0,0,0,0,0,0,0,0
46,8,0,17,3,1,0,4,0,1,1,0,1,0,0,0,1
66,13,0,22,3,1,3,2,3,4,0,0,0,0,0,0,0
221,14,0,28,14,1,0,3,62,18,0,0,0,0,0,0,1
65,19,0,42,1,0,0,4,26,0,1,0,1,0,0,0,1
46,13,0,29,1,5,0,2,0,0,0,0,0,0,0,0,0
24,3,4,9,3,0,0,1,4,0,0,0,0,0,0,0,1
152,15,0,10,2,0,6,1,5,16,0,0,0,0,0,0,1
54,10,0,40,3,5,0,2,0,0,0,0,0,0,0,0,1
48,12,0,32,1,2,0,2,0,0,0,0,0,0,0,0,0
50,7,0,39,2,0,0,6,10,0,0,0,0,0,0,0,0
28,19,0,6,1,0,0,1,0,0,0,0,1,0,0,0,1
40,12,0,24,1,1,0,2,0,0,0,0,0,0,0,0,0
166,7,0,155,3,5,3,13,0,2,5,0,1,0,0,0,0
111,8,0,39,4,0,3,3,46,6,0,0,0,0,0,0,1
80,11,0,65,1,0,0,10,22,0,0,0,0,0,0,0,0
24,5,4,10,2,0,0,2,0,0,0,0,1,0,0,0,1
94,8,7,74,2,9,0,2,4,0,0,0,0,0,0,0,0
87,19,0,61,2,6,0,4,3,0,0,0,0,0,0,0,1
28,5,0,18,2,0,0,2,0,0,0,0,0,0,0,0,1
104,13,0,87,1,0,8,3,8,0,0,0,0,0,0,0,0
15,3,0,8,1,0,0,1,0,1,0,0,0,0,0,0,1
39,6,0,20,2,0,0,3,0,2,1,0,0,0,0,0,1
33,3,3,22,3,0,0,2,4,0,0,0,0,0,0,0,1
28,12,0,12,3,1,0,1,0,0,0,0,0,0,0,0,1
26,5,0,17,1,0,0,2,0,0,1,0,0,0,0,0,1
57,11,0,42,2,2,0,2,0,0,0,0,0,0,0,0,0
213,8,0,10,2,0,1,1,27,8,0,0,0,0,0,0,1
409,11,111,186,17,5,2,14,114,9,4,0,1,0,0,0,0
26,7,0,15,1,0,0,1,0,0,0,0,0,0,0,0,0
54,31,0,19,1,0,0,2,0,0,0,0,0,0,0,0,1
233,10,0,17,15,0,1,2,74,24,0,0,0,0,0,0,1
14,10,0,0,1,0,0,0,0,0,0,0,0,0,0,0,1
32,10,0,9,1,0,0,1,2,2,0,0,0,0,0,0,1
179,15,0,10,3,11,0,1,6,14,0,0,0,0,0,0,1
28,9,2,12,2,0,0,2,0,0,0,0,0,0,0,0,0
46,7,0,35,1,2,1,3,0,0,0,0,0,0,0,0,0
41,7,0,30,2,0,0,2,5,0,0,0,0,0,0,0,0
37,12,0,22,1,3,0,2,2,0,0,0,0,0,0,0,1
16,5,0,8,1,0,0,2,0,0,0,0,0,0,0,0,1
58,12,21,17,8,0,0,2,1,0,0,0,0,0,0,0,1
33,10,5,13,2,0,0,2,0,0,0,0,0,0,0,0,0
25,21,0,0,1,1,0,0,0,0,0,0,0,0,1,0,1
59,9,10,36,3,0,0,3,4,0,0,0,0,0,0,0,0
26,8,13,0,2,0,0,0,0,0,0,0,0,0,0,0,0
46,13,28,0,2,3,0,0,7,0,1,0,0,0,0,0,1
42,3,10,25,3,0,0,3,2,0,0,0,0,0,0,0,1
59,6,0,49,1,6,0,2,0,0,0,0,0,0,0,0,0
17,13,0,0,1,0,0,0,0,0,0,0,0,0,0,0,0
15,11,0,0,1,1,0,0,1,0,0,0,0,0,0,0,1
37,6,0,25,2,0,0,4,0,0,0,0,0,0,0,0,1
33,13,0,14,3,0,0,1,1,0,0,0,0,0,0,0,1
37,4,0,19,2,0,1,1,0,2,0,0,0,0,0,0,1
50,11,0,35,1,0,3,3,0,0,0,0,0,0,0,0,0
88,8,0,76,2,8,0,4,2,0,0,0,0,0,0,0,1
20,8,0,9,1,0,0,1,3,0,0,0,0,0,0,0,1
228,16,0,10,3,0,1,1,25,6,0,0,0,0,0,0,1
63,5,7,46,3,0,2,4,6,0,0,0,0,0,0,0,1
76,15,0,57,2,0,4,3,8,0,0,0,0,0,0,0,0
34,14,0,16,2,0,1,1,0,0,0,0,0,0,0,0,1
24,9,11,0,3,0,0,0,0,0,0,0,0,0,0,0,1
117,5,16,47,8,0,0,7,1,11,2,0,1,0,0,0,1
59,13,0,28,2,1,0,3,1,2,0,0,0,0,0,0,1
88,9,0,75,2,9,0,3,5,0,0,0,0,0,0,0,1
94,18,0,70,3,2,0,8,1,0,0,0,0,0,0,0,1
65,19,0,42,1,0,0,4,26,0,1,0,1,0,0,0,1
29,12,0,13,1,0,0,2,0,0,0,0,0,0,0,0,1
138,13,0,10,2,1,1,1,3,18,0,0,0,0,0,0,1
7,4,0,0,1,0,0,0,0,0,0,0,0,0,0,0,0
45,21,0,11,3,0,0,1,3,2,0,0,0,0,0,0,1
43,5,0,35,2,0,1,3,1,0,0,0,0,0,0,0,1
63,9,0,17,2,0,2,1,14,4,0,0,0,0,0,0,0
33,9,0,20,2,0,1,3,4,0,0,0,0,0,0,0,1
39,8,0,25,3,0,0,4,5,0,0,0,0,0,0,0,1
122,11,0,107,2,2,0,1,12,2,1,0,0,0,0,0,0
18,14,0,0,1,0,0,0,0,0,0,0,0,0,0,0,1
60,17,5,33,2,0,0,1,24,0,0,0,0,0,0,0,1
24,11,0,7,4,0,0,1,13,0,0,0,0,1,0,0,1
35,10,0,21,2,0,0,3,1,0,1,0,0,0,0,0,1
42,8,4,25,2,0,0,3,0,0,0,0,0,0,0,0,1
37,13,0,18,3,0,0,2,0,0,1,0,0,0,0,0,1
48,9,0,36,1,0,0,2,23,0,0,0,0,0,0,0,1
89,9,0,59,3,1,0,7,0,4,2,0,1,0,0,0,1
24,4,3,12,2,0,0,2,0,0,0,0,0,0,0,0,0
42,13,0,26,1,2,0,2,0,0,0,0,0,0,0,0,1
18,14,0,0,1,1,0,0,0,0,0,0,0,0,0,0,0
116,6,0,19,5,0,1,6,16,10,0,0,0,0,0,0,0
51,10,5,30,3,0,0,3,0,0,1,0,0,0,1,0,1
65,6,0,55,1,0,0,4,24,0,0,0,0,0,0,0,1
40,4,0,32,1,0,0,4,0,0,0,0,0,0,0,0,0
26,3,12,7,4,0,0,2,2,0,0,0,0,0,0,0,1
142,15,0,10,2,8,1,1,6,10,0,0,0,0,0,0,1
13,9,0,0,1,0,0,0,4,0,0,0,0,0,0,0,1
32,17,0,12,1,0,0,1,0,0,0,0,0,0,0,0,1
42,9,0,26,3,0,0,3,0,0,0,0,0,0,0,0,1
60,13,0,43,2,0,3,1,0,0,0,0,0,0,0,0,0
86,12,0,10,3,0,1,1,5,10,0,0,0,0,0,0,1
11,8,0,0,1,0,0,0,0,0,0,0,0,0,1,0,1
35,11,11,9,2,1,0,1,2,0,0,0,0,0,0,0,1
109,3,0,102,1,14,0,3,5,0,0,0,0,0,0,0,0
54,4,12,33,3,0,3,1,4,0,2,0,0,0,0,0,0
21,7,0,11,2,0,0,1,0,0,0,0,0,0,0,0,1
18,11,0,0,2,0,0,0,0,0,0,0,0,0,0,0,1
106,14,0,92,3,0,0,2,11,0,1,0,1,1,0,0,1
23,7,0,9,2,0,0,1,4,0,0,0,0,0,0,0,1
1666,5,2,3,17,20,7,1,545,75,0,0,1,0,0,0,1
73,7,0,8,5,0,0,8,1,3,1,0,0,0,0,0,0
39,7,0,28,1,0,2,3,6,0,0,0,0,0,0,0,0
20,11,0,9,3,0,0,2,8,0,0,0,0,1,0,0,1
89,16,0,54,2,2,0,4,6,2,0,0,0,0,0,0,1
42,7,0,31,2,3,0,2,1,0,0,0,0,0,0,0,0
88,13,0,10,2,0,1,1,4,10,0,0,0,0,0,0,0
51,8,6,9,3,0,0,1,0,2,0,0,0,0,0,0,1
88,4,0,80,2,0,9,4,7,0,0,0,0,0,0,0,1
51,14,0,33,2,0,0,3,0,0,0,0,0,0,0,0,1
76,14,0,10,2,0,1,1,5,8,0,0,0,0,0,0,1
55,6,0,45,2,0,0,5,0,0,0,0,0,0,0,0,1
25,8,0,13,1,0,0,2,2,0,0,0,0,0,0,0,0
47,9,0,35,1,0,2,3,0,0,0,0,0,0,0,0,0
103,6,0,18,2,0,3,2,10,10,0,0,0,0,0,0,0
23,5,3,10,2,0,0,1,0,1,0,0,0,0,0,0,1
25,8,12,0,2,0,0,0,0,0,0,0,0,0,0,0,0
78,7,0,68,2,0,0,6,29,0,0,0,0,0,0,0,0
0,0,0,0,0,0,0,0,0,0,0,0,0,0,0,0,1
104,11,0,89,1,11,0,4,8,0,0,0,0,0,0,0,0
16,13,0,0,1,0,0,0,0,0,0,0,0,0,1,0,1
46,9,23,9,3,0,0,1,0,0,0,0,0,0,0,0,0
58,12,0,17,3,0,0,2,0,4,0,0,0,0,0,0,1
117,12,8,42,4,0,0,3,27,7,0,0,0,0,0,0,1
102,5,11,81,3,8,0,4,0,0,0,0,0,0,0,0,0
24,4,0,16,1,0,0,2,7,0,0,0,0,0,0,0,0
55,15,0,37,1,3,0,2,0,0,0,0,0,0,0,0,1
29,17,0,8,1,0,0,1,0,0,0,0,0,0,0,0,1
32,13,0,16,1,3,0,2,2,0,0,0,0,0,0,0,1
76,6,49,16,6,1,0,3,13,0,2,0,0,0,0,0,1
45,5,12,23,2,0,1,2,0,0,0,0,0,0,0,0,0
46,15,26,0,4,3,0,0,0,0,0,0,0,0,0,0,1
55,10,0,41,2,1,0,2,12,0,0,0,0,0,1,0,1
243,14,121,103,12,4,0,8,60,2,2,0,0,0,0,0,0
28,14,0,10,2,0,0,1,0,0,0,0,0,0,0,0,1
86,17,0,65,2,8,0,3,0,0,3,0,0,0,0,0,1
120,7,0,18,5,1,0,7,8,12,1,0,0,0,0,0,1
58,5,7,15,2,0,0,2,14,2,0,0,0,0,0,0,0
63,23,0,37,2,0,0,4,1,0,1,0,0,0,0,0,1
41,9,4,23,3,0,0,2,0,1,0,0,0,0,0,0,1
181,13,3,11,3,0,1,1,8,26,0,0,0,0,0,0,1
47,5,20,17,2,2,0,1,0,0,0,0,0,0,0,0,0
682,5,7,3,7,9,9,1,143,57,0,0,0,0,0,0,1
205,7,56,134,3,2,0,6,58,0,0,0,0,0,0,0,1
35,8,0,20,3,0,0,3,0,0,0,0,0,0,0,0,1
75,6,0,4,4,0,0,5,0,5,2,0,1,0,0,0,0
93,14,0,75,1,15,0,1,0,0,0,0,0,0,0,0,0
57,7,0,10,2,0,0,3,2,9,0,0,0,0,0,0,1
33,4,0,25,1,0,0,3,7,0,0,0,0,0,0,0,0
19,15,0,0,1,0,0,0,0,0,0,0,0,0,0,0,0
52,8,0,41,2,2,0,4,6,0,0,0,0,0,0,0,1
18,13,0,0,1,0,0,0,4,0,0,0,0,0,1,0,1
91,10,0,77,2,9,0,3,4,0,0,0,0,0,0,0,0
50,8,0,38,1,5,0,1,0,0,0,0,0,0,0,0,1
28,7,0,17,2,2,0,1,0,0,0,0,0,0,0,0,1
38,22,0,12,2,0,0,1,0,0,0,0,0,0,0,0,0
65,19,0,42,1,0,0,4,26,0,1,0,1,0,0,0,1
99,7,0,6,2,4,0,1,5,7,1,0,1,0,0,0,0
16,8,0,4,1,0,0,1,0,0,0,0,0,0,0,0,1
25,13,0,12,3,0,0,2,10,0,0,0,0,1,0,0,1
70,7,0,10,2,0,1,1,6,8,0,0,0,0,0,0,1
28,15,0,7,4,0,0,1,17,0,0,0,0,1,0,0,1
43,8,0,32,2,1,0,4,0,0,0,0,0,0,0,0,1
44,5,0,35,1,2,0,4,3,0,0,0,0,0,0,0,0
31,7,0,10,2,0,0,1,3,2,0,0,0,0,0,0,1
55,10,0,42,1,4,0,3,3,0,0,0,0,0,0,0,1
37,13,19,0,2,1,0,0,3,0,0,0,0,0,0,0,1
63,12,0,47,1,1,0,7,0,0,0,0,0,0,0,0,1
13,5,0,4,1,0,0,1,0,0,1,0,0,0,0,0,1
24,14,0,7,1,0,0,1,0,0,0,0,0,0,0,0,1
24,8,0,10,2,0,0,2,0,0,0,0,0,0,0,0,0
120,16,0,27,3,0,5,3,2,2,0,0,0,0,0,0,0
17,12,0,5,3,0,0,1,10,0,0,0,0,1,0,0,1
49,19,0,16,2,1,0,2,4,2,0,0,0,0,0,0,0
110,12,0,18,5,2,0,11,2,8,1,0,0,0,0,0,1
33,15,0,14,1,0,1,1,0,0,0,0,0,0,0,0,0
45,14,0,27,2,0,0,4,1,0,1,0,0,0,0,0,0
22,9,8,0,2,0,0,0,0,0,0,0,0,0,0,0,1
139,8,0,46,2,10,4,4,11,14,0,0,0,0,0,0,1
142,9,0,129,2,5,2,11,6,2,5,0,1,0,0,0,1
42,19,0,20,2,0,0,2,0,0,0,0,0,0,0,0,1
41,9,8,19,3,0,0,2,1,0,0,0,0,0,0,0,0
39,4,0,32,1,4,0,2,0,0,0,0,0,0,0,0,0
26,4,0,18,2,0,0,2,3,0,0,0,0,0,0,0,0
149,4,0,10,2,4,0,1,6,14,0,0,0,0,0,0,1
49,18,0,17,2,0,0,1,4,2,0,0,0,0,0,0,0
92,7,25,19,6,1,3,5,14,4,1,0,0,0,0,0,0
75,6,0,46,2,5,1,3,1,2,0,0,0,0,0,0,1
7,3,0,0,1,0,0,0,0,0,0,0,0,0,0,0,0
42,12,0,26,1,1,1,2,5,0,0,0,0,0,0,0,0
120,14,0,10,2,3,0,1,2,12,0,0,0,0,0,0,1
134,10,15,47,5,5,0,5,23,5,1,0,0,0,0,0,1
32,10,17,0,2,2,0,0,0,0,0,0,0,0,0,0,0
47,4,0,40,2,2,0,3,7,0,0,0,0,0,0,0,1
34,14,0,17,1,2,0,2,0,0,0,0,0,0,0,0,1
52,3,2,42,2,0,4,2,0,2,0,0,0,0,0,0,0
68,11,0,53,1,4,2,2,5,0,0,0,0,0,0,0,0
90,12,0,10,3,0,2,1,4,8,0,0,0,0,0,0,1
24,17,0,0,2,0,0,0,0,0,0,0,0,0,0,0,1
21,14,0,7,3,0,0,1,12,0,0,0,0,1,0,0,1
33,5,0,24,2,1,0,1,0,0,0,0,0,0,0,0,1
53,7,0,40,3,2,0,3,11,0,0,0,0,0,0,0,0
68,6,0,31,1,0,0,5,14,4,1,0,0,0,0,0,0
35,12,0,19,2,0,1,1,0,0,0,0,0,0,0,0,1
87,12,0,53,6,1,1,3,0,3,2,0,0,0,0,0,0
32,10,0,18,1,0,0,2,0,0,0,0,0,0,0,0,1
64,6,0,20,3,1,0,8,12,2,0,0,0,0,0,0,0
18,13,0,0,3,0,0,0,14,0,0,0,0,1,0,0,1
37,10,0,23,2,0,0,2,0,0,0,0,0,0,0,0,1
907,5,7,3,11,5,4,1,189,64,0,0,0,0,0,0,1
28,5,7,5,2,0,0,2,0,2,0,0,0,0,0,0,0
71,8,0,10,2,0,1,1,4,8,0,0,0,0,0,0,1
65,16,0,45,1,2,0,4,0,0,0,0,0,0,0,0,0
31,6,0,21,1,0,0,2,0,0,0,0,0,0,0,0,1
1666,5,2,3,17,20,7,1,545,75,0,0,1,0,0,0,1
49,5,3,36,3,0,0,5,5,1,0,0,0,0,0,0,1
76,12,0,10,2,0,1,1,4,8,0,0,0,0,0,0,1
45,2,12,27,3,0,0,4,0,0,2,0,0,0,0,0,0
24,17,0,0,2,0,0,0,0,0,0,0,0,0,0,0,1
31,7,0,6,1,0,0,1,1,2,0,0,0,0,0,0,0
56,6,30,16,6,0,0,2,2,0,0,0,0,0,0,0,1
18,12,0,0,2,0,0,0,0,0,0,0,0,0,0,0,1
141,13,0,124,1,0,1,5,68,0,1,0,0,0,0,0,0
28,14,0,10,1,0,0,2,1,0,0,0,0,0,0,0,1
50,18,27,0,4,3,0,0,0,0,1,0,0,0,0,0,1
58,17,0,34,3,0,0,4,4,0,0,0,0,0,0,0,1
19,9,5,0,2,1,0,0,0,0,0,0,0,0,0,0,1
541,11,0,35,3,1,0,4,150,2,0,0,1,0,0,0,1
44,14,0,26,2,0,0,1,4,2,0,0,0,0,0,0,0
23,13,0,10,3,0,0,2,10,0,0,0,0,1,0,0,1
85,14,0,65,5,1,0,4,17,8,0,0,0,1,0,0,1
83,9,0,47,5,1,0,4,0,3,2,1,0,0,0,0,1
36,11,0,21,1,1,0,2,0,0,0,0,0,0,0,0,0
36,13,0,19,2,0,0,2,0,0,0,0,0,0,0,0,0
41,17,0,20,1,2,0,1,0,0,0,0,0,0,0,0,0
11,7,0,0,1,0,0,0,0,0,0,0,0,0,0,0,1
56,15,0,37,2,1,0,5,0,0,0,0,0,0,0,0,1
69,7,0,10,2,0,1,1,4,8,0,0,0,0,0,0,1
297,9,0,48,15,0,0,4,62,29,1,1,0,0,0,0,1
37,9,10,13,2,0,0,2,0,0,0,0,0,0,0,0,0
62,17,0,41,1,0,0,1,23,0,0,0,0,0,0,0,0
22,7,0,9,2,0,0,2,0,0,0,0,0,0,0,0,0
23,2,17,0,2,1,0,0,0,0,0,0,0,0,0,0,0
26,6,3,12,2,0,0,3,3,0,0,0,0,0,0,0,0
79,11,0,10,2,0,1,1,2,10,0,0,0,0,0,0,1
93,17,0,17,2,5,0,2,4,5,0,0,0,0,0,0,0
47,9,2,31,2,0,2,2,0,0,0,0,0,0,0,0,0
47,14,0,10,2,0,0,1,2,3,0,0,0,0,0,0,0
76,13,0,59,3,2,0,5,0,0,1,0,0,0,0,0,0
192,6,60,119,11,3,0,1,15,1,2,0,0,0,0,0,1
31,7,0,6,1,0,0,1,1,2,0,0,0,0,0,0,0
73,7,0,62,2,0,1,3,4,0,0,0,0,0,0,0,0
28,11,0,14,2,0,0,1,0,0,0,0,0,0,0,0,0
302,5,0,293,1,6,0,4,102,90,0,0,0,0,0,0,0
541,11,0,35,3,1,0,4,131,2,0,0,1,0,0,0,1
26,6,0,16,2,0,1,2,2,0,0,0,0,0,0,0,0
80,13,0,14,2,0,1,2,6,8,0,0,0,0,0,0,1
22,13,0,3,4,0,0,1,15,0,0,0,0,1,0,0,1
12,9,0,0,1,0,0,0,4,0,0,0,0,0,0,0,1
172,22,0,10,2,3,1,1,7,18,0,0,0,0,0,0,1
21,15,0,6,3,0,0,1,12,0,0,0,0,1,0,0,1
44,5,5,4,4,1,0,4,0,1,1,0,0,0,0,0,1
27,4,5,13,2,0,0,2,4,0,0,0,0,0,0,0,1
49,17,0,15,2,1,0,2,0,2,1,0,0,0,0,0,1
59,19,0,36,1,0,0,2,22,0,0,0,0,0,0,0,1
33,12,0,21,4,0,0,2,9,0,0,0,0,1,0,0,1
43,3,10,25,2,1,0,2,0,0,0,0,0,0,0,0,1
26,14,0,8,1,0,0,2,0,0,0,0,0,0,0,0,0
46,12,0,30,1,3,0,2,3,0,0,0,0,0,0,0,1
36,8,0,25,2,0,0,3,1,0,0,0,0,0,0,0,1
31,6,7,13,2,0,0,1,0,1,0,0,0,0,0,0,1
19,15,0,0,1,0,0,0,0,0,0,0,0,0,0,0,0
84,13,22,21,7,1,2,5,11,4,2,0,0,0,0,0,0
30,10,0,16,1,1,0,3,1,0,0,0,0,0,0,0,0
38,7,12,14,2,0,1,1,0,0,0,0,0,0,0,0,1
79,5,12,57,4,4,0,4,14,0,0,0,0,0,0,0,0
54,5,0,45,1,3,0,3,2,0,0,0,0,0,0,0,0
91,7,0,10,2,0,1,1,11,10,0,0,0,0,0,0,1
23,4,0,15,1,0,0,2,7,0,0,0,0,0,0,0,0
61,17,0,40,1,0,3,2,0,0,0,0,0,0,0,0,0
36,11,0,21,1,1,0,2,0,0,0,0,0,0,0,0,0
46,10,0,31,2,0,0,3,0,1,0,0,0,0,0,0,0
29,9,0,16,2,0,0,2,0,0,0,0,0,0,0,0,0
48,12,0,33,4,0,0,5,2,0,0,0,1,0,0,0,1
23,5,7,7,2,0,0,1,0,0,0,0,0,0,0,0,1
37,11,0,22,1,0,1,3,0,0,0,0,0,0,0,0,0
26,13,0,7,4,0,0,1,15,0,0,0,0,1,0,0,1
47,8,0,35,2,0,1,2,17,0,0,0,0,0,0,0,1
56,3,21,27,4,2,1,1,18,0,0,0,0,0,0,0,1
21,5,0,12,2,0,0,1,0,0,0,0,0,0,0,0,1
132,14,24,23,8,5,2,5,2,5,1,0,1,0,0,0,0
36,5,9,17,2,0,1,2,0,0,0,0,0,0,0,0,0
59,7,9,38,3,0,0,5,2,1,0,0,0,0,0,0,0
26,9,0,14,1,0,0,2,0,0,0,0,0,0,0,0,1
161,3,0,10,2,0,3,1,3,29,0,0,0,0,0,0,0
258,7,0,18,15,0,0,4,62,31,1,0,0,0,0,0,1
123,4,35,4,4,1,1,2,29,4,0,0,1,0,0,0,0
49,19,0,23,2,2,0,3,0,0,0,0,0,0,0,0,1
24,12,0,6,2,0,0,1,2,0,0,0,0,0,0,0,1
21,7,0,10,1,0,0,1,0,0,0,0,0,0,0,0,0
56,10,0,42,1,5,0,1,0,0,0,0,0,0,0,0,0
151,16,0,10,2,5,1,1,6,10,0,0,0,0,0,0,1
172,3,62,103,2,0,0,3,0,0,2,0,1,0,0,0,1
30,10,0,16,2,0,0,2,2,0,0,0,0,0,0,0,1
15,10,0,0,1,0,0,0,0,0,0,0,0,0,1,0,1
53,9,0,40,2,3,0,3,0,0,0,0,0,0,0,0,0
44,9,10,20,2,1,0,2,0,0,0,0,0,0,0,0,0
13,9,0,0,1,0,0,0,0,0,0,0,0,0,0,0,0
85,12,0,70,2,1,0,7,2,1,2,0,0,0,0,0,1
41,5,0,13,2,1,0,2,1,2,0,0,0,0,0,0,1
28,19,0,6,1,0,0,1,0,0,0,0,1,0,0,0,1
46,7,0,35,2,0,0,4,0,1,0,0,0,0,0,0,1
82,13,22,21,7,1,2,5,11,4,2,0,0,0,0,0,0
225,10,0,211,2,29,0,4,2,0,0,0,0,0,0,0,0
33,13,15,0,2,0,0,0,6,0,0,0,0,0,0,0,1
60,8,11,36,3,4,0,3,12,0,0,0,0,0,0,0,0
28,9,0,15,2,0,0,2,0,0,0,0,0,0,0,0,1
80,13,0,63,2,12,0,1,2,0,0,0,0,0,0,0,0
26,14,0,12,3,0,0,2,11,0,0,0,0,1,0,0,1
42,21,0,17,2,0,0,2,0,0,0,0,0,0,0,0,1
41,11,0,26,1,0,0,4,0,0,0,0,0,0,0,0,1
98,20,0,10,2,1,1,1,6,8,0,0,0,0,0,0,1
121,20,0,19,1,1,0,2,14,2,0,0,0,0,0,0,1
107,8,9,85,4,6,0,3,12,1,0,0,0,0,0,0,1
44,6,0,34,1,1,0,3,5,0,1,0,0,0,0,0,0
55,14,0,37,2,0,4,1,0,0,0,0,0,0,0,0,0
106,8,0,94,2,17,0,1,26,0,0,0,0,0,0,0,0
27,4,5,13,2,0,0,2,4,0,0,0,0,0,0,0,1
166,7,0,155,3,5,3,13,0,2,5,0,1,0,0,0,0
115,8,4,20,9,0,0,3,10,10,0,0,1,0,0,0,1
32,5,0,23,1,3,0,2,0,0,0,0,0,0,0,0,0
78,11,0,63,2,12,0,1,5,0,0,0,0,0,0,0,0
38,19,0,15,2,0,1,1,0,0,0,0,0,0,0,0,0
23,19,0,0,1,0,0,0,0,0,0,0,0,0,0,0,1
111,5,14,87,4,5,2,5,8,0,0,0,0,0,0,0,0
24,7,0,13,2,0,0,1,0,0,0,0,0,0,0,0,1
87,19,0,10,3,1,1,1,2,6,0,0,0,0,0,0,1
88,10,0,74,2,8,0,4,13,0,0,0,0,0,0,0,1
78,17,0,10,2,0,1,1,4,8,0,0,0,0,0,0,1
88,6,0,39,2,1,0,3,13,6,0,0,0,0,0,0,0
50,12,0,23,1,1,0,2,1,4,0,0,0,0,0,0,1
90,15,0,45,1,4,2,3,1,2,0,0,0,0,0,0,0
102,12,0,13,2,0,1,2,5,10,0,0,0,0,0,0,1
23,12,0,7,1,0,0,1,0,0,0,0,0,0,0,0,1
23,7,0,12,2,0,0,1,0,0,0,0,0,0,0,0,1
66,16,0,18,2,1,0,1,1,6,0,0,0,0,0,0,1
41,6,0,2,1,0,0,1,9,7,1,0,0,0,0,0,0
41,9,2,25,2,0,2,2,0,0,0,0,0,0,0,0,0
63,13,0,24,2,1,0,3,11,5,0,0,0,0,0,0,1
47,5,16,20,6,0,0,3,0,0,1,0,0,0,0,0,1
33,20,0,9,1,1,0,1,0,0,0,0,0,0,0,0,0
30,16,0,11,2,1,0,1,0,0,0,0,0,0,0,0,1
18,10,0,4,1,0,0,1,0,0,0,0,0,0,0,0,0
19,7,0,8,1,0,0,1,2,0,0,0,0,0,0,1,0
248,8,0,36,14,0,0,5,79,24,0,0,0,0,0,0,1
49,8,0,38,1,5,0,1,7,0,0,0,0,0,0,0,0
36,4,0,28,2,0,0,4,0,0,1,0,0,0,0,0,1
57,4,3,9,3,0,1,1,17,6,0,0,0,0,0,0,1
97,7,4,41,4,0,0,2,3,3,0,0,0,0,0,0,0
54,10,0,40,1,0,0,2,19,0,0,0,0,0,0,0,1
76,8,0,64,1,5,0,5,12,0,0,0,0,0,0,0,0
58,14,0,41,2,3,0,4,12,0,0,0,0,0,0,0,1
23,2,0,17,1,0,2,1,0,0,0,0,0,0,0,0,0
49,10,0,32,2,0,0,4,0,0,0,0,0,0,0,0,1
74,3,7,59,3,0,1,6,6,0,0,0,0,0,0,0,0
48,12,0,33,4,0,0,5,2,0,0,0,1,0,0,0,1
28,8,0,14,2,0,0,2,0,0,0,0,0,0,0,0,0
45,9,10,21,2,1,0,2,0,0,0,0,0,0,0,0,0
68,4,12,48,3,1,0,2,23,0,0,0,0,0,0,0,1
41,6,0,31,1,3,0,3,0,0,0,0,0,0,0,0,0
346,7,9,22,5,1,0,2,41,22,0,0,0,0,0,0,0
44,16,0,25,2,2,0,1,0,0,0,0,0,0,0,0,1
33,13,0,16,1,1,2,1,0,0,0,0,0,0,0,0,0
116,8,0,26,3,1,4,2,28,10,0,0,0,0,0,0,0
31,5,5,16,2,1,0,1,0,0,0,0,0,0,0,0,0
82,12,0,66,1,5,5,2,0,0,0,0,0,0,0,0,0
54,11,0,39,1,1,0,5,16,0,0,0,0,0,0,0,1
30,7,0,3,1,0,0,1,5,2,0,0,0,0,0,0,0
55,5,0,26,2,1,0,3,1,2,0,0,0,0,0,0,1
36,17,0,15,1,0,0,1,1,2,0,0,0,0,0,0,0
40,16,0,19,2,0,1,1,0,0,0,0,0,0,1,0,1
37,19,13,0,3,1,0,0,0,0,0,0,0,0,0,0,1
57,8,0,45,1,2,0,3,17,2,0,0,0,0,0,0,0
42,6,29,0,6,0,0,0,3,0,1,0,0,0,0,0,1
79,13,0,11,3,3,0,1,10,4,1,0,0,0,0,0,0
71,8,0,59,2,1,2,5,1,0,0,0,0,0,0,0,1
44,16,0,24,2,0,0,3,0,0,0,0,0,0,0,0,1
23,7,0,12,1,0,0,1,0,0,0,0,0,0,0,0,0
120,15,0,72,2,2,1,5,22,2,0,0,0,0,0,0,1
28,7,0,17,2,0,0,2,6,0,0,0,0,0,0,0,0
40,16,0,20,2,1,0,3,4,0,0,0,0,0,0,0,0
50,5,0,41,1,0,0,2,18,0,0,0,0,0,1,0,1
53,7,0,15,2,0,1,1,6,6,0,0,0,0,0,0,1
26,6,0,16,2,1,0,1,0,0,0,0,0,0,0,0,0
39,7,0,28,2,0,0,3,0,0,0,0,0,0,1,0,1
21,9,0,9,2,1,0,1,0,0,0,0,0,0,0,0,1
18,8,0,6,1,0,0,1,3,0,0,0,0,0,0,0,1
108,9,0,45,4,1,0,6,6,2,0,0,1,0,0,0,1
190,11,4,74,3,1,1,6,49,11,0,0,0,0,0,0,0
31,15,0,1,1,0,1,1,2,2,0,0,0,0,0,0,0
65,8,0,50,3,3,0,3,0,0,0,0,0,0,0,0,1
82,17,0,61,1,0,0,7,0,0,1,0,0,0,0,0,1
137,18,0,115,2,10,1,4,23,0,0,0,0,0,0,0,0
69,9,4,52,3,0,0,4,16,5,0,0,0,0,0,0,1
24,11,0,9,2,0,0,1,0,0,0,0,0,0,0,0,0
63,8,0,52,2,0,1,4,26,0,0,0,0,0,0,0,1
48,16,0,28,1,2,0,2,0,0,0,0,0,0,0,0,1
52,6,0,42,1,4,0,3,11,0,1,0,0,0,0,0,0
62,10,7,40,2,0,0,1,39,0,0,0,0,0,0,0,1
18,9,0,6,1,0,0,1,0,0,0,0,1,0,0,0,1
76,14,0,27,2,1,0,4,7,4,0,0,0,0,0,0,1
33,5,4,19,3,0,0,2,0,1,0,0,0,0,0,0,1
234,8,0,8,1,0,0,3,37,4,0,0,0,0,1,0,1
91,6,4,76,2,2,1,5,8,0,1,0,0,0,0,0,1
95,7,5,20,2,2,0,4,7,10,0,0,0,0,0,0,0
244,12,0,41,9,0,1,9,8,27,1,0,1,0,0,0,1
48,12,0,33,4,0,0,5,2,0,0,0,1,0,0,0,1
27,4,0,19,2,0,0,2,0,1,0,0,0,0,0,0,1
19,15,0,0,1,0,0,0,0,0,0,0,0,0,0,0,1
61,7,0,50,2,4,0,4,0,0,0,0,0,0,0,0,0
42,10,0,9,2,0,2,1,0,2,0,0,0,0,0,0,0
33,12,0,17,2,0,0,1,0,0,0,0,0,0,0,0,1
38,6,5,22,2,4,0,2,1,0,0,0,0,0,0,0,0
43,13,0,26,2,0,0,1,0,0,0,0,0,0,0,0,1
13,3,6,0,2,0,0,0,0,0,0,0,0,0,0,0,1
112,11,0,10,2,2,1,1,10,10,0,0,0,0,0,0,1
20,6,0,10,1,0,0,2,0,0,0,0,0,0,0,0,1
110,5,16,20,7,1,0,5,1,11,2,0,1,0,0,0,1
26,9,0,12,2,0,0,1,0,0,0,0,0,0,1,0,1
45,11,7,22,2,0,0,1,0,3,0,0,0,0,0,0,0
24,5,4,10,2,0,0,2,0,0,0,0,1,0,0,0,1
56,9,0,44,3,1,0,5,0,0,0,0,0,0,0,0,1
117,14,0,10,2,3,1,1,4,10,0,0,0,0,0,0,1
65,17,0,44,2,1,0,4,0,0,0,0,0,0,0,0,1
82,14,0,64,2,4,0,3,12,0,0,0,0,0,0,0,0
35,3,19,8,3,0,0,1,3,0,0,0,0,0,0,0,1
25,13,0,12,4,0,0,2,10,0,0,0,0,1,0,0,1
16,6,0,6,1,0,0,2,0,0,0,0,0,0,0,0,1
56,9,0,21,3,1,0,7,0,1,1,0,1,0,0,0,1
40,14,0,12,2,0,0,2,5,2,0,0,0,0,0,0,0
23,4,0,15,1,0,0,2,7,0,0,0,0,0,0,0,0
149,16,0,10,2,1,1,1,8,18,0,0,0,0,0,0,1
45,15,0,13,4,0,0,2,21,1,0,0,0,1,0,0,1
98,15,10,67,5,0,0,3,6,1,0,0,0,0,1,0,1
36,15,0,17,2,0,0,1,0,0,0,0,0,0,0,0,0
26,6,0,16,1,0,0,1,4,0,0,0,0,0,0,0,0
20,16,0,0,1,0,0,0,0,0,0,0,0,0,0,0,0
57,15,6,31,3,2,0,3,0,0,0,0,0,0,0,0,0
62,14,0,44,1,0,0,3,20,0,0,0,0,0,0,0,1
54,9,0,41,1,0,4,2,0,0,0,0,0,0,0,0,1
17,7,0,6,1,0,0,1,0,0,0,0,0,0,1,0,1
48,6,0,38,1,3,0,3,10,0,1,0,0,0,0,0,0
71,20,0,25,2,0,0,4,3,3,1,1,0,0,0,0,1
42,10,0,16,2,0,0,1,7,2,0,0,0,0,0,0,0
80,11,0,65,1,0,0,10,21,0,0,0,0,0,0,0,0
117,13,0,10,2,1,1,1,5,14,0,0,0,0,0,0,1
88,8,0,76,1,9,0,5,10,0,0,0,0,0,0,0,0
126,16,0,106,2,12,0,2,0,0,0,0,0,0,0,0,1
36,8,0,21,2,0,0,3,0,0,0,0,0,0,0,0,1
31,3,0,24,2,0,0,3,0,0,0,0,0,0,0,0,1
110,23,0,9,3,0,3,1,3,8,0,0,0,0,0,0,1
42,13,0,25,2,3,0,1,0,0,0,0,0,0,0,0,1
74,10,0,60,1,5,0,2,0,0,0,0,0,0,0,0,0
92,19,0,69,4,0,0,5,2,0,0,0,1,0,0,0,1
22,14,0,8,3,0,0,1,11,0,0,0,0,1,0,0,1
90,21,0,65,2,12,0,3,5,0,0,0,0,0,0,0,1
94,14,0,77,1,9,0,3,2,0,0,0,0,0,0,0,1
31,11,0,8,2,0,0,1,2,2,0,0,0,0,0,0,1
51,8,0,39,1,1,0,3,15,0,0,0,0,0,0,0,0
29,4,0,21,1,0,0,3,12,0,0,0,0,0,0,0,0
29,14,0,12,1,1,0,2,1,0,0,0,0,0,0,0,1
22,6,0,12,1,0,0,2,5,0,0,0,0,0,0,0,0
25,4,0,18,3,0,0,2,0,0,1,0,0,0,0,0,1
166,7,0,155,3,5,3,13,0,2,5,0,1,0,0,0,0
100,8,0,86,4,0,0,2,21,0,0,0,0,0,0,0,1
104,15,0,10,3,0,1,1,9,12,0,0,0,0,0,0,1
76,18,0,54,2,1,0,6,0,0,0,0,0,0,0,0,1
70,9,0,58,1,6,0,4,8,0,0,0,0,0,0,0,0
25,6,0,15,1,0,0,1,0,1,0,0,0,0,0,0,0
17,13,0,0,1,0,0,0,0,0,0,0,0,0,0,0,1
127,10,84,25,6,2,0,2,16,1,2,0,0,0,0,0,0
102,10,0,10,3,1,1,1,9,10,0,0,0,0,0,0,1
78,10,0,64,1,9,0,4,8,0,0,0,0,0,0,0,0
53,5,0,44,2,3,0,5,10,0,0,0,0,0,0,0,1
12,3,0,5,1,0,0,1,0,0,0,0,0,0,0,0,1
26,10,0,12,1,0,0,1,0,0,1,0,0,0,1,0,1
19,9,0,6,1,0,0,1,0,0,0,0,0,0,0,0,1
31,19,0,1,1,0,0,1,4,2,0,0,0,0,0,0,0
47,9,0,34,1,0,1,3,6,0,0,0,0,0,0,0,0
73,8,0,10,3,0,1,1,4,8,0,0,0,0,0,0,1
18,6,0,8,1,0,0,1,3,0,0,0,0,0,0,0,1
90,7,0,77,6,0,0,8,0,0,0,0,1,0,0,0,1
89,21,0,35,2,3,0,3,1,6,0,0,0,0,0,0,1
40,5,0,22,3,0,0,3,3,1,0,0,0,0,0,0,1
71,8,21,37,3,6,0,3,6,0,1,0,0,0,0,0,1
96,9,0,43,2,1,3,5,1,2,0,0,0,0,0,0,1
44,11,0,26,3,0,0,3,0,0,0,0,0,0,0,0,1
70,19,0,47,2,0,3,2,0,0,0,0,0,0,0,0,0
9,5,0,0,1,0,0,0,0,0,0,0,0,0,0,0,0
35,5,0,26,2,2,0,1,9,4,0,0,0,0,0,0,0
61,10,0,47,2,0,3,4,0,0,0,0,0,0,0,0,0
37,4,5,23,3,0,0,3,1,1,0,0,0,0,0,0,0
43,6,0,33,1,0,0,3,10,0,0,0,0,0,0,0,0
90,24,0,10,2,1,1,1,7,8,0,0,0,0,0,0,1
34,11,0,16,2,0,0,4,0,0,0,0,0,0,0,0,1
43,11,0,14,1,3,0,1,0,2,0,0,0,0,0,0,1
69,15,0,37,2,0,0,3,5,2,0,0,0,0,0,0,0
60,5,9,41,4,2,0,4,6,0,0,0,0,0,0,0,0
31,7,0,6,1,0,0,1,2,2,0,0,0,0,0,0,0
30,13,0,13,2,0,0,1,1,0,0,0,0,0,0,0,1
153,12,0,10,2,7,1,1,7,10,1,0,0,0,0,0,1
39,2,5,27,5,0,0,2,0,1,0,0,0,0,0,0,1
13,9,0,0,1,0,0,0,0,0,0,0,0,0,0,0,0
158,15,0,96,6,2,3,8,7,2,1,0,1,0,0,0,1
135,14,0,115,2,15,0,4,15,0,0,0,0,0,0,0,1
541,11,0,35,3,1,0,4,142,2,0,0,1,0,0,0,1
127,3,0,121,1,10,0,7,1,0,0,0,0,0,0,0,0
56,10,0,42,1,3,0,3,0,0,0,0,0,0,0,0,0
24,11,0,10,2,0,0,1,0,0,0,0,0,0,0,0,1
12,5,0,4,1,0,0,1,0,0,0,0,0,0,0,0,1
58,5,8,40,2,0,1,3,0,0,1,0,0,0,0,0,0
82,11,0,10,2,0,1,1,2,10,0,0,0,0,0,0,1
36,21,10,0,2,1,0,0,1,0,0,0,0,0,0,0,1
100,13,0,30,2,1,3,4,1,6,0,0,0,0,0,0,1
96,9,0,83,1,10,0,2,7,0,1,0,0,0,0,0,0
148,11,0,10,3,2,1,1,6,18,0,0,0,0,0,0,1
87,15,0,34,2,0,0,3,1,8,0,0,0,0,0,0,1
18,14,0,4,3,0,0,1,12,0,0,0,0,1,0,0,1
76,8,7,56,2,0,1,8,8,0,0,0,0,0,0,0,0
102,8,0,39,4,3,1,6,0,3,2,0,0,0,0,0,0
60,14,0,42,2,4,0,2,0,0,0,0,0,0,0,0,0
25,2,9,10,3,0,0,1,5,0,0,0,0,0,0,0,1
67,20,15,27,4,2,0,1,2,1,0,0,0,0,0,0,1
25,10,0,11,1,0,0,2,0,0,0,0,0,0,0,0,0
159,4,7,52,12,1,0,12,6,7,0,0,1,0,0,0,1
30,7,0,4,1,0,0,1,0,2,0,0,0,0,0,0,1
26,8,0,15,1,0,0,1,0,0,0,0,0,0,0,0,0
50,9,0,37,1,2,0,4,4,0,0,0,0,0,0,0,0
27,9,0,14,2,0,1,2,2,0,0,0,0,0,0,0,1
61,9,0,10,2,0,1,1,2,6,0,0,0,0,0,0,1
141,11,0,10,2,1,1,1,7,18,0,0,0,0,0,0,1
115,8,0,104,1,0,1,8,23,1,0,0,0,0,0,0,1
42,14,0,11,2,0,0,1,5,2,0,0,0,0,0,0,0
23,4,0,15,1,0,0,2,7,0,0,0,0,0,0,0,0
20,3,13,0,2,0,0,0,0,0,0,0,0,0,0,0,1
52,18,0,30,2,0,0,3,0,0,0,0,0,0,0,0,1
32,4,0,24,1,0,0,3,7,0,0,0,0,0,0,0,0
25,8,0,13,1,0,0,2,2,0,0,0,0,0,0,0,1
1666,5,2,3,17,20,7,1,545,75,0,0,1,0,0,0,1
14,10,0,0,1,0,0,0,0,0,0,0,0,0,0,0,0
83,19,0,10,2,1,1,1,4,8,0,0,0,0,0,0,1
48,15,0,29,1,2,0,2,0,0,0,0,0,0,0,0,1
50,13,0,30,2,1,0,4,1,0,0,0,0,0,0,0,1
117,13,4,10,6,1,0,1,6,19,2,0,1,0,1,0,0
27,8,14,0,2,0,0,0,0,0,0,0,0,0,0,0,0
27,7,0,16,2,0,0,2,0,0,0,0,0,0,0,0,1
117,13,4,10,6,1,0,1,6,19,2,0,1,0,1,0,0
16,12,0,0,1,0,0,0,0,0,0,0,0,0,0,0,0
20,16,0,0,1,0,0,0,0,1,0,0,0,0,0,0,1
13,9,0,0,1,0,0,0,0,0,0,0,0,0,0,0,1
28,15,0,7,4,0,0,1,17,0,0,0,0,1,0,0,1
37,3,0,30,2,1,0,3,0,0,0,0,0,0,0,0,1
27,14,0,7,4,0,0,1,16,0,0,0,0,1,0,0,1
24,10,0,10,1,0,0,1,1,0,0,0,0,0,0,0,1
158,9,3,10,4,8,1,1,6,8,0,0,0,0,0,0,1
184,6,0,23,2,0,5,3,29,18,1,0,0,0,0,0,0
109,15,0,44,5,4,1,8,0,2,2,0,1,0,0,0,1
33,9,0,20,2,0,0,2,1,0,0,0,0,0,0,0,1
50,9,9,27,3,0,0,2,4,0,0,0,0,0,0,0,0
111,6,0,34,4,4,1,8,0,5,1,0,1,0,0,0,1
176,6,18,21,3,11,0,3,21,6,1,0,0,0,0,0,1
48,9,2,32,2,0,3,2,0,0,0,0,0,0,0,0,0
28,9,0,15,1,0,0,2,3,1,0,0,0,0,0,0,0
245,11,0,37,8,0,1,10,10,28,1,0,1,0,0,0,1
93,11,0,10,4,0,2,1,5,8,0,0,0,0,0,0,1
34,14,0,16,1,1,0,2,0,0,0,0,0,0,0,0,0
75,14,0,57,1,2,0,5,5,0,0,0,0,0,0,0,0
11,3,0,4,1,0,0,1,0,0,0,0,0,0,0,0,1
50,5,9,31,3,0,0,3,6,0,0,0,0,0,0,0,0
35,10,0,21,2,0,0,2,0,0,0,0,0,0,0,0,0
38,10,0,24,1,0,0,1,4,0,0,0,0,0,0,0,1
20,7,0,9,1,0,0,1,0,0,0,0,0,0,0,0,1
60,9,0,47,1,5,0,1,4,0,0,0,0,0,0,0,0
23,8,0,11,2,0,0,1,4,0,0,0,0,0,0,0,1
78,23,0,10,2,0,1,1,0,4,1,0,0,0,0,0,1
75,18,0,75,4,0,1,5,1,0,0,0,1,0,0,0,1
41,14,0,27,4,0,0,2,13,0,0,0,0,1,0,0,1
101,8,0,89,2,10,0,2,0,0,0,0,0,0,0,0,0
41,4,0,34,2,5,0,2,0,0,0,0,0,0,0,0,1
87,7,0,10,2,1,1,1,3,12,0,0,0,0,0,0,1
24,11,0,7,4,0,0,1,13,0,0,0,0,1,0,0,1
70,7,6,13,2,0,0,2,26,2,0,0,0,0,0,0,0
54,12,0,39,1,1,0,5,0,0,0,0,0,0,0,0,1
94,8,0,82,2,14,0,1,18,0,0,0,0,0,0,0,0
45,12,0,29,2,0,0,3,0,0,0,0,1,0,0,0,1
86,9,0,73,2,0,7,1,0,0,0,0,0,0,0,0,0
73,18,0,48,3,1,0,8,3,0,0,0,0,0,0,0,0
118,10,0,43,3,0,0,5,30,4,0,0,0,0,0,0,1
54,12,0,38,1,4,0,2,0,0,0,0,0,0,0,0,0
50,11,0,35,2,1,0,4,0,0,1,0,0,0,0,0,1
12,3,0,6,1,0,0,1,1,0,0,0,0,0,0,0,1
172,3,62,103,2,0,0,3,0,0,2,0,1,0,0,0,1
170,10,0,104,7,2,4,9,17,2,1,0,1,0,0,0,1
92,19,0,69,4,0,0,5,2,0,0,0,1,0,0,0,1
38,12,0,22,1,0,0,4,0,0,0,0,0,0,0,0,1
50,8,0,10,2,0,0,1,1,6,0,0,0,0,0,0,1
27,5,0,18,1,0,0,1,1,0,0,0,0,0,0,0,1
19,13,0,0,2,0,0,0,0,0,0,0,0,0,0,0,1
85,11,0,10,2,0,1,1,4,10,0,0,0,0,0,0,1
26,13,0,13,3,0,0,2,11,0,0,0,0,1,0,0,1
131,8,0,42,4,2,3,6,4,8,0,0,0,0,0,0,1
54,8,0,42,2,3,0,1,0,0,0,0,0,0,0,0,0
45,4,12,25,4,1,0,2,0,0,0,0,0,0,0,0,1
56,3,0,29,2,2,1,3,8,2,1,0,0,0,0,0,1
14,10,0,0,1,0,0,0,0,0,0,0,0,0,0,0,1
31,10,0,10,2,0,0,1,0,2,0,0,0,0,0,0,1
20,8,0,8,1,0,0,1,0,0,0,0,0,0,0,0,0
26,11,0,11,2,0,0,2,1,0,0,0,0,0,0,0,1
114,5,0,14,5,0,0,3,1,13,1,0,0,0,0,0,0
24,5,4,10,2,0,0,2,0,0,0,0,1,0,0,0,1
36,7,0,25,2,0,0,3,0,0,0,0,0,0,0,0,1
69,15,0,50,1,0,0,3,20,0,0,0,0,0,0,0,1
31,5,3,19,2,0,0,2,0,1,0,0,0,0,0,0,1
72,10,0,45,2,0,0,3,23,1,0,0,0,0,0,0,0
240,5,1,30,7,2,5,5,40,20,0,0,0,0,0,0,0
46,14,0,28,2,0,1,3,0,0,0,0,0,0,0,0,1
74,6,0,8,3,0,0,2,7,8,0,0,0,0,0,0,1
102,14,0,74,2,0,1,8,0,2,1,0,0,0,0,0,0
66,15,0,45,2,0,0,2,24,0,0,0,0,0,0,0,1
541,11,0,35,3,1,0,4,131,2,0,0,1,0,0,0,1
98,7,0,17,2,0,1,2,4,10,0,0,0,0,0,0,1
41,8,0,29,2,3,0,1,0,0,0,0,0,0,0,0,0
140,7,0,10,2,0,1,1,8,18,0,0,0,0,0,0,1
42,15,0,23,2,0,0,3,0,0,0,0,0,0,0,0,1
170,16,0,148,3,2,0,10,48,0,2,0,1,0,0,0,0
22,8,0,10,2,0,0,1,0,0,0,0,0,0,0,0,1
68,17,0,47,1,6,0,2,1,0,0,0,0,0,0,0,1
21,4,7,6,2,0,0,1,2,0,0,0,0,0,0,0,1
75,11,0,60,1,2,0,4,21,0,1,0,0,0,0,0,1
30,12,0,14,2,0,0,2,0,0,0,0,0,0,0,0,1
19,6,0,9,1,0,0,1,0,0,0,0,0,0,0,0,0
166,7,0,155,3,5,3,13,0,2,5,0,1,0,0,0,0
49,3,6,16,2,1,0,3,11,1,0,0,0,0,0,0,0
221,9,0,42,2,1,1,4,70,9,1,0,0,0,0,0,1
58,12,0,42,2,1,3,3,8,0,0,0,0,0,0,0,0
77,9,0,16,4,0,0,5,0,4,2,0,1,0,0,0,1
33,9,2,17,2,0,1,2,0,0,0,0,0,0,0,0,0
16,7,0,5,2,0,0,1,0,0,0,0,0,0,0,0,1
198,15,0,176,16,0,5,2,10,0,0,0,0,0,0,0,1
23,17,0,0,2,0,0,0,0,0,0,0,0,0,0,0,1
69,15,0,50,2,0,4,2,5,0,0,0,0,0,0,0,0
48,7,0,37,2,1,2,3,1,0,0,0,0,0,0,0,0
19,5,0,10,2,0,0,1,0,0,0,0,0,0,0,0,1
65,22,0,36,3,3,0,2,0,0,0,0,0,0,0,0,1
33,18,0,11,2,0,0,1,0,0,0,0,0,0,0,0,1
35,3,8,20,4,0,0,2,0,1,0,0,0,0,0,0,1
21,17,0,0,1,0,0,0,0,0,0,0,0,0,0,0,1
22,13,0,4,1,0,0,1,0,0,0,0,0,0,1,0,1
61,17,0,40,1,1,0,6,0,0,0,0,0,0,0,0,1
26,8,0,14,2,1,0,1,2,0,0,0,0,0,0,0,1
106,4,60,38,6,1,0,2,57,0,1,0,0,0,0,0,1
19,15,0,0,1,0,0,0,0,0,0,0,0,0,0,0,1
100,12,0,10,2,0,1,1,6,12,0,0,0,0,0,0,1
541,11,0,35,3,1,0,4,131,2,0,0,1,0,0,0,1
34,18,0,12,1,0,0,1,1,0,0,0,0,0,0,0,1
20,16,0,0,1,0,0,0,3,0,0,0,0,0,0,0,1
70,21,0,45,1,6,0,1,5,3,0,0,0,0,0,0,0
33,5,7,17,3,0,0,2,4,0,0,0,0,0,0,0,1
124,10,0,21,2,2,1,3,43,4,1,0,0,0,0,0,1
65,5,0,56,2,0,1,4,0,0,0,0,0,0,0,0,0
68,6,7,50,2,6,0,2,5,0,0,0,0,0,0,0,0
254,15,0,49,5,3,1,6,26,14,0,0,1,0,0,0,1
47,11,0,32,1,1,0,5,10,0,0,0,0,0,0,0,1
41,8,0,29,1,1,0,3,9,0,0,0,0,0,0,0,0
35,26,0,6,2,2,0,1,0,0,0,0,0,0,0,0,1
58,9,0,46,3,1,0,5,0,0,0,0,0,0,0,0,1
42,10,0,28,2,0,1,2,3,0,0,0,0,0,0,0,1
76,10,0,62,1,6,0,2,0,0,0,0,0,0,0,0,0
142,9,6,27,3,1,7,3,4,6,0,0,0,0,0,0,1
48,20,0,24,2,0,2,2,0,0,0,0,0,0,0,0,0
90,15,0,72,2,3,0,6,2,0,0,0,0,0,0,0,1
26,13,0,7,4,0,0,1,15,0,0,0,0,1,0,0,1
27,5,0,10,2,0,0,1,0,2,0,0,0,0,0,0,1
18,14,0,0,1,0,0,0,0,0,0,0,0,0,0,0,0
33,8,20,0,2,0,0,0,0,0,0,0,0,0,0,0,0
148,9,0,28,2,0,1,2,22,30,0,0,0,0,0,0,0
83,12,0,10,2,0,1,1,5,10,0,0,0,0,0,0,1
125,8,0,113,1,8,0,3,28,0,0,0,0,0,0,0,0
21,7,0,11,1,0,0,2,0,0,0,0,0,0,0,0,1
19,9,0,6,1,0,0,1,2,0,0,0,0,0,0,0,1
34,7,0,9,2,0,0,1,3,2,0,0,0,0,0,0,1
10,6,0,0,1,0,0,0,0,0,0,0,0,0,0,0,1
41,7,0,27,2,0,0,5,0,0,0,0,0,0,0,0,1
30,11,0,15,2,0,0,2,0,0,0,0,0,0,0,0,1
92,12,0,10,3,1,2,1,3,8,0,0,0,0,0,0,1
24,6,0,14,2,0,0,2,0,0,0,0,0,0,0,0,1
14,10,0,0,1,0,0,0,0,0,0,0,0,0,0,0,0
78,9,0,66,1,7,0,4,6,0,0,0,0,0,0,0,0
61,16,0,23,2,2,0,1,0,2,0,0,0,0,0,0,1
27,7,0,16,1,0,0,3,1,0,0,0,0,0,0,0,1
43,9,0,30,2,1,0,4,0,0,0,0,0,0,0,0,1
199,10,0,10,2,0,1,1,20,8,0,0,0,0,0,0,1
52,14,0,34,2,0,0,4,2,0,0,0,0,0,0,0,1
89,7,0,10,2,0,1,1,5,12,0,0,0,0,0,0,1
31,7,0,6,1,0,0,1,1,2,0,0,0,0,0,0,0
31,5,5,16,3,1,0,2,0,0,0,0,0,0,1,0,1
25,8,0,13,1,0,0,2,0,0,0,0,0,0,0,0,1
41,17,0,21,2,0,1,2,0,0,0,0,0,0,0,0,1
30,17,0,9,2,1,0,1,1,0,0,0,0,0,0,0,1
68,4,12,48,3,1,0,2,23,0,0,0,0,0,0,0,1
67,5,5,52,2,5,0,1,8,0,0,0,0,0,0,0,0
67,4,12,47,3,1,0,2,22,0,0,0,0,0,0,0,1
56,6,0,16,3,0,1,2,1,4,0,0,0,0,0,0,1
79,5,5,64,3,6,0,5,8,0,0,0,0,0,0,0,0
22,12,0,6,1,0,0,1,0,0,0,0,0,0,0,0,1
84,17,0,64,2,8,0,2,1,0,0,0,0,0,0,0,1
19,16,0,0,1,1,0,0,0,0,0,0,0,0,0,0,1
26,14,0,8,1,0,0,1,4,0,0,0,0,0,0,0,1
67,21,0,39,3,3,0,2,0,0,0,0,0,0,0,0,1
75,22,0,29,2,0,0,1,12,4,0,0,0,0,0,0,0
245,11,0,37,8,0,1,10,10,28,1,0,1,0,0,0,1
32,12,0,17,2,0,0,2,0,0,0,0,0,0,0,0,1
69,6,0,59,1,4,0,5,4,0,0,0,0,0,0,0,0
50,8,0,38,2,4,0,3,8,0,0,0,0,0,0,0,1
39,7,0,27,2,0,0,3,0,0,0,0,0,0,1,0,1
30,13,0,14,2,0,0,2,0,0,0,0,0,0,0,0,1
437,8,11,9,3,15,1,2,84,2,0,0,0,0,0,0,1
35,7,8,15,2,2,0,1,5,0,0,0,0,0,0,0,0
36,15,0,14,3,0,0,2,0,0,1,0,0,0,0,0,1
38,9,8,16,3,0,0,2,0,0,0,0,0,0,0,0,0
85,14,0,65,5,1,0,4,17,8,0,0,0,1,0,0,1
25,9,0,9,2,1,0,1,0,0,0,0,0,0,0,0,1
42,15,0,13,2,0,0,1,3,2,0,0,0,0,0,0,1
35,16,0,16,2,0,0,2,0,0,1,0,0,0,0,0,1
79,6,0,8,5,0,0,8,2,3,1,0,0,0,0,0,0
65,19,0,42,1,0,0,4,26,0,1,0,1,0,0,0,1
12,4,0,4,1,0,0,1,1,0,0,0,0,0,0,0,1
66,17,0,19,2,2,0,1,1,4,0,0,0,0,0,0,1
22,10,0,9,1,0,0,1,0,0,0,0,0,0,0,0,1
35,14,0,21,4,0,1,2,11,0,0,0,0,1,0,0,1
40,12,6,17,3,0,0,2,1,0,0,0,0,0,0,0,1
21,9,0,9,1,0,0,1,0,0,0,0,0,0,0,0,1
22,7,0,10,1,0,0,1,2,0,0,0,0,0,1,0,1
72,27,0,41,2,2,0,3,0,0,0,0,0,0,0,0,0
110,5,16,20,7,1,0,5,1,11,2,0,1,0,0,0,1
55,15,16,19,3,0,1,2,3,0,0,0,0,0,0,0,1
89,7,0,78,2,8,0,5,10,0,0,0,0,0,0,0,0
16,5,7,0,2,0,0,0,5,0,0,0,0,0,0,0,1
62,15,0,43,2,1,1,4,6,0,0,0,0,0,0,0,0
25,5,0,16,1,0,0,2,0,0,0,0,0,0,0,0,1
12,8,0,0,1,0,0,0,0,0,0,0,0,0,0,0,0
34,5,0,16,3,0,0,2,6,1,0,0,0,0,0,0,1
81,15,0,62,2,7,0,3,12,0,0,0,0,0,0,0,0
12,8,0,0,1,0,0,0,0,0,0,0,0,0,0,0,0
21,6,0,11,2,0,0,1,0,0,0,0,0,0,0,0,1
102,10,0,10,2,2,1,1,6,10,0,0,0,0,0,0,1
17,14,0,0,1,0,0,0,0,0,0,0,0,0,0,0,0
112,23,0,11,3,0,3,1,3,8,0,0,0,0,0,0,1
170,10,0,104,7,2,4,9,17,2,1,0,1,0,0,0,1
46,14,0,28,1,1,0,3,4,0,0,0,0,0,0,0,0
26,13,0,7,4,0,0,1,15,0,0,0,0,1,0,0,1
18,14,0,0,1,0,0,0,0,0,0,0,0,0,0,0,1
58,12,0,42,2,0,3,2,0,0,0,0,0,0,0,0,0
49,8,0,37,1,1,0,3,15,0,0,0,0,0,0,0,0
28,7,4,12,2,0,0,1,0,1,0,0,0,0,0,0,1
43,10,28,0,2,0,0,0,0,0,0,0,0,0,0,0,1
77,5,0,64,3,5,0,3,1,0,0,0,0,0,0,0,1
45,9,0,32,2,0,0,4,0,0,1,0,0,0,0,0,1
23,9,0,10,1,0,0,1,0,0,0,0,0,0,0,0,1
47,12,0,26,2,0,0,4,0,1,1,0,0,0,0,0,1
61,9,2,45,2,0,3,2,0,2,0,0,0,0,0,0,0
35,9,0,10,3,0,0,1,2,2,0,0,0,0,0,0,1
35,4,4,22,3,2,0,1,14,0,0,0,0,0,0,0,1
130,8,5,22,6,0,0,12,21,8,0,0,0,0,0,0,1
13,9,0,0,1,0,0,0,0,0,0,0,0,0,0,0,1
142,9,0,129,2,5,2,11,6,2,5,0,1,0,0,0,1
75,14,0,57,3,1,0,1,10,8,0,0,0,0,0,0,0
35,9,0,22,1,0,0,5,0,0,1,0,0,0,1,0,1
29,11,0,15,2,0,0,2,0,0,0,0,0,0,0,0,1
49,9,0,12,2,0,0,1,3,4,0,0,0,0,0,0,0
48,10,0,34,1,4,0,2,7,0,0,0,0,0,0,0,1
37,9,2,21,2,0,2,2,0,0,0,0,0,0,0,0,0
214,7,25,7,2,3,2,1,17,29,0,0,0,0,0,0,1
19,11,0,4,1,0,0,1,0,0,0,0,0,0,0,0,0
32,11,0,17,2,0,0,3,0,0,0,0,0,0,0,0,0
53,18,0,31,2,3,0,1,0,0,0,0,0,0,0,0,0
24,18,0,0,2,1,0,0,0,0,0,0,0,0,0,0,0
68,15,0,46,3,3,0,4,4,0,0,0,0,0,0,0,1
64,6,0,54,1,5,0,5,6,0,0,0,0,0,0,0,0
22,13,0,6,2,0,0,1,0,0,0,0,0,0,0,0,1
71,3,6,57,3,0,0,2,41,0,0,0,0,0,0,0,0
18,14,0,0,1,0,0,0,0,0,0,0,0,0,0,0,0
25,8,0,13,1,0,0,1,0,0,0,0,0,0,0,0,0
123,15,0,1,1,12,0,2,0,2,0,0,0,0,0,0,0
42,9,0,30,2,1,0,1,0,0,0,0,0,0,0,0,0
25,12,0,9,1,1,0,1,0,0,0,0,0,0,0,0,1
39,4,0,31,1,0,0,4,0,0,0,0,0,0,0,0,0
83,8,14,56,3,12,1,3,10,0,0,0,0,0,0,0,0
124,11,0,10,4,0,3,1,11,12,0,0,0,0,0,0,1
29,9,0,16,2,1,0,1,0,0,0,0,0,0,0,0,0
33,8,0,21,1,1,0,1,0,0,0,0,0,0,0,0,0
60,9,0,47,2,0,0,4,11,0,0,0,0,0,0,0,1
18,15,0,0,1,0,0,0,0,0,0,0,0,0,0,0,1
47,19,0,17,2,0,0,1,3,2,0,0,0,0,0,0,0
23,19,0,0,1,0,0,0,0,0,0,0,0,0,0,0,0
74,10,0,60,1,6,0,2,13,0,0,0,0,0,0,0,0
47,25,0,10,2,1,0,1,2,2,0,0,0,0,0,0,1
35,16,0,15,1,2,0,2,2,1,0,0,0,0,0,0,1
89,19,0,63,2,9,0,2,0,0,0,0,0,0,0,0,1
38,8,0,23,2,1,0,4,2,0,0,0,0,0,0,0,1
74,8,15,46,3,5,0,3,6,0,0,0,0,0,0,0,0
33,14,0,15,2,0,0,1,0,0,0,0,0,0,0,0,1
164,13,0,144,3,0,1,5,19,5,0,0,0,0,0,0,1
129,6,0,119,1,2,0,1,25,1,0,0,0,0,0,0,1
69,5,0,19,2,0,0,1,8,6,0,0,0,0,0,0,1
17,13,0,0,1,0,0,0,0,0,0,0,0,0,1,0,0
26,8,0,14,1,0,0,2,5,0,0,0,0,0,0,0,0
38,16,0,18,1,0,3,1,4,0,0,0,0,0,0,0,0
22,14,0,2,3,0,0,1,16,0,0,0,0,1,0,0,1
11,7,0,0,1,0,0,0,4,0,0,0,0,0,0,0,1
84,8,16,12,3,0,0,1,28,3,0,0,0,0,0,0,1
15,5,0,7,1,0,0,1,1,0,0,0,0,0,0,0,1
41,8,0,29,1,1,0,5,7,0,0,0,0,0,0,0,0
49,10,0,35,1,3,0,2,0,0,0,0,0,0,0,0,0
36,8,0,24,2,0,0,2,4,0,0,0,0,0,0,0,1
67,18,0,46,2,2,0,2,0,0,0,0,0,0,0,0,1
40,6,0,30,2,1,0,3,2,0,0,0,0,0,0,0,1
27,11,0,1,3,0,0,1,8,2,0,0,0,1,0,0,1
36,22,0,10,1,0,0,1,1,0,0,0,0,0,0,0,1
44,16,0,24,2,0,0,3,0,0,1,0,0,0,0,0,1
65,24,0,37,2,4,0,3,5,0,0,0,0,0,0,0,1
86,7,0,53,1,5,2,3,5,2,0,0,0,0,0,0,0
84,26,0,54,2,2,0,4,2,0,0,0,0,0,0,0,1
36,10,0,22,1,1,0,2,0,0,0,0,0,0,0,0,0
33,9,0,20,2,0,0,2,1,0,0,0,0,0,0,0,1
37,9,2,21,2,0,1,2,0,0,0,0,0,0,0,0,0
46,13,0,29,2,3,0,1,0,0,0,0,0,0,0,0,0
21,13,0,3,4,0,0,1,14,0,0,0,0,1,0,0,1
14,10,0,0,1,0,0,0,0,0,0,0,0,0,0,0,0
68,9,0,56,3,2,0,8,8,0,0,0,0,0,0,0,1
57,17,0,36,1,0,3,2,4,0,0,0,0,0,0,0,0
677,5,7,3,10,4,11,1,140,57,0,0,0,0,0,0,1
35,8,0,23,2,1,0,3,0,0,0,0,0,0,0,0,0
58,8,0,14,3,0,1,1,3,4,0,0,0,0,0,0,1
34,9,6,14,2,0,1,1,0,0,0,0,0,0,0,0,0
79,17,0,55,2,1,0,4,17,0,0,0,0,0,0,0,1
24,7,0,13,2,0,1,1,0,0,0,0,0,0,0,0,1
59,6,0,10,3,0,1,1,0,6,0,0,0,0,0,0,1
34,8,0,22,1,1,0,1,1,0,0,0,0,0,0,0,0
88,11,0,74,2,6,0,5,7,0,0,0,0,0,0,0,0
79,10,12,52,3,3,0,4,6,0,0,0,0,0,0,0,0
26,8,0,14,2,0,0,1,0,0,0,0,0,0,0,0,0
51,6,0,42,3,1,0,5,6,0,0,0,0,0,0,0,1
41,9,7,20,3,0,0,2,1,0,0,0,0,0,0,0,1
24,11,0,9,1,0,0,1,0,0,0,0,0,0,0,0,0
30,25,0,0,1,4,0,0,0,0,1,0,0,0,1,0,1
17,4,0,1,1,0,0,1,0,2,0,0,0,0,0,0,1
52,8,0,40,2,2,2,2,0,0,1,0,0,0,0,0,1
72,7,25,19,6,1,1,5,11,4,1,0,0,0,0,0,0
64,6,0,55,1,1,0,4,20,0,0,0,0,0,0,0,1
39,3,4,16,3,0,0,2,7,2,0,0,0,0,0,0,0
29,13,11,0,2,0,0,0,8,0,0,0,0,0,0,0,1
59,11,0,44,3,0,0,5,2,0,0,0,0,0,0,0,1
27,14,0,13,3,0,0,2,11,0,0,0,0,1,0,0,1
25,12,0,9,1,0,0,1,2,0,0,0,0,0,0,0,1
68,9,0,10,2,0,1,1,2,6,0,0,0,0,0,0,1
51,12,0,36,2,2,0,4,0,0,0,0,0,0,0,0,1
65,9,0,22,2,0,0,2,4,4,0,0,0,0,0,0,0
24,19,0,0,1,0,0,0,0,0,0,0,0,0,1,0,0
37,9,0,24,2,0,0,3,1,0,0,0,0,0,0,0,1
39,6,0,30,2,0,0,4,1,0,0,0,0,0,0,0,1
91,21,58,7,6,3,0,1,4,0,3,0,1,0,0,0,0
55,7,2,41,3,0,1,4,0,0,0,0,0,0,0,0,1
71,6,0,61,1,5,0,5,0,0,0,0,0,0,0,0,0
89,12,0,74,2,0,0,3,22,10,0,0,0,0,0,0,0
40,16,0,21,1,0,0,2,0,0,0,0,0,0,0,0,1
467,9,0,26,22,0,5,6,39,51,1,0,1,0,0,0,1
57,6,0,47,3,0,4,3,0,0,0,0,0,0,0,0,0
117,8,0,6,3,2,0,1,11,8,1,0,1,0,0,0,1
42,9,0,27,3,0,1,3,0,0,0,0,0,0,0,0,1
48,5,0,39,2,2,0,4,4,0,0,0,0,0,0,0,0
86,8,0,5,5,1,0,8,2,6,1,0,0,0,0,0,0
63,9,0,50,2,0,0,6,0,0,0,0,0,0,0,0,1
19,5,8,0,2,0,0,0,0,0,0,0,0,0,0,0,1
16,4,0,9,1,0,0,1,3,0,0,0,0,0,0,0,1
34,4,0,26,1,1,0,4,0,0,0,0,0,0,0,0,1
25,8,12,0,2,0,0,0,1,0,0,0,0,0,0,0,0
45,9,0,32,2,0,0,3,1,0,0,0,0,0,0,0,1
17,7,0,6,1,0,0,1,2,0,0,0,0,0,0,0,1
27,5,7,11,3,0,0,1,0,0,0,0,0,0,0,0,1
99,7,0,6,2,4,0,1,5,7,1,0,1,0,0,0,0
31,13,0,14,1,0,0,2,1,0,1,0,0,0,0,0,1
90,14,0,72,2,3,0,1,9,8,0,0,0,0,0,0,0
52,8,11,28,3,1,0,3,6,0,0,0,0,0,0,0,0
28,12,0,12,2,0,0,1,0,0,0,0,0,0,0,0,1
60,9,0,44,2,0,1,3,14,0,0,0,0,0,0,0,1
29,11,0,14,2,0,0,2,0,0,0,0,0,0,0,0,0
409,11,111,186,17,5,2,14,114,9,4,0,1,0,0,0,0
41,9,0,15,2,0,1,1,2,2,0,0,0,0,0,0,1
55,7,0,44,1,3,0,3,8,0,0,0,0,0,0,0,0
24,12,0,7,1,0,0,1,5,0,0,0,0,0,1,0,1
80,17,0,31,2,0,0,2,1,6,0,0,0,0,0,0,1
56,8,0,28,2,0,1,2,6,4,0,0,0,0,0,0,0
55,16,0,35,2,0,0,6,14,0,0,0,0,0,0,0,0
77,9,0,16,4,0,0,5,0,4,2,0,1,0,0,0,1
21,12,0,6,2,1,0,1,0,0,0,0,0,0,0,0,1
53,14,0,35,1,1,1,4,3,0,0,0,0,0,0,0,1
45,9,2,29,3,1,2,2,0,0,0,0,0,0,0,0,0
72,12,8,47,2,1,0,3,19,0,0,0,0,0,0,0,1
36,8,18,6,3,1,0,1,5,0,0,0,0,0,0,0,1
86,17,0,65,5,0,0,4,3,1,2,0,0,0,0,0,1
25,6,0,12,2,1,0,2,1,0,0,0,0,0,0,0,1
28,2,0,22,1,0,2,1,0,2,0,0,0,0,0,0,0
37,14,0,19,2,0,2,1,1,0,0,0,0,0,0,0,0
102,7,0,19,5,1,0,12,2,6,1,0,0,0,0,0,1
17,7,0,6,1,0,0,1,4,0,0,0,0,0,0,0,0
45,15,0,30,4,0,0,3,13,1,1,0,0,1,0,0,1
63,5,5,48,2,5,0,3,6,0,0,0,0,0,0,0,0
89,15,0,10,2,1,1,1,2,8,0,0,0,0,0,0,1
33,11,0,18,2,1,0,3,2,0,0,0,0,0,0,0,1
62,13,0,42,3,1,0,6,0,0,0,0,0,0,0,0,1
77,17,0,10,2,1,1,1,3,8,0,0,0,0,0,0,1
26,22,0,0,1,0,0,0,0,0,0,0,0,0,0,0,0
25,8,13,0,2,0,0,0,0,0,0,0,0,0,0,0,0
13,9,0,0,1,0,0,0,4,0,0,0,0,0,0,0,1
56,12,0,40,2,0,0,4,6,0,0,0,0,0,0,0,1
372,7,126,234,26,6,0,2,158,0,2,0,0,0,0,0,1
109,9,0,10,2,2,1,1,6,12,0,0,0,0,0,0,1
36,17,0,15,2,0,0,2,0,0,0,0,0,0,1,0,1
37,10,0,14,2,0,0,1,3,2,0,0,0,0,0,0,0
42,9,2,26,2,0,2,2,0,2,0,0,0,0,0,0,1
32,3,0,24,2,1,0,3,2,0,0,0,0,0,1,0,0
57,17,0,33,3,1,0,4,0,0,0,0,0,0,0,0,1
108,9,0,45,4,1,0,6,6,2,0,0,1,0,0,0,1
83,17,0,63,1,0,0,3,22,0,1,0,0,0,0,0,0
26,9,13,0,2,1,0,0,0,0,0,0,0,0,0,0,0
193,17,0,28,2,0,0,3,27,4,0,0,0,0,0,0,1
71,6,0,45,2,2,0,5,3,2,0,0,0,0,0,0,1
248,29,0,17,2,1,1,2,28,6,0,0,0,0,0,0,1
19,4,0,8,2,0,0,1,0,0,0,0,0,0,0,0,1
9,5,0,0,1,0,0,0,0,0,0,0,0,0,0,0,0
20,8,0,8,1,0,0,1,0,0,0,0,0,0,0,0,1
175,15,0,71,4,0,5,9,7,12,0,0,0,0,0,0,1
27,8,0,15,1,0,0,2,0,0,0,0,0,0,0,0,0
20,9,0,8,1,0,0,1,0,0,1,0,0,0,0,0,1
43,15,0,24,1,1,0,3,0,0,0,0,0,0,0,0,0
27,4,0,19,1,0,0,3,7,0,0,0,0,0,0,0,0
77,11,0,62,1,2,2,5,5,0,0,0,0,0,0,0,1
42,7,4,21,3,1,0,3,4,0,0,0,0,0,0,0,1
23,4,0,15,1,0,0,2,7,0,0,0,0,0,0,0,0
87,13,0,10,2,0,1,1,4,10,0,0,0,0,0,0,1
54,10,0,26,2,0,0,3,0,2,0,0,0,0,0,0,1
24,5,4,10,2,0,0,2,0,0,0,0,1,0,0,0,1
30,8,0,15,2,0,0,3,4,0,0,0,0,0,0,0,1
146,6,0,134,5,2,0,7,17,0,1,0,1,0,0,0,1
29,5,8,12,3,0,0,1,1,0,0,0,0,0,0,0,1
74,8,0,26,2,0,0,3,4,6,0,0,0,0,0,0,0
95,5,8,77,4,8,0,5,0,0,0,0,0,0,0,0,0
19,6,0,9,1,0,0,1,0,0,0,0,0,0,0,0,0
76,14,0,19,4,0,0,1,5,7,0,1,0,0,0,0,1
115,9,0,28,1,7,3,2,0,6,0,0,0,0,0,0,0
39,13,0,22,2,0,0,3,0,0,0,0,0,0,0,0,0
34,17,0,13,2,0,0,1,0,0,0,0,0,0,0,0,0
29,9,0,16,1,0,0,2,0,0,0,0,0,0,0,0,1
12,8,0,0,1,1,0,0,0,0,0,0,0,0,0,0,1
26,5,0,18,2,0,0,2,1,0,0,0,0,0,0,0,1
39,7,0,28,1,0,2,2,0,0,0,0,0,0,0,0,0
72,5,54,6,12,0,0,1,2,0,4,0,1,0,0,0,1
31,11,9,7,2,1,0,1,2,0,1,0,0,0,0,0,0
142,13,0,126,2,3,0,8,52,0,0,0,0,0,0,0,1
35,9,0,22,2,0,0,3,0,0,0,0,0,0,0,0,1
40,5,4,26,3,0,0,3,4,0,0,0,0,0,0,0,0
35,4,4,22,3,2,0,1,14,0,0,0,0,0,0,0,1
24,10,0,11,2,1,0,1,0,0,0,0,0,0,0,0,1
72,5,4,24,4,0,0,3,13,2,0,0,0,0,0,0,1
38,8,0,26,1,1,0,5,6,0,0,0,0,0,0,0,0
75,19,6,23,5,0,0,2,4,2,0,0,0,0,0,0,1
65,19,0,42,1,0,0,4,26,0,1,0,1,0,0,0,1
29,14,0,15,4,0,0,2,13,0,0,0,0,1,0,0,1
17,13,0,0,3,0,0,0,13,0,0,0,0,1,0,0,1
254,15,0,49,5,3,1,6,26,14,0,0,1,0,0,0,1
54,15,0,35,2,0,2,3,0,0,0,0,0,0,0,0,1
38,3,0,31,1,1,0,3,0,0,0,0,0,0,0,0,0
65,13,0,24,3,1,0,3,0,3,0,1,0,0,0,0,1
34,11,0,19,2,1,0,2,0,0,0,0,0,0,0,0,0
33,4,0,25,1,0,0,3,7,0,0,0,0,0,0,0,0
48,8,0,36,1,1,0,3,15,0,0,0,0,0,0,0,0
26,13,0,7,4,0,0,1,15,0,0,0,0,1,0,0,1
52,16,0,32,1,0,2,2,0,0,0,0,0,0,0,0,1
541,11,0,35,3,1,0,4,142,2,0,0,1,0,0,0,1
13,6,0,4,1,0,0,1,0,0,0,0,0,0,1,0,1
36,13,0,19,2,0,0,2,0,0,0,0,0,0,0,0,0
245,11,0,37,8,0,1,10,10,28,1,0,1,0,0,0,1
33,13,0,20,4,0,0,2,10,0,0,0,0,1,0,0,1
50,15,0,28,3,0,0,3,0,0,0,0,0,0,0,0,1
50,32,0,14,2,3,0,1,4,0,0,0,0,0,0,0,0
52,4,0,45,2,2,0,4,3,0,0,0,0,0,0,0,1
34,30,0,0,1,3,0,0,0,0,0,0,0,0,0,0,1
42,11,0,27,2,0,0,2,3,0,0,0,0,0,0,0,0
23,8,0,11,1,0,0,1,2,0,0,0,0,0,0,0,1
105,10,0,10,3,0,3,1,3,12,0,0,0,0,0,0,1
116,7,0,10,2,10,1,1,33,10,0,0,0,0,0,0,1
43,13,0,26,2,1,0,2,0,0,0,0,0,0,0,0,0
49,18,0,12,2,0,0,1,0,2,0,0,0,0,0,0,0
41,9,0,29,2,1,0,2,0,0,0,0,0,0,0,0,1
24,6,0,14,1,1,0,1,0,0,0,0,0,0,0,0,0
46,7,0,35,2,1,0,5,6,0,0,0,0,0,0,0,1
133,2,3,133,4,8,1,12,2,0,0,0,0,0,0,0,0
27,11,0,16,4,0,0,2,8,0,0,0,0,1,0,0,1
254,15,0,49,5,3,1,6,26,14,0,0,1,0,0,0,1
46,8,0,34,1,0,0,4,0,0,0,0,0,0,0,0,1
18,5,0,9,1,0,0,1,8,0,0,0,0,0,0,0,0
76,12,0,61,1,0,0,5,12,6,0,0,0,0,0,0,0
43,5,11,19,4,1,0,2,0,0,1,0,0,0,0,0,1
36,13,0,10,2,0,0,1,2,2,0,0,0,0,0,0,1
82,10,0,10,2,0,1,1,4,10,0,0,0,0,0,0,1
69,14,0,10,2,0,1,1,2,6,0,0,0,0,0,0,1
85,5,0,13,5,1,0,10,2,5,1,0,0,0,0,0,1
25,11,0,10,2,0,0,1,0,0,0,0,0,0,0,0,1
17,4,0,9,1,0,0,1,2,0,0,0,0,0,0,0,1
26,4,5,12,2,0,0,2,3,0,0,0,0,0,0,0,1
63,10,0,26,3,0,0,4,0,3,0,1,0,0,0,0,1
15,7,0,0,2,0,0,0,0,0,0,0,0,0,0,0,1
62,8,0,50,1,5,0,1,8,0,0,0,0,0,0,0,0
39,11,0,24,2,0,0,2,0,0,0,0,0,0,0,0,1
135,14,0,53,3,2,3,7,1,6,1,1,0,0,0,0,1
48,18,0,27,2,1,2,3,0,0,0,0,0,0,0,0,1
26,21,0,0,1,2,0,0,0,0,0,0,0,0,1,0,1
72,10,0,10,2,0,1,1,4,8,0,0,0,0,0,0,1
87,13,0,10,2,1,1,1,3,8,0,0,0,0,0,0,1
20,5,8,0,3,0,0,0,0,0,0,0,0,0,0,0,0
27,5,0,18,2,0,0,2,3,0,0,0,0,0,0,0,1
19,12,2,0,2,0,0,0,0,0,0,0,0,0,0,0,0
63,9,0,50,2,0,0,6,1,0,2,0,0,0,0,0,1
36,11,0,21,1,0,0,2,2,1,0,0,0,0,0,0,0
167,15,0,10,2,2,1,1,8,20,0,0,0,0,0,0,1
34,11,0,20,1,1,0,2,0,0,0,0,0,0,0,0,1
56,6,0,46,1,4,0,3,7,0,1,0,0,0,0,0,0
99,15,0,61,2,4,0,7,4,2,0,0,0,0,0,0,1
62,8,0,48,5,0,0,4,2,0,0,0,0,0,0,0,1
37,8,0,25,2,1,0,4,2,0,0,0,0,0,0,0,1
48,9,2,32,2,0,4,2,0,0,0,0,0,0,0,0,0
148,9,0,28,2,0,1,2,21,30,0,0,0,0,0,0,0
83,11,0,68,2,13,0,1,3,0,0,0,0,0,0,0,0
42,12,25,0,5,0,0,0,4,0,1,0,0,0,0,0,1
33,3,0,27,1,0,0,3,7,0,0,0,0,0,0,0,0
20,17,0,0,1,0,0,0,0,0,0,0,0,0,0,0,1
28,14,0,10,1,0,0,1,0,0,0,0,0,0,0,0,1
261,4,8,6,3,8,0,1,81,24,0,0,0,0,0,0,1
55,18,0,33,2,2,0,3,7,0,0,0,0,0,0,0,0
40,15,0,21,1,0,0,3,0,0,0,0,0,0,0,0,1
52,4,0,41,2,5,0,2,0,0,0,0,0,0,0,0,1
49,4,0,41,2,0,0,4,0,0,0,0,0,0,0,0,0
212,15,179,11,11,7,0,1,78,0,2,0,0,0,0,0,0
29,8,2,14,2,0,0,2,0,0,0,0,0,0,0,0,0
21,8,0,10,2,0,0,1,2,0,0,0,0,0,0,0,1
21,16,0,0,1,0,0,0,0,1,0,0,0,0,0,0,1
21,7,9,0,3,0,0,0,0,0,0,0,0,0,0,0,0
29,8,0,18,2,3,0,1,1,0,0,0,0,0,0,0,1
24,6,14,0,2,0,0,0,0,0,0,0,0,0,0,0,1
45,20,0,21,1,0,0,3,0,0,0,0,0,0,0,0,1
25,8,0,13,1,0,0,2,3,0,0,0,0,0,0,0,1
86,25,0,10,2,2,1,1,4,8,0,0,0,0,0,0,1
71,6,0,61,1,4,3,4,0,0,0,0,0,0,0,0,0
49,6,0,40,1,0,2,2,0,0,0,0,0,0,0,0,1
58,4,0,50,1,3,0,2,5,0,0,0,0,0,0,0,0
58,12,0,42,1,3,0,4,0,0,0,0,0,0,0,0,0
28,12,0,12,2,0,0,1,0,0,0,0,0,0,0,0,0
38,9,2,22,2,0,2,2,4,2,0,0,0,0,0,0,0
50,9,2,34,2,0,2,2,0,2,0,0,0,0,0,0,0
58,14,0,38,2,1,0,5,8,0,0,0,0,0,0,0,1
117,8,0,6,3,2,0,1,11,8,1,0,1,0,0,0,1
38,9,2,22,2,0,1,2,0,0,0,0,0,0,0,0,0
85,11,0,71,2,1,1,5,2,3,0,0,0,0,0,0,1
41,5,0,32,1,3,0,3,2,0,0,0,0,0,0,0,0
38,9,0,25,2,0,0,5,0,0,0,0,0,0,0,0,1
55,16,0,35,2,1,0,4,0,0,0,0,0,0,0,0,0
97,10,0,69,3,8,0,5,24,2,0,0,0,0,0,0,1
39,10,0,22,4,0,0,4,1,0,0,0,0,0,0,0,0
102,22,0,10,4,0,2,1,3,8,0,0,0,0,0,0,1
117,5,16,47,8,0,0,7,1,11,2,0,1,0,0,0,1
55,17,0,35,1,1,1,1,7,1,0,0,1,0,0,0,1
19,15,0,0,1,0,0,0,0,0,0,0,0,0,0,0,0
21,10,0,7,1,0,0,1,0,0,0,0,0,0,0,0,0
94,7,0,84,2,8,0,1,31,0,0,0,0,0,0,0,0
117,11,0,73,3,7,0,3,1,6,0,0,0,0,0,0,1
47,8,0,35,2,0,1,2,17,0,0,0,0,0,0,0,1
43,27,0,12,1,2,0,2,0,0,0,0,0,0,0,0,1
36,8,16,7,4,0,0,1,0,0,2,0,1,0,0,0,1
43,9,0,30,3,0,0,2,11,0,0,0,0,0,0,0,1
68,4,12,48,3,1,0,2,20,0,0,0,0,0,0,0,1
138,10,0,91,1,8,2,3,8,6,0,0,0,0,0,0,0
21,17,0,0,1,0,0,0,0,0,0,0,0,0,0,0,0
44,12,0,20,2,0,0,3,0,2,1,0,0,0,0,0,1
90,18,0,10,2,2,1,1,11,8,0,0,0,0,0,0,1
85,9,0,10,3,1,1,1,3,8,0,0,0,0,0,0,1
31,12,0,15,2,0,1,1,0,0,0,0,0,0,0,0,1
95,3,0,89,1,6,0,5,8,0,0,0,0,0,0,0,0
20,7,0,9,1,1,0,1,6,0,0,0,0,0,0,0,0
15,11,0,0,1,0,0,0,0,0,0,0,0,0,0,0,1
34,5,0,25,2,0,1,2,0,0,0,0,0,0,0,0,0
24,9,0,11,1,0,0,1,0,0,0,0,0,0,0,0,0
25,8,0,13,1,0,0,2,1,0,0,0,0,0,0,0,1
29,7,0,18,2,1,0,2,0,0,0,0,0,0,0,0,1
60,13,0,43,2,0,0,6,3,3,0,0,0,0,0,0,1
12,8,0,0,1,0,0,0,0,0,0,0,0,0,0,0,0
73,16,4,48,5,0,0,3,6,1,0,0,0,0,0,0,1
61,9,0,20,2,1,0,2,0,5,0,0,0,0,0,0,1
24,2,0,18,1,0,1,1,0,1,0,0,0,0,0,0,0
29,14,10,0,2,0,0,0,4,0,0,0,0,0,0,0,1
112,13,0,10,2,2,1,1,6,10,0,0,0,0,0,0,1
87,15,0,10,2,0,1,1,2,10,0,0,0,0,0,0,1
47,8,0,36,1,1,0,3,2,0,0,0,0,0,0,0,1
47,8,0,35,2,0,1,2,17,0,0,0,0,0,0,0,1
124,6,0,19,2,1,6,3,4,7,1,0,0,0,0,0,1
29,6,19,0,2,2,0,0,0,0,0,0,0,0,0,0,1
45,3,0,35,3,0,0,6,15,0,0,0,0,0,0,0,0
110,10,0,19,4,0,0,6,4,10,2,0,1,0,0,0,1
16,12,0,0,1,0,0,0,0,0,0,0,0,0,0,0,0
34,8,0,23,2,1,0,3,0,0,0,0,0,0,0,0,1
42,12,0,24,4,0,0,3,0,0,0,0,0,0,0,0,1
45,9,0,33,1,0,0,4,0,0,2,0,0,0,0,0,1
36,8,16,7,4,0,0,1,0,0,2,0,1,0,0,0,1
33,7,0,22,2,0,0,3,4,0,0,0,0,0,0,0,1
30,26,0,0,1,2,0,0,0,0,0,0,0,0,0,0,0
61,6,0,51,1,0,7,2,0,0,0,0,0,0,0,0,0
97,12,0,51,1,3,0,4,15,4,0,0,0,0,0,0,1
21,17,0,0,1,0,0,0,0,0,0,0,0,0,0,0,0
26,4,5,12,2,0,0,2,3,0,0,0,0,0,0,0,1
70,16,0,48,3,2,0,2,0,0,0,0,0,0,0,0,1
53,12,0,35,2,5,0,2,2,0,0,0,0,0,0,0,1
75,13,0,59,2,3,0,3,3,0,0,0,0,0,0,0,1
12,8,0,0,1,0,0,0,0,0,0,0,0,0,0,0,0
26,13,0,6,2,0,0,1,0,0,0,0,1,0,0,0,1
24,12,7,0,2,0,0,0,0,0,0,0,0,0,0,0,1
25,9,0,12,2,0,0,1,0,0,0,0,0,0,0,0,0
48,9,11,23,2,0,0,4,8,0,0,0,0,0,0,0,0
17,13,0,0,1,0,0,0,0,0,0,0,0,0,0,0,0
11,7,0,0,1,0,0,0,4,0,0,0,0,0,0,0,1
60,6,0,50,2,0,3,4,6,0,0,0,0,0,0,0,0
91,14,16,56,2,2,0,5,2,0,0,0,0,0,0,0,1
108,9,0,45,4,1,0,6,6,2,0,0,1,0,0,0,1
31,3,0,21,3,1,0,2,0,0,0,0,0,0,0,0,1
60,17,0,39,2,2,0,3,0,0,0,0,0,0,0,0,0
1666,5,2,3,17,20,7,1,545,75,0,0,1,0,0,0,1
28,5,4,15,2,0,0,2,0,0,0,0,0,0,0,0,1
28,13,0,11,1,0,0,3,0,0,0,0,0,0,0,0,1
115,8,4,20,9,0,0,3,10,10,0,0,1,0,0,0,1
43,7,0,32,1,4,0,1,0,0,0,0,0,0,0,0,0
22,10,0,8,1,0,0,1,4,0,0,0,0,0,0,0,1
103,12,0,10,4,0,1,1,10,12,0,0,0,0,0,0,1
58,9,0,29,2,0,0,2,5,2,0,0,0,0,0,0,0
33,9,0,20,2,0,0,2,1,0,0,0,0,0,0,0,1
9,5,0,0,1,0,0,0,0,0,0,0,0,0,0,0,1
10,7,0,0,1,0,0,0,0,0,0,0,0,0,0,0,1
23,16,0,0,2,0,0,0,0,0,0,0,0,0,0,0,1
9,6,0,0,1,0,0,0,0,0,0,0,0,0,1,0,1
13,9,0,0,1,0,0,0,0,0,0,0,0,0,0,0,0
70,14,0,52,2,1,0,6,0,0,0,0,0,0,0,0,1
45,10,0,31,2,2,0,4,3,0,3,0,0,0,0,0,0
15,5,0,6,1,0,0,1,2,0,0,0,0,0,0,0,1
98,9,13,71,2,9,0,4,16,0,0,0,0,0,0,0,0
30,3,15,7,3,0,0,1,8,0,0,0,0,0,0,0,1
92,9,0,80,3,2,0,8,0,0,1,0,1,0,0,0,1
40,6,6,23,2,1,0,3,5,0,0,0,0,0,0,0,0
26,11,0,11,2,0,0,1,0,0,0,0,0,0,0,0,1
60,9,2,44,2,0,3,2,3,4,0,0,0,0,0,0,0
23,14,0,6,1,0,0,1,0,0,0,0,1,0,0,0,1
28,13,10,0,2,0,0,0,3,0,0,0,0,0,0,0,1
69,8,0,10,2,1,1,1,4,8,0,0,0,0,0,0,1
41,18,0,11,2,0,0,1,0,2,0,0,0,0,0,0,1
248,6,8,229,5,8,8,12,20,4,2,0,0,0,0,0,1
35,7,6,17,2,0,0,2,0,0,0,0,0,0,0,0,1
27,9,0,14,1,0,0,2,0,0,0,0,0,0,0,0,1
97,6,15,43,4,0,0,2,29,2,0,0,0,0,0,0,1
467,9,0,26,22,0,5,6,39,51,1,0,1,0,0,0,1
33,5,3,18,4,0,0,2,0,0,0,0,0,0,0,0,1
52,7,2,38,3,0,2,4,1,0,0,0,0,0,0,0,1
52,8,0,38,3,0,0,5,9,0,0,0,0,0,0,0,1
159,4,7,52,12,1,0,12,6,7,0,0,1,0,0,0,1
36,7,0,22,3,1,0,1,0,0,0,0,0,0,0,0,1
69,15,0,31,2,0,0,3,10,4,0,0,0,0,0,0,1
37,6,13,13,3,0,0,1,0,0,0,0,0,0,0,0,0
35,3,17,11,3,0,0,1,3,0,0,0,0,0,0,0,1
23,16,0,0,2,0,0,0,0,0,0,0,0,0,0,0,1
86,3,7,71,3,8,0,3,1,0,0,0,0,0,0,0,0
35,14,0,17,2,0,0,2,0,0,0,0,0,0,0,0,1
39,7,0,28,2,0,0,3,2,0,0,0,0,0,0,0,1
23,9,0,10,1,0,0,1,0,0,0,0,0,0,0,0,1
37,7,0,17,2,0,0,2,1,4,0,0,0,0,0,0,1
46,6,0,36,1,3,0,3,5,0,1,0,0,0,0,0,0
17,13,0,0,1,0,0,0,0,0,0,0,0,0,0,0,1
18,15,0,0,1,0,0,0,0,0,0,0,0,0,0,0,1
36,11,0,21,1,0,0,2,0,0,0,0,0,0,0,0,0
31,5,0,22,2,1,0,2,0,0,0,0,0,0,0,0,1
43,9,0,30,1,1,0,4,4,0,0,0,0,0,0,0,0
46,9,2,30,2,0,2,2,0,2,0,0,0,0,0,0,0
24,14,0,5,3,0,0,1,15,0,0,0,0,1,0,0,1
81,20,0,10,2,1,1,1,4,8,0,0,0,0,0,0,1
26,14,0,7,4,0,0,1,16,0,0,0,0,1,0,0,1
70,8,30,27,4,0,0,1,6,1,0,0,0,0,0,0,1
42,14,0,16,1,0,1,3,1,2,0,0,0,0,0,0,1
46,9,2,30,2,0,1,2,0,2,0,0,0,0,0,0,0
155,22,0,10,2,5,1,1,7,16,0,0,0,0,0,0,1
33,2,16,11,2,0,0,1,4,0,0,0,0,0,0,0,1
80,6,0,36,2,2,0,3,9,4,0,0,0,0,0,0,0
54,10,0,40,1,2,0,3,0,0,0,0,0,0,0,0,0
28,9,5,9,3,0,0,1,0,0,1,0,0,0,0,0,0
136,11,0,10,4,0,4,1,11,12,0,0,0,0,0,0,1
48,37,10,0,1,0,0,0,0,19,0,0,0,0,0,0,0
70,9,0,10,2,0,1,1,4,8,0,0,0,0,0,0,1
91,4,0,84,1,8,0,3,5,0,0,0,0,0,0,0,1
16,12,0,0,1,0,0,0,0,0,0,0,0,0,0,0,0
109,8,0,25,3,3,0,4,7,9,0,0,0,0,0,0,1
10,3,0,0,2,0,0,0,0,0,0,0,0,0,0,0,1
23,10,0,9,1,0,0,2,0,0,0,0,0,0,0,0,1
13,4,0,5,1,0,0,1,2,0,0,0,0,0,1,0,1
141,11,0,10,2,0,1,1,6,18,0,0,0,0,0,0,1
83,22,0,57,2,6,0,1,0,0,0,0,0,0,0,0,1
94,12,0,17,2,1,1,2,5,10,0,0,0,0,0,0,1
110,10,0,19,4,0,0,6,4,10,2,0,1,0,0,0,1
94,13,50,21,8,1,0,4,0,0,0,0,1,0,0,0,1
277,30,0,77,5,3,1,5,92,8,2,0,1,0,0,0,1
244,5,5,12,12,0,0,2,55,25,1,0,1,0,0,0,1
18,14,0,0,1,0,0,0,0,0,0,0,0,0,0,0,0
47,8,2,32,3,0,0,4,0,0,0,0,0,0,0,0,0
41,14,0,23,1,2,0,2,0,0,0,0,0,0,0,0,0
35,21,0,10,1,0,0,1,0,0,0,0,0,0,0,0,1
33,3,6,19,3,0,0,1,2,1,0,0,0,0,0,0,0
23,7,0,12,1,0,0,1,0,0,0,0,0,0,0,0,0
49,8,0,37,2,0,2,2,9,0,0,0,0,0,0,0,0
10,6,0,0,1,0,0,0,3,0,0,0,0,0,0,0,1
71,10,0,57,1,9,0,2,4,0,0,0,0,0,0,0,1
40,3,0,30,2,1,0,4,0,0,1,0,0,0,0,0,1
56,17,0,35,1,0,2,2,3,2,0,0,0,0,0,0,0
80,11,0,65,1,0,0,10,18,0,0,0,0,0,0,0,0
57,6,0,47,1,2,0,4,0,0,0,0,0,0,0,0,0
21,16,0,0,1,0,0,0,0,1,0,0,0,0,0,0,1
36,10,0,22,1,2,0,2,0,0,0,0,0,0,0,0,0
29,9,0,14,2,0,0,2,3,1,0,0,0,0,0,0,0
29,26,0,0,1,2,0,0,0,0,0,0,0,0,0,0,1
56,10,0,9,2,1,1,1,3,4,0,0,0,0,1,0,1
40,12,0,24,2,0,0,3,0,0,0,0,0,0,0,0,0
115,15,0,10,2,2,1,1,5,10,0,0,0,0,0,0,1
31,13,0,15,2,0,0,2,0,0,0,0,0,0,0,0,1
54,6,0,44,1,3,0,3,10,0,1,0,0,0,0,0,0
29,9,0,16,2,0,0,2,4,0,0,0,0,0,0,0,0
99,8,14,27,6,0,1,5,26,4,2,0,0,0,0,0,0
45,7,0,34,2,0,1,4,1,0,0,0,0,0,0,0,0
110,10,0,19,4,0,0,6,4,10,2,0,1,0,0,0,1
49,5,12,27,3,3,0,2,0,0,0,0,0,0,0,0,1
25,15,0,6,2,0,0,1,0,0,0,0,0,0,0,0,1
22,7,0,11,1,0,0,1,4,0,0,0,0,0,0,0,1
38,4,0,31,2,0,0,3,0,0,0,0,0,0,0,0,0
119,8,2,104,10,0,4,9,29,3,0,0,0,0,0,0,1
467,9,0,26,22,0,5,6,39,51,1,0,1,0,0,0,1
55,11,0,40,3,2,0,2,0,0,0,0,0,0,0,0,1
117,12,4,96,2,13,0,4,8,0,0,0,0,0,0,0,0
34,5,7,18,3,0,0,2,4,0,0,0,0,0,0,0,1
109,15,0,44,5,4,1,8,0,2,2,0,1,0,0,0,1
77,11,0,62,1,2,0,4,22,0,1,0,0,0,0,0,1
119,27,0,89,1,9,0,3,11,0,0,0,0,0,0,0,1
44,8,0,32,1,1,0,3,10,0,0,0,0,0,0,0,0
74,8,7,26,3,0,0,3,2,5,0,0,0,0,0,0,0
34,8,0,22,2,0,1,2,6,0,0,0,0,0,0,0,0
25,9,11,0,2,0,0,0,0,0,0,0,0,0,0,0,0
38,8,4,21,3,0,0,2,0,0,0,0,0,0,0,0,1
17,5,7,0,2,1,0,0,1,0,0,0,0,0,0,0,1
28,15,0,7,4,0,0,1,17,0,0,0,0,1,0,0,1
67,5,0,56,2,1,0,5,0,0,1,0,0,0,0,0,1
98,15,0,18,2,1,1,2,4,10,0,0,0,0,0,0,1
35,11,0,20,1,0,0,3,0,0,0,0,0,0,0,0,1
33,3,0,26,2,0,0,3,0,0,0,0,0,0,0,0,0
67,23,0,10,2,0,0,1,8,4,0,0,0,0,0,0,0
35,14,0,17,1,0,0,3,0,0,0,0,0,0,0,0,1
150,6,0,141,12,1,0,9,23,0,3,0,0,0,0,0,1
23,10,0,9,1,0,0,1,0,0,0,0,0,0,0,0,1
26,13,0,7,4,0,0,1,15,0,0,0,0,1,0,0,1
33,11,0,19,1,3,0,1,0,0,0,0,0,0,0,0,0
35,8,0,23,1,0,0,4,0,0,0,0,0,0,0,0,0
50,8,0,38,1,0,0,6,5,0,0,0,0,0,0,0,0
102,10,0,88,1,13,0,2,1,0,1,0,0,0,0,0,0
80,18,0,10,2,1,1,1,5,8,0,0,0,0,0,0,1
161,9,0,104,1,16,0,3,3,8,0,0,0,0,0,0,1
28,10,0,14,2,0,0,2,3,0,0,0,0,0,0,0,1
29,5,0,20,2,0,0,2,1,0,0,0,0,0,0,0,1
62,16,0,42,2,0,3,2,0,0,0,0,0,0,0,0,0
170,16,0,148,3,2,0,10,48,0,2,0,1,0,0,0,0
77,10,0,63,1,9,0,5,10,0,0,0,0,0,0,0,0
43,12,0,27,1,1,2,3,5,0,1,0,0,0,0,0,0
74,5,0,66,2,1,0,2,12,6,1,0,0,0,0,0,1
18,14,0,0,1,0,0,0,0,0,0,0,0,0,0,0,0
190,6,60,119,10,3,0,1,25,1,2,0,0,0,0,0,1
39,10,0,25,1,1,0,2,0,0,0,0,0,0,0,0,1
16,8,3,0,2,0,0,0,0,0,0,0,0,0,0,0,1
40,14,0,10,3,0,0,1,4,2,0,0,0,0,0,0,0
20,5,0,11,2,0,0,2,0,0,0,0,0,0,0,0,1
36,3,5,14,3,0,0,2,5,2,0,0,0,0,0,0,0
59,18,0,34,2,0,0,3,0,1,0,0,0,0,0,0,1
96,7,0,5,2,0,1,1,11,13,0,0,1,0,0,0,0
33,8,20,0,2,4,0,0,0,0,0,0,0,0,0,0,0
111,6,0,10,3,2,1,1,10,10,0,0,0,0,0,0,1
105,9,0,45,4,1,0,6,5,2,0,0,1,0,0,0,1
21,7,0,11,2,0,0,1,0,0,0,0,0,0,0,0,1
20,2,5,8,2,0,0,1,0,1,0,0,0,0,0,0,1
20,5,7,0,2,1,0,0,1,0,0,0,0,0,1,0,1
247,13,0,10,3,0,1,1,33,8,0,0,0,0,0,0,1
23,7,0,12,1,0,0,1,3,0,1,0,0,0,0,0,1
28,5,0,16,2,0,0,2,0,0,0,0,0,0,0,0,0
22,19,0,0,1,0,0,0,0,0,0,0,0,0,1,0,1
81,14,0,14,2,1,1,2,5,8,0,0,0,0,0,0,1
37,9,17,7,2,2,0,1,2,0,0,0,0,0,0,0,1
69,5,0,19,2,0,0,1,8,6,0,0,0,0,0,0,1
81,11,0,66,1,3,0,5,0,0,0,0,0,0,0,0,0
19,10,4,0,2,1,0,0,0,0,0,0,0,0,0,0,1
33,8,5,13,4,0,0,1,5,0,0,0,0,0,0,0,1
143,5,0,134,1,3,0,3,49,40,0,0,0,0,0,0,0
65,8,0,14,1,5,0,2,13,8,0,0,0,0,0,0,1
35,14,0,21,4,0,0,2,11,0,0,0,0,1,0,0,1
17,13,0,0,1,0,0,0,0,0,0,0,0,0,0,0,0
27,4,5,13,2,0,0,2,4,0,0,0,0,0,0,0,1
51,3,0,44,2,1,1,4,8,0,0,0,0,0,0,0,0
39,11,0,24,2,0,2,1,0,0,0,0,0,0,0,0,0
54,13,0,37,2,4,0,2,2,0,0,0,0,0,0,0,1
23,14,0,6,1,0,0,1,0,0,0,0,1,0,0,0,1
32,18,0,10,2,0,0,1,0,0,0,0,0,0,0,0,1
49,12,0,33,2,1,0,3,0,0,1,0,0,0,0,0,1
110,10,0,19,4,0,0,6,4,10,2,0,1,0,0,0,1
81,12,0,66,1,2,1,5,0,0,0,0,0,0,0,0,0
32,15,0,13,2,0,0,1,0,0,0,0,0,0,0,0,0
58,10,0,14,3,0,0,2,0,3,0,1,0,0,0,0,1
102,15,0,83,2,2,0,7,21,0,2,0,0,0,0,0,1
22,11,0,8,1,0,0,2,1,0,0,0,0,0,0,0,1
88,4,22,58,4,0,0,3,24,4,1,0,0,0,0,0,0
65,5,5,50,2,6,0,1,8,0,0,0,0,0,0,0,0
54,13,0,41,4,0,0,2,10,0,0,0,0,1,0,0,1
47,4,0,40,2,0,0,5,0,0,0,0,0,0,0,0,1
37,8,0,25,2,1,0,2,6,0,0,0,0,0,0,0,1
31,3,18,5,3,0,0,1,0,0,0,0,0,0,0,0,1
75,18,0,75,4,0,1,5,1,0,0,0,1,0,0,0,1
62,15,0,43,2,0,0,4,0,0,0,0,0,0,0,0,0
33,5,0,24,2,0,0,5,5,0,0,0,0,0,0,0,0
90,14,0,14,2,1,1,2,3,10,0,0,0,0,0,0,1
42,6,29,0,6,0,0,0,2,0,1,0,0,0,0,0,1
19,4,0,8,2,0,0,2,1,0,0,0,1,0,0,0,1
42,19,0,19,2,1,0,3,0,0,0,0,0,0,0,0,1
24,9,0,11,1,0,0,1,0,0,0,0,0,0,0,0,1
121,16,10,50,3,2,2,6,12,4,2,0,0,0,0,0,0
21,8,9,0,2,0,0,0,2,0,0,0,0,0,0,0,0
104,5,0,13,4,0,0,6,1,10,2,0,1,0,0,0,1
104,6,0,95,1,1,0,2,41,27,0,0,0,0,0,0,0
18,8,0,6,1,0,0,1,2,0,0,0,0,0,1,0,1
76,8,0,64,3,5,0,4,4,0,0,0,0,0,0,0,0
39,17,0,18,1,0,1,2,0,0,0,0,0,0,0,0,0
84,15,0,10,2,1,1,1,2,6,0,0,0,0,0,0,1
19,5,8,0,2,0,0,0,0,0,0,0,0,0,0,0,1
62,7,5,45,2,5,0,2,10,0,0,0,0,0,0,0,0
19,16,0,0,1,0,0,0,0,0,0,0,0,0,0,0,1
59,8,12,35,4,1,0,4,6,0,0,0,0,0,0,0,1
27,14,4,4,2,0,0,1,0,0,0,0,0,0,0,0,1
31,13,0,15,3,0,0,2,1,0,0,0,0,0,0,0,1
36,4,27,0,5,0,0,0,7,0,1,0,0,0,0,0,0
60,6,0,50,1,7,0,3,5,0,0,0,0,0,0,0,0
104,8,0,8,1,0,0,2,16,15,0,0,0,0,0,0,0
109,15,0,44,5,4,1,8,0,2,2,0,1,0,0,0,1
22,12,0,6,1,0,0,1,8,0,0,0,0,0,0,0,1
62,22,0,36,2,5,0,1,1,0,0,0,0,0,0,0,0
28,13,0,11,2,0,0,1,0,0,0,0,0,0,0,0,0
45,7,0,34,1,3,0,3,8,0,1,0,0,0,0,0,0
28,9,2,12,2,0,0,2,0,0,0,0,0,0,0,0,0
42,8,0,30,1,0,0,3,5,0,0,0,0,0,0,0,0
23,2,0,17,1,0,1,1,0,0,0,0,0,0,0,0,0
44,13,0,27,2,1,0,2,0,0,0,0,0,0,0,0,0
59,5,6,43,3,0,0,4,6,0,0,0,0,0,0,0,0
35,10,0,21,1,1,0,3,1,0,0,0,0,0,0,0,1
122,10,0,108,10,2,0,3,18,1,2,0,0,0,1,0,0
26,13,0,6,2,0,0,1,0,0,0,0,1,0,0,0,1
46,5,0,37,2,0,0,3,5,0,0,0,0,0,0,0,0
10,7,0,0,1,0,0,0,0,0,0,0,0,0,1,0,1
67,39,0,24,2,3,0,1,11,0,0,0,0,0,0,0,0
541,11,0,35,3,1,0,4,150,2,0,0,1,0,0,0,1
34,9,0,10,2,0,0,1,3,2,0,0,0,0,0,0,0
37,5,0,28,1,0,0,3,1,0,0,0,0,0,0,0,0
67,16,0,47,1,1,0,6,0,0,0,0,0,0,0,0,0
62,20,0,22,2,1,0,1,9,2,0,0,0,0,0,0,0
170,10,0,10,2,12,1,1,7,10,0,0,0,0,0,0,1
23,12,0,11,4,0,0,2,9,0,0,0,0,1,0,0,1
28,17,7,0,2,1,0,0,1,0,1,0,0,0,1,0,1
174,13,0,47,4,1,0,5,14,21,0,1,0,0,0,0,1
56,6,0,46,1,3,0,3,5,0,1,0,0,0,0,0,0
34,14,0,14,3,1,0,1,0,0,0,0,0,0,0,0,1
35,9,0,22,2,0,0,2,0,0,0,0,0,0,0,0,1
16,4,0,5,2,0,0,1,0,0,0,0,0,0,0,0,1
16,12,0,0,1,1,0,0,0,0,0,0,0,0,0,0,1
83,9,15,16,4,1,0,1,24,2,1,0,0,0,0,0,0
166,15,0,96,6,2,3,8,11,2,1,0,1,0,0,0,1
60,8,14,17,4,0,0,2,2,4,0,0,0,0,0,0,0
22,11,0,8,1,0,0,1,1,0,0,0,0,0,0,0,1
26,15,0,7,1,0,0,1,0,0,1,0,0,0,0,0,1
41,18,0,19,2,0,2,1,0,0,0,0,0,0,0,0,0
151,16,0,67,2,1,2,4,32,1,0,0,0,0,0,0,0
31,7,0,6,1,0,0,1,2,2,0,0,0,0,0,0,0
70,6,0,44,2,2,0,5,3,2,0,0,0,0,0,0,1
64,15,0,45,2,3,0,3,6,0,0,0,0,0,0,0,0
33,7,7,14,3,0,1,1,0,0,0,0,0,0,0,0,1
158,15,0,96,6,2,3,8,7,2,1,0,1,0,0,0,1
37,9,0,25,2,0,0,4,1,0,0,0,0,0,0,0,1
147,17,0,10,2,7,1,1,15,12,0,0,0,0,0,0,1
43,8,0,31,2,0,0,3,0,0,0,0,0,0,0,0,0
51,8,14,24,3,0,3,1,12,0,0,0,0,0,0,0,0
117,5,16,47,8,0,0,7,1,11,2,0,1,0,0,0,1
56,12,0,40,2,0,0,6,17,0,0,0,0,0,0,0,1
38,34,0,0,1,4,0,0,0,0,1,0,0,0,0,0,1
22,9,0,9,1,0,0,1,1,0,0,0,0,0,0,0,1
70,11,0,10,2,0,1,1,2,8,0,0,0,0,0,0,1
113,10,8,85,3,8,0,5,13,0,0,0,0,0,1,0,1
52,16,0,33,2,2,0,4,0,0,0,0,0,0,0,0,1
80,8,0,10,2,0,3,1,4,10,0,0,0,0,0,0,1
21,7,2,7,3,0,0,1,3,0,0,0,0,0,0,0,1
24,9,0,12,1,0,0,1,0,0,0,0,0,0,0,0,1
62,12,0,46,2,0,0,6,0,0,2,0,0,0,0,0,1
61,10,0,47,2,0,0,7,10,0,0,0,0,0,0,0,1
24,12,0,9,2,0,0,1,0,0,0,0,0,0,0,0,1
47,4,0,11,2,0,1,2,0,4,0,0,0,0,0,0,0
23,6,0,13,1,0,0,1,0,1,0,0,0,0,0,0,0
80,14,2,59,2,5,0,3,7,0,0,0,0,0,0,0,0
1666,5,2,3,17,20,7,1,545,75,0,0,1,0,0,0,1
29,10,0,10,2,0,0,1,1,2,0,0,0,0,0,0,1
109,3,0,103,1,6,0,5,8,0,0,0,0,0,0,0,0
47,7,0,37,2,0,0,4,0,0,1,0,0,0,0,0,1
75,14,0,10,2,1,1,1,4,8,0,0,0,0,0,0,1
170,10,0,88,2,0,3,6,57,4,0,0,0,0,0,0,1
86,6,10,66,2,8,0,4,8,0,0,0,0,0,0,0,0
50,5,0,39,2,2,0,4,1,0,1,0,0,0,0,0,0
378,11,111,155,17,5,2,14,95,9,4,0,1,0,0,0,0
146,22,0,10,5,0,4,1,6,12,0,0,0,0,0,0,1
48,12,0,32,2,0,0,3,0,0,1,0,0,0,0,0,0
48,5,0,39,1,0,0,6,11,0,0,0,0,0,0,0,1
52,8,0,40,2,2,0,4,6,0,0,0,0,0,0,0,0
34,9,0,6,1,0,0,1,3,2,0,0,0,0,0,0,1
111,9,3,94,2,11,0,3,7,0,0,0,0,0,0,0,0
45,12,0,29,2,0,0,3,0,0,0,0,0,0,0,0,1
44,6,0,34,2,0,3,3,5,0,2,0,0,0,0,0,0
36,3,0,26,3,2,0,2,1,0,0,0,0,0,0,0,1
95,7,0,69,2,6,0,5,8,2,0,0,0,0,0,0,0
23,9,0,11,2,0,0,1,0,0,0,0,0,0,0,0,1
118,14,10,89,2,12,0,2,5,0,0,0,0,0,0,0,0
45,9,2,29,3,1,0,4,0,0,0,0,0,0,0,0,1
54,11,0,39,2,2,0,3,8,0,0,0,0,0,0,0,1
32,16,4,7,2,0,0,1,3,0,0,0,0,0,0,0,1
173,25,0,130,2,14,1,5,3,2,0,0,0,0,0,0,1
66,5,0,39,2,0,0,3,5,4,0,0,0,0,0,0,1
31,7,0,6,1,0,0,1,2,2,0,0,0,0,0,0,0
17,14,0,0,1,0,0,0,0,0,0,0,0,0,0,0,0
46,9,2,30,2,0,2,2,0,2,0,0,0,0,0,0,0
37,7,0,26,1,1,0,2,0,0,0,0,0,0,0,0,0
21,12,4,0,2,0,0,0,0,0,0,0,0,0,0,0,0
14,10,0,0,1,0,0,0,0,0,0,0,0,0,0,0,0
40,19,0,17,1,2,0,1,0,0,1,0,0,0,0,0,1
13,9,0,0,1,0,0,0,4,0,0,0,0,0,0,0,1
44,10,0,30,1,1,0,4,5,0,0,0,0,0,0,0,0
89,9,0,59,3,1,0,7,0,4,2,0,1,0,0,0,1
22,7,0,11,2,0,0,1,0,0,0,0,0,0,0,0,1
96,7,0,5,2,0,1,1,11,13,0,0,1,0,0,0,0
54,24,0,18,3,1,0,2,0,2,0,0,0,0,0,0,1
54,8,0,42,2,4,1,4,8,0,0,0,0,0,0,0,0
156,15,0,38,4,0,0,4,13,6,0,0,0,0,0,0,1
27,7,0,14,3,0,0,2,0,0,0,0,0,0,0,0,1
264,21,0,73,2,1,2,5,99,8,1,0,0,0,0,0,1
70,10,0,53,2,0,1,8,3,0,0,0,0,0,0,0,1
41,7,8,21,2,1,0,2,0,0,0,0,0,0,0,0,0
26,13,0,9,1,1,0,1,0,0,0,0,0,0,0,0,1
147,10,0,130,3,15,0,3,4,0,0,0,0,0,0,0,1
44,5,0,35,1,3,0,4,0,0,0,0,0,0,0,0,1
35,9,6,15,2,0,1,1,0,0,0,0,0,0,0,0,0
44,4,12,24,3,1,0,2,5,0,0,0,0,0,0,0,1
48,9,2,32,2,0,4,2,4,0,0,0,0,0,0,0,0
88,13,13,57,3,0,0,4,18,0,0,0,0,0,0,0,1
23,11,0,8,1,0,0,1,0,0,0,0,0,0,0,0,0
99,12,0,10,2,0,1,1,10,14,0,0,0,0,0,0,1
91,24,0,63,1,0,0,7,0,0,0,0,0,0,0,0,0
68,5,0,59,2,8,0,1,8,0,0,0,0,0,0,0,0
26,7,0,15,2,0,0,1,0,0,0,0,0,0,1,0,1
203,7,0,10,2,0,1,1,22,7,0,0,0,0,0,0,1
28,6,12,5,2,0,0,1,4,0,0,0,0,0,0,0,0
15,9,0,0,2,0,0,0,0,0,0,0,0,0,0,0,1
131,8,0,10,4,0,4,1,9,12,0,0,0,0,0,0,1
70,7,0,59,2,4,0,2,0,0,0,0,0,0,0,0,0
12,8,0,0,1,0,0,0,0,0,0,0,0,0,0,0,0
69,8,0,10,2,0,1,1,4,8,0,0,0,0,0,0,1
69,14,0,51,2,1,0,6,0,0,0,0,0,0,0,0,1
40,6,4,25,2,0,0,2,0,0,0,0,0,0,0,0,1
11,7,0,0,1,0,0,0,0,0,0,0,0,0,0,0,0
36,5,0,27,1,0,1,4,0,0,0,0,0,0,0,0,0
107,4,0,10,2,0,2,1,5,16,0,0,0,0,0,0,1
13,9,0,0,1,0,0,0,0,0,0,0,0,0,0,0,0
31,5,0,22,1,0,0,3,0,0,0,0,0,0,0,0,1
132,10,102,15,8,2,0,2,32,0,2,0,0,0,0,0,0
23,7,0,12,2,0,0,1,1,0,1,0,0,0,0,0,1
99,7,0,6,2,4,0,1,5,7,1,0,1,0,0,0,0
42,16,0,23,3,0,0,3,0,0,0,0,0,0,0,0,1
63,8,0,48,2,0,0,5,0,0,1,0,0,0,0,0,1
21,12,0,5,1,0,0,1,0,1,0,0,0,0,0,0,1
35,15,0,16,2,0,0,2,0,0,0,0,0,0,0,0,0
19,4,0,8,2,0,0,2,1,0,0,0,1,0,0,0,1
170,16,0,148,3,2,0,10,48,0,2,0,1,0,0,0,0
28,24,0,0,1,0,0,0,0,0,0,0,0,0,0,0,0
48,12,0,33,4,0,0,5,2,0,0,0,1,0,0,0,1
46,9,4,28,3,1,0,3,6,0,1,0,0,0,0,0,1
106,21,0,10,2,0,1,1,3,12,0,0,0,0,0,0,1
35,4,0,27,2,2,0,2,6,0,0,0,0,0,0,0,1
30,12,0,18,3,0,0,2,14,1,0,0,0,1,0,0,1
34,13,0,18,2,0,0,2,0,0,1,0,0,0,0,0,1
23,6,0,13,1,1,0,1,10,0,0,0,0,0,0,0,0
57,14,0,14,3,0,0,2,0,3,0,1,0,0,0,0,1
121,7,0,110,1,18,0,3,8,0,0,0,0,0,0,0,0
34,13,16,0,2,0,0,0,11,0,0,0,0,0,0,0,1
39,8,0,27,2,1,0,3,4,0,0,0,0,0,0,0,1
42,17,0,21,1,0,1,2,0,2,0,0,0,0,0,0,0
45,9,10,21,2,2,0,2,0,0,0,0,0,0,0,0,0
30,10,0,16,2,0,0,2,0,0,0,0,0,0,0,0,1
55,6,27,11,7,1,0,1,0,2,2,0,0,0,0,0,0
23,6,0,13,2,0,0,1,0,0,0,0,0,0,0,0,1
25,8,0,13,1,0,0,2,0,0,0,0,0,0,0,0,1
52,9,0,40,2,4,0,3,0,0,0,0,0,0,0,0,1
90,3,0,83,1,13,0,3,6,0,1,0,0,0,0,0,0
29,8,0,17,2,2,0,1,0,0,0,0,0,0,0,0,0
34,5,4,20,3,0,0,2,1,0,0,0,0,0,0,0,1
79,13,0,62,1,0,1,8,0,0,0,0,0,0,0,0,1
14,10,0,0,1,0,0,0,0,0,0,0,0,0,0,0,1
37,5,27,0,3,1,0,0,0,0,0,0,0,0,0,0,1
104,7,0,24,6,0,0,12,1,5,1,0,0,0,0,0,1
37,14,0,20,2,1,0,1,0,0,0,0,0,0,0,0,0
39,7,0,29,2,0,1,3,1,0,0,0,0,0,0,0,0
18,5,0,9,1,0,0,2,0,0,0,0,0,0,0,0,0
34,5,0,25,1,2,0,3,1,0,0,0,0,0,0,0,0
75,11,0,10,2,0,1,1,6,8,0,0,0,0,0,0,1
35,13,0,18,2,0,0,2,0,0,0,0,0,0,0,0,0
20,16,0,0,1,2,0,0,0,0,0,0,0,0,0,0,0
33,14,0,15,1,1,0,2,0,0,0,0,0,0,0,0,1
48,7,0,37,2,0,4,2,1,0,0,0,0,0,0,0,0
69,12,0,10,2,1,1,1,2,6,0,0,0,0,0,0,1
47,13,5,12,4,0,0,1,7,2,0,0,0,0,0,0,0
19,7,0,9,2,0,0,1,0,0,0,0,0,0,0,0,1
38,5,0,29,1,2,0,3,1,0,0,0,0,0,0,0,0
67,9,0,26,2,0,0,2,1,6,0,0,0,0,0,0,1
44,4,0,37,1,3,0,2,0,0,0,0,0,0,0,0,0
111,6,0,34,4,4,1,8,0,5,1,0,1,0,0,0,1
31,7,0,6,1,1,0,1,2,2,0,0,0,0,0,0,0
32,10,17,0,2,0,0,0,0,0,0,0,0,0,0,0,1
78,8,0,66,1,11,0,4,12,0,0,0,0,0,0,0,0
25,10,0,11,1,0,0,2,5,0,0,0,0,0,0,0,0
83,8,0,68,3,1,0,5,21,0,0,0,0,0,0,0,1
85,14,0,38,3,2,0,2,2,3,1,1,0,0,0,0,1
33,4,0,22,2,0,0,3,0,0,0,0,0,0,0,0,1
107,11,0,14,2,1,1,2,28,6,0,0,0,0,0,0,1
87,8,0,18,5,0,0,10,3,3,1,0,0,0,0,0,1
26,5,0,18,2,0,0,2,0,0,0,0,0,0,0,0,1
25,12,0,9,1,0,0,1,3,0,0,0,0,0,0,0,1
52,27,0,19,3,1,0,2,0,0,0,0,0,0,0,0,1
106,14,0,92,3,0,0,2,11,0,1,0,1,1,0,0,1
32,18,0,10,2,0,0,1,0,0,0,0,0,0,0,0,0
118,29,0,85,2,1,2,6,20,0,0,0,0,0,0,0,1
23,8,0,11,2,0,0,1,0,0,1,0,0,0,0,0,1
50,16,0,31,2,0,2,3,0,0,0,0,0,0,0,0,1
69,12,0,53,1,1,0,5,0,0,0,0,0,0,0,0,0
72,6,5,3,2,0,1,1,8,4,1,0,0,0,0,0,1
51,10,0,35,3,3,2,2,4,0,0,0,0,0,0,0,0
108,17,0,10,2,1,1,1,8,10,0,0,0,0,0,0,1
44,15,0,25,2,2,0,2,2,0,0,0,0,0,0,0,1
31,7,3,14,3,0,0,2,0,1,0,0,0,0,0,0,1
73,5,0,64,2,4,0,4,0,0,1,0,0,0,0,0,1
110,10,0,19,4,0,0,6,4,10,2,0,1,0,0,0,1
1492,5,7,3,10,11,13,1,444,112,0,0,0,0,0,0,1
16,6,5,0,2,0,0,0,0,0,0,0,0,0,0,0,0
48,12,0,33,4,0,0,5,2,0,0,0,1,0,0,0,1
45,12,0,29,2,0,0,3,0,0,0,0,1,0,0,0,1
43,12,0,27,1,0,0,3,0,1,0,0,0,0,0,0,0
76,15,0,57,1,1,0,4,20,0,0,0,0,0,0,0,1
26,13,0,7,4,0,0,1,15,0,0,0,0,1,0,0,1
91,14,0,73,1,6,0,3,9,0,0,0,0,0,0,0,0
69,8,20,36,3,3,0,3,13,0,0,0,0,0,0,0,0
110,10,0,19,4,0,0,6,4,10,2,0,1,0,0,0,1
83,19,0,10,2,1,1,1,4,8,0,0,0,0,0,0,1
16,10,0,0,2,0,0,0,0,0,0,0,0,0,0,0,0
84,6,0,10,3,0,1,1,3,8,0,0,0,0,0,0,1
108,15,5,31,3,2,0,2,20,8,0,0,0,0,0,0,0
31,7,0,6,1,1,1,1,1,2,0,0,0,0,0,0,0
81,20,0,10,2,0,1,1,4,8,0,0,0,0,0,0,1
22,8,0,7,2,0,0,1,0,0,0,0,0,0,0,0,1
30,9,0,8,2,0,0,1,0,2,0,0,0,0,0,0,1
118,16,0,38,3,2,0,4,20,4,0,0,0,0,0,0,1
38,4,0,30,1,2,0,2,6,0,0,0,0,0,0,0,0
86,12,0,70,1,7,0,5,14,0,0,0,0,0,0,0,0
36,4,0,26,4,0,0,3,0,0,0,0,0,0,0,0,1
166,15,0,96,6,2,3,8,11,2,1,0,1,0,0,0,1
48,10,0,34,2,0,0,3,0,0,0,0,0,0,0,0,1
30,4,0,11,2,0,1,2,0,2,0,0,0,0,0,0,0
82,17,0,61,1,2,1,2,19,0,0,0,0,0,0,0,0
31,7,0,6,1,1,0,1,2,2,0,0,0,0,0,0,0
1666,5,2,3,17,20,7,1,545,75,0,0,1,0,0,0,1
141,3,0,135,1,10,0,7,1,0,0,0,0,0,0,0,0
215,24,4,42,7,0,0,2,10,24,1,0,0,0,0,0,1
37,4,8,9,3,0,1,1,3,2,0,0,0,0,0,0,1
85,15,0,66,2,7,0,2,16,0,0,0,0,0,0,0,1
67,7,11,8,5,0,0,5,1,2,0,0,0,0,0,0,0
159,4,7,52,12,1,0,12,6,7,0,0,1,0,0,0,1
12,8,0,0,1,0,0,0,0,0,0,0,0,0,0,0,1
248,6,8,229,5,8,8,12,21,5,2,0,0,0,0,0,1
22,5,0,13,2,0,0,1,0,0,0,0,0,0,0,0,1
29,14,0,15,4,0,0,2,11,0,0,0,0,1,0,0,1
113,15,0,94,1,8,0,5,7,0,0,0,0,0,0,0,0
46,6,0,10,2,1,1,1,0,4,0,0,0,0,0,0,1
70,21,0,45,2,2,4,1,0,0,0,0,0,0,0,0,0
38,15,0,19,2,0,0,2,0,0,0,0,0,0,0,0,0
39,21,0,14,2,1,1,1,0,0,0,0,0,0,0,0,0
239,6,0,10,2,0,1,1,31,9,0,0,0,0,0,0,1
26,10,0,13,2,0,0,2,0,0,0,0,0,0,0,0,1
43,9,0,25,3,0,0,2,10,2,0,0,0,0,0,0,1
65,19,0,42,1,0,0,4,26,0,1,0,1,0,0,0,1
51,10,0,15,2,1,0,2,8,4,0,0,0,0,0,0,0
299,5,0,290,1,9,0,4,104,88,0,0,0,0,0,0,0
132,14,24,23,8,5,2,5,2,5,1,0,1,0,0,0,0
24,9,0,12,1,0,0,1,2,0,0,0,0,0,0,0,1
52,8,15,24,5,0,0,2,0,0,0,0,0,0,0,0,0
30,9,2,14,2,0,1,2,0,0,0,0,0,0,0,0,0
100,12,0,10,3,0,1,1,10,12,0,0,0,0,0,0,1
92,11,0,39,1,1,2,3,0,4,0,0,0,0,0,0,0
66,7,0,34,1,0,0,2,24,2,0,0,0,0,0,0,1
184,10,0,156,3,3,1,3,25,10,1,0,0,0,0,0,0
14,10,0,0,1,0,0,0,0,0,0,0,0,0,0,0,0
119,8,0,107,2,15,0,3,4,0,0,0,0,0,0,0,0
43,21,7,10,3,1,0,1,0,0,1,0,0,0,0,0,1
204,14,0,15,3,12,1,2,20,18,0,0,0,0,0,0,1
112,8,0,100,1,12,0,6,10,0,0,0,0,0,0,0,0
39,7,5,22,3,0,1,2,0,0,0,0,0,0,0,0,0
78,13,0,10,3,0,1,1,4,8,0,0,0,0,0,0,1
50,25,0,21,2,0,0,1,2,1,0,0,0,0,0,0,0
22,6,0,12,1,1,0,1,9,0,0,0,0,0,0,0,0
77,8,0,65,1,5,0,3,12,0,0,0,0,0,0,0,0
55,9,0,43,1,3,0,3,0,0,0,0,0,0,0,0,1
50,15,0,10,2,0,0,1,1,4,0,0,0,0,0,0,1
77,13,0,61,2,4,0,3,6,0,0,0,0,0,0,0,1
60,21,0,35,4,0,0,3,0,0,0,0,0,0,0,0,0
149,6,0,45,2,2,1,6,41,5,1,0,0,0,1,0,0
37,13,0,17,2,0,0,4,0,0,0,0,0,0,0,0,1
21,8,0,9,2,0,0,1,1,0,0,0,0,0,0,0,1
69,14,0,48,3,2,0,5,1,0,0,0,0,0,0,0,1
26,6,8,7,4,0,0,1,4,0,0,0,0,0,0,0,0
38,18,0,17,2,1,0,2,0,0,0,0,0,0,0,0,1
98,20,0,75,1,0,0,4,17,0,0,0,0,0,0,0,1
31,7,0,6,1,0,0,1,2,2,0,0,0,0,0,0,0
57,21,0,33,2,1,0,2,0,0,0,0,0,0,0,0,1
49,15,0,30,2,1,0,3,1,0,0,0,0,0,0,0,1
31,7,0,6,1,0,2,1,2,2,0,0,0,0,0,0,0
39,20,0,12,2,1,0,1,0,0,0,0,0,0,0,0,1
80,17,0,10,3,0,1,1,2,8,0,0,0,0,0,0,1
35,28,0,3,1,1,0,1,0,0,0,0,0,0,0,0,0
49,10,0,35,1,4,0,2,6,0,0,0,0,0,0,0,0
80,12,0,10,2,0,1,1,5,8,0,0,0,0,0,0,1
42,6,5,26,2,0,0,2,1,0,2,0,0,0,0,0,1
39,8,0,27,2,0,0,3,0,0,1,0,0,0,0,0,1
69,16,0,49,2,2,0,3,0,0,0,0,0,0,0,0,1
99,9,5,57,6,0,0,6,7,3,0,0,0,0,1,0,1
328,13,0,311,1,0,1,12,200,1,0,0,0,0,0,0,1
254,15,0,49,5,3,1,6,26,14,0,0,1,0,0,0,1
69,9,0,10,2,0,1,1,2,8,0,0,0,0,0,0,1
31,7,0,1,1,0,0,1,0,3,0,0,0,0,0,0,0
23,5,0,1,1,0,0,1,0,2,0,0,0,0,0,0,1
109,7,0,98,1,8,0,5,0,0,0,0,0,0,0,0,0
42,14,0,25,2,0,0,4,0,0,0,0,0,0,0,0,1
18,14,0,0,3,0,0,0,14,0,0,0,0,1,0,0,1
27,6,6,11,2,0,0,2,0,0,0,0,0,0,0,0,1
47,18,0,25,1,1,0,3,0,0,0,0,0,0,0,0,1
37,13,0,20,1,3,0,1,0,0,0,0,0,0,0,0,0
27,8,3,9,3,0,0,1,3,1,0,0,0,0,0,0,1
35,8,0,23,1,0,0,3,1,0,0,0,0,0,0,0,1
27,6,4,12,2,0,0,2,0,0,1,0,0,0,0,0,1
25,9,0,1,3,0,0,1,6,2,0,0,0,1,0,0,1
94,10,0,10,2,1,2,1,7,12,0,0,0,0,0,0,1
83,17,0,62,2,1,0,7,4,2,0,0,0,0,0,0,1
28,12,0,12,1,0,0,2,5,0,0,0,0,0,0,0,0
46,12,0,30,2,0,0,4,0,0,0,0,0,0,0,0,1
117,5,16,47,8,0,0,7,1,11,2,0,1,0,0,0,1
75,10,0,10,3,0,1,1,4,8,0,0,0,0,0,0,1
56,3,13,16,7,0,0,2,10,2,0,0,0,1,0,0,1
46,6,0,33,3,1,0,4,0,0,0,0,0,0,0,0,1
18,5,0,9,1,0,0,1,8,0,0,0,0,0,0,0,0
46,23,0,1,1,1,0,1,1,2,0,0,0,0,0,0,0
17,13,0,0,1,0,0,0,0,0,0,0,0,0,0,0,0
64,15,5,39,2,0,0,4,0,0,0,0,0,0,0,0,1
38,7,0,28,2,0,0,3,0,0,0,0,0,0,0,0,1
21,6,0,11,1,1,0,1,0,0,0,0,0,0,0,0,1
189,9,0,38,9,4,1,9,25,8,1,0,0,1,0,0,0
32,12,0,17,2,0,0,2,0,0,1,0,0,0,0,0,1
69,4,0,62,3,4,0,3,0,0,0,0,0,0,0,0,1
76,5,11,16,4,1,0,1,23,2,1,0,0,0,0,0,0
26,15,0,7,1,0,0,2,0,0,0,0,0,0,0,0,1
18,4,9,0,2,0,0,0,2,0,0,0,0,0,0,0,0
50,5,27,13,4,0,0,1,1,0,0,0,0,0,0,0,0
21,15,0,0,3,0,0,0,17,0,0,0,0,1,0,0,1
28,15,0,7,4,0,0,1,17,0,0,0,0,1,0,0,1
23,9,0,10,1,0,0,1,0,0,0,0,0,0,0,0,1
277,30,0,77,5,3,1,5,92,8,2,0,1,0,0,0,1
21,17,0,0,1,1,0,0,2,0,0,0,0,0,0,0,1
118,13,10,85,3,8,0,5,13,0,0,0,0,0,0,0,1
26,10,0,12,2,1,0,1,0,0,0,0,0,0,0,0,1
21,9,0,9,1,1,0,1,1,0,0,0,0,0,0,0,1
20,2,0,14,1,0,1,1,0,0,0,0,0,0,0,0,0
25,21,0,0,1,2,0,0,0,0,0,0,0,0,0,0,1
115,8,4,20,9,0,0,3,10,10,0,0,1,0,0,0,1
47,15,0,28,2,3,0,1,0,0,0,0,0,0,0,0,1
58,12,0,42,2,3,0,3,5,0,0,0,0,0,0,0,0
33,7,0,22,1,3,0,1,0,0,0,0,0,0,0,0,0
43,10,0,29,2,3,0,1,6,0,0,0,0,0,0,0,0
46,10,0,32,1,1,0,3,0,0,0,0,0,0,0,0,1
31,7,0,6,1,0,0,1,2,2,0,0,0,0,0,0,0
55,15,0,10,2,0,1,1,0,4,0,0,0,0,0,0,1
66,23,0,34,2,3,0,4,0,1,0,0,0,0,0,0,1
22,9,0,8,1,0,0,1,3,0,0,0,0,0,1,0,1
36,2,0,9,1,0,0,2,1,1,0,0,0,0,0,0,1
25,10,0,12,1,0,0,2,0,0,0,0,0,0,0,0,1
70,24,0,43,1,1,0,3,24,0,1,0,0,0,0,0,1
20,10,0,6,1,0,0,1,2,0,0,0,0,0,0,0,1
51,6,0,41,1,3,0,3,10,0,1,0,0,0,0,0,0
36,7,0,22,3,1,0,1,0,0,0,0,0,0,0,0,1
74,16,0,54,2,0,0,3,27,0,0,0,0,0,0,0,1
49,14,0,32,1,0,0,5,0,0,0,0,0,0,0,0,1
27,8,2,12,2,0,0,2,0,0,0,0,0,0,0,0,0
28,8,0,16,1,0,0,3,0,0,0,0,0,0,0,0,1
288,9,0,48,15,0,0,4,62,29,1,1,0,0,0,0,1
79,11,0,65,2,1,0,5,19,0,0,0,0,0,0,0,1
54,6,8,35,2,2,0,3,0,0,0,0,0,0,0,0,1
57,5,0,49,2,1,0,3,2,0,0,0,0,0,0,0,1
73,9,0,10,2,0,1,1,1,8,0,0,0,0,0,0,1
46,9,2,30,2,0,3,2,0,0,0,0,0,0,0,0,0
32,4,0,14,2,0,2,1,2,2,0,0,0,0,0,0,1
38,13,0,20,2,0,0,3,0,0,0,0,0,0,1,0,1
49,8,0,38,3,0,0,3,0,0,0,0,0,0,0,0,1
79,16,0,10,2,0,1,1,5,8,0,0,0,0,0,0,1
23,14,0,6,1,0,0,1,0,0,0,0,1,0,0,0,1
65,3,2,55,3,0,1,3,2,1,0,0,0,0,0,0,1
57,13,13,26,3,0,0,2,0,0,0,0,0,0,0,0,0
33,8,0,21,2,0,0,2,3,0,0,0,0,0,0,0,1
44,13,0,28,2,2,0,1,7,0,0,0,0,0,0,0,0
123,4,35,4,4,1,1,2,29,4,0,0,1,0,0,0,0
111,13,0,39,1,0,0,3,29,2,0,0,0,0,0,0,1
17,12,0,0,3,0,0,0,13,0,0,0,0,1,0,0,1
30,8,5,13,3,0,0,1,1,0,0,0,0,0,0,0,1
38,6,0,28,2,0,0,3,0,1,0,0,0,0,0,0,1
25,8,0,3,2,0,0,2,1,2,0,0,0,0,0,0,1
47,6,18,18,2,2,0,3,0,0,1,0,0,0,0,0,1
26,7,0,15,1,0,0,1,0,0,0,0,0,0,0,0,0
40,11,0,21,4,0,0,3,8,2,1,0,0,1,0,0,1
78,17,0,10,2,1,1,1,4,8,0,0,0,0,0,0,1
41,6,0,13,2,0,1,1,4,2,0,0,0,0,0,0,0
56,8,0,45,3,1,0,3,0,0,0,0,0,0,0,0,1
21,10,0,7,1,0,0,1,1,0,0,0,0,0,0,0,1
13,4,0,6,1,0,0,1,0,0,0,0,0,0,0,0,1
48,14,2,27,2,4,0,2,4,0,0,0,0,0,0,0,0
90,7,0,77,6,0,0,8,0,0,0,0,1,0,0,0,1
45,8,0,33,1,1,0,3,10,0,0,0,0,0,0,0,0
49,10,0,33,2,0,0,1,21,0,0,0,0,0,0,0,1
88,17,0,10,2,2,0,1,4,11,0,0,0,0,0,0,0
154,9,0,141,2,0,2,13,20,1,0,0,0,0,0,0,1
145,14,0,38,3,0,0,4,14,4,0,0,0,0,0,0,1
30,16,0,10,1,0,0,1,0,0,0,0,0,0,0,0,0
29,13,0,16,4,0,0,1,10,0,0,0,0,1,0,0,1
19,9,0,6,1,0,0,1,3,0,0,0,0,0,0,0,1
23,17,0,0,2,0,0,0,0,0,0,0,0,0,0,0,1
35,13,0,15,3,0,0,2,0,0,0,0,0,0,0,0,1
96,7,4,80,2,0,13,2,0,0,0,0,0,0,0,0,0
18,14,0,0,1,0,0,0,0,0,0,0,0,0,0,0,1
85,11,0,29,3,0,1,1,5,6,0,0,0,0,0,0,0
20,9,0,7,1,0,0,1,0,0,0,0,0,0,0,0,1
17,13,0,0,1,1,0,0,0,0,0,0,0,0,0,0,1
27,16,0,8,1,0,0,1,1,0,0,0,0,0,0,0,1
56,9,0,27,2,0,0,3,10,2,0,0,0,0,0,0,1
55,6,0,4,1,0,0,2,7,6,0,0,0,0,0,0,1
73,6,0,63,1,7,0,2,6,0,0,0,0,0,0,0,0
18,4,6,4,2,0,0,1,2,0,0,0,0,0,0,0,1
54,10,0,40,2,4,0,2,7,0,0,0,0,0,0,0,0
165,12,0,149,2,2,2,12,23,1,0,0,0,0,0,0,1
24,7,0,10,2,0,0,2,1,0,0,0,0,0,0,0,1
91,11,0,76,2,14,0,1,3,0,0,0,0,0,0,0,0
113,8,0,29,4,1,3,4,1,6,0,1,0,0,0,0,1
30,16,0,10,2,0,0,1,0,0,0,0,0,0,0,0,1
46,8,0,34,1,0,1,3,0,0,0,0,0,0,0,0,1
139,18,0,10,2,3,0,1,4,14,0,0,0,0,0,0,1
53,7,8,33,2,2,0,3,0,0,0,0,0,0,0,0,0
112,10,7,85,3,8,0,5,13,0,0,0,0,0,1,0,1
49,16,0,26,3,2,0,1,0,0,0,0,0,0,0,0,1
27,12,0,11,2,0,0,1,0,0,0,0,0,0,0,0,1
235,27,0,10,2,2,1,1,25,8,0,0,0,0,0,0,1
44,14,0,26,2,2,0,2,0,0,0,0,0,0,0,0,1
26,5,16,0,2,0,0,0,0,0,0,0,0,0,0,0,1
81,15,0,10,2,1,1,1,6,8,0,0,0,0,0,0,1
35,19,0,12,2,0,0,1,0,0,0,0,0,0,0,0,0
33,6,0,23,1,1,0,3,3,0,1,0,0,0,0,0,0
22,10,0,9,2,0,0,1,0,0,0,0,0,0,0,0,1
67,5,0,47,3,1,0,6,7,2,0,0,0,0,0,0,1
21,10,0,11,3,0,0,2,7,0,1,0,0,1,0,0,1
21,12,0,9,4,0,0,1,11,0,0,0,0,1,0,0,1
14,10,0,0,1,1,0,0,0,0,0,0,0,0,0,0,1
30,7,0,12,1,0,0,3,0,1,1,0,0,0,1,0,1
52,6,0,42,1,3,0,3,10,0,1,0,0,0,0,0,0
17,6,0,7,1,0,0,1,0,0,0,0,0,0,0,0,1
43,7,0,33,3,0,0,4,0,0,1,0,0,0,0,0,1
237,9,0,16,3,0,3,2,42,20,0,0,0,0,0,0,0
32,7,0,21,1,1,0,2,0,0,0,0,0,0,0,0,0
43,4,12,23,3,1,0,2,5,0,0,0,0,0,0,0,1
72,10,0,10,2,0,1,1,4,8,0,0,0,0,0,0,1
95,8,0,83,1,14,0,2,0,0,0,0,0,0,0,0,0
30,9,8,8,2,0,0,1,0,0,0,0,0,0,0,0,0
33,9,0,9,1,0,0,2,0,2,0,0,0,0,0,0,0
31,6,0,22,2,0,0,3,0,0,0,0,0,0,0,0,0
22,8,9,0,2,0,0,0,0,0,0,0,0,0,0,0,1
20,12,0,4,1,0,0,1,0,0,0,0,0,0,0,0,1
82,4,0,73,1,0,0,1,26,24,0,0,0,0,1,0,1
42,14,0,24,1,0,0,4,0,0,0,0,0,0,0,0,1
115,15,0,68,2,7,0,3,1,6,0,0,0,0,0,0,1
41,9,2,25,2,0,1,2,4,0,0,0,0,0,0,0,0
18,14,0,0,1,0,0,0,0,0,0,0,0,0,0,0,1
45,15,0,23,2,1,0,2,0,0,0,0,0,0,0,0,1
76,6,0,67,2,7,0,4,4,0,0,0,0,0,0,0,1
26,14,0,1,1,0,0,1,4,2,0,0,0,0,0,0,0
101,6,0,91,1,9,0,3,12,0,0,0,0,0,0,0,0
94,9,0,15,2,1,0,1,12,10,0,0,0,0,0,0,0
48,16,0,19,2,0,0,2,5,2,0,0,0,0,0,0,0
38,9,0,25,2,1,0,2,5,0,0,0,0,0,0,0,1
27,7,0,16,1,1,0,1,0,0,0,0,0,0,0,0,0
100,21,0,10,2,1,1,1,3,8,0,0,0,0,0,0,1
93,10,0,80,3,8,0,2,10,0,2,0,1,0,0,0,1
29,9,15,0,3,0,0,0,2,0,0,0,0,0,0,0,0
102,10,0,88,2,9,0,6,8,0,0,0,0,0,0,0,0
22,5,2,10,3,0,0,1,0,0,0,0,0,0,1,0,1
70,18,0,10,2,0,1,1,2,6,0,0,0,0,0,0,1
39,3,0,32,1,1,0,3,1,0,0,0,0,0,0,0,1
107,7,0,10,2,4,1,1,6,10,0,0,0,0,0,0,1
28,6,0,18,2,0,0,2,6,0,0,0,0,0,0,0,1
92,19,0,69,4,0,0,5,2,0,0,0,1,0,0,0,1
81,4,0,4,5,1,0,8,4,6,1,0,0,0,0,0,1
13,9,0,0,1,0,0,0,0,0,0,0,0,0,0,0,0
40,6,0,30,3,2,0,2,0,0,0,0,0,0,0,0,1
25,13,0,9,1,1,0,1,0,0,0,0,0,0,0,0,1
46,8,0,34,1,1,0,3,15,0,0,0,0,0,0,0,0
100,5,0,41,2,0,0,3,6,10,0,0,0,0,0,0,1
42,15,0,11,3,0,0,1,0,2,0,0,0,0,0,0,1
79,15,0,60,2,1,4,4,0,0,0,0,0,0,0,0,1
60,7,0,27,2,0,0,2,6,4,0,0,0,0,0,0,0
95,15,0,60,3,0,0,8,4,4,0,0,0,0,0,0,1
37,8,0,11,1,0,0,2,1,2,0,0,0,0,0,0,1
95,21,0,10,2,1,1,1,5,8,0,0,0,0,0,0,1
15,11,0,0,1,0,0,0,0,0,0,0,0,0,0,0,0
22,9,0,9,1,0,0,1,0,0,0,0,0,0,0,0,1
27,14,0,9,2,0,0,1,0,0,0,0,0,0,0,0,1
23,13,0,7,1,0,0,1,3,0,0,0,0,0,0,0,1
371,12,28,34,3,8,1,3,57,16,2,0,0,0,0,0,0
6,3,0,0,1,0,0,0,0,0,0,0,0,0,0,0,0
29,3,13,8,3,0,0,1,6,0,0,0,0,0,0,0,1
36,21,0,11,2,0,0,1,0,0,0,0,0,0,0,0,1
31,9,0,18,2,0,0,2,0,0,0,0,0,0,0,0,1
35,9,0,22,1,0,0,4,2,0,0,0,0,0,0,0,0
106,11,0,10,2,2,1,1,5,12,0,0,0,0,0,0,1
43,10,0,29,2,0,2,1,0,0,1,0,0,0,0,0,1
97,13,0,20,2,0,1,2,7,10,0,0,0,0,0,0,1
75,13,0,10,2,0,1,1,4,8,0,0,0,0,0,0,1
76,3,16,53,8,0,0,6,5,0,0,0,0,0,0,0,1
15,5,0,6,1,0,0,1,0,0,1,0,0,0,0,0,1
47,19,0,24,1,2,0,2,0,0,0,0,0,0,0,0,1
82,14,0,15,3,0,1,2,2,8,0,0,0,0,0,0,1
36,14,6,5,2,0,0,2,7,0,0,0,0,0,0,0,1
227,5,0,10,2,0,1,1,28,11,0,0,0,0,0,0,1
31,9,0,18,1,0,0,2,0,0,0,0,0,0,0,0,0
44,3,6,30,2,1,0,3,0,0,0,0,0,0,0,0,0
12,9,0,0,1,0,0,0,0,0,0,0,0,0,1,0,1
43,4,12,23,3,1,0,2,5,0,0,0,0,0,0,0,1
81,10,0,10,2,0,1,1,5,10,0,0,0,0,0,0,1
45,6,0,35,3,2,0,3,0,0,0,0,0,0,0,0,0
33,9,0,20,2,0,0,2,1,0,0,0,0,0,0,0,1
16,13,0,0,1,1,0,0,0,0,0,0,0,0,0,0,1
49,18,0,25,3,0,0,2,0,0,0,0,0,0,0,0,1
47,15,0,28,1,2,0,3,6,0,0,0,0,0,0,0,0
37,7,0,26,1,1,0,2,0,0,0,0,0,0,0,0,0
17,12,0,0,3,0,0,0,13,0,0,0,0,1,0,0,1
72,10,0,58,2,0,0,3,20,0,0,0,0,0,0,0,1
93,6,0,10,2,2,1,1,4,8,0,0,0,0,0,0,1
409,11,111,186,17,5,2,14,114,9,4,0,1,0,0,0,0
170,16,0,148,3,2,0,10,48,0,2,0,1,0,0,0,0
69,6,0,60,2,6,0,4,5,0,0,0,0,0,0,0,1
34,18,0,13,1,2,0,2,1,0,0,0,0,0,0,0,1
94,13,8,68,2,8,0,4,8,0,0,0,0,0,0,0,0
38,14,0,20,2,0,0,1,0,0,0,0,0,0,0,0,0
48,10,0,34,1,2,0,3,0,0,0,0,0,0,0,0,1
159,8,0,144,4,11,0,7,7,0,0,0,0,0,0,0,1
28,19,0,6,1,0,0,1,3,0,0,0,0,0,0,0,1
10,6,0,0,1,0,0,0,2,0,0,0,0,0,0,0,1
97,6,6,80,4,0,1,6,18,0,1,0,0,0,0,0,0
72,5,54,6,12,0,0,1,2,0,4,0,1,0,0,0,1
65,6,0,55,1,1,0,4,21,0,0,0,0,0,0,0,1
33,7,0,22,1,0,0,1,0,0,0,0,0,0,0,0,0
58,5,7,15,2,0,0,2,15,2,0,0,0,0,0,0,0
41,14,0,23,2,1,0,3,0,0,0,0,0,0,0,0,1
149,10,0,135,1,2,1,9,17,4,1,0,0,0,0,0,0
48,16,0,29,2,1,0,2,0,0,0,0,0,0,0,0,1
26,2,0,20,1,0,2,1,0,0,0,0,0,0,0,0,0
27,9,2,11,2,0,0,2,0,0,0,0,0,0,0,0,1
36,18,0,14,2,0,0,1,1,0,0,0,0,0,0,0,0
43,16,0,23,2,0,0,3,0,0,0,0,0,0,0,0,1
52,9,8,30,2,1,0,4,8,0,0,0,0,0,0,0,0
78,7,0,53,2,4,0,4,15,2,0,0,0,0,0,0,1
22,18,0,0,1,1,0,0,0,0,0,0,0,0,0,0,1
28,6,0,18,2,0,0,2,0,0,0,0,0,0,0,0,1
56,9,0,43,2,0,3,3,0,0,0,0,0,0,0,0,0
37,6,0,24,3,1,0,1,0,0,0,0,0,0,0,0,1
97,20,0,41,3,2,1,4,2,4,0,0,0,0,0,0,1
74,9,0,61,1,1,0,4,18,0,2,0,0,0,0,0,0
26,22,0,0,1,0,0,0,0,0,0,0,0,0,0,0,1
43,9,0,30,2,0,0,2,5,0,0,0,0,0,0,0,1
88,5,0,10,3,0,1,1,9,10,0,0,0,0,0,0,1
106,14,0,92,3,0,0,2,11,0,1,0,1,1,0,0,1
89,9,0,59,3,1,0,7,0,4,2,0,1,0,0,0,1
36,12,8,12,2,2,0,2,2,1,0,0,0,0,0,0,1
83,11,13,48,3,4,0,3,7,0,0,0,0,0,0,0,1
17,14,0,0,1,0,0,0,0,0,0,0,0,0,0,0,1
22,11,0,7,2,0,0,1,1,0,0,0,0,0,0,0,0
32,9,0,19,2,0,0,2,0,0,0,0,0,0,0,0,0
68,9,0,55,2,0,3,3,0,0,0,0,0,0,0,0,0
29,9,2,13,2,1,0,2,0,0,0,0,0,0,0,0,0
158,15,0,96,6,2,3,8,7,2,1,0,1,0,0,0,1
146,10,0,24,4,1,0,4,14,21,1,1,0,0,0,0,1
29,6,0,19,3,1,0,2,0,0,0,0,0,0,0,0,1
37,17,0,16,2,0,0,2,0,0,0,0,0,0,0,0,1
77,5,0,10,2,0,1,1,2,10,0,0,0,0,0,0,1
197,14,0,10,2,0,1,1,23,8,0,0,0,0,0,0,1
19,6,8,0,2,0,0,0,3,0,0,0,0,0,0,0,0
102,8,17,27,7,0,1,5,23,4,2,0,0,0,0,0,0
47,7,0,36,2,0,0,4,0,0,0,0,0,0,0,0,1
25,5,0,17,2,0,0,2,0,0,0,0,0,0,0,0,1
49,8,0,7,3,0,0,5,1,2,0,0,0,0,0,0,0
27,8,0,15,1,0,0,1,0,0,0,0,0,0,0,0,0
45,6,0,35,1,4,0,3,4,0,1,0,0,0,0,0,0
98,9,0,10,3,0,1,1,10,12,0,0,0,0,0,0,1
23,10,0,9,1,0,0,1,2,0,0,0,0,0,0,0,1
47,13,0,30,1,0,4,2,0,0,0,0,0,0,0,0,0
92,14,0,74,2,2,2,4,19,0,2,0,0,0,0,0,1
47,9,0,32,3,2,0,2,0,0,0,0,0,0,0,0,1
36,12,0,21,2,0,1,2,0,0,0,0,0,0,0,0,1
75,13,0,10,2,0,1,1,4,8,0,0,0,0,0,0,1
55,6,20,14,3,0,0,1,3,2,0,0,0,0,0,0,0
25,7,7,6,2,0,0,1,0,1,0,0,0,0,0,0,1
35,6,0,25,2,1,0,4,0,0,0,0,0,0,0,0,1
40,20,0,16,2,0,0,1,0,0,0,0,0,0,0,0,0
36,7,0,13,3,0,0,1,2,2,0,0,0,0,0,0,1
51,8,0,31,1,2,0,3,11,2,0,0,0,0,0,0,0
102,12,0,87,9,1,1,3,22,2,0,0,0,0,0,0,0
39,15,0,20,2,0,0,2,0,0,0,0,0,0,0,0,0
91,4,0,82,1,0,0,1,28,27,0,0,0,0,1,0,1
244,12,0,41,9,0,1,9,8,27,1,0,1,0,0,0,1
83,10,0,10,3,0,1,1,4,10,0,0,0,0,0,0,1
96,15,0,10,2,1,1,1,3,10,0,0,0,0,0,0,1
42,8,0,30,2,0,0,3,0,0,0,0,0,0,0,0,0
19,9,0,6,1,0,0,1,1,0,0,0,0,0,0,0,1
55,15,0,33,3,0,0,3,0,0,0,0,0,0,0,0,1
75,10,0,17,2,5,1,1,1,2,0,0,0,0,0,0,0
36,12,0,20,1,1,1,2,4,0,0,0,0,0,0,0,0
65,19,0,42,1,0,0,4,26,0,1,0,1,0,0,0,1
24,12,0,12,4,0,0,1,12,0,0,0,0,1,0,0,1
43,17,0,22,1,0,0,1,0,2,1,0,0,0,0,0,0
105,9,0,92,7,0,1,5,15,0,0,0,1,1,0,0,1
58,15,0,23,2,0,1,2,0,2,0,0,0,0,0,0,0
24,10,0,11,2,0,0,1,0,0,0,0,0,0,0,0,1
126,14,3,47,5,0,1,2,8,13,0,0,0,0,1,0,1
70,11,0,55,1,3,0,3,0,0,0,0,0,0,0,0,0
43,15,0,11,2,0,0,1,0,2,0,0,0,0,0,0,0
27,13,0,10,2,0,0,1,0,0,0,0,0,0,0,0,1
26,4,5,12,2,0,0,2,3,0,0,0,0,0,0,0,1
34,5,6,7,2,0,0,1,0,2,0,0,0,0,0,0,1
139,9,0,10,4,0,5,1,8,12,0,0,0,0,0,0,1
92,20,0,69,2,5,0,4,8,0,0,0,0,0,0,0,1
58,5,7,15,2,0,0,2,14,2,0,0,0,0,0,0,0
50,11,0,32,3,0,0,2,1,0,0,0,0,0,0,0,0
74,4,0,10,2,4,1,1,18,6,0,0,0,0,0,0,0
76,8,5,58,3,1,0,7,11,0,0,0,0,0,0,0,0
25,8,0,13,1,0,0,2,1,0,0,0,0,0,0,0,1
163,6,0,10,3,13,1,1,6,12,0,0,0,0,0,0,1
33,16,0,11,2,0,0,1,4,0,0,0,0,0,0,0,1
12,9,0,0,1,0,0,0,0,0,0,0,0,0,0,0,0
20,10,0,6,1,0,0,1,0,0,0,0,0,0,0,0,0
25,8,0,13,1,0,0,2,3,0,0,0,0,0,0,0,1
26,10,9,2,2,1,0,1,2,0,0,0,0,0,0,0,1
26,4,0,18,1,2,0,1,0,0,0,0,0,0,0,0,0
22,18,0,0,1,0,0,0,0,0,0,0,0,0,0,0,0
51,15,0,29,3,0,0,3,0,0,0,0,0,0,0,0,1
105,9,0,92,7,0,1,5,15,0,0,0,1,1,0,0,1
31,2,5,19,4,0,0,2,0,1,0,0,0,0,0,0,1
541,11,0,35,3,1,0,4,131,2,0,0,1,0,0,0,1
30,3,0,15,1,0,0,2,0,2,0,0,0,0,0,0,0
19,15,0,0,1,0,0,0,0,0,0,0,0,0,0,0,0
33,4,0,14,2,0,2,1,3,2,0,0,0,0,0,0,1
50,11,0,35,2,1,0,2,1,0,0,0,0,0,0,0,1
31,7,0,6,1,1,0,1,2,2,0,0,0,0,0,0,0
56,6,0,46,1,4,0,3,7,0,1,0,0,0,0,0,0
38,5,0,16,3,0,0,2,4,2,0,0,0,0,0,0,1
27,6,3,13,2,0,0,1,0,0,0,0,0,0,0,0,1
58,9,7,37,3,1,0,4,0,0,0,0,0,0,0,0,1
57,9,0,41,3,0,1,4,1,0,0,0,0,0,0,0,1
34,6,7,16,2,0,1,2,0,0,0,0,0,0,0,0,1
89,14,0,71,2,0,0,8,0,0,1,0,0,0,0,0,1
41,15,0,22,2,0,1,2,2,0,0,0,0,0,0,0,1
26,11,0,11,1,0,0,1,0,0,0,0,0,0,0,0,0
55,17,0,35,1,1,1,1,7,1,0,0,1,0,0,0,1
17,9,3,0,2,0,0,0,0,0,0,0,0,0,0,0,1
82,19,0,59,1,8,0,1,6,0,0,0,0,0,0,0,0
30,6,19,0,2,0,0,0,0,0,0,0,0,0,0,0,0
20,6,9,0,2,0,0,0,0,0,0,0,0,0,0,0,0
63,8,5,10,3,1,1,1,11,2,0,0,0,0,0,0,1
13,9,0,0,1,0,0,0,0,0,0,0,0,0,0,0,0
32,8,0,20,1,0,0,2,0,0,0,0,0,0,0,0,0
33,17,0,9,2,0,0,1,2,0,0,0,0,0,0,0,1
33,8,0,21,1,2,0,2,0,0,0,0,0,0,0,0,1
45,21,0,20,1,1,0,2,0,0,0,0,0,0,0,0,1
30,5,7,14,3,0,0,2,2,0,0,0,0,0,0,0,1
69,5,8,51,2,3,1,2,2,2,0,0,0,0,0,0,0
25,14,0,11,4,0,0,1,13,0,0,0,0,1,0,0,1
57,5,5,43,3,1,0,6,16,0,0,0,0,0,0,0,0
44,15,0,25,1,0,0,3,0,0,0,0,0,0,0,0,1
409,11,111,186,17,5,2,14,114,9,4,0,1,0,0,0,0
15,11,0,0,1,0,0,0,0,0,0,0,0,0,0,0,1
24,15,0,3,4,0,0,1,17,0,0,0,0,1,0,0,1
116,5,0,32,4,0,3,3,5,8,0,0,0,0,0,0,1
66,17,0,45,2,0,0,6,1,0,1,0,0,0,0,0,1
71,9,0,59,2,0,1,6,6,1,0,0,0,0,0,0,0
48,9,0,18,2,0,1,2,4,4,0,0,0,0,0,0,1
12,3,0,6,1,0,0,1,2,0,0,0,0,0,0,0,1
38,7,0,27,2,0,0,1,0,0,0,0,0,0,0,0,0
57,17,13,22,2,0,0,1,1,3,0,0,0,0,0,0,0
26,12,0,11,2,0,0,2,0,0,0,0,0,0,0,0,1
60,13,0,44,2,6,0,2,8,0,0,0,0,0,0,0,1
22,8,0,7,2,0,0,1,2,0,0,0,0,0,0,0,1
33,8,20,0,2,0,0,0,0,0,0,0,0,0,0,0,0
170,10,0,104,7,2,4,9,17,2,1,0,1,0,0,0,1
33,9,0,20,2,2,0,1,1,0,0,0,0,0,0,0,1
23,7,0,12,1,0,0,1,0,0,0,0,0,0,0,0,0
20,7,0,9,1,0,0,1,8,0,0,0,0,0,0,0,0
43,11,0,28,1,2,0,2,0,0,0,0,0,0,0,0,0
32,8,0,21,1,0,0,2,0,0,1,0,0,0,0,0,1
37,13,0,20,2,0,0,3,0,0,0,0,0,0,0,0,0
93,9,0,80,2,0,0,2,19,8,0,0,0,0,0,0,0
106,14,0,92,3,0,0,2,11,0,1,0,1,1,0,0,1
127,13,0,110,1,12,0,3,5,6,0,0,0,0,0,0,0
75,6,8,56,5,1,1,5,3,0,2,0,0,0,0,0,1
23,8,0,12,1,0,0,2,0,0,0,0,0,0,0,0,1
112,9,0,23,5,0,1,2,29,8,0,0,0,0,0,0,0
27,4,5,13,2,0,0,2,4,0,0,0,0,0,0,0,1
39,16,0,19,2,0,1,1,0,0,0,0,0,0,0,0,0
77,7,0,52,1,7,1,5,24,2,0,0,0,0,0,0,1
23,7,0,12,1,0,0,1,0,0,0,0,0,0,0,0,0
141,25,18,13,3,2,1,1,6,10,0,0,0,0,0,0,1
62,10,0,48,2,3,0,4,8,0,0,0,0,0,0,0,1
54,7,3,39,3,2,0,3,7,0,0,0,0,0,0,0,1
98,8,0,86,1,14,0,2,2,0,0,0,0,0,0,0,0
43,8,9,21,3,1,0,2,0,0,0,0,0,0,0,0,0
109,13,0,10,3,0,1,1,7,10,0,0,0,0,0,0,1
109,15,0,44,5,4,1,8,0,2,2,0,1,0,0,0,1
25,8,0,7,1,0,0,1,0,2,0,0,0,0,0,0,0
36,10,5,16,2,0,0,2,0,0,0,0,0,0,0,0,0
36,12,0,21,1,1,0,2,4,0,0,0,0,0,0,0,1
41,14,0,8,1,0,0,2,3,2,0,0,0,0,0,0,0
19,8,0,7,1,0,0,1,4,0,0,0,0,0,0,0,1
378,11,111,155,17,5,2,14,95,9,4,0,1,0,0,0,0
34,3,5,21,2,1,0,2,0,0,0,0,0,0,0,0,0
54,6,0,41,3,0,0,4,1,0,0,0,0,0,0,0,1
30,2,16,8,2,1,0,1,2,0,0,0,0,0,0,0,1
51,11,0,33,2,1,0,6,0,0,0,0,0,0,0,0,1
27,5,4,14,2,0,0,2,0,0,0,0,0,0,0,0,1
72,5,54,6,12,0,0,1,2,0,4,0,1,0,0,0,1
409,11,111,186,17,5,2,14,114,9,4,0,1,0,0,0,0
36,7,0,25,2,1,0,2,0,0,0,0,0,0,0,0,1
42,21,0,17,1,1,0,3,1,0,0,0,0,0,0,0,0
39,10,0,9,1,0,0,1,2,4,0,0,0,0,0,0,1
44,16,20,0,3,0,0,0,2,0,0,0,0,0,0,0,1
66,9,2,50,2,0,6,2,0,0,0,0,0,0,0,0,0
134,23,51,55,2,7,0,5,11,0,2,0,0,0,0,0,0
62,14,0,44,1,1,0,2,23,0,0,0,0,0,0,0,1
71,13,0,54,1,1,0,6,0,0,0,0,0,0,0,0,1
23,12,0,7,1,0,0,1,1,0,0,0,0,0,0,0,1
111,8,0,82,3,9,0,4,9,2,0,0,0,0,0,0,1
29,10,0,15,2,0,0,1,0,0,0,0,0,0,0,0,0
52,5,3,39,3,2,0,4,20,0,0,0,0,0,0,0,0
24,20,0,0,1,0,0,0,0,0,0,0,0,0,0,0,0
61,10,0,47,2,1,0,6,0,0,0,0,0,0,0,0,1
57,10,0,43,1,1,0,5,0,0,0,0,0,0,0,0,1
32,10,0,18,2,0,0,2,0,0,0,0,0,0,0,0,1
41,8,2,26,2,1,0,5,5,0,0,0,0,0,0,0,0
14,6,0,4,1,0,0,1,0,0,0,0,0,0,0,0,1
29,3,9,12,4,0,0,1,0,0,0,0,0,0,0,0,1
25,8,0,13,1,0,0,2,2,0,0,0,0,0,0,0,1
20,16,0,0,1,0,0,0,0,1,0,0,0,0,1,0,1
104,9,0,70,2,8,0,3,3,4,0,0,0,0,0,0,1
76,16,0,56,2,6,1,3,12,0,0,0,0,0,0,0,0
80,11,0,11,3,0,1,1,13,8,0,0,0,0,0,0,0
64,4,0,57,2,3,0,4,2,0,0,0,0,0,0,0,1
31,7,0,20,1,0,2,2,0,0,0,0,0,0,0,0,0
111,7,0,86,1,11,1,5,8,2,0,0,0,0,0,0,0
97,3,11,78,3,7,0,6,8,0,0,0,0,0,0,0,0
541,11,0,35,3,1,0,4,150,2,0,0,1,0,0,0,1
80,11,0,65,1,10,0,1,7,0,0,0,0,0,0,0,0
27,15,7,0,2,0,0,0,0,0,0,0,0,0,0,0,1
21,16,0,0,1,0,0,0,0,1,0,0,0,0,0,0,1
57,8,0,45,1,3,0,3,15,0,0,0,0,0,0,0,0
34,5,0,25,1,0,0,3,1,0,0,0,0,0,0,0,0
131,10,0,117,2,14,0,2,7,0,0,0,0,0,0,0,0
93,14,0,76,2,6,0,3,3,0,0,0,0,0,0,0,1
90,20,0,10,2,0,1,1,4,10,0,0,0,0,0,0,1
76,3,0,12,1,0,0,3,11,12,0,0,0,0,0,0,0
62,13,0,45,2,6,0,2,3,0,0,0,0,0,0,0,1
28,9,0,15,2,1,0,2,0,0,1,0,0,0,0,0,1
73,14,0,55,3,1,0,7,0,0,0,0,0,0,0,0,1
70,15,0,51,2,1,3,4,0,0,0,0,0,0,0,0,1
31,20,0,7,1,2,0,1,0,0,1,0,0,0,0,0,1
71,18,0,49,2,0,0,6,0,0,0,0,0,0,0,0,1
108,9,0,45,4,1,0,6,6,2,0,0,1,0,0,0,1
88,13,0,1,1,11,0,1,6,3,0,0,0,0,0,0,0
42,9,2,26,2,0,1,2,0,2,0,0,0,0,0,0,0
28,6,0,10,2,0,0,1,0,2,0,0,0,0,0,0,1
19,7,0,8,1,1,0,1,0,0,0,0,0,0,0,0,1
35,4,2,22,3,1,0,2,0,1,0,0,0,0,0,0,1
156,7,0,126,2,18,1,4,5,2,0,0,0,0,0,0,0
107,12,0,92,2,2,0,3,11,14,0,0,0,0,0,0,0
71,11,0,34,2,1,0,4,13,6,0,0,0,0,0,0,1
76,14,0,59,1,7,0,3,2,0,0,0,0,0,0,0,1
82,8,0,28,2,0,1,3,8,8,0,0,0,0,0,0,1
97,5,16,20,8,0,0,5,1,8,2,0,0,0,0,0,1
25,9,0,13,2,2,0,2,1,0,0,0,0,0,0,0,1
70,8,0,58,2,1,2,4,5,0,0,0,0,0,0,0,0
81,12,0,10,2,0,1,1,5,8,0,0,0,0,0,0,1
30,19,0,7,1,0,0,1,0,0,0,0,0,0,0,0,1
13,9,0,0,1,0,0,0,0,0,0,0,0,0,0,0,0
35,9,0,19,3,1,0,1,0,0,0,0,0,0,0,0,1
168,15,0,10,2,3,1,1,8,20,0,0,0,0,0,0,1
62,15,0,43,1,1,0,3,6,0,0,0,0,0,0,0,1
99,6,0,10,7,1,0,7,2,6,1,0,0,0,0,0,0
16,12,0,0,1,0,0,0,0,0,0,0,0,0,0,0,0
83,9,0,70,1,6,0,3,9,0,0,0,0,0,0,0,0
27,15,0,8,1,0,0,1,1,0,0,0,0,0,0,0,1
371,12,28,34,3,5,5,3,45,16,2,0,0,0,0,0,0
35,4,4,22,3,2,0,1,14,0,0,0,0,0,0,0,1
29,25,0,0,1,0,0,0,0,0,0,0,0,0,0,0,0
110,10,0,19,4,0,0,6,4,10,2,0,1,0,0,0,1
58,5,7,15,2,0,0,2,14,2,0,0,0,0,0,0,0
38,7,4,22,3,0,0,2,2,1,0,0,0,0,0,0,0
28,8,0,16,2,0,1,1,0,0,0,0,0,0,0,0,0
115,12,0,10,2,4,1,1,5,8,0,0,0,0,0,0,1
40,8,0,28,2,0,0,3,4,0,0,0,0,0,0,0,0
20,11,0,5,1,1,0,1,0,0,0,0,0,0,0,0,1
25,12,0,7,4,0,0,1,14,0,0,0,0,1,0,0,1
45,13,0,28,2,0,0,3,0,0,0,0,0,0,0,0,1
83,7,0,72,1,9,0,3,7,0,0,0,0,0,0,0,0
21,17,0,0,1,0,0,0,0,0,0,0,0,0,0,0,0
46,6,18,18,5,0,0,2,13,0,0,0,0,0,0,0,1
20,10,0,6,1,0,0,1,5,0,0,0,0,0,0,0,1
37,13,0,24,4,0,0,2,12,0,0,0,0,1,0,0,1
30,8,0,1,1,0,2,1,4,2,0,0,0,0,1,0,0
49,21,0,24,1,1,0,3,0,0,1,0,0,0,0,0,1
97,5,0,21,5,1,0,6,0,6,2,0,1,0,0,0,1
38,9,0,25,2,0,0,3,0,0,0,0,0,0,0,0,1
91,4,0,82,1,0,0,1,34,27,0,0,0,0,1,0,1
277,30,0,77,5,3,1,5,92,8,2,0,1,0,0,0,1
37,6,4,22,2,0,0,1,21,0,1,0,0,0,0,0,0
40,14,0,22,2,0,0,2,0,0,0,0,0,0,0,0,0
83,7,0,10,2,0,1,1,9,8,0,0,0,0,0,0,1
47,14,0,30,2,1,0,4,0,0,0,0,0,0,0,0,1
41,2,7,27,3,3,0,2,5,0,0,0,0,0,0,0,0
33,9,0,20,2,0,0,2,1,0,0,0,0,0,0,0,1
46,24,3,14,2,2,1,2,0,0,0,0,0,0,0,0,1
29,9,0,16,1,0,0,2,0,1,0,0,0,0,0,0,0
28,13,10,0,2,0,0,0,3,0,0,0,0,0,0,0,1
134,16,0,10,3,0,2,1,12,16,0,0,0,0,0,0,1
35,9,0,22,1,0,0,2,1,0,0,0,0,0,0,0,1
28,19,0,6,1,0,0,1,0,0,0,0,1,0,0,0,1
64,10,0,10,2,0,1,1,3,6,0,0,0,0,0,0,1
54,2,9,38,3,0,0,4,2,0,0,0,0,0,0,0,0
18,8,0,6,1,0,0,1,0,0,0,0,0,0,0,0,1
47,14,0,26,3,1,1,2,2,0,1,0,0,0,0,0,1
58,14,0,40,2,2,0,4,3,0,0,0,0,0,0,0,1
73,5,8,55,2,0,0,4,27,0,0,0,0,0,0,0,1
21,9,0,8,1,0,0,1,0,0,0,0,0,0,0,0,0
26,14,0,9,1,0,0,1,3,0,0,0,0,0,0,0,1
74,19,0,52,1,3,0,3,2,0,0,0,0,0,0,0,1
59,13,18,23,3,1,0,3,3,0,0,0,0,0,0,0,1
31,19,0,9,1,0,0,1,0,0,0,0,0,0,0,0,1
36,17,0,15,2,0,0,2,0,0,0,0,0,0,1,0,1
92,14,0,74,2,0,0,3,7,0,0,0,0,0,0,0,1
97,5,0,21,5,1,0,6,0,6,2,0,1,0,0,0,1
23,14,0,3,4,0,0,1,16,0,0,0,0,1,0,0,1
33,10,0,20,2,0,0,2,1,0,0,0,0,0,0,0,1
40,4,12,20,3,1,0,2,5,0,0,0,0,0,0,0,1
72,10,0,10,2,0,1,1,2,6,0,0,0,0,0,0,1
25,8,0,13,1,0,0,2,2,0,0,0,0,0,0,0,1
109,6,0,99,1,12,0,2,6,0,0,0,0,0,0,0,0
169,14,0,18,2,0,0,2,85,2,0,0,0,0,0,0,0
44,20,0,20,1,0,1,2,0,0,0,0,0,0,0,0,1
35,10,12,8,2,1,0,1,7,0,0,0,0,0,0,0,0
111,22,0,10,3,1,1,1,11,12,0,0,0,0,0,0,1
89,8,0,10,3,0,2,1,8,8,0,0,0,0,0,0,1
23,17,0,0,2,1,0,0,0,0,0,0,0,0,0,0,0
21,5,0,12,1,0,0,1,4,0,0,0,0,0,0,0,0
61,9,17,27,3,0,0,4,0,0,0,0,0,0,0,0,1
49,13,0,32,2,0,0,3,0,0,0,0,0,0,0,0,1
106,19,10,67,2,7,0,3,12,0,0,0,0,0,1,0,1
117,13,4,10,6,1,0,1,6,19,2,0,1,0,1,0,0
42,7,0,25,2,1,0,3,6,2,0,0,0,0,1,0,1
87,7,0,77,2,11,0,1,16,0,0,0,0,0,0,0,0
71,7,0,61,1,5,0,3,2,0,0,0,0,0,0,0,1
56,6,0,46,1,5,0,3,14,0,0,0,0,0,0,0,0
47,12,0,31,2,0,4,2,4,0,0,0,0,0,0,0,1
24,9,0,11,1,0,0,2,0,0,0,0,0,0,0,0,0
93,10,0,80,3,8,0,2,10,0,2,0,1,0,0,0,1
72,5,54,6,12,0,0,1,2,0,4,0,1,0,0,0,1
39,15,16,0,3,1,0,0,0,0,0,0,0,0,0,0,1
99,8,0,84,3,15,0,2,6,0,0,0,0,0,0,0,0
74,8,0,45,3,2,0,4,7,2,0,0,0,0,0,0,1
74,14,0,32,2,0,1,3,1,4,0,0,0,0,0,0,1
53,15,0,34,4,0,0,3,0,0,0,0,0,0,0,0,0
65,7,0,54,4,0,0,6,6,0,0,0,0,0,0,0,1
49,5,5,34,3,0,0,5,0,0,0,0,0,0,0,0,0
38,9,2,22,2,0,1,2,0,0,0,0,0,0,0,0,0
47,9,0,34,2,1,0,4,1,0,1,0,0,0,0,0,0
36,5,6,20,2,0,1,2,0,0,0,0,0,0,0,0,0
33,9,0,20,2,0,0,2,1,0,0,0,0,0,0,0,1
25,11,0,10,1,0,0,2,2,0,0,0,0,0,0,0,1
46,6,0,36,2,1,0,4,0,0,0,0,0,0,0,0,1
48,8,16,19,3,0,1,2,4,0,0,0,0,0,0,0,1
33,6,0,13,1,0,1,1,4,2,0,0,0,0,0,0,1
138,8,0,126,3,17,0,4,11,0,0,0,0,0,0,0,0
40,14,0,26,4,0,1,2,12,0,0,0,0,1,0,0,1
10,7,0,0,1,0,0,0,0,0,0,0,0,0,0,0,1
121,10,0,10,2,10,1,1,34,10,0,0,0,0,0,0,1
16,12,0,0,1,0,0,0,0,0,0,0,0,0,0,0,0
45,6,0,5,3,0,0,5,1,2,0,0,0,0,0,0,0
258,4,0,247,3,1,0,4,74,72,0,0,0,0,0,0,1
34,7,0,10,2,0,0,1,3,2,0,0,0,0,0,0,1
34,12,0,10,2,0,0,1,2,2,0,0,0,0,0,0,1
114,11,0,99,2,5,8,1,15,0,0,0,0,0,0,0,0
16,7,0,0,1,0,0,0,0,0,1,0,0,0,0,0,1
22,13,0,9,3,0,0,2,12,0,0,0,0,1,0,0,1
43,3,0,36,2,3,0,1,0,0,0,0,0,0,0,0,0
74,9,0,14,2,0,1,1,2,8,0,0,0,0,0,0,1
53,11,0,38,2,1,1,4,0,0,1,0,0,0,0,0,1
32,10,4,13,3,0,0,2,0,0,0,0,0,0,0,0,1
51,15,9,22,4,1,0,3,0,0,0,0,0,0,0,0,0
46,15,0,27,1,3,0,1,4,0,0,0,0,0,0,0,0
25,7,0,14,1,0,2,1,0,0,0,0,0,0,0,0,0
23,16,0,3,1,0,0,1,0,0,0,0,0,0,0,0,0
73,13,0,56,1,1,0,3,21,1,2,0,0,0,0,0,1
98,5,0,90,1,12,0,3,18,0,0,0,0,0,0,0,0
33,4,0,25,1,0,0,3,7,0,0,0,0,0,0,0,0
106,8,6,87,2,10,0,1,0,0,0,0,0,0,0,0,0
42,12,0,26,2,0,0,4,0,0,0,0,0,0,0,0,0
79,6,0,69,1,5,0,3,10,0,1,0,0,0,0,0,0
90,10,0,77,2,13,0,2,6,0,0,0,0,0,0,0,0
18,13,0,0,3,0,0,0,14,0,0,0,0,1,0,0,1
34,9,6,14,2,0,1,1,0,0,0,0,0,0,0,0,0
67,15,0,48,2,1,2,4,0,0,0,0,0,0,0,0,1
38,10,0,25,3,2,0,3,3,0,0,0,0,0,0,0,1
29,12,0,13,2,0,0,1,0,0,0,0,0,0,0,0,0
128,14,0,10,2,0,1,1,5,16,0,0,0,0,0,0,1
109,15,0,44,5,4,1,8,0,2,2,0,1,0,0,0,1
26,13,0,7,3,0,0,2,10,1,1,0,0,1,0,0,1
34,12,0,17,2,0,0,2,0,0,0,0,0,0,1,0,1
31,6,0,22,2,0,0,3,2,0,0,0,0,0,0,0,1
45,8,0,33,1,3,0,2,0,0,0,0,0,0,0,0,0
68,13,0,50,1,5,0,1,8,0,0,0,0,0,1,0,0
37,15,0,13,2,6,0,1,5,0,0,0,0,0,0,0,1
20,16,0,0,1,0,0,0,0,0,0,0,0,0,0,0,0
72,8,0,60,1,7,0,2,13,0,0,0,0,0,0,0,0
29,6,11,7,2,0,0,2,1,0,0,0,0,0,0,0,0
37,9,0,24,2,0,0,3,0,0,0,0,0,0,0,0,1
541,11,0,35,3,1,0,4,131,2,0,0,1,0,0,0,1
22,8,0,10,1,0,0,1,0,0,0,0,0,0,0,0,0
121,10,15,38,5,5,0,5,26,4,1,0,0,0,0,0,1
108,6,11,86,6,0,0,1,12,9,0,0,0,0,0,0,0
31,7,0,6,1,0,0,1,1,2,0,0,0,0,0,0,0
80,17,0,59,2,0,0,4,10,0,0,0,0,0,0,0,0
47,6,0,37,1,3,0,3,7,0,1,0,0,0,0,0,0
34,11,0,20,2,0,0,2,2,0,0,0,0,0,0,0,1
94,13,50,21,8,1,0,4,0,0,0,0,1,0,0,0,1
90,3,0,84,1,4,0,4,8,0,0,0,0,0,0,0,0
25,11,0,10,1,0,0,1,2,0,0,0,0,0,0,0,1
32,8,0,20,2,0,0,2,2,0,0,0,0,0,0,0,1
49,10,0,34,2,0,0,3,0,1,0,0,0,0,0,0,0
89,12,0,73,1,9,0,5,10,0,1,0,0,0,0,0,1
93,7,0,10,2,0,1,1,5,10,0,0,0,0,0,0,1
193,7,60,119,11,3,0,1,24,1,2,0,0,0,0,0,1
35,4,0,27,1,1,0,2,5,0,0,0,0,0,0,0,0
110,6,0,27,6,1,0,12,2,6,1,0,0,0,0,0,1
426,10,0,412,1,3,0,2,55,0,0,0,0,0,0,0,1
63,4,0,55,3,1,0,4,0,2,0,0,0,0,0,0,0
57,5,15,32,4,0,0,4,0,0,0,0,0,0,0,0,1
87,6,5,71,2,10,0,2,9,0,0,0,0,0,0,0,0
244,5,5,12,12,0,0,2,55,25,1,0,1,0,0,0,1
81,20,0,10,2,1,1,1,4,8,0,0,0,0,0,0,1
117,5,16,47,8,0,0,7,1,11,2,0,1,0,0,0,1
73,6,0,47,2,2,0,5,3,2,0,0,0,0,0,0,1
103,5,0,10,3,0,0,1,3,14,0,0,0,0,0,0,1
38,4,0,30,1,0,0,4,0,0,0,0,0,0,0,0,0
118,6,11,93,4,1,0,9,13,0,0,0,0,0,0,0,1
145,3,0,139,1,12,0,6,8,0,0,0,0,0,0,0,0
45,2,11,10,3,0,0,2,9,2,0,0,0,0,0,0,0
77,9,0,16,4,0,0,5,0,4,2,0,1,0,0,0,1
40,9,0,18,2,0,0,1,1,2,0,0,0,0,0,0,1
95,13,22,21,7,1,2,5,26,4,2,0,0,0,0,0,0
53,5,0,44,2,0,0,2,14,0,1,0,0,0,0,0,0
40,8,0,28,2,4,0,1,2,0,0,0,0,0,0,0,0
31,9,0,10,3,0,0,1,1,2,0,0,0,0,1,0,1
16,5,7,0,2,0,0,0,5,0,0,0,0,0,0,0,1
96,7,0,5,2,0,1,1,11,13,0,0,1,0,0,0,0
41,6,0,16,2,0,1,2,0,2,0,0,0,0,0,0,0
53,12,0,37,1,0,0,5,6,0,0,0,0,0,0,0,1
27,4,5,13,2,0,0,2,4,0,0,0,0,0,0,0,1
48,8,0,36,1,5,0,2,4,0,0,0,0,0,0,0,0
91,5,0,5,5,1,0,8,2,8,1,0,0,0,0,0,0
33,8,20,0,2,0,0,0,0,0,0,0,0,0,0,0,0
138,14,0,11,2,0,7,1,8,14,0,0,0,0,0,0,1
52,13,0,33,3,1,0,4,5,0,0,0,0,0,0,0,0
23,19,0,0,1,1,0,0,0,0,0,0,0,0,0,0,0
55,15,0,36,2,0,1,2,0,0,0,0,0,0,0,0,0
50,9,0,34,2,1,0,4,0,0,0,0,0,0,0,0,1
51,12,0,35,2,0,4,1,0,0,0,0,0,0,0,0,0
38,8,0,26,3,0,0,1,0,0,0,0,0,0,0,0,0
55,6,0,45,1,3,0,3,7,0,1,0,0,0,0,0,0
18,7,0,7,1,0,0,1,3,0,0,0,0,0,0,0,0
35,9,0,22,1,0,0,2,0,1,0,0,0,0,0,0,0
14,10,0,0,1,0,0,0,0,0,0,0,0,0,0,0,1
33,9,6,13,2,0,1,1,0,0,0,0,0,0,0,0,0
28,9,0,15,1,0,0,2,1,0,0,0,0,0,0,0,1
73,8,0,61,2,0,5,4,9,0,1,0,0,0,0,0,0
92,3,0,83,2,4,0,7,1,0,0,0,0,0,0,0,0
40,12,0,24,2,0,0,3,0,0,0,0,0,0,0,0,0
52,10,0,39,3,0,0,4,0,0,0,0,0,0,0,0,1
132,14,24,23,8,5,2,5,2,5,1,0,1,0,0,0,0
32,14,0,15,1,0,0,3,0,0,0,0,0,0,0,0,1
92,19,0,69,4,0,0,5,2,0,0,0,1,0,0,0,1
30,14,0,16,4,0,0,2,11,0,0,0,0,1,0,0,1
11,7,0,0,1,0,0,0,0,0,0,0,0,0,0,0,1
89,9,0,21,5,1,0,12,1,2,1,0,1,0,0,0,1
55,11,0,41,1,0,0,2,20,0,0,0,0,0,0,0,1
38,5,0,27,2,0,0,2,0,2,0,0,0,0,0,0,0
91,11,0,76,1,8,0,4,24,0,0,0,0,0,0,0,0
23,7,0,12,1,0,0,1,0,0,0,0,0,0,0,0,0
25,8,0,13,2,0,0,1,1,0,0,0,0,0,0,0,1
22,11,0,8,2,0,0,1,0,0,0,0,0,0,0,0,0
236,32,0,28,2,2,0,3,22,6,0,0,0,0,0,0,1
16,12,0,0,1,0,0,0,0,0,0,0,0,0,0,0,1
47,9,7,26,3,0,0,3,2,0,0,0,0,0,0,0,0
73,20,0,46,3,0,0,4,3,1,1,0,0,0,0,0,0
45,14,0,27,2,0,0,3,2,0,0,0,0,0,0,0,0
53,15,16,17,3,0,0,3,3,0,0,0,0,0,0,0,1
81,15,0,62,2,5,0,4,11,0,0,0,0,0,0,0,0
26,13,0,13,3,0,0,2,10,0,0,0,0,1,0,0,1
38,9,2,22,2,0,1,2,0,0,0,0,0,0,0,0,0
34,11,6,12,3,0,0,1,1,0,0,0,0,0,0,0,1
31,11,0,16,2,0,0,1,0,0,0,0,0,0,0,0,1
73,6,0,63,2,0,6,2,0,0,0,0,0,0,0,0,0
16,12,0,4,3,0,0,1,9,0,0,0,0,1,0,0,1
88,8,0,73,2,6,0,4,0,0,0,0,0,0,0,0,0
28,24,0,0,1,0,0,0,0,0,0,0,0,0,0,0,0
81,9,0,69,2,3,0,3,3,0,0,0,0,0,0,0,1
53,12,9,9,2,1,0,1,2,2,0,0,0,0,0,0,1
22,16,0,0,2,0,0,0,0,0,0,0,0,0,0,0,0
38,11,0,23,1,1,0,2,0,0,0,0,0,0,0,0,1
46,12,0,31,3,1,0,2,1,0,0,0,0,0,0,0,1
44,13,0,25,3,0,0,2,0,0,0,0,0,0,0,0,0
38,9,2,22,2,0,1,2,0,0,0,0,0,0,0,0,0
25,3,9,8,3,0,0,1,0,0,0,0,0,0,0,0,1
55,17,0,35,1,1,1,1,7,1,0,0,1,0,0,0,1
245,7,12,1,4,0,0,2,122,1,1,0,0,0,0,0,1
16,12,0,0,1,0,0,0,1,0,0,0,0,0,0,0,0
67,12,0,51,2,9,0,3,8,0,0,0,0,0,0,0,0
43,9,0,30,2,0,1,3,5,0,0,0,0,0,0,0,0
37,6,4,22,2,0,0,1,21,0,1,0,0,0,0,0,0
75,21,0,47,3,1,0,5,0,0,0,0,0,0,0,0,1
55,14,0,37,2,2,0,4,0,0,0,0,0,0,0,0,0
39,9,0,26,1,1,0,2,0,0,0,0,0,0,0,0,0
37,33,0,0,1,0,0,0,0,0,0,0,0,0,0,0,1
88,11,0,44,2,3,0,3,1,6,0,0,0,0,0,0,1
117,5,16,47,8,0,0,7,1,11,2,0,1,0,0,0,1
37,7,0,26,1,2,0,2,0,0,0,0,0,0,0,0,1
80,10,0,10,3,1,1,1,2,6,0,0,0,0,0,0,1
65,7,0,55,2,0,0,3,7,6,0,0,0,0,0,0,0
48,11,0,18,2,0,1,1,4,2,0,0,0,0,0,0,0
150,12,0,23,2,1,8,2,4,12,0,0,0,0,0,0,1
26,10,6,5,2,0,0,1,0,0,0,0,0,0,0,0,1
53,9,4,35,4,1,0,3,8,2,1,0,0,0,0,0,1
94,7,0,83,1,9,0,4,8,0,0,0,0,0,0,0,0
29,11,0,14,1,1,0,2,0,0,0,0,0,0,0,0,1
48,10,0,34,2,0,2,4,0,0,0,0,0,0,0,0,0
39,14,0,21,2,1,0,2,1,0,0,0,0,0,0,0,1
57,10,0,41,3,0,0,6,0,0,0,0,0,0,0,0,1
23,14,0,6,1,0,0,1,0,0,0,0,1,0,0,0,1
26,11,0,11,1,1,1,1,0,0,0,0,0,0,0,0,0
20,8,0,9,2,0,0,1,0,0,0,0,0,0,0,0,1
111,7,0,25,2,0,1,2,29,2,0,0,0,0,0,0,0
97,16,0,34,2,1,0,4,4,2,0,0,0,0,0,0,1
8,5,0,0,1,0,0,0,1,0,0,0,0,0,0,0,0
26,3,8,11,3,0,0,1,0,0,0,0,0,0,0,0,0
31,14,0,12,1,0,0,1,0,0,1,0,0,0,1,0,1
22,9,0,9,1,0,0,1,3,0,0,0,0,0,0,0,1
64,6,0,54,1,8,0,2,0,0,0,0,0,0,0,0,0
68,4,12,48,3,1,0,2,20,0,0,0,0,0,0,0,1
84,29,0,52,2,6,0,3,3,0,0,0,0,0,0,0,1
32,5,10,12,2,0,0,2,0,0,0,0,0,0,0,0,0
72,10,0,10,2,0,1,1,4,8,0,0,0,0,0,0,1
35,8,0,23,2,0,0,2,0,0,0,0,0,0,0,0,0
27,4,5,13,2,0,0,2,4,0,0,0,0,0,0,0,1
53,6,16,27,4,3,1,3,9,0,0,0,0,0,0,0,1
56,12,0,39,2,1,1,3,0,0,0,0,0,0,1,0,1
146,6,0,134,5,2,0,7,17,0,1,0,1,0,0,0,1
11,7,0,0,1,0,0,0,4,0,0,0,0,0,0,0,1
128,5,0,119,2,5,0,2,11,0,0,0,0,0,1,0,1
132,10,0,6,2,0,0,1,34,13,2,0,0,0,0,0,0
38,15,0,19,2,0,0,2,0,0,0,0,0,0,0,0,0
166,7,0,155,3,5,3,13,0,2,5,0,1,0,0,0,0
24,16,0,0,1,0,0,0,0,1,0,0,0,0,0,0,1
137,11,0,15,2,2,0,4,4,6,0,0,0,0,0,0,1
28,14,0,10,2,0,0,1,0,0,0,0,0,0,0,0,0
202,5,0,10,2,1,1,1,24,6,0,0,0,0,0,0,1
32,15,0,13,2,0,0,1,4,0,0,0,0,0,0,0,1
44,14,0,26,2,2,0,1,0,0,0,0,0,0,0,0,0
15,11,0,0,1,0,0,0,3,0,0,0,0,0,0,0,1
120,20,0,10,2,2,2,1,4,12,0,0,0,0,0,0,1
77,8,0,18,2,0,0,2,19,4,0,0,0,0,0,0,1
108,12,0,10,3,0,4,1,6,11,0,0,0,0,0,0,1
45,9,0,33,2,2,0,2,0,0,0,0,0,0,0,0,1
22,8,0,11,1,0,0,1,5,0,0,0,0,0,0,0,1
38,5,0,26,3,0,0,2,0,0,0,0,0,0,0,0,1
49,12,0,33,2,2,0,2,0,0,0,0,0,0,0,0,1
69,6,0,59,2,0,5,4,11,0,0,0,0,0,0,0,0
57,18,0,35,2,2,0,3,1,0,0,0,0,0,0,0,1
15,11,0,0,1,0,0,0,0,0,0,0,0,0,0,0,0
42,14,0,28,4,0,1,2,14,0,0,0,0,1,0,0,1
33,9,2,17,2,1,0,2,0,0,0,0,0,0,0,0,0
93,4,0,83,1,1,0,7,14,0,0,0,0,0,0,0,1
21,17,0,0,1,0,0,0,0,0,0,0,0,0,0,0,0
55,9,0,39,3,0,0,5,0,0,0,0,0,0,0,0,1
32,8,0,12,1,0,0,1,0,2,0,0,0,0,0,0,0
103,8,0,91,1,4,0,6,28,0,0,0,0,0,0,0,0
75,7,0,64,1,7,0,4,8,0,0,0,0,0,0,0,0
18,4,0,11,1,0,0,2,0,0,0,0,0,0,0,0,0
124,11,41,67,6,0,0,4,17,0,1,0,0,0,0,0,1
65,9,0,50,3,1,2,5,0,0,0,0,0,0,0,0,1
67,9,9,18,4,0,0,2,17,8,0,0,0,0,0,0,0
30,15,0,15,4,0,0,2,12,0,1,0,0,1,0,0,1
123,4,35,4,4,1,1,2,29,4,0,0,1,0,0,0,0
26,9,0,12,3,0,0,1,1,0,0,0,0,0,1,0,0
24,7,0,13,2,0,0,2,2,0,0,0,0,0,0,0,1
59,15,0,40,1,5,0,4,9,0,0,0,0,0,0,0,0
25,12,0,9,1,0,0,1,0,0,0,0,0,0,0,0,1
20,11,0,5,1,0,0,1,1,0,0,0,0,0,0,0,0
37,7,0,24,3,1,0,2,0,0,0,0,0,0,0,0,1
32,8,0,21,2,0,1,2,0,0,0,0,0,0,0,0,1
38,4,3,19,3,1,0,2,0,2,0,0,0,0,0,0,0
15,11,0,0,1,0,0,0,0,0,0,0,0,0,0,0,1
91,12,0,75,2,6,0,7,1,0,2,0,0,0,0,0,1
30,7,0,19,1,1,0,3,0,0,0,0,0,0,0,0,1
104,7,0,74,1,6,0,5,22,2,0,0,0,0,0,0,0
117,25,0,10,3,0,1,1,3,12,0,0,0,0,0,0,1
41,17,19,0,2,0,0,0,0,0,2,0,0,0,0,0,1
44,3,9,16,3,0,0,2,7,2,0,0,0,0,0,0,0
49,12,0,34,3,1,0,3,0,0,0,0,0,0,0,0,1
82,10,0,68,1,5,0,5,9,0,0,0,0,0,0,0,0
56,16,0,36,2,2,0,1,0,0,0,0,0,0,0,0,0
48,12,0,32,2,1,0,4,0,0,0,0,0,0,0,0,1
15,1,0,11,1,0,0,1,1,0,0,0,0,0,0,0,1
42,8,0,30,1,1,0,5,5,0,0,0,0,0,0,0,0
96,7,0,5,2,0,1,1,11,13,0,0,1,0,0,0,0
29,17,7,0,2,0,0,0,0,0,0,0,0,0,0,0,1
16,5,0,7,1,0,0,1,0,0,0,0,0,0,0,0,1
35,10,0,21,2,1,0,2,4,0,0,0,0,0,0,0,1
27,12,0,11,1,0,0,1,4,0,0,0,0,0,0,0,1
66,13,0,49,1,0,3,3,8,0,0,0,0,0,0,0,0
25,10,0,11,2,0,0,1,0,0,0,0,0,0,0,0,1
72,9,2,56,2,0,6,2,6,1,0,0,0,0,0,0,0
49,9,0,37,2,2,0,3,1,0,0,0,0,0,0,0,1
31,10,0,17,2,0,0,2,4,0,0,0,0,0,0,0,1
125,7,0,10,2,3,1,1,8,12,0,0,0,0,0,0,1
24,9,0,1,1,0,1,1,1,2,0,0,0,0,0,0,0
133,10,0,10,3,1,1,1,5,16,0,0,0,0,0,0,1
89,9,0,59,3,1,0,7,0,4,2,0,1,0,0,0,1
69,8,0,54,3,0,0,6,5,0,0,0,0,0,0,0,1
54,18,0,33,2,1,0,5,1,0,0,0,0,0,0,0,1
65,10,0,42,1,0,0,3,8,4,0,0,0,0,0,0,0
28,12,0,12,1,0,0,2,6,0,0,0,0,0,0,0,0
50,19,0,27,2,0,0,1,4,0,0,0,0,0,0,0,0
31,7,0,6,1,0,0,1,4,2,0,0,0,0,0,0,0
23,8,0,11,2,0,0,1,0,0,0,0,0,0,0,0,0
56,7,0,45,1,7,0,2,2,0,0,0,0,0,0,0,1
52,6,0,43,2,3,0,2,0,0,0,0,0,0,0,0,1
13,4,0,5,2,0,0,1,3,0,0,0,0,0,1,0,1
21,11,0,6,1,0,0,1,2,0,0,0,0,0,0,0,1
77,6,20,26,5,1,0,2,1,6,2,0,0,0,0,0,0
221,13,0,10,2,13,1,1,7,18,0,0,0,0,0,0,1
51,7,0,40,1,1,5,2,0,0,0,0,0,0,0,0,0
13,10,0,0,1,1,0,0,0,0,0,0,0,0,0,0,1
61,9,0,48,2,2,0,1,7,3,0,0,0,0,0,0,0
15,11,0,0,1,0,0,0,3,0,0,0,0,0,0,0,1
41,20,0,17,2,0,0,2,0,0,0,0,0,0,0,0,1
29,6,0,19,1,1,0,1,0,0,0,0,0,0,0,0,0
72,7,0,61,2,3,1,6,14,0,0,0,0,0,0,0,1
39,20,0,15,2,1,0,1,0,0,0,0,0,0,0,0,0
87,6,0,19,3,0,2,11,17,4,0,0,0,0,0,0,0
111,6,0,34,4,4,1,8,0,5,1,0,1,0,0,0,1
64,9,0,51,2,3,0,2,0,0,0,0,0,0,0,0,1
55,13,0,38,2,0,2,4,8,0,0,0,0,0,0,0,0
104,14,0,10,2,1,1,1,7,12,0,0,0,0,0,0,1
87,12,0,10,2,0,1,1,5,10,0,0,0,0,0,0,1
27,7,0,17,2,0,0,2,1,0,0,0,0,0,0,0,1
35,18,0,13,2,2,0,1,1,0,0,0,0,0,0,0,0
134,16,0,114,2,12,0,5,3,0,0,0,0,0,0,0,1
31,7,0,6,1,0,0,1,1,2,0,0,0,0,0,0,0
126,11,0,108,3,13,0,2,0,0,0,0,0,0,0,0,1
35,9,4,17,2,1,0,1,0,0,0,0,0,0,0,0,1
69,15,0,31,2,0,0,3,10,4,0,0,0,0,0,0,1
77,9,0,10,2,1,1,1,2,10,0,0,0,0,0,0,1
45,12,0,29,2,0,0,3,0,0,0,0,1,0,0,0,1
26,13,0,7,4,0,0,1,15,0,0,0,0,1,0,0,1
95,11,0,11,2,1,1,1,7,10,0,0,0,0,0,0,1
15,5,0,6,1,0,0,1,0,0,0,0,0,0,0,0,1
28,9,0,15,2,1,0,2,1,0,1,0,0,0,0,0,1
31,27,0,0,1,2,0,0,0,0,0,0,0,0,0,0,1
59,14,0,41,2,0,0,5,13,0,0,0,0,0,0,0,0
541,11,0,35,3,1,0,4,150,2,0,0,1,0,0,0,1
65,7,0,55,2,3,0,3,2,0,0,0,0,0,0,0,1
30,11,0,14,2,0,0,2,0,0,0,0,0,0,1,0,1
24,13,0,1,1,0,0,1,1,2,0,0,0,0,0,0,0
277,30,0,77,5,3,1,5,92,8,2,0,1,0,0,0,1
277,30,0,77,5,3,1,5,92,8,2,0,1,0,0,0,1
14,10,0,0,1,1,0,0,0,0,0,0,0,0,0,0,1
45,6,0,35,1,1,0,3,6,1,0,0,0,0,0,0,0
15,11,0,0,1,0,0,0,0,0,0,0,0,0,0,0,0
32,8,9,11,3,0,0,1,5,0,0,0,0,0,0,0,1
48,8,0,36,1,0,0,2,18,0,0,0,0,0,0,0,1
158,15,0,96,6,2,3,8,7,2,1,0,1,0,0,0,1
84,8,0,10,2,0,1,1,3,8,0,0,0,0,0,0,1
74,3,0,57,3,1,0,5,6,2,0,0,0,0,0,0,1
23,7,0,12,1,0,0,1,0,0,0,0,0,0,0,0,0
79,8,0,60,1,5,0,3,12,2,0,0,0,0,0,0,0
54,10,0,41,2,0,0,5,0,0,0,0,0,0,0,0,0
18,14,0,0,1,0,0,0,0,0,0,0,0,0,0,0,1
7,3,0,0,1,0,0,0,0,0,0,0,0,0,0,0,0
62,9,0,49,2,5,0,2,10,0,0,0,0,0,0,0,0
80,18,0,56,2,6,0,2,0,0,1,0,0,0,0,0,1
82,5,0,73,1,8,0,4,8,0,0,0,0,0,0,0,0
96,7,0,5,2,0,1,1,11,13,0,0,1,0,0,0,0
76,12,0,61,1,0,0,5,11,6,0,0,0,0,0,0,0
26,9,2,10,2,1,0,2,1,0,0,0,0,0,0,0,1
38,8,4,18,3,0,0,1,2,1,1,0,0,0,0,0,1
18,11,0,3,1,0,0,1,0,0,0,0,0,0,0,0,1
224,6,0,14,14,0,0,2,74,24,0,0,0,0,0,0,1
73,7,0,63,1,2,0,4,2,0,0,0,0,0,0,0,1
17,5,0,8,2,0,0,1,0,0,0,0,0,0,0,0,1
90,12,0,10,3,0,2,1,4,8,0,0,0,0,0,0,1
89,9,0,59,3,1,0,7,0,4,2,0,1,0,0,0,1
118,7,0,23,6,1,0,7,8,12,1,0,0,0,0,0,1
31,9,0,18,1,3,0,1,0,0,0,0,0,0,0,0,0
36,5,10,1,2,0,0,1,0,4,0,0,0,0,0,0,1
54,15,0,35,1,1,0,4,0,0,0,0,0,0,0,0,1
27,4,0,19,2,0,0,2,0,0,0,0,0,0,0,0,1
78,14,0,10,2,1,1,1,6,8,0,0,0,0,0,0,1
105,9,0,92,7,0,1,5,15,0,0,0,1,1,0,0,1
146,5,16,20,7,1,0,5,1,20,2,0,1,0,0,0,0
224,13,0,10,3,0,1,1,26,6,0,0,0,0,0,0,1
55,11,7,32,2,0,0,1,0,3,0,0,0,0,0,0,0
227,9,0,123,2,2,2,11,58,4,2,0,0,0,0,0,0
22,5,12,0,2,1,0,0,4,0,0,0,0,0,1,0,1
59,14,0,42,2,3,0,3,0,0,1,0,0,0,0,0,1
54,3,0,47,2,0,0,4,2,1,0,0,0,0,0,0,0
16,12,0,0,1,0,0,0,0,0,0,0,0,0,0,0,1
24,10,0,10,2,0,0,1,0,0,0,0,0,0,0,0,1
44,7,17,16,4,0,1,2,1,0,0,0,0,0,0,0,1
42,9,0,11,2,1,0,1,0,2,0,0,0,0,0,0,1
27,15,0,12,3,0,0,1,12,0,1,0,0,1,0,0,1
156,6,0,147,1,0,18,2,10,0,0,0,0,0,0,0,0
21,17,0,0,1,1,0,0,2,0,0,0,0,0,0,0,1
113,19,0,10,2,0,1,1,24,6,0,0,0,0,1,0,1
112,9,0,38,3,0,0,4,27,4,0,0,0,0,0,0,1
36,11,0,21,1,0,0,2,0,0,0,0,0,0,0,0,1
40,13,0,23,2,2,2,1,5,0,0,0,0,0,0,0,0
73,6,0,63,1,4,0,3,10,0,1,0,0,0,0,0,0
129,12,0,21,3,0,0,2,18,12,0,0,0,0,0,0,1
72,3,9,55,3,1,0,5,2,0,0,0,0,0,0,0,0
62,5,0,10,3,0,1,1,3,6,0,0,0,0,0,0,1
36,8,16,7,4,0,0,1,0,0,2,0,1,0,0,0,1
254,15,0,49,5,3,1,6,26,14,0,0,1,0,0,0,1
124,6,5,24,3,0,2,2,3,2,0,0,0,0,0,0,1
16,5,0,7,1,0,0,1,0,0,0,0,0,0,0,0,1
76,6,0,67,1,0,7,2,7,0,0,0,0,0,0,0,0
93,13,0,76,2,1,4,4,14,0,0,0,0,0,0,0,1
10,6,0,0,1,0,0,0,0,0,0,0,0,0,0,0,1
36,11,0,21,2,1,0,2,0,0,0,0,0,0,0,0,1
93,13,0,77,1,9,0,4,4,0,0,0,0,0,0,0,1
73,11,0,10,2,0,1,1,5,8,0,0,0,0,0,0,1
77,10,0,10,2,1,1,1,3,8,0,0,0,0,0,0,1
79,12,0,10,2,0,2,1,4,8,0,0,0,0,0,0,1
19,5,0,11,2,0,0,1,0,0,0,0,0,0,0,0,1
55,16,0,35,1,4,0,2,4,0,0,0,0,0,0,0,0
37,5,0,28,1,0,0,3,0,0,0,0,0,0,0,0,0
40,4,12,20,3,1,0,2,4,0,0,0,0,0,0,0,1
47,6,13,23,3,1,0,3,0,0,0,0,0,0,0,0,1
61,9,0,48,2,4,0,2,5,0,0,0,0,0,0,0,0
50,3,15,27,3,1,0,4,10,0,0,0,0,0,0,0,0
21,6,0,8,1,0,0,2,0,2,0,0,0,0,0,0,1
46,13,0,29,2,0,0,3,2,1,0,0,0,0,0,0,1
22,6,0,12,1,0,0,2,2,0,0,0,0,0,0,0,1
26,4,0,19,2,0,0,2,0,0,0,0,0,0,0,0,1
40,5,12,18,3,0,0,2,0,0,0,0,0,0,0,0,1
21,2,0,15,1,0,0,2,1,1,0,0,0,0,0,0,1
207,13,0,24,2,2,1,3,72,8,1,0,0,0,0,0,1
23,10,8,0,2,0,0,0,0,0,0,0,0,0,0,0,0
56,6,7,7,2,0,0,1,0,5,0,0,0,0,0,0,0
57,8,0,43,3,0,0,5,7,0,0,0,0,0,0,0,1
135,12,0,10,2,5,1,1,6,10,0,0,0,0,0,0,1
165,8,0,22,2,0,1,2,17,4,0,0,0,0,0,0,0
97,6,0,10,3,3,1,1,6,10,0,0,0,0,0,0,1
22,7,0,1,1,0,0,1,1,3,0,0,0,0,0,0,0
23,14,0,6,1,0,0,1,0,0,0,0,1,0,0,0,1
18,8,0,6,1,0,0,1,0,0,0,0,0,0,0,0,1
89,12,0,74,3,4,0,6,1,0,0,0,0,0,0,0,1
36,11,13,7,2,0,0,1,0,0,0,0,0,0,0,0,0
21,7,0,10,1,0,0,2,6,0,0,0,0,0,0,0,0
46,5,19,17,2,0,1,2,0,0,0,0,0,0,0,0,0
38,8,0,26,1,1,0,3,0,0,0,0,0,0,0,0,0
87,7,0,76,1,8,0,4,14,0,0,0,0,0,0,0,0
18,13,0,0,3,0,0,0,14,0,0,0,0,1,0,0,1
36,23,0,9,1,0,0,1,0,0,0,0,0,0,0,0,1
78,7,0,10,2,2,1,1,12,8,0,0,0,0,0,0,1
68,5,2,3,4,0,0,1,20,6,0,0,0,0,0,0,1
70,5,0,10,2,0,1,1,3,8,0,0,0,0,0,0,1
92,22,0,18,2,0,1,2,4,8,0,0,0,0,0,0,1
135,6,8,116,5,3,3,7,12,3,2,0,0,0,0,0,1
36,15,0,18,1,2,0,2,0,0,1,0,0,0,0,0,1
33,8,3,17,2,1,0,2,0,0,0,0,0,0,0,0,1
32,19,0,9,1,1,0,2,0,0,0,0,0,0,0,0,1
57,10,0,18,2,0,0,2,5,5,0,0,0,0,0,0,0
33,16,0,13,2,1,0,1,0,0,1,0,0,0,0,0,0
33,29,0,0,1,2,0,0,0,0,1,0,0,0,1,0,1
87,10,0,10,3,0,2,1,4,8,0,0,0,0,0,0,1
54,12,0,38,2,1,1,4,2,0,0,0,0,0,0,0,0
54,5,12,32,4,3,0,2,5,0,0,0,0,0,0,0,1
31,7,0,6,1,0,1,1,2,2,0,0,0,0,0,0,0
31,9,0,18,1,0,1,2,3,0,0,0,0,0,0,0,0
65,8,18,34,4,0,0,4,12,1,0,0,0,0,0,0,0
99,7,0,6,2,4,0,1,5,7,1,0,1,0,0,0,0
34,4,0,26,1,0,0,4,0,0,0,0,0,0,0,0,0
170,12,0,154,1,24,0,3,3,0,0,0,0,0,0,0,1
21,11,0,7,1,0,0,1,3,0,0,0,0,0,0,0,1
48,9,2,32,2,1,2,2,0,0,0,0,0,0,0,0,1
18,13,0,5,3,0,0,1,13,0,0,0,0,1,0,0,1
363,12,28,34,3,6,5,3,52,14,2,0,0,0,0,0,0
63,12,33,13,3,0,0,1,11,0,0,0,0,0,0,0,1
109,9,0,52,2,5,0,4,6,8,0,0,0,0,0,0,1
105,8,0,90,2,8,2,4,1,0,0,0,0,0,0,0,0
73,9,0,10,2,0,1,1,2,8,0,0,0,0,0,0,1
91,5,12,69,3,6,0,4,4,0,0,0,0,0,0,0,0
29,13,0,9,2,0,0,1,0,0,0,0,0,0,0,0,1
52,13,0,35,2,0,2,3,7,0,0,0,0,0,0,0,0
104,5,0,13,4,0,0,6,1,10,2,0,1,0,0,0,1
51,4,0,43,1,2,0,3,19,0,0,0,0,0,0,0,0
45,7,0,34,2,0,0,6,10,0,0,0,0,0,0,0,0
44,8,0,32,2,0,0,3,15,0,0,0,0,0,0,0,1
44,10,0,31,2,0,0,4,0,0,0,0,0,0,0,0,0
68,12,0,53,2,1,0,5,0,0,1,0,0,0,0,0,1
109,15,0,44,5,4,1,8,0,2,2,0,1,0,0,0,1
83,7,0,72,2,6,0,5,8,0,0,0,0,0,0,0,0
70,7,0,16,2,3,1,1,0,4,0,0,0,0,0,0,0
119,12,0,10,2,4,1,1,11,10,0,0,0,0,0,0,1
37,11,5,16,3,1,0,1,0,0,0,0,0,0,0,0,0
74,6,7,57,2,0,1,6,0,0,0,0,0,0,0,0,1
89,6,0,79,1,15,0,3,0,0,0,0,0,0,0,0,0
22,5,0,13,2,0,0,2,0,0,0,0,0,0,0,0,1
53,11,7,30,2,4,0,1,8,0,0,0,0,0,0,0,0
45,15,0,23,3,0,0,2,0,0,0,0,0,0,0,0,1
68,10,0,51,4,0,0,4,4,6,1,0,0,0,0,0,1
11,8,0,0,1,0,0,0,0,0,0,0,0,0,0,0,1
62,5,0,51,2,6,0,2,8,0,0,0,0,0,0,0,0
75,4,0,10,2,1,1,1,3,8,0,0,0,0,0,0,1
39,3,7,25,3,0,0,2,0,0,0,0,0,0,0,0,1
13,9,0,0,1,0,0,0,0,0,0,0,0,0,0,0,1
33,13,0,16,1,0,0,3,6,0,0,0,0,0,0,0,1
245,11,0,37,8,0,1,10,10,28,1,0,1,0,0,0,1
52,12,0,36,1,3,0,2,2,0,0,0,0,0,0,0,0
24,5,0,15,2,0,0,2,0,0,0,0,0,0,0,0,1
41,7,0,9,2,0,0,1,5,4,1,0,0,0,0,0,0
50,9,0,37,1,0,0,5,7,0,0,0,0,0,0,0,0
71,17,0,50,2,3,1,4,1,0,0,0,0,0,0,0,1
29,8,0,10,1,0,0,1,2,2,0,0,0,0,0,0,0
41,10,0,28,1,0,0,3,2,4,0,0,0,0,0,0,0
50,20,0,26,1,3,0,1,0,0,0,0,0,0,0,0,1
52,7,0,41,1,4,0,3,5,0,0,0,0,0,0,0,1
201,2,6,36,8,1,1,2,83,4,2,0,0,0,0,0,0
90,8,0,48,2,2,0,5,21,4,0,0,0,0,0,0,1
26,4,0,10,2,0,0,1,2,2,0,0,0,0,0,0,1
40,21,0,15,2,2,0,2,0,0,0,0,0,0,0,0,1
33,12,0,18,1,0,0,2,0,0,0,0,0,0,0,0,1
25,8,0,6,1,0,0,2,4,2,0,0,0,0,0,0,0
53,10,0,39,2,3,2,2,6,0,0,0,0,0,0,0,0
61,11,0,9,5,0,0,2,8,5,0,1,0,0,0,0,0
76,12,0,10,2,0,1,1,3,8,0,0,0,0,0,0,1
31,4,2,20,3,0,0,2,2,0,0,0,0,0,0,0,1
85,9,15,56,3,4,0,7,4,0,0,0,0,0,0,0,0
44,6,0,14,3,0,0,2,3,3,0,1,0,0,0,0,1
18,10,3,0,2,0,0,0,0,0,0,0,0,0,0,0,0
26,4,0,15,2,0,0,3,0,0,0,0,0,0,0,0,1
26,5,0,18,1,0,0,3,0,0,0,0,0,0,0,0,1
24,3,0,17,2,0,0,2,0,0,0,0,0,0,0,0,1
111,8,0,99,1,10,0,4,6,0,0,0,0,0,0,0,1
104,6,0,10,3,4,1,1,9,9,0,0,0,0,0,0,1
26,12,0,11,2,0,0,2,0,0,0,0,0,0,0,0,1
35,7,0,10,3,0,1,2,0,1,0,0,0,0,0,0,1
39,5,0,21,3,0,0,3,3,1,0,0,0,0,0,0,1
45,14,0,27,2,0,0,2,0,0,1,0,0,0,0,0,1
165,16,0,28,2,0,0,3,16,5,0,0,0,0,0,0,1
27,14,0,10,1,0,0,1,4,0,0,0,0,0,0,0,1
53,6,15,27,4,0,0,1,4,1,0,0,0,0,0,0,1
50,10,0,21,2,0,0,2,4,2,0,0,0,0,0,0,0
28,13,0,15,5,2,0,1,13,0,0,0,0,1,0,0,1
98,6,0,56,3,1,1,8,3,3,0,0,0,0,0,0,0
30,14,0,16,4,0,0,1,13,0,0,0,0,1,0,0,1
93,15,21,52,6,1,1,2,1,1,0,0,0,0,0,0,1
78,9,0,11,2,1,1,1,0,8,0,0,0,0,0,0,1
44,3,0,19,3,0,0,2,7,4,0,0,0,0,0,0,1
60,8,0,48,1,2,2,3,6,0,0,0,0,0,0,0,0
33,9,0,20,2,0,0,2,1,0,0,0,0,0,0,0,1
45,6,0,35,2,0,0,3,0,0,0,0,0,0,0,0,1
67,11,0,52,2,0,0,4,0,0,0,0,0,0,0,0,0
67,8,0,10,2,0,1,1,2,6,0,0,0,0,1,0,1
90,7,0,77,6,0,0,8,0,0,0,0,1,0,0,0,1
47,15,16,11,3,0,0,2,3,0,0,0,0,0,0,0,1
21,5,11,0,2,1,0,0,0,0,0,0,0,0,1,0,1
90,7,0,77,6,0,0,8,0,0,0,0,1,0,0,0,1
27,9,0,11,3,0,0,1,0,0,0,0,0,0,0,0,1
21,12,0,3,4,0,0,1,14,0,0,0,0,1,0,0,1
91,21,58,7,6,3,0,1,4,0,3,0,1,0,0,0,0
19,15,0,0,1,0,0,0,0,0,0,0,0,0,0,0,1
16,11,0,0,1,0,0,0,0,0,0,0,0,0,1,0,1
79,20,0,32,3,0,2,3,5,3,0,0,0,0,0,0,0
41,18,0,11,3,0,0,1,1,2,0,0,0,0,0,0,1
29,18,0,8,1,0,0,1,0,0,0,0,0,0,0,0,0
29,12,0,13,1,0,0,2,0,0,0,0,0,0,1,0,1
58,9,0,46,1,5,0,3,2,0,0,0,0,0,0,0,1
21,7,0,10,1,0,0,2,6,0,0,0,0,0,0,0,0
244,12,0,41,9,0,1,9,8,27,1,0,1,0,0,0,1
65,10,0,51,2,6,0,2,0,0,0,0,0,0,0,0,0
63,12,0,48,3,0,0,4,0,0,0,0,0,0,0,0,1
89,9,15,60,3,4,0,7,4,0,0,0,0,0,0,0,0
29,4,0,21,1,0,0,3,11,0,0,0,0,0,0,0,0
18,12,0,0,2,0,0,0,0,0,0,0,0,0,0,0,0
103,14,5,79,2,2,1,1,19,2,0,0,0,0,0,0,1
16,5,0,5,2,0,0,1,1,0,0,0,0,0,0,0,1
89,12,10,53,4,0,0,3,10,3,0,0,0,0,1,0,1
53,15,7,26,3,0,0,4,6,0,0,0,0,0,0,0,0
14,10,0,0,1,0,0,0,0,0,0,0,0,0,0,0,0
39,5,3,27,3,2,0,2,0,0,0,0,0,0,0,0,0
29,13,0,1,1,0,1,1,2,2,0,0,0,0,0,0,0
65,19,0,42,1,0,0,4,26,0,1,0,1,0,0,0,1
16,7,0,5,1,0,0,1,0,0,0,0,0,0,0,0,0
101,6,46,44,3,5,0,3,20,0,1,0,0,0,0,0,1
50,11,0,35,4,0,1,2,0,0,1,0,0,0,0,0,1
61,13,0,14,3,0,1,1,1,4,0,0,0,0,0,0,1
49,6,0,39,2,4,0,2,0,0,0,0,0,0,0,0,0
99,3,0,93,2,10,0,4,1,0,0,0,0,0,0,0,0
23,7,0,13,2,0,0,1,0,0,0,0,0,0,0,0,1
54,9,2,38,2,0,4,2,0,0,0,0,0,0,0,0,0
26,8,0,14,2,0,0,1,0,0,0,0,0,0,0,0,0
45,16,0,25,2,0,0,3,0,0,0,0,0,0,0,0,1
28,10,0,11,2,1,0,1,0,0,0,0,0,0,0,0,1
36,4,0,28,1,0,0,3,7,0,1,0,0,0,0,0,0
61,7,28,21,3,1,0,2,5,0,0,0,0,0,0,0,1
34,13,0,10,2,0,0,1,1,2,0,0,0,0,0,0,1
23,9,0,10,2,1,0,1,0,0,0,0,0,0,0,0,0
36,3,0,29,1,0,0,4,3,1,0,0,0,0,0,0,0
44,8,0,32,2,0,0,3,0,0,0,0,0,0,0,0,1
58,5,7,15,2,0,0,2,15,2,0,0,0,0,0,0,0
99,7,0,6,2,4,0,1,5,7,1,0,1,0,0,0,0
27,14,0,7,4,0,0,1,16,0,0,0,0,1,0,0,1
68,3,0,61,1,6,0,5,8,0,0,0,0,0,0,0,0
12,3,0,6,1,0,0,1,1,0,0,0,0,0,0,0,0
71,5,4,34,4,0,0,5,1,3,0,1,0,0,0,0,1
55,14,0,25,2,1,0,3,0,2,1,0,0,0,0,0,1
81,7,0,10,2,0,1,1,3,8,0,0,0,0,0,0,1
85,13,0,69,2,0,0,6,20,0,2,0,0,0,0,0,1
89,15,0,12,2,0,2,1,1,7,0,0,0,0,0,0,0
22,6,0,12,1,1,0,1,9,0,0,0,0,0,0,0,0
36,8,0,24,2,1,0,3,0,0,0,0,0,0,0,0,1
88,10,0,10,3,1,2,1,4,8,0,0,0,0,0,0,1
109,15,0,44,5,4,1,8,0,2,2,0,1,0,0,0,1
36,7,0,25,2,0,1,2,0,0,0,0,0,0,0,0,0
54,5,7,37,6,0,0,2,5,0,0,0,0,0,0,0,1
16,12,0,0,1,0,0,0,0,0,0,0,0,0,0,0,1
60,6,0,51,2,1,0,5,3,0,0,0,0,0,0,0,1
46,8,0,34,2,0,1,2,16,0,0,0,0,0,0,0,1
67,7,8,47,2,4,2,3,12,0,0,0,0,0,0,0,0
52,14,0,34,2,0,0,4,0,0,0,0,0,0,0,0,1
39,17,0,18,1,0,1,2,0,0,0,0,0,0,0,0,0
22,18,0,0,1,2,0,0,0,0,0,0,0,0,0,0,0
47,9,0,33,1,0,3,2,14,2,0,0,0,0,1,0,0
41,13,0,25,1,2,0,2,3,0,0,0,0,0,0,0,1
25,8,0,13,1,0,0,2,3,0,0,0,0,0,0,0,1
21,14,0,7,3,0,0,1,12,0,0,0,0,1,0,0,1
53,17,0,32,2,0,2,2,0,0,0,0,0,0,0,0,0
166,7,0,155,3,5,3,13,0,2,5,0,1,0,0,0,0
21,12,0,5,1,0,0,1,4,0,0,0,0,0,0,0,0
33,10,0,16,1,0,0,3,0,0,0,0,0,0,0,0,1
44,4,12,24,3,1,0,2,5,0,0,0,0,0,0,0,1
34,14,0,16,2,0,1,1,5,0,0,0,0,0,0,0,0
23,5,0,14,2,0,0,1,0,0,0,0,0,0,0,0,0
74,10,0,17,2,0,2,2,0,5,0,0,0,0,0,0,1
59,7,0,48,1,5,0,3,10,0,0,0,0,0,0,0,0
39,4,0,32,1,0,0,2,7,1,0,0,0,0,0,0,1
113,10,0,10,2,1,0,1,5,14,0,0,0,0,0,0,1
467,9,0,26,22,0,5,6,39,51,1,0,1,0,0,0,1
9,3,2,0,2,0,0,0,0,0,0,0,0,0,0,0,1
32,4,23,0,3,0,0,0,0,0,0,0,0,0,0,0,1
70,11,0,55,1,4,2,2,7,0,0,0,0,0,0,0,0
23,11,0,8,2,0,0,1,2,0,0,0,0,0,0,0,1
130,10,7,93,6,3,0,3,40,11,1,1,0,0,0,0,1
55,6,0,45,2,1,0,5,0,0,0,0,0,0,0,0,1
117,21,0,92,1,13,0,2,2,0,0,0,0,0,0,0,0
60,8,11,36,3,3,0,3,7,0,0,0,0,0,0,0,0
25,5,0,9,2,0,0,1,3,2,0,0,0,0,0,0,1
92,19,0,69,4,0,0,5,2,0,0,0,1,0,0,0,1
34,4,0,13,3,0,0,1,3,2,0,0,0,0,0,0,1
95,20,0,10,3,0,2,1,2,8,0,0,0,0,0,0,1
98,20,0,10,3,0,2,1,4,8,0,0,0,0,0,0,1
58,6,0,48,2,4,0,4,11,0,0,0,0,0,0,0,0
65,19,0,42,1,0,0,4,26,0,1,0,1,0,0,0,1
34,9,2,18,2,0,2,2,0,0,0,0,0,0,0,0,0
55,9,0,10,2,1,1,1,2,4,0,0,0,0,0,0,1
25,9,8,3,2,0,0,1,0,0,0,0,0,0,0,0,0
166,15,0,96,6,2,3,8,11,2,1,0,1,0,0,0,1
115,8,4,20,9,0,0,3,10,10,0,0,1,0,0,0,1
72,14,0,54,2,2,0,1,12,8,0,0,0,0,0,0,0
50,10,0,15,2,1,0,2,7,4,0,0,0,0,0,0,0
26,3,11,7,3,0,0,1,7,0,0,0,0,0,0,0,1
51,10,0,8,1,0,1,1,2,6,0,0,0,0,0,0,1
146,6,0,134,5,2,0,7,17,0,1,0,1,0,0,0,1
23,10,0,9,2,0,0,1,0,0,0,0,0,0,0,0,1
38,10,0,24,2,0,1,2,5,0,0,0,0,0,0,0,1
124,18,23,78,3,0,0,1,17,0,0,0,0,0,0,0,1
46,9,0,33,2,3,0,2,0,0,0,0,0,0,0,0,0
54,9,2,38,2,0,3,2,0,0,0,0,0,0,0,0,0
16,12,0,0,1,0,0,0,0,0,0,0,0,0,0,0,0
63,18,0,41,1,2,0,4,2,0,0,0,0,0,0,0,1
17,8,0,6,2,0,0,1,0,0,0,0,0,0,0,0,1
27,11,0,12,2,0,0,1,0,0,0,0,0,0,0,0,0
35,10,0,21,2,1,0,3,1,0,1,0,0,0,0,0,1
195,6,0,10,2,11,1,1,10,18,1,0,0,0,0,0,1
27,9,0,14,2,0,0,1,0,0,0,0,0,0,0,0,1
17,13,0,0,1,2,0,0,0,0,0,0,0,0,0,0,0
41,13,0,24,2,0,0,3,0,0,0,0,0,0,0,0,1
245,11,0,37,8,0,1,10,10,28,1,0,1,0,0,0,1
123,11,0,31,3,1,3,5,1,8,0,1,0,0,0,0,1
38,3,5,22,3,0,0,3,5,0,0,0,0,0,0,0,0
91,13,0,74,1,0,15,4,6,0,0,0,0,0,0,0,0
56,6,0,46,1,4,0,3,8,0,1,0,0,0,0,0,0
31,7,0,6,1,0,0,1,3,2,0,0,0,0,0,0,0
61,12,0,45,1,0,0,3,23,0,0,0,0,0,0,0,1
97,12,4,17,6,0,0,2,7,16,0,0,0,0,0,0,0
48,4,0,40,2,2,0,3,0,0,0,0,0,0,0,0,0
408,8,3,392,2,1,0,2,51,0,0,0,0,0,0,0,1
70,13,0,53,2,1,0,4,0,0,1,0,0,0,0,0,1
97,5,0,21,5,1,0,6,0,6,2,0,1,0,0,0,1
27,3,11,8,3,0,0,1,7,0,0,0,0,0,0,0,1
123,14,0,10,2,3,1,1,6,10,0,0,0,0,0,0,1
25,11,0,11,2,0,0,1,0,0,0,0,0,0,0,0,1
32,15,0,17,4,0,0,2,14,0,0,0,0,1,0,0,1
105,9,0,45,4,1,0,6,5,2,0,0,1,0,0,0,1
172,3,62,103,2,0,0,3,0,0,2,0,1,0,0,0,1
129,22,0,103,2,10,0,2,6,1,0,0,0,0,0,0,0
31,7,0,6,1,0,0,1,0,2,0,0,0,0,0,0,0
37,9,0,24,1,2,0,1,0,0,0,0,0,0,0,0,0
38,9,0,25,1,1,0,3,4,0,0,0,0,0,0,0,0
33,9,0,21,2,1,0,1,0,0,0,0,0,0,0,0,1
77,5,0,50,8,2,1,4,0,2,2,0,0,0,0,0,0
15,11,0,0,1,0,0,0,0,0,0,0,0,0,0,0,0
15,11,0,0,1,0,0,0,0,0,0,0,0,0,0,0,1
111,6,85,16,9,0,0,2,0,0,0,0,0,0,0,0,1
58,13,0,42,2,0,0,5,0,0,0,0,0,0,0,0,1
126,13,0,10,2,1,1,1,12,12,0,0,0,0,0,0,1
116,7,0,10,2,0,5,1,10,14,0,0,0,0,0,0,1
78,17,0,10,2,1,1,1,4,8,0,0,0,0,0,0,1
39,13,0,20,3,0,2,2,15,0,0,0,0,1,0,0,1
58,5,7,15,2,0,0,2,14,2,0,0,0,0,0,0,0
116,7,0,105,1,2,6,3,10,5,2,0,0,0,0,0,1
73,13,0,56,1,1,0,3,25,1,2,0,0,0,0,0,1
57,12,0,38,2,0,0,4,4,2,0,0,0,0,0,0,1
59,5,8,39,4,0,0,2,21,5,0,0,0,0,0,0,1
72,10,0,10,2,1,1,1,4,8,0,0,0,0,0,0,1
87,5,0,78,1,7,0,6,8,0,0,0,0,0,0,0,0
109,8,0,97,2,14,0,4,8,0,0,0,0,0,0,0,1
71,6,0,61,2,5,0,3,9,0,0,0,0,0,0,0,0
32,8,0,20,2,1,0,1,0,0,0,0,0,0,0,0,1
17,13,0,0,1,0,0,0,4,0,0,0,0,0,0,0,1
29,10,0,16,2,0,0,2,0,0,0,0,0,0,0,0,1
54,10,0,40,1,3,0,3,0,0,0,0,0,0,0,0,1
22,18,0,0,1,0,0,0,0,0,0,0,0,0,0,0,0
51,9,7,30,2,0,2,2,0,0,1,0,0,0,0,0,0
28,7,0,17,1,0,0,1,0,0,0,0,0,0,0,0,0
58,14,0,38,2,1,0,5,0,0,0,0,0,0,0,0,1
62,5,0,54,7,2,0,3,14,0,0,0,0,0,0,0,0
28,17,0,8,1,0,0,1,3,0,0,0,0,0,0,0,1
30,6,0,17,3,0,0,2,1,0,0,0,0,0,0,0,1
58,9,0,45,1,4,0,3,7,0,0,0,0,0,0,0,0
14,10,0,0,1,0,0,0,0,0,0,0,0,0,0,0,1
9,6,0,0,1,0,0,0,0,0,0,0,0,0,0,0,1
24,12,0,9,2,0,0,1,0,0,0,0,0,0,0,0,1
113,7,54,47,3,5,0,4,18,0,1,0,0,0,0,0,1
66,16,0,47,1,5,0,4,0,0,0,0,0,0,0,0,1
53,7,8,33,2,2,0,3,0,0,0,0,0,0,0,0,0
103,13,0,86,2,10,0,2,2,0,0,0,0,0,0,0,1
38,11,0,23,2,1,0,3,0,0,0,0,0,0,0,0,1
14,7,2,0,2,0,0,0,0,0,0,0,0,0,0,0,1
25,8,12,0,2,0,0,0,0,0,0,0,0,0,0,0,0
52,7,0,41,1,7,0,1,6,0,0,0,0,0,0,0,0
173,14,0,10,2,6,1,1,6,18,0,0,0,0,0,0,1
60,6,0,50,1,4,0,3,4,0,1,0,0,0,0,0,0
31,7,0,6,1,0,0,1,3,2,0,0,0,0,0,0,0
29,14,0,9,3,0,0,1,16,0,0,0,0,1,0,0,1
28,9,0,15,1,0,0,1,0,0,0,0,0,0,0,0,1
37,6,0,27,1,0,0,3,10,0,0,0,0,0,0,0,0
99,6,0,89,2,0,5,5,0,0,0,0,0,0,0,0,0
18,14,0,0,1,0,0,0,0,0,0,0,0,0,0,0,0
68,15,0,49,1,8,0,2,1,0,0,0,0,0,0,0,1
276,17,0,46,15,0,0,7,74,26,1,0,0,0,0,0,1
55,17,0,35,1,1,1,1,7,1,0,0,1,0,0,0,1
35,6,0,25,2,0,0,3,5,0,0,0,0,0,0,0,1
86,6,0,76,1,13,0,1,3,0,0,0,0,0,0,0,0
78,4,0,70,2,0,1,7,28,0,0,0,0,0,0,0,1
45,8,0,33,2,1,0,3,1,0,0,0,0,0,0,0,0
36,9,2,20,2,0,1,2,0,0,0,0,0,0,0,0,0
46,8,0,34,1,2,0,2,0,0,0,0,0,0,0,0,0
39,12,0,23,1,1,1,2,5,0,0,0,0,0,0,0,0
39,8,0,25,3,0,0,4,5,0,0,0,0,0,0,0,1
29,6,4,14,2,0,0,2,0,0,1,0,0,0,0,0,1
158,15,0,96,6,2,3,8,7,2,1,0,1,0,0,0,1
52,8,0,40,2,1,0,5,0,0,0,0,0,0,0,0,1
24,20,0,0,1,1,0,0,0,0,0,0,0,0,1,0,1
30,11,0,15,1,0,0,2,0,0,0,0,0,0,0,0,1
128,9,0,23,5,0,1,2,28,12,0,0,0,0,0,0,0
16,12,0,0,1,0,0,0,0,0,0,0,0,0,0,0,0
38,6,0,29,2,0,0,2,0,0,0,0,0,0,0,0,1
198,22,0,10,3,4,1,1,41,18,0,0,0,0,0,0,1
34,9,0,21,1,0,0,2,1,0,0,0,0,0,0,0,1
52,15,0,20,2,0,0,2,4,2,0,0,0,0,0,0,0
76,4,0,69,2,9,0,3,16,0,0,0,0,0,0,0,1
115,13,0,10,2,1,2,1,5,14,0,0,0,0,0,0,1
20,4,0,9,2,0,0,1,2,0,0,0,0,0,0,0,1
71,10,0,57,1,6,0,2,11,0,0,0,0,0,0,0,0
40,16,0,20,2,0,1,1,0,0,0,0,0,0,0,0,1
87,14,10,58,3,5,0,2,0,0,0,0,0,0,0,0,0
31,8,0,19,1,0,0,4,0,0,0,0,0,0,0,0,0
110,8,16,11,8,1,0,3,1,11,2,0,0,0,0,0,0
31,7,0,6,1,0,0,1,0,2,0,0,0,0,0,0,0
117,9,0,10,2,1,1,1,5,14,0,0,0,0,0,0,1
73,9,0,10,2,0,1,1,4,8,0,0,0,0,0,0,1
29,9,0,16,2,0,1,2,0,0,0,0,0,0,0,0,0
28,5,0,19,2,1,0,1,0,0,0,0,0,0,0,0,1
47,26,0,17,2,2,0,3,1,0,0,0,0,0,0,0,1
25,10,0,11,2,0,0,1,0,0,0,0,0,0,0,0,1
19,5,8,0,2,0,0,0,0,0,0,0,0,0,0,0,1
30,9,0,18,1,0,0,2,3,1,0,0,0,0,0,0,0
47,8,0,23,3,0,0,3,0,2,1,0,0,0,0,0,1
50,8,0,38,1,3,0,3,8,0,0,0,0,0,0,0,1
20,8,7,0,2,1,0,0,6,0,0,0,0,0,0,0,1
35,13,0,18,1,1,0,2,0,0,0,0,0,0,0,0,0
56,7,0,33,2,1,0,4,0,2,0,0,0,0,0,0,0
48,12,0,32,2,0,0,3,0,0,0,0,0,0,0,0,0
47,9,0,34,2,1,1,3,2,1,0,0,0,0,0,0,1
28,9,0,15,1,0,0,2,8,0,0,0,0,0,0,0,0
43,4,12,23,3,1,0,2,5,0,0,0,0,0,0,0,1
34,13,0,17,2,0,0,2,0,0,0,0,0,0,0,0,0
75,6,0,4,4,0,0,5,0,5,2,0,1,0,0,0,0
87,16,0,10,3,0,1,1,4,8,0,0,0,0,0,0,1
23,4,14,0,2,0,0,0,1,0,0,0,0,0,0,0,0
35,13,0,19,2,0,1,1,0,0,0,0,0,0,0,0,1
158,7,7,38,5,1,4,3,32,5,3,0,0,0,0,0,1
45,12,0,29,2,0,0,3,0,0,0,0,1,0,0,0,1
54,11,0,39,2,3,0,2,0,0,0,0,0,0,0,0,0
73,7,0,62,2,0,1,3,4,0,0,0,0,0,0,0,0
26,13,0,13,3,0,0,2,10,0,0,0,0,1,0,0,1
21,10,0,7,1,0,0,1,0,0,0,0,0,0,0,0,0
19,4,0,8,2,0,0,2,1,0,0,0,1,0,0,0,1
55,5,4,41,3,0,0,3,6,0,0,0,0,0,0,0,1
46,10,0,32,1,1,1,3,1,0,0,0,0,0,0,0,0
29,6,0,19,2,0,0,2,0,0,0,0,0,0,0,0,0
25,13,0,12,3,0,0,2,11,0,0,0,0,1,0,0,1
86,19,0,64,1,2,0,6,25,0,0,0,0,0,0,0,1
142,9,0,129,2,5,2,11,6,2,5,0,1,0,0,0,1
82,18,0,60,2,0,0,4,41,0,0,0,0,0,0,0,1
41,7,4,25,3,0,0,2,0,1,0,0,0,0,0,0,0
30,11,0,16,2,1,0,2,1,0,0,0,0,0,0,0,1
71,4,0,64,2,7,0,3,2,0,0,0,0,0,0,0,1
43,5,10,23,3,1,0,1,13,2,1,0,0,0,0,0,0
78,6,0,68,1,9,0,2,4,0,0,0,0,0,0,0,0
91,13,0,74,3,3,0,5,18,0,0,0,0,0,0,0,0
42,9,2,26,2,0,3,2,4,2,0,0,0,0,0,0,0
27,6,0,17,1,1,0,1,0,0,0,0,0,0,0,0,0
108,9,0,45,4,1,0,6,6,2,0,0,1,0,0,0,1
60,6,0,2,1,0,0,1,7,10,1,0,0,0,0,0,0
81,5,8,63,3,0,5,3,0,0,0,0,0,0,0,0,0
47,8,0,35,2,0,1,2,17,0,0,0,0,0,0,0,1
30,15,0,15,4,0,0,2,12,0,0,0,0,1,0,0,1
24,11,9,0,2,1,0,0,0,0,0,0,0,0,1,0,1
52,9,2,36,2,0,4,2,4,0,0,0,0,0,0,0,0
50,11,0,33,4,0,0,3,0,0,1,0,0,0,0,0,1
91,11,0,77,2,1,1,6,3,4,0,0,0,0,0,0,1
13,9,0,0,1,0,0,0,4,0,0,0,0,0,0,0,1
36,8,0,24,2,0,0,2,4,0,0,0,0,0,0,0,1
37,8,0,25,1,2,0,2,0,0,0,0,0,0,0,0,0
76,10,0,63,1,0,0,3,12,16,0,0,0,0,0,0,0
25,8,0,13,1,0,0,2,1,0,0,0,0,0,0,0,1
91,21,58,7,6,3,0,1,4,0,3,0,1,0,0,0,0
52,11,0,38,2,1,0,2,0,0,0,0,0,0,0,0,1
95,9,0,68,1,6,0,4,12,2,0,0,0,0,0,0,1
24,3,5,11,2,0,0,2,7,0,0,0,0,0,0,0,1
34,5,6,18,2,0,1,2,0,0,0,0,0,0,0,0,0
27,23,0,0,1,1,0,0,0,0,0,0,0,0,0,0,1
33,8,0,21,2,0,0,2,3,0,0,0,0,0,0,0,1
97,5,0,21,5,1,0,6,0,6,2,0,1,0,0,0,1
14,5,0,5,1,0,0,2,1,0,0,0,0,0,0,0,1
117,5,16,47,8,0,0,7,1,11,2,0,1,0,0,0,1
92,19,0,69,4,0,0,5,2,0,0,0,1,0,0,0,1
38,12,0,13,2,0,0,1,2,2,0,0,0,0,0,0,1
50,11,0,32,2,3,0,2,2,0,0,0,0,0,0,0,1
46,5,8,28,3,0,0,3,6,0,0,0,0,0,0,0,1
21,17,0,0,1,1,0,0,2,0,0,0,0,0,0,0,1
105,9,0,92,7,0,1,5,15,0,0,0,1,1,0,0,1
35,14,6,10,3,0,0,1,0,0,0,0,0,0,0,0,1
36,17,0,15,1,0,0,2,0,0,0,0,0,0,0,0,0
104,5,0,10,2,1,1,1,10,10,0,0,0,0,0,0,1
55,7,2,41,3,2,0,4,0,0,0,0,0,0,0,0,1
22,11,6,0,2,1,0,0,0,0,0,0,0,0,0,0,1
35,10,6,14,3,0,0,1,0,0,0,0,0,0,0,0,1
71,8,13,45,3,5,0,3,7,0,0,0,0,0,0,0,0
96,8,0,84,1,11,0,2,0,0,0,0,0,0,0,0,0
54,14,0,36,2,1,0,3,0,0,0,0,0,0,0,0,1
41,12,0,25,2,0,0,3,0,0,0,0,0,0,0,0,0
23,12,0,7,1,0,0,1,0,0,0,0,0,0,0,0,1
19,4,0,11,2,1,0,1,0,0,0,0,0,0,0,0,0
30,10,0,15,2,0,0,2,0,0,0,0,0,0,1,0,1
30,7,0,19,1,0,0,1,0,0,0,0,0,0,0,0,0
48,9,0,18,2,0,1,2,4,4,0,0,0,0,0,0,1
26,10,0,8,2,0,0,1,1,2,0,0,0,0,1,0,1
108,9,0,45,4,1,0,6,6,2,0,0,1,0,0,0,1
35,18,0,11,2,0,0,2,2,0,1,0,0,0,0,0,1
25,6,0,15,1,0,0,1,0,0,0,0,0,0,0,0,0
103,14,0,10,3,0,1,1,10,12,0,0,0,0,0,0,1
21,5,0,9,2,0,0,2,0,0,0,0,0,0,0,0,1
55,36,0,15,1,4,0,1,0,0,0,0,0,0,0,0,1
53,4,0,26,3,1,0,3,6,2,0,0,0,0,0,0,1
54,8,0,42,1,4,0,2,8,0,0,0,0,0,0,0,0
26,4,5,12,2,0,0,2,3,0,0,0,0,0,0,0,1
33,16,0,13,2,0,0,1,0,0,0,0,0,0,0,0,0
27,13,9,0,2,0,0,0,5,0,0,0,0,0,0,0,1
78,12,0,62,2,8,0,3,7,0,0,0,0,0,0,0,0
38,6,0,28,2,0,1,2,0,0,0,0,0,0,0,0,1
27,6,7,9,2,0,0,1,0,0,0,0,0,0,0,0,1
46,6,0,37,2,0,0,3,14,0,0,0,0,0,0,0,1
62,7,2,1,2,5,0,1,4,2,0,0,0,0,0,0,0
54,19,0,31,1,3,0,2,4,0,0,0,0,0,0,0,0
236,19,0,213,1,0,0,4,44,0,1,0,0,0,0,0,1
36,9,0,23,1,3,0,1,5,0,0,0,0,0,0,0,0
76,7,0,62,3,0,1,6,0,0,0,0,0,0,0,0,1
93,6,4,62,2,0,1,4,10,5,1,0,0,0,0,0,0
69,26,0,40,1,5,0,3,2,0,0,0,0,0,0,0,1
17,13,0,0,1,0,0,0,0,0,0,0,0,0,0,0,0
38,8,0,26,2,0,0,2,0,0,0,0,0,0,0,0,0
29,12,0,13,1,0,0,2,0,0,0,0,0,0,0,0,1
44,2,15,22,3,1,0,2,6,0,0,0,0,0,0,0,0
33,9,0,20,2,0,0,2,1,0,0,0,0,0,0,0,1
26,3,4,14,2,0,0,2,0,0,0,0,0,0,0,0,1
17,6,0,8,1,0,0,1,3,0,0,0,0,0,0,0,1
53,6,0,43,1,3,0,3,5,0,1,0,0,0,0,0,0
72,22,0,46,5,1,0,4,0,0,1,0,0,0,0,0,0
363,12,28,34,3,5,4,3,48,14,2,0,0,0,0,0,0
46,11,0,35,3,1,0,4,15,1,0,0,0,1,0,0,1
26,17,0,5,1,0,0,1,0,0,0,0,0,0,0,0,0
48,18,0,24,3,0,0,2,0,0,0,0,0,0,0,0,1
34,4,0,26,2,0,0,3,9,0,0,0,0,0,0,0,0
186,17,0,148,2,1,1,6,79,3,1,0,0,0,0,0,1
39,18,0,14,3,0,0,2,0,0,0,0,0,0,0,0,1
28,6,0,18,1,0,1,2,0,0,0,0,0,0,0,0,0
55,6,0,42,3,1,1,5,1,0,1,0,0,0,0,0,1
26,6,0,16,1,0,0,2,0,1,0,0,0,0,0,0,0
55,15,0,36,2,2,0,3,2,0,0,0,0,0,0,0,1
90,14,16,12,3,0,0,1,17,3,0,0,0,0,0,0,1
27,14,0,7,4,0,0,1,16,0,0,0,0,1,0,0,1
11,3,0,5,1,0,0,1,0,0,0,0,0,0,0,0,1
40,4,12,20,3,1,0,2,5,0,0,0,0,0,0,0,1
89,11,0,45,2,3,0,3,1,6,0,0,0,0,0,0,1
64,5,6,17,4,0,0,2,10,6,0,0,0,0,0,0,0
61,13,0,40,2,0,0,6,15,2,0,0,0,0,0,0,1
43,13,0,18,2,0,0,3,0,2,1,0,0,0,1,0,1
89,6,0,65,1,8,0,2,5,2,0,0,0,0,0,0,0
45,13,0,28,1,0,0,4,4,0,0,0,0,0,0,0,1
58,3,0,51,2,0,0,4,0,0,0,0,0,0,0,0,0
38,11,8,12,3,0,0,1,0,0,0,0,0,0,0,0,1
14,10,0,0,1,0,0,0,0,0,0,0,0,0,0,0,1
63,23,0,36,2,0,0,3,0,0,0,0,0,0,0,0,1
41,9,0,24,2,1,0,3,0,2,0,0,0,0,0,0,1
50,9,2,34,2,0,3,2,4,0,0,0,0,0,0,0,0
40,16,0,17,2,0,0,2,8,0,0,0,0,0,0,0,0
91,4,0,82,1,0,0,1,31,27,0,0,0,0,1,0,1
21,7,0,10,1,0,0,1,0,0,0,0,0,0,0,0,0
32,6,0,22,2,0,0,2,0,0,0,0,0,0,0,0,1
24,21,0,0,1,0,0,0,0,0,0,0,0,0,0,0,1
41,3,3,30,4,0,0,3,7,0,0,0,0,0,0,0,1
130,20,95,10,8,2,0,1,34,0,2,0,0,0,0,0,0
38,4,12,18,3,1,0,2,3,0,0,0,0,0,0,0,1
168,15,0,10,2,2,1,1,8,20,0,0,0,0,0,0,1
45,10,0,32,2,0,1,4,0,0,0,0,0,0,0,0,1
138,14,0,21,2,0,0,2,18,13,0,0,0,0,0,0,0
111,6,0,34,4,4,1,8,0,5,1,0,1,0,0,0,1
101,22,0,10,2,1,1,1,3,8,0,0,0,0,0,0,1
158,7,13,38,4,0,1,2,8,14,1,0,0,0,0,0,1
26,11,0,11,2,0,0,1,0,0,0,0,0,0,0,0,1
15,11,0,0,1,0,0,0,0,0,0,0,0,0,0,0,0
50,20,0,26,1,3,0,2,0,0,0,0,0,0,0,0,1
81,21,0,10,2,0,1,1,3,8,0,0,0,0,0,0,1
9,5,0,0,1,0,0,0,3,0,0,0,0,0,0,0,1
1666,5,2,3,17,20,7,1,545,75,0,0,1,0,0,0,1
76,10,0,62,1,8,0,4,8,0,0,0,0,0,0,0,0
409,11,111,186,17,5,2,14,114,9,4,0,1,0,0,0,0
135,12,0,17,3,0,2,2,10,16,0,0,0,0,0,0,1
27,14,0,7,4,0,0,1,16,0,0,0,0,1,0,0,1
16,4,0,8,1,0,0,1,0,0,0,0,0,0,0,0,1
68,8,10,45,3,5,0,3,6,0,0,0,0,0,0,0,0
18,4,0,10,2,0,0,1,0,0,0,0,0,0,0,0,0
91,21,58,7,6,3,0,1,4,0,3,0,1,0,0,0,0
30,4,0,20,3,0,0,3,0,0,0,0,0,0,0,0,0
44,6,6,25,3,0,0,3,0,0,1,0,0,0,0,0,1
68,15,0,46,3,1,0,5,0,0,0,0,0,0,0,0,1
89,9,0,21,5,1,0,12,1,2,1,0,1,0,0,0,1
30,7,18,0,4,0,0,0,0,0,0,0,0,0,0,0,1
146,5,16,20,7,1,0,5,1,20,2,0,1,0,0,0,0
31,8,9,6,3,0,0,1,0,0,0,0,0,0,0,0,1
104,5,0,13,4,0,0,6,1,10,2,0,1,0,0,0,1
18,5,0,9,1,0,0,1,0,0,0,0,0,0,0,0,1
26,18,3,0,2,0,0,0,0,0,0,0,0,0,0,0,1
45,12,0,29,2,0,0,3,0,0,0,0,1,0,0,0,1
24,12,0,12,3,0,0,2,9,0,0,0,0,1,0,0,1
94,13,50,21,8,1,0,4,0,0,0,0,1,0,0,0,1
25,8,0,13,2,0,0,1,4,0,0,0,0,0,0,0,0
98,8,14,71,2,10,0,1,9,0,0,0,0,0,0,0,0
23,7,0,12,1,0,0,1,0,0,1,0,0,0,0,0,1
23,12,0,7,1,0,0,1,0,0,0,0,0,0,0,0,1
13,9,0,0,1,1,0,0,0,0,0,0,0,0,0,0,0
209,14,0,195,16,0,0,6,50,1,3,0,0,1,0,0,1
106,18,0,29,3,0,0,3,32,14,0,0,0,0,0,0,1
44,3,9,16,3,0,0,2,7,2,0,0,0,0,0,0,0
98,18,0,11,2,1,1,1,3,8,0,0,0,0,0,0,1
42,17,0,21,1,1,0,1,0,0,0,0,0,0,0,0,0
33,9,0,20,2,0,0,3,5,0,0,0,0,0,0,0,0
296,9,5,45,5,8,10,4,46,14,1,0,0,0,0,0,1
142,10,0,128,1,3,0,3,36,26,0,0,0,0,0,0,0
40,11,12,12,3,0,0,1,0,0,0,0,0,0,0,0,1
28,9,0,15,1,0,0,2,0,0,0,0,0,0,0,0,0
33,14,0,11,1,0,0,2,0,1,0,0,0,0,0,0,1
19,6,0,9,1,0,0,1,4,0,0,0,0,0,0,0,1
355,12,0,28,14,20,10,4,116,13,0,0,0,0,0,0,1
26,4,5,12,2,0,0,2,3,0,0,0,0,0,0,0,1
50,13,0,33,1,4,0,1,0,0,0,0,0,0,0,0,0
31,7,0,6,1,0,1,1,4,2,0,0,0,0,0,0,0
59,14,0,41,2,2,0,4,3,0,0,0,0,0,0,0,1
34,8,0,22,1,1,0,2,0,0,0,0,0,0,0,0,0
47,15,0,28,3,1,0,4,1,0,0,0,0,0,0,0,1
19,4,0,12,2,0,0,1,1,0,0,0,0,0,0,0,1
17,13,0,0,1,0,0,0,0,0,0,0,0,0,0,0,0
56,13,0,39,2,0,3,2,4,0,0,0,0,0,0,0,0
129,10,7,107,3,16,0,1,10,0,1,0,0,0,0,0,0
86,14,10,45,4,0,0,3,8,3,0,0,0,0,1,0,1
37,3,0,27,2,2,0,2,0,0,0,0,0,0,0,0,1
37,14,0,19,1,0,0,3,0,0,0,0,0,0,0,0,1
72,8,15,44,3,4,0,3,12,0,0,0,0,0,0,0,0
110,5,16,20,7,1,0,5,1,11,2,0,1,0,0,0,1
24,14,0,10,4,0,0,1,13,0,0,0,0,1,0,0,1
47,21,0,22,2,2,0,2,1,0,0,0,0,0,0,0,0
24,12,0,8,1,0,0,1,0,0,0,0,0,0,0,0,1
40,10,0,15,3,0,0,2,1,2,0,0,0,0,0,0,1
46,20,0,23,2,0,0,2,4,0,0,0,0,0,0,0,1
42,6,0,32,1,1,1,2,7,0,0,0,0,0,0,0,0
541,11,0,35,3,1,0,4,150,2,0,0,1,0,0,0,1
80,16,0,10,3,0,1,1,4,8,0,0,0,0,0,0,1
52,4,0,28,1,1,0,3,6,2,0,0,0,0,0,0,0
24,9,0,12,2,0,0,2,0,0,0,0,0,0,0,0,1
49,5,37,0,4,1,0,0,13,0,2,0,0,0,0,0,1
33,14,0,13,3,1,0,2,0,0,0,0,0,0,0,0,1
48,7,0,38,1,0,0,2,21,0,0,0,0,0,1,0,1
31,10,11,5,4,0,0,1,0,0,0,0,0,0,0,0,0
55,17,0,35,1,1,1,1,7,1,0,0,1,0,0,0,1
40,10,7,18,3,0,0,2,7,0,0,0,0,0,0,0,1
35,17,0,14,1,0,0,1,0,1,0,0,0,0,0,0,0
134,9,78,42,5,7,0,3,37,0,2,0,0,0,0,0,0
32,7,0,21,2,0,0,3,0,0,0,0,0,0,0,0,1
13,3,6,0,2,0,0,0,1,0,0,0,0,0,0,0,1
74,12,0,10,2,0,1,1,4,8,0,0,0,0,0,0,1
30,7,0,19,2,0,0,2,4,0,0,0,0,0,0,0,0
90,12,25,48,7,0,0,3,10,1,1,0,0,0,0,0,1
163,9,0,18,2,7,1,2,10,14,0,0,0,0,0,0,0
36,4,21,10,1,0,0,1,4,11,0,0,0,0,0,0,1
43,13,0,26,4,0,0,2,0,0,1,0,0,0,0,0,0
56,13,0,39,1,3,0,2,0,0,0,0,0,0,0,0,0
92,9,0,80,3,2,0,8,0,0,1,0,1,0,0,0,1
58,3,17,15,4,0,1,2,4,4,0,0,0,0,0,0,0
31,8,0,20,2,0,1,2,1,0,0,0,0,0,0,0,1
44,16,0,24,2,1,0,2,0,0,0,0,0,0,0,0,1
53,10,0,39,2,1,3,1,0,0,0,0,0,0,0,0,0
37,14,0,17,2,1,0,1,0,0,0,0,0,0,0,0,1
75,10,0,48,1,0,0,3,14,5,0,0,0,0,0,0,0
61,4,0,53,2,0,2,4,7,0,0,0,0,0,0,0,1
42,13,0,25,1,0,0,3,0,0,1,0,0,0,0,0,1
20,9,0,8,1,1,0,1,1,0,0,0,0,0,0,0,1
185,8,0,57,18,0,0,2,31,4,0,0,0,0,0,0,0
20,16,0,0,1,1,0,0,0,0,1,0,0,0,0,0,1
52,9,0,12,2,1,0,1,2,5,0,0,0,0,0,0,1
39,9,0,24,2,1,0,3,0,0,0,0,0,0,0,0,1
17,4,1,8,2,0,0,1,4,0,0,0,0,0,0,0,1
59,6,0,49,1,4,0,3,10,0,1,0,0,0,0,0,0
23,9,0,10,1,1,0,2,4,0,0,0,0,0,0,0,1
41,9,0,25,3,1,0,1,0,0,0,0,0,0,0,0,1
92,9,0,80,3,2,0,8,0,0,1,0,1,0,0,0,1
29,7,0,17,1,0,0,3,0,0,0,0,0,0,1,0,1
70,5,0,34,2,0,0,4,3,6,0,0,0,0,0,0,1
39,11,0,24,1,0,0,2,1,0,0,0,0,0,0,0,1
27,13,0,10,4,0,0,1,13,0,0,0,0,1,0,0,1
541,11,0,35,3,1,0,4,142,2,0,0,1,0,0,0,1
73,5,5,58,2,6,0,1,8,0,0,0,0,0,0,0,0
96,7,0,86,2,10,0,2,3,0,0,0,0,0,0,0,0
48,9,0,35,2,2,0,3,1,0,0,0,0,0,0,0,1
35,12,0,19,1,0,0,3,1,0,0,0,0,0,0,0,1
39,11,0,24,1,3,0,2,0,0,0,0,0,0,0,0,0
25,9,0,12,1,0,0,1,2,0,0,0,0,0,0,0,1
30,13,0,13,2,0,0,1,0,0,0,0,0,0,0,0,0
187,5,0,178,1,4,1,4,65,52,0,0,0,0,0,0,0
18,6,0,8,1,0,0,1,2,0,0,0,0,0,0,0,1
20,6,0,11,1,0,0,1,2,0,0,0,0,0,0,0,1
25,6,3,12,2,1,0,2,0,1,0,0,0,0,0,0,1
18,8,0,6,1,0,0,1,0,0,0,0,0,0,0,0,1
30,13,0,17,4,0,0,2,12,0,0,0,0,1,0,0,1
117,7,0,10,2,6,1,1,6,10,0,0,0,0,0,0,1
29,14,0,15,4,0,0,2,12,0,0,0,0,1,0,0,1
47,13,0,31,1,0,0,4,0,0,0,0,0,0,0,0,1
65,18,0,43,1,1,0,5,3,0,3,0,0,0,0,0,1
39,16,0,19,2,0,0,2,0,0,0,0,0,0,0,0,0
244,12,0,41,9,0,1,9,8,27,1,0,1,0,0,0,1
18,14,0,0,1,0,0,0,0,0,0,0,0,0,0,0,1
19,8,0,7,1,0,0,2,0,1,0,0,0,0,0,0,1
20,8,0,8,2,0,0,1,0,0,0,0,0,0,0,0,1
102,6,0,93,2,13,0,2,19,0,0,0,0,0,0,0,0
105,9,0,45,4,1,0,6,5,2,0,0,1,0,0,0,1
22,8,0,10,1,0,0,1,1,0,0,0,0,0,0,0,1
13,9,0,0,1,0,0,0,4,0,0,0,0,0,0,0,1
40,7,6,22,2,1,0,3,5,0,0,0,0,0,0,0,0
21,7,0,10,1,0,0,1,0,0,0,0,0,0,0,0,0
12,8,0,0,1,1,0,0,0,0,0,0,0,0,0,0,0
45,3,10,16,3,0,0,2,7,2,0,0,0,0,0,0,0
80,11,20,18,5,1,0,2,19,6,1,0,0,0,1,0,0
28,10,0,14,2,0,0,2,0,0,0,0,0,0,0,0,1
79,6,0,10,2,1,1,1,1,8,0,0,0,0,0,0,1
40,17,0,20,1,0,0,2,0,0,1,0,0,0,0,0,1
23,14,0,3,4,0,0,1,16,0,0,0,0,1,0,0,1
40,6,0,30,2,2,0,1,0,0,0,0,0,0,0,0,1
58,3,0,48,3,3,0,5,4,0,0,0,0,0,0,0,1
238,13,0,55,2,2,1,6,97,8,1,0,0,0,0,0,1
11,7,0,0,1,0,0,0,0,0,0,0,0,0,0,0,0
33,10,0,19,1,1,0,3,0,0,0,0,0,0,0,0,1
23,8,0,11,1,0,0,1,4,0,0,0,0,0,0,0,1
84,8,0,8,4,0,0,4,5,7,2,0,0,0,0,0,0
27,23,0,0,1,0,0,0,0,0,0,0,0,0,0,0,1
135,10,0,16,4,0,4,2,4,12,0,0,0,0,0,0,1
24,13,0,7,1,0,0,1,1,0,0,0,0,0,0,0,1
75,19,0,52,2,4,3,3,8,0,0,0,0,0,0,0,0
31,7,0,6,1,0,0,1,0,2,0,0,0,0,0,0,0
45,12,0,29,2,1,1,2,0,0,0,0,0,0,0,0,0
34,8,0,22,1,1,0,4,0,1,0,0,0,0,0,0,0
56,12,0,40,1,0,4,5,15,0,0,0,0,0,0,0,0
40,4,12,20,3,1,0,2,4,0,0,0,0,0,0,0,1
14,3,0,8,1,0,0,1,2,0,0,0,0,0,0,1,1
76,8,0,10,2,0,1,1,3,8,0,0,0,0,1,0,1
14,14,0,0,3,0,0,0,11,0,0,0,0,1,0,0,1
39,12,0,23,2,0,0,3,0,0,0,0,0,0,0,0,0
85,13,0,69,1,0,5,1,0,0,0,0,0,0,0,0,1
63,8,6,12,4,0,0,1,2,6,0,0,0,0,0,0,0
20,16,0,0,1,1,0,0,0,0,0,0,0,0,0,0,0
32,8,0,20,2,0,0,1,0,0,0,0,0,0,0,0,0
104,6,0,42,2,4,0,3,13,6,0,0,0,0,0,0,0
14,3,0,8,1,0,0,1,2,0,0,0,0,0,0,1,1
252,11,0,15,4,0,1,3,44,3,1,0,0,0,0,0,1
17,13,0,0,1,0,0,0,0,0,0,0,0,0,0,0,1
268,10,0,10,3,0,1,1,36,7,0,0,0,0,0,0,1
14,10,0,0,1,0,0,0,0,0,0,0,0,0,0,0,0
22,18,0,0,1,1,0,0,0,0,0,0,0,0,0,0,1
24,10,0,11,2,0,0,1,0,0,0,0,0,0,0,0,1
71,6,18,43,4,1,0,2,21,5,0,0,0,0,0,0,1
28,8,0,14,2,0,0,1,0,0,0,0,0,0,0,0,1
72,6,5,3,2,0,1,1,7,4,1,0,0,0,0,0,1
14,6,0,4,1,0,0,1,0,0,0,0,0,0,0,0,1
27,19,0,4,1,0,0,1,0,0,0,0,0,0,0,0,0
147,8,11,123,6,0,0,1,10,11,0,0,0,0,0,0,0
166,6,0,23,10,0,0,3,47,13,0,0,0,0,0,0,1
64,7,0,53,1,4,0,4,10,0,0,0,0,0,0,0,0
96,21,0,10,2,1,1,1,3,8,0,0,0,0,0,0,1
247,15,88,55,9,4,1,2,93,4,2,0,0,0,0,0,0
371,12,28,34,3,9,4,3,47,16,2,0,0,0,0,0,0
36,6,0,26,1,0,0,3,10,0,0,0,0,0,0,0,0
118,3,3,106,4,0,0,5,26,0,0,0,0,0,1,0,1
66,22,0,40,1,0,0,4,8,0,0,0,0,0,0,0,1
167,21,0,10,2,2,1,1,7,18,0,0,0,0,0,0,1
76,6,0,10,2,0,1,1,4,10,0,0,0,0,0,0,1
86,23,0,21,3,1,1,2,3,6,0,0,0,0,0,0,1
69,7,3,19,3,0,0,2,5,6,0,0,0,0,0,0,0
47,6,0,38,1,3,0,3,10,0,1,0,0,0,0,0,0
47,9,2,31,2,1,1,2,0,0,0,0,0,0,0,0,0
23,11,0,9,2,0,0,1,0,0,0,0,0,0,0,0,1
42,13,0,29,4,0,0,2,20,0,0,0,0,1,0,0,1
72,14,0,54,2,0,4,2,12,0,0,0,0,0,0,0,1
40,10,0,13,3,1,0,1,2,2,0,0,0,0,0,0,1
10,6,0,0,1,0,0,0,0,0,0,0,0,0,0,0,1
24,7,0,13,2,0,0,2,1,0,0,0,0,0,0,0,1
86,11,0,10,2,0,1,1,3,10,0,0,0,0,0,0,1
25,11,0,10,2,1,0,1,0,0,0,0,0,0,0,0,1
94,13,50,21,8,1,0,4,0,0,0,0,1,0,0,0,1
19,15,0,0,1,0,0,0,0,0,0,0,0,0,0,0,1
86,5,0,77,1,0,0,7,25,0,1,0,0,0,0,0,0
80,9,0,67,2,4,0,4,0,0,1,0,0,0,0,0,0
55,6,7,9,3,0,0,1,0,3,0,0,0,0,0,0,0
87,10,0,74,2,11,0,2,6,0,0,0,0,0,0,0,0
46,14,0,28,1,3,0,1,0,0,0,0,0,0,0,0,0
125,11,0,17,2,0,5,2,4,8,0,0,0,0,0,0,1
19,15,0,0,1,0,0,0,0,0,0,0,0,0,0,0,0
45,15,0,26,2,0,0,3,0,0,0,0,0,0,0,0,1
24,7,0,13,1,0,0,1,0,0,0,0,0,0,0,0,0
37,4,0,22,2,0,1,2,7,2,0,0,0,0,0,0,1
95,11,0,10,2,0,2,1,5,12,0,0,0,0,0,0,1
31,13,0,14,2,0,0,1,0,0,0,0,0,0,0,0,0
54,9,2,38,2,0,3,2,2,4,0,0,0,0,0,0,0
73,9,0,60,2,0,1,4,0,0,0,0,0,0,0,0,0
61,8,18,30,3,2,0,3,10,0,0,0,0,0,0,0,0
89,15,0,10,2,0,1,1,7,11,1,0,0,0,0,0,0
107,3,9,91,3,11,0,2,0,0,0,0,0,0,0,0,0
42,9,0,29,1,0,1,3,6,0,0,0,0,0,0,0,0
121,7,0,110,13,1,0,4,19,0,0,0,0,0,0,0,0
19,15,0,0,1,0,0,0,0,0,0,0,0,0,0,0,1
164,12,0,28,2,1,0,3,13,4,0,0,0,0,0,0,1
19,15,0,0,1,0,0,0,0,0,0,0,0,0,0,0,0
28,7,0,17,2,0,0,1,1,0,0,0,0,0,0,0,1
124,7,0,17,2,10,1,2,33,10,0,0,0,0,0,0,1
31,8,0,19,1,1,0,2,0,0,0,0,0,0,0,0,0
103,6,4,49,3,4,0,3,39,2,0,0,0,0,0,0,1
91,20,0,10,2,0,1,1,4,10,0,0,0,0,0,0,1
32,4,10,13,3,0,0,1,2,0,0,0,0,0,0,0,0
38,9,2,22,2,0,1,2,0,0,0,0,0,0,0,0,0
44,40,0,0,1,4,0,0,0,0,1,0,0,0,0,0,1
42,9,0,29,2,1,0,4,0,0,0,0,0,0,0,0,1
21,16,0,0,1,0,0,0,0,1,0,0,0,0,0,0,1
45,3,4,31,4,0,0,4,8,0,0,0,0,0,0,0,1
124,7,0,61,1,2,3,7,23,3,4,0,0,0,0,0,1
26,13,0,7,4,0,0,1,15,0,0,0,0,1,0,0,1
34,5,0,25,1,2,0,1,0,0,1,0,0,0,0,0,1
136,8,0,124,2,18,0,4,2,0,0,0,0,0,0,0,1
31,7,0,6,1,0,0,1,1,2,0,0,0,0,0,0,0
57,12,0,41,1,0,4,5,16,0,0,0,0,0,0,0,0
14,10,0,0,1,0,0,0,0,0,0,0,0,0,0,0,0
19,6,0,9,1,0,0,1,3,0,0,0,0,0,0,0,0
96,7,0,5,2,0,1,1,11,13,0,0,1,0,0,0,0
139,19,8,102,3,9,0,7,13,0,0,0,0,0,0,0,1
148,8,0,10,2,1,1,1,6,18,0,0,0,0,0,0,1
64,9,0,10,2,1,1,1,2,6,0,0,0,0,0,0,1
69,8,0,10,2,1,1,1,4,8,0,0,0,0,0,0,1
103,7,0,17,2,1,1,2,4,10,0,0,0,0,0,0,1
153,9,0,10,2,2,1,1,6,18,0,0,0,0,0,0,1
77,11,0,62,1,6,0,3,6,0,0,0,0,0,0,0,0
45,9,0,32,2,0,0,4,0,0,0,0,0,0,0,0,1
43,13,0,8,2,0,0,2,0,2,0,0,0,0,0,0,0
87,2,11,32,3,0,1,4,7,4,0,0,0,0,0,0,0
40,3,8,24,3,0,0,3,7,0,0,0,0,0,0,0,0
176,3,0,169,1,2,0,4,60,48,0,0,0,0,0,0,0
57,4,0,23,2,0,0,3,1,4,0,0,0,0,0,0,1
66,15,0,10,2,1,1,1,4,6,0,0,0,0,0,0,1
59,8,6,40,3,3,0,3,10,0,0,0,0,0,0,0,0
34,7,0,23,2,1,0,2,3,0,0,0,0,0,0,0,0
23,8,0,8,2,0,0,1,2,0,0,0,0,0,0,0,1
38,6,0,28,1,3,0,2,8,0,0,0,0,0,0,0,0
15,10,0,0,1,0,0,0,0,0,0,0,0,0,1,0,1
191,12,0,82,2,1,1,8,46,7,2,0,0,0,0,0,1
27,16,0,7,2,0,0,1,0,0,0,0,0,0,0,0,1
39,11,0,22,3,0,0,3,1,0,0,0,0,0,0,0,1
23,6,13,0,2,0,0,0,0,0,0,0,0,0,0,0,0
28,7,0,17,1,1,0,2,0,0,0,0,0,0,0,0,0
53,6,12,30,5,0,0,2,0,0,0,0,0,0,0,0,1
39,17,0,15,2,0,0,3,0,0,0,0,0,0,0,0,1
135,3,8,116,4,10,0,7,8,0,0,0,0,0,0,0,0
165,6,0,155,1,0,0,2,59,49,0,0,0,0,0,0,0
32,9,0,19,2,0,0,2,0,0,0,0,0,0,0,0,1
50,2,11,17,3,0,0,3,5,2,0,0,0,0,0,0,0
51,7,0,41,6,0,0,3,0,0,0,0,0,0,0,0,1
16,11,0,0,1,0,0,0,0,0,0,0,0,0,1,0,1
30,6,0,20,2,1,0,1,0,0,0,0,0,0,0,0,0
35,11,0,24,4,0,0,2,10,0,0,0,0,1,0,0,1
123,10,0,10,2,3,1,1,6,10,0,0,0,0,0,0,1
29,7,0,18,2,1,0,2,0,0,0,0,0,0,0,0,1
61,9,0,48,2,0,4,3,6,0,0,0,0,0,0,0,0
23,13,0,10,4,0,0,1,12,0,0,0,0,1,0,0,1
42,8,0,30,1,1,0,3,8,0,0,0,0,0,0,0,0
69,7,0,10,2,0,1,1,4,8,0,0,0,0,0,0,1
43,11,0,25,3,2,0,2,0,0,0,0,0,0,0,0,1
26,8,0,9,2,0,0,1,1,2,0,0,0,0,0,0,0
58,24,0,30,2,0,0,4,0,0,0,0,0,0,0,0,1
58,16,0,38,2,0,0,4,9,4,0,0,0,0,0,0,1
41,8,0,17,2,0,0,1,2,4,0,0,0,0,0,0,0
56,16,0,18,2,0,2,1,9,2,0,0,0,0,0,0,0
36,8,16,7,4,0,0,1,0,0,2,0,1,0,0,0,1
24,11,0,9,1,0,0,1,2,0,0,0,0,0,0,0,1
78,16,32,26,8,3,1,3,19,0,0,0,0,0,0,0,0
38,10,0,24,2,0,0,3,8,0,0,0,0,0,0,0,0
252,15,0,18,13,0,0,2,62,28,1,0,0,0,0,0,1
69,9,0,57,5,0,0,1,0,0,1,0,0,0,0,0,1
78,7,0,67,1,8,0,1,10,0,0,0,0,0,0,0,0
38,16,0,18,2,0,0,3,0,0,0,0,0,0,0,0,1
91,5,0,12,5,1,0,10,2,5,1,0,0,0,0,0,1
143,5,0,134,1,4,0,4,46,38,0,0,0,0,0,0,0
52,8,0,41,1,0,0,1,25,0,0,0,0,0,0,0,0
18,7,0,8,1,0,0,1,4,0,0,0,0,0,0,0,1
44,6,0,17,2,0,2,1,4,2,0,0,0,0,0,0,0
22,6,0,12,2,0,0,1,0,0,0,0,0,0,0,0,1
38,4,0,31,1,4,0,2,1,0,0,0,0,0,0,0,0
75,18,0,75,4,0,1,5,1,0,0,0,1,0,0,0,1
115,9,6,95,2,15,0,4,11,0,0,0,0,0,0,0,0
309,7,0,5,2,1,0,1,107,84,0,0,0,0,0,0,0
92,9,0,80,3,2,0,8,0,0,1,0,1,0,0,0,1
31,16,0,11,1,0,0,2,0,0,0,0,0,0,0,0,0
10,6,0,0,1,0,0,0,0,0,0,0,0,0,0,0,1
33,8,0,21,2,0,0,2,0,0,0,0,0,0,0,0,1
65,8,0,53,2,6,0,3,10,0,0,0,0,0,0,0,0
123,4,35,4,4,1,1,2,29,4,0,0,1,0,0,0,0
48,3,0,41,1,3,0,2,9,0,0,0,0,0,0,0,1
31,11,0,16,1,0,0,3,0,0,0,0,0,0,0,0,1
85,8,7,65,2,10,0,1,5,0,0,0,0,0,0,0,0
26,6,0,14,3,0,0,2,0,0,0,0,0,0,0,0,1
35,4,0,27,2,0,0,3,8,0,0,0,0,0,0,0,0
39,14,0,25,4,0,1,2,11,0,0,0,0,1,0,0,1
59,15,0,40,2,0,1,4,1,0,0,0,0,0,0,0,1
112,2,7,98,3,12,0,2,13,0,0,0,0,0,0,0,0
19,7,0,8,1,0,0,1,3,0,0,0,0,0,0,0,1
40,3,11,21,4,0,0,1,0,0,0,0,0,0,0,0,0
133,4,8,17,3,0,8,2,8,10,0,0,0,0,0,0,0
22,6,0,12,1,0,1,1,0,0,0,0,0,0,0,0,0
30,2,0,24,1,0,2,1,0,2,0,0,0,0,0,0,0
18,2,7,4,2,0,0,1,0,0,0,0,0,0,0,0,1
93,10,0,80,3,8,0,2,10,0,2,0,1,0,0,0,1
541,11,0,35,3,1,0,4,142,2,0,0,1,0,0,0,1
92,14,0,10,2,0,1,1,6,10,0,0,0,0,0,0,1
29,7,0,18,1,2,0,1,0,0,0,0,0,0,0,0,0
205,18,31,146,3,3,4,5,35,2,0,0,0,0,0,0,1
59,8,27,20,3,4,1,1,1,0,0,0,0,0,0,0,1
82,11,22,18,5,1,0,2,19,6,0,0,0,0,1,0,0
15,11,0,0,1,1,0,0,0,0,0,0,0,0,0,0,0
47,10,0,33,2,0,3,1,0,0,0,0,0,0,0,0,0
39,17,0,16,2,0,0,1,0,0,0,0,0,0,1,0,1
62,9,0,49,2,1,0,4,10,0,0,0,0,0,0,0,0
91,21,58,7,6,3,0,1,4,0,3,0,1,0,0,0,0
30,9,0,17,1,0,0,2,0,0,0,0,0,0,0,0,0
23,16,0,0,2,0,0,0,0,0,0,0,0,0,0,0,1
24,8,0,12,1,0,0,1,0,0,0,0,0,0,0,0,1
97,15,0,10,2,0,1,1,4,12,0,0,0,0,0,0,1
86,11,0,10,2,0,1,1,5,10,0,0,0,0,0,0,1
27,4,5,13,2,0,0,2,4,0,0,0,0,0,0,0,1
61,8,0,46,2,0,0,5,0,0,0,0,0,0,0,0,1
70,5,0,10,2,0,1,1,3,8,0,0,0,0,0,0,1
53,8,0,41,2,0,1,3,0,0,0,0,0,0,0,0,0
18,9,0,6,1,0,0,1,3,0,0,0,0,0,0,0,1
118,13,0,102,1,1,0,10,20,0,0,0,0,0,0,0,1
65,10,0,40,2,1,1,3,4,2,0,0,0,0,0,0,1
28,13,0,15,3,1,0,2,10,0,0,0,0,1,0,0,1
59,3,0,52,2,1,0,6,0,0,0,0,0,0,0,0,1
39,11,0,24,2,0,0,2,4,0,0,0,0,0,0,0,0
91,6,13,67,2,8,0,2,3,0,0,0,0,0,0,0,0
146,6,0,134,5,2,0,7,17,0,1,0,1,0,0,0,1
58,11,0,44,2,2,0,4,0,0,0,0,0,0,0,0,1
45,3,0,38,2,0,0,3,5,1,0,0,0,0,0,0,1
24,13,0,7,1,0,0,1,0,0,0,0,0,0,0,0,1
17,7,0,6,1,0,0,1,1,0,0,0,0,0,0,0,1
277,30,0,77,5,3,1,5,92,8,2,0,1,0,0,0,1
89,8,0,10,2,0,1,1,3,12,0,0,0,0,0,0,1
34,13,0,17,2,0,0,2,2,0,0,0,0,0,0,0,1
84,6,0,74,2,8,0,3,7,0,0,0,0,0,0,0,0
46,8,0,17,3,1,0,4,0,1,1,0,1,0,0,0,1
117,13,4,10,6,1,0,1,6,19,2,0,1,0,1,0,0
41,14,11,11,3,0,0,2,5,0,0,0,0,0,0,0,1
42,7,0,31,1,1,0,3,6,0,0,0,0,0,0,0,0
18,2,4,8,3,0,0,1,6,0,0,0,0,0,0,0,1
40,10,0,26,2,2,0,3,0,0,2,0,0,0,0,0,1
28,5,0,19,2,0,0,2,2,0,0,0,0,0,0,0,0
38,13,0,21,2,1,0,4,0,0,0,0,0,0,0,0,1
100,7,4,10,3,3,1,1,15,10,0,0,0,0,0,0,1
26,3,8,10,3,1,0,1,0,0,0,0,0,0,0,0,1
17,13,0,0,1,0,0,0,0,0,0,0,0,0,0,0,0
40,9,2,24,2,0,3,2,1,0,0,0,0,0,0,0,0
88,7,0,63,2,4,0,4,9,2,0,0,0,0,0,0,1
21,17,0,0,1,0,0,0,0,0,0,0,0,0,0,0,1
53,9,0,35,2,0,0,4,1,2,0,0,0,0,0,0,1
21,7,0,11,2,0,0,1,0,0,0,0,0,0,0,0,1
14,3,0,8,1,0,0,1,0,0,0,0,0,0,0,0,1
91,4,0,83,1,12,0,2,0,0,0,0,0,0,0,0,0
45,9,0,32,2,3,0,2,0,0,0,0,0,0,0,0,0
196,14,2,176,2,1,0,2,28,0,0,0,0,0,0,0,1
89,9,0,59,3,1,0,7,0,4,2,0,1,0,0,0,1
71,11,8,47,3,1,1,6,0,0,1,0,0,0,0,0,1
91,21,58,7,6,3,0,1,4,0,3,0,1,0,0,0,0
31,10,0,17,2,0,0,2,4,0,0,0,0,0,0,0,1
14,7,3,0,2,0,0,0,0,0,0,0,0,0,0,0,1
46,12,0,1,1,3,0,1,3,2,0,0,0,0,0,0,1
22,8,9,0,3,0,0,0,0,0,0,0,0,0,0,0,0
22,13,0,9,4,0,0,1,12,0,0,0,0,1,0,0,1
89,4,5,75,2,7,0,5,8,0,0,0,0,0,0,0,0
15,11,0,0,1,0,0,0,0,0,0,0,0,0,0,0,0
21,6,0,11,2,0,0,1,0,0,1,0,0,0,1,0,1
31,6,0,21,1,0,0,1,0,0,0,0,0,0,0,0,0
216,15,0,10,2,0,1,1,27,7,0,0,0,0,0,0,1
86,5,0,69,1,7,0,5,0,2,0,0,0,0,0,0,0
25,6,0,15,1,1,0,1,12,0,0,0,0,0,0,0,0
37,8,0,26,1,3,1,2,5,0,0,0,0,0,0,0,0
14,10,0,0,1,0,0,0,0,0,0,0,0,0,0,0,0
58,19,3,24,3,0,0,3,5,2,0,0,0,0,0,0,0
73,13,0,28,1,2,0,2,1,6,0,0,0,0,0,0,1
36,8,0,25,1,1,0,2,0,0,0,0,0,0,0,0,1
56,18,0,18,2,2,0,2,3,2,0,0,0,0,0,0,0
86,9,15,57,2,7,0,4,8,0,0,0,0,0,0,0,0
33,12,0,18,2,0,0,3,0,0,0,0,0,0,0,0,1
36,13,0,20,2,2,0,1,0,0,0,0,0,0,0,0,1
30,17,0,9,1,0,0,1,0,0,0,0,0,0,0,0,1
106,14,0,92,3,0,0,2,11,0,1,0,1,1,0,0,1
85,9,0,27,1,0,0,3,26,2,0,0,0,0,0,0,1
44,8,0,32,1,1,0,3,9,0,0,0,0,0,0,0,0
31,7,0,6,1,0,0,1,2,2,0,0,0,0,0,0,0
21,10,0,7,1,0,0,1,2,0,0,0,0,0,0,0,1
27,11,11,0,2,1,0,0,0,0,0,0,0,0,0,0,1
21,7,0,11,2,0,0,1,0,0,0,0,0,0,0,0,1
83,2,11,65,5,2,0,5,12,0,0,0,0,0,0,0,1
26,4,2,15,2,0,0,2,0,0,0,0,0,0,0,0,1
67,7,0,56,2,0,5,3,14,0,0,0,0,0,0,0,0
35,7,0,20,2,0,0,2,3,1,0,0,0,0,0,0,1
15,11,0,0,1,1,0,0,0,0,0,0,0,0,0,0,0
66,8,0,26,2,0,0,3,2,5,0,0,0,0,0,0,0
31,8,0,18,2,0,0,2,1,0,0,0,0,0,1,0,1
33,9,2,17,2,0,1,2,0,0,0,0,0,0,0,0,0
19,13,0,0,2,0,0,0,0,0,0,0,0,0,0,0,1
64,10,0,10,2,1,1,1,2,6,0,0,0,0,0,0,1
37,9,0,24,1,0,0,3,2,0,1,0,0,0,0,0,1
39,3,10,22,3,0,1,2,3,0,0,0,0,0,0,0,1
97,24,0,10,2,1,1,1,4,8,0,0,0,0,0,0,1
96,7,0,82,2,0,0,6,32,0,0,0,0,0,0,0,1
79,15,0,10,2,0,1,1,6,8,0,0,0,0,0,0,1
89,7,0,28,2,0,0,3,14,15,0,0,0,0,0,0,0
94,6,0,85,2,13,0,2,19,0,0,0,0,0,0,0,0
32,11,0,9,3,0,0,1,1,2,0,0,0,0,1,0,1
141,6,0,10,2,11,1,1,7,8,1,0,0,0,0,0,1
72,6,5,3,2,0,1,1,4,4,1,0,0,0,0,0,1
24,8,6,6,2,0,0,1,0,0,0,0,0,0,0,0,1
46,11,4,26,3,1,0,4,14,0,0,0,0,0,0,0,0
87,9,0,74,2,3,5,1,8,0,0,0,0,0,0,0,0
48,3,0,41,2,0,0,6,2,0,0,0,0,0,0,0,1
17,13,0,0,1,0,0,0,0,0,0,0,0,0,0,0,1
38,16,0,8,2,0,0,1,0,2,0,0,0,0,0,0,1
58,28,0,26,2,4,0,1,0,0,0,0,0,0,0,0,1
24,7,0,4,1,0,0,1,0,2,0,0,0,0,0,0,1
215,6,0,23,3,0,3,3,29,21,1,0,0,0,0,0,0
74,15,8,46,3,0,2,3,0,0,0,0,0,0,0,0,0
31,7,20,0,2,2,0,0,0,0,0,0,0,0,0,0,1
42,2,7,29,3,1,1,3,0,1,0,0,0,0,0,0,1
27,14,0,9,2,0,0,1,0,0,0,0,0,0,0,0,0
64,3,17,39,4,0,2,4,0,0,0,0,0,0,0,0,0
82,15,0,63,1,7,0,5,6,0,0,0,0,0,0,0,0
19,11,0,5,1,0,0,1,0,0,0,0,0,0,0,0,1
110,12,6,47,5,0,1,2,11,9,0,0,0,0,0,0,1
55,17,0,35,1,1,1,1,7,1,0,0,1,0,0,0,1
13,9,0,0,1,0,0,0,0,0,0,0,0,0,0,0,1
132,14,24,23,8,5,2,5,2,5,1,0,1,0,0,0,0
26,13,0,7,4,0,0,1,15,0,0,0,0,1,0,0,1
59,17,0,38,2,3,0,1,0,0,0,0,0,0,0,0,0
71,21,0,18,3,0,1,3,0,4,2,0,0,0,0,0,1
28,7,0,17,2,1,1,1,0,0,0,0,0,0,0,0,1
74,13,0,10,2,0,1,1,2,8,0,0,0,0,1,0,1
12,8,0,0,1,0,0,0,0,0,0,0,0,0,0,0,1
20,7,0,9,1,0,0,1,0,0,0,0,0,0,0,0,0
43,15,0,24,1,0,2,1,0,0,0,0,0,0,0,0,0
52,11,0,28,2,0,0,3,2,2,0,0,0,0,0,0,0
66,19,0,43,2,2,1,2,0,0,0,0,0,0,0,0,0
42,10,0,28,3,0,0,3,0,0,0,0,0,0,0,0,1
26,4,0,18,1,1,0,3,4,0,0,0,0,0,0,0,0
35,6,0,22,2,2,0,2,2,0,0,0,0,0,0,0,1
119,10,0,88,2,1,1,10,6,2,0,0,0,0,0,0,1
156,9,0,42,3,0,0,6,49,8,1,0,0,0,0,0,1
45,6,0,19,2,0,0,2,8,2,0,0,0,0,0,0,0
17,13,0,0,1,0,0,0,0,0,0,0,0,0,0,0,1
41,3,0,34,1,0,0,4,7,0,0,0,0,0,0,0,0
37,5,0,25,2,1,0,3,0,0,1,0,0,0,0,0,1
23,19,0,0,1,1,0,0,3,0,0,0,0,0,0,0,1
60,15,0,38,3,4,0,4,3,0,0,0,0,0,0,0,1
43,7,0,32,2,0,0,3,0,0,0,0,0,0,0,0,0
68,6,0,58,1,9,0,2,1,0,0,0,0,0,0,0,0
21,17,0,0,1,0,0,0,0,0,0,0,0,0,0,0,0
85,9,0,15,5,3,1,5,0,3,2,0,0,0,0,0,1
28,13,0,11,1,1,0,1,3,0,0,0,0,0,0,0,1
19,9,0,6,2,0,0,1,0,0,0,0,0,0,0,0,1
36,9,0,9,2,0,0,1,4,2,0,0,0,0,0,0,0
29,2,3,19,3,0,0,2,3,0,0,0,0,0,0,0,0
39,16,0,16,3,1,0,1,0,0,0,0,0,0,0,0,1
71,10,0,58,2,5,0,4,4,0,0,0,0,0,0,0,1
14,10,0,0,1,0,0,0,0,0,0,0,0,0,0,0,0
43,8,0,22,2,0,0,2,6,2,0,0,0,0,0,0,0
23,10,0,9,1,0,0,1,0,0,0,0,0,0,0,0,1
37,9,2,21,2,0,1,2,0,0,0,0,0,0,0,0,0
40,7,9,19,2,0,1,1,2,1,0,0,0,0,0,0,0
28,19,0,6,1,0,0,1,0,0,0,0,1,0,0,0,1
28,9,0,15,1,0,0,2,3,2,0,0,0,0,0,0,0
77,18,0,55,2,1,0,5,6,0,0,0,0,0,0,0,1
70,10,0,13,2,0,1,1,7,4,1,0,0,0,0,0,0
103,11,0,10,2,1,1,1,10,10,0,0,0,0,0,0,1
102,6,0,78,1,12,0,2,8,2,0,0,0,0,0,0,0
22,6,0,12,1,1,0,1,9,0,0,0,0,0,0,0,0
31,12,0,15,2,0,0,1,0,0,0,0,0,0,0,0,0
37,7,0,20,2,0,0,2,2,2,0,0,0,0,0,0,1
74,3,0,68,1,8,0,4,9,0,0,0,0,0,0,0,1
16,12,0,0,1,0,0,0,0,0,0,0,0,0,0,0,1
66,10,0,52,2,4,0,3,6,0,0,0,0,0,0,0,1
36,12,3,13,4,0,0,2,0,0,0,0,0,0,0,0,1
33,14,0,16,1,1,0,2,0,0,0,0,0,0,0,0,1
75,20,0,51,2,2,0,3,8,3,0,0,0,0,0,0,1
72,13,0,56,2,1,0,5,2,4,2,0,0,0,0,0,0
35,11,0,21,2,0,0,2,0,0,0,0,0,0,0,0,1
78,12,0,60,2,0,0,4,18,0,0,0,0,0,0,0,1
66,23,0,39,2,1,0,2,0,0,1,0,0,0,0,0,1
78,10,0,10,2,1,1,1,2,8,0,0,0,0,0,0,1
51,8,0,39,2,3,0,2,0,0,0,0,0,0,0,0,1
41,6,7,23,3,0,0,2,0,1,0,0,0,0,0,0,1
13,9,0,0,1,0,0,0,0,0,0,0,0,0,0,0,1
52,10,0,39,1,1,0,5,0,0,0,0,0,0,0,0,0
23,7,0,12,1,0,0,1,2,0,0,0,0,0,0,0,0
31,15,0,10,3,0,0,1,0,0,0,0,0,0,0,0,1
29,13,0,13,2,0,0,2,0,0,0,0,0,0,0,0,1
81,5,0,72,3,1,5,6,6,0,0,0,0,0,0,0,0
26,12,0,10,2,0,0,1,0,0,0,0,0,0,0,0,0
34,19,0,11,1,0,0,1,2,0,0,0,0,0,0,0,1
15,11,0,0,1,0,0,0,0,0,0,0,0,0,0,0,0
33,9,0,20,2,0,0,2,1,0,0,0,0,0,0,0,1
46,5,0,15,2,0,1,1,8,4,0,0,0,0,0,0,1
25,4,0,18,2,0,0,3,0,0,0,0,0,0,0,0,1
170,10,0,104,7,2,4,9,17,2,1,0,1,0,0,0,1
36,9,6,16,2,0,1,1,0,0,0,0,0,0,0,0,0
97,8,0,85,1,0,0,5,5,6,0,0,0,0,0,0,0
44,7,0,33,1,0,0,1,18,0,0,0,0,0,0,0,1
70,12,0,54,1,5,0,3,7,0,0,0,0,0,0,0,0
48,15,0,29,2,0,0,3,0,0,0,0,0,0,0,0,1
26,2,0,20,1,0,0,2,0,0,0,0,0,0,0,0,0
32,8,0,17,3,0,0,2,1,0,0,0,0,0,0,0,1
26,3,11,7,3,0,0,1,1,0,0,0,0,0,0,0,1
133,16,7,105,2,0,11,5,8,1,0,0,0,0,0,0,0
31,4,10,13,3,0,0,2,4,0,0,0,0,0,0,0,1
27,9,0,15,2,1,0,2,3,0,0,0,0,0,0,0,1
63,12,0,47,1,0,0,3,20,0,0,0,0,0,0,0,1
31,8,0,19,2,0,0,4,0,0,0,0,0,0,0,0,1
102,6,0,92,2,13,0,2,20,0,0,0,0,0,0,0,0
108,15,0,89,2,8,0,4,8,0,0,0,0,0,0,0,0
31,14,0,13,1,2,1,1,1,0,0,0,0,0,0,0,1
45,12,0,29,2,0,0,3,0,0,0,0,1,0,0,0,1
19,12,0,4,1,0,0,1,0,0,0,0,0,0,0,0,0
25,13,0,8,1,0,0,2,0,0,0,0,0,0,0,0,0
21,9,0,9,2,0,0,1,0,0,0,0,0,0,0,0,1
17,13,0,0,1,0,0,0,0,0,0,0,0,0,0,0,0
170,10,0,104,7,2,4,9,17,2,1,0,1,0,0,0,1
15,2,8,0,2,0,0,0,0,0,0,0,0,0,0,0,1
132,14,24,23,8,5,2,5,2,5,1,0,1,0,0,0,0
67,7,0,56,1,6,0,3,8,0,0,0,0,0,0,0,0
124,15,5,32,6,1,2,3,4,8,0,0,0,0,0,0,1
36,32,0,0,1,4,0,0,0,0,0,0,0,0,0,0,1
36,9,7,12,3,0,0,2,2,0,0,0,0,0,0,0,1
109,15,0,44,5,4,1,8,0,2,2,0,1,0,0,0,1
55,10,0,41,2,1,0,4,11,0,1,0,0,0,0,0,1
19,12,0,7,3,0,0,1,10,0,0,0,0,1,0,0,1
54,4,0,44,3,3,0,3,2,0,0,0,0,0,0,0,1
69,8,0,10,2,0,1,1,4,8,0,0,0,0,0,0,1
55,9,2,39,2,0,3,2,0,2,0,0,0,0,0,0,0
44,8,0,25,1,0,0,1,0,2,0,0,0,0,0,0,0
30,17,0,9,1,0,0,1,1,0,0,0,0,0,0,0,1
48,13,11,19,3,0,0,3,2,0,0,0,0,0,0,0,1
25,12,0,7,4,0,0,1,14,0,0,0,0,1,0,0,1
114,9,0,71,1,6,0,4,16,4,0,0,0,0,0,0,1
27,4,0,19,1,0,0,3,7,0,0,0,0,0,0,0,0
69,7,0,10,2,0,1,1,4,8,0,0,0,0,0,0,1
25,13,0,12,4,0,0,1,10,0,0,0,0,1,0,0,1
43,7,0,32,2,3,0,2,0,0,0,0,0,0,0,0,0
36,12,0,20,1,0,1,2,0,0,0,0,0,0,0,0,0
65,10,0,52,1,5,0,4,7,0,0,0,0,0,0,0,1
35,9,6,15,2,0,1,1,0,0,0,0,0,0,0,0,0
98,14,0,77,3,7,0,3,0,0,0,0,0,0,0,0,1
26,8,0,14,2,0,0,1,0,0,0,0,0,0,0,0,1
28,6,7,10,2,0,0,1,0,0,0,0,0,0,0,0,1
22,13,0,3,4,0,0,1,15,0,0,0,0,1,0,0,1
39,5,0,26,1,0,0,2,1,4,0,0,0,0,0,0,0
123,14,0,105,2,7,1,4,22,0,0,0,0,0,0,0,0
16,12,0,0,1,0,0,0,0,0,0,0,0,0,0,0,1
28,9,0,15,1,0,0,2,3,1,0,0,0,0,0,0,0
54,16,0,34,3,0,0,4,4,0,0,0,0,0,0,0,1
70,15,0,51,2,8,0,1,0,0,0,0,0,0,0,0,0
108,11,0,94,2,2,1,4,25,6,2,0,0,0,0,0,0
104,25,0,10,2,3,0,1,4,8,0,0,0,0,0,0,1
25,12,0,7,4,0,0,1,14,0,0,0,0,1,0,0,1
60,3,0,53,1,4,0,5,17,0,0,0,0,0,0,0,0
15,11,0,0,1,0,0,0,0,0,0,0,0,0,0,0,0
29,6,0,19,2,0,0,1,0,2,0,0,0,0,0,0,0
30,13,4,8,2,0,0,1,0,0,0,0,0,0,0,0,1
35,4,4,22,3,2,0,1,14,0,0,0,0,0,0,0,1
78,16,8,49,3,5,0,3,10,0,0,0,0,0,0,0,0
36,5,4,20,3,1,0,3,0,0,0,0,0,0,0,0,1
91,8,0,10,2,0,1,1,5,12,0,0,0,0,0,0,1
26,13,0,7,4,0,0,1,15,0,0,0,0,1,0,0,1
27,9,0,15,2,0,0,2,0,0,0,0,0,0,0,0,1
42,10,0,16,2,0,0,1,7,2,0,0,0,0,0,0,0
60,4,0,50,3,1,0,6,0,0,0,0,0,0,0,0,1
71,10,0,40,2,0,0,4,10,2,0,0,0,0,0,0,0
18,14,0,0,1,0,0,0,0,0,0,0,0,0,0,0,0
23,10,0,1,1,0,0,1,0,2,0,0,0,0,0,0,1
46,7,0,12,3,0,0,2,1,3,0,1,0,0,0,0,1
75,9,7,54,2,0,4,2,0,0,0,0,0,0,0,0,0
23,19,0,0,1,0,0,0,0,0,0,0,0,0,0,0,1
106,11,3,87,5,1,4,3,8,1,0,0,0,0,1,0,1
16,4,0,9,1,0,0,1,1,0,0,0,0,0,0,0,1
24,4,7,9,2,0,0,1,1,0,0,0,0,0,0,0,1
28,13,0,11,2,0,0,1,2,0,0,0,0,0,0,0,1
31,7,0,6,1,0,1,1,1,2,0,0,0,0,0,0,0
63,8,0,50,2,0,0,3,15,0,0,0,0,0,1,0,1
23,4,0,15,1,0,0,2,7,0,0,0,0,0,0,0,0
75,14,0,10,2,1,1,1,4,8,0,0,0,0,0,0,1
21,5,0,13,1,0,0,2,0,0,0,0,0,0,0,0,1
69,8,19,37,3,3,0,3,6,0,0,0,0,0,0,0,0
99,7,0,24,6,0,0,12,1,3,1,0,0,0,0,0,1
46,13,0,19,3,0,0,3,1,2,2,0,0,0,0,0,1
146,6,0,134,5,2,0,7,17,0,1,0,1,0,0,0,1
65,19,0,42,1,0,0,4,26,0,1,0,1,0,0,0,1
62,17,0,41,1,4,1,3,2,0,0,0,0,0,0,0,0
209,4,6,10,10,1,0,1,46,36,2,0,0,1,0,0,0
44,8,0,32,1,3,0,2,6,0,0,0,0,0,0,0,0
29,13,0,16,4,0,0,1,14,0,0,0,0,1,0,0,1
37,9,2,21,2,0,1,2,0,0,0,0,0,0,0,0,0
68,11,0,53,2,1,2,6,0,0,0,0,0,0,0,0,1
39,12,0,23,1,1,0,2,0,0,0,0,0,0,0,0,0
170,10,0,104,7,2,4,9,17,2,1,0,1,0,0,0,1
27,8,4,10,2,0,0,1,0,1,0,0,0,0,0,0,1
43,10,0,29,1,2,1,2,2,0,0,0,0,0,0,0,0
44,9,10,20,2,0,0,4,1,0,0,0,0,0,0,0,0
120,13,0,21,1,0,1,4,26,8,1,0,0,0,0,0,1
75,13,0,10,2,0,1,1,5,8,0,0,0,0,0,0,1
77,9,0,16,4,0,0,5,0,4,2,0,1,0,0,0,1
75,18,0,75,4,0,1,5,1,0,0,0,1,0,0,0,1
18,14,0,0,1,0,0,0,0,0,0,0,0,0,0,0,0
69,7,10,47,3,0,0,3,1,0,0,0,0,0,0,0,1
78,14,0,60,1,5,0,3,11,0,0,0,0,0,0,0,0
19,4,0,8,2,0,0,2,1,0,0,0,1,0,0,0,1
30,6,0,21,2,0,0,2,0,0,0,0,0,0,0,0,1
44,7,0,33,2,0,0,4,3,0,0,0,0,0,0,0,1
39,5,0,30,1,3,0,3,5,0,0,0,0,0,0,0,0
93,11,0,68,2,0,0,6,24,2,0,0,0,0,0,0,1
23,11,0,8,1,0,0,1,0,0,0,0,0,0,0,0,1
54,13,0,37,1,1,0,4,0,0,0,0,0,0,0,0,1
17,5,8,0,2,0,0,0,0,0,0,0,0,0,0,0,0
27,4,5,13,2,0,0,2,4,0,0,0,0,0,0,0,1
19,16,0,0,1,0,0,0,0,0,0,0,0,0,0,0,1
31,9,2,15,2,0,0,2,0,0,0,0,0,0,0,0,0
52,8,6,34,3,0,1,4,10,1,0,0,0,0,0,0,1
41,12,0,25,2,1,1,1,0,0,0,0,0,0,0,0,0
54,7,0,43,1,6,0,3,11,0,0,0,0,0,0,0,0
98,20,0,10,3,0,2,1,4,8,0,0,0,0,0,0,1
12,9,0,0,1,0,0,0,0,0,0,0,0,0,1,0,1
65,6,0,10,2,0,1,1,4,8,0,0,0,0,0,0,1
20,6,0,11,2,0,0,1,0,0,0,0,0,0,0,0,1
80,8,17,50,3,5,0,3,6,0,0,0,0,0,0,0,0
32,7,0,21,1,1,0,2,0,0,0,0,0,0,0,0,0
89,16,0,69,1,5,0,5,13,0,0,0,0,0,0,0,0
45,6,10,12,3,0,0,1,7,2,0,0,0,0,0,0,0
112,10,0,10,3,3,1,1,8,10,0,0,0,0,0,0,1
30,6,4,15,2,0,0,2,0,0,0,0,0,0,0,0,1
100,15,0,81,4,2,2,10,1,1,2,0,0,0,0,0,1
18,14,0,0,1,0,0,0,0,0,0,0,0,0,0,0,0
55,17,0,35,1,1,1,1,7,1,0,0,1,0,0,0,1
32,3,0,25,1,0,0,4,3,0,0,0,0,0,0,0,0
75,24,0,10,2,1,1,1,4,6,0,0,0,0,0,0,1
70,14,0,52,2,2,0,1,10,6,0,0,0,0,0,0,0
22,6,0,12,1,1,0,1,0,0,0,0,0,0,0,0,0
108,12,0,25,3,0,3,3,0,9,1,0,0,0,0,0,1
17,13,0,0,1,0,0,0,0,0,1,0,0,0,0,0,1
48,7,0,37,3,0,0,4,0,0,0,0,0,0,0,0,1
8,4,0,0,1,0,0,0,0,0,0,0,0,0,0,0,0
34,10,0,21,2,0,0,3,0,0,0,0,0,0,0,0,1
9,5,0,0,1,0,0,0,2,0,0,0,0,0,0,0,1
26,12,0,10,1,0,0,1,0,0,1,0,0,0,0,0,1
36,6,0,17,2,0,0,1,0,2,0,0,0,0,0,0,0
74,11,0,14,2,1,1,2,2,8,0,0,0,0,0,0,1
88,8,0,76,1,3,0,3,29,0,0,0,0,0,0,0,0
96,11,0,81,1,10,1,2,5,0,0,0,0,0,0,0,0
63,10,0,50,1,5,0,2,3,0,0,0,0,0,0,0,1
56,8,0,44,1,0,0,3,22,0,0,0,0,0,0,0,1
65,12,0,22,3,2,0,4,10,2,0,0,0,0,0,0,0
49,6,0,40,1,0,1,4,17,0,1,0,0,0,0,0,0
43,10,0,29,2,0,1,2,0,0,0,0,0,0,0,0,1
78,13,0,10,3,0,1,1,4,8,0,0,0,0,0,0,1
192,8,60,119,10,3,0,1,17,1,2,0,0,0,0,0,1
39,7,15,12,3,0,0,2,0,0,0,0,0,0,0,0,0
49,30,0,15,1,2,0,1,0,0,0,0,0,0,0,0,1
58,11,0,43,2,5,0,1,0,0,0,0,0,0,0,0,0
65,15,0,44,4,1,0,5,0,0,1,0,0,0,0,0,1
63,9,31,5,6,0,0,3,1,5,2,0,0,0,0,0,1
131,15,0,20,2,1,1,2,42,5,2,0,0,0,0,0,1
42,10,0,28,1,0,0,3,19,0,0,0,0,0,0,0,0
39,12,0,23,2,0,0,2,0,0,1,0,0,0,0,0,1
69,4,0,58,2,8,0,5,3,0,0,0,0,0,0,0,1
35,19,0,12,2,0,0,1,0,0,0,0,0,0,0,0,0
71,8,0,59,1,5,0,3,15,0,0,0,0,0,0,0,0
52,15,0,33,1,3,0,2,0,0,0,0,0,0,0,0,1
70,9,9,47,2,4,0,4,8,0,0,0,0,0,0,0,0
26,8,0,14,1,0,0,2,0,0,0,0,0,0,1,0,1
46,8,0,17,3,1,0,4,0,1,1,0,1,0,0,0,1
47,7,2,33,3,0,0,4,0,1,0,0,0,0,0,0,1
13,3,5,0,2,0,0,0,0,0,0,0,0,0,0,0,0
245,11,0,37,8,0,1,10,10,28,1,0,1,0,0,0,1
45,16,0,23,5,1,0,1,4,0,0,0,0,0,0,0,0
86,13,0,70,1,2,0,6,15,0,0,0,0,0,0,0,1
170,16,0,148,3,2,0,10,48,0,2,0,1,0,0,0,0
38,6,0,28,2,0,0,2,0,0,0,0,0,0,0,0,0
51,8,0,39,1,1,0,3,15,0,0,0,0,0,0,0,0
40,8,2,25,2,1,0,5,8,0,0,0,0,0,0,0,0
53,13,0,37,2,1,0,3,4,0,0,0,0,0,0,0,1
14,10,0,0,1,0,0,0,0,0,0,0,0,0,0,0,0
22,9,0,9,1,0,0,1,3,0,0,0,0,0,0,0,1
59,9,0,46,2,5,0,2,10,0,0,0,0,0,0,0,0
136,6,0,123,2,0,18,3,11,0,0,0,0,0,0,0,0
33,9,0,20,2,0,0,2,2,0,0,0,0,0,0,0,1
244,12,0,41,9,0,1,9,8,27,1,0,1,0,0,0,1
18,10,0,4,1,0,0,1,0,0,0,0,0,0,0,0,1
48,9,0,27,2,1,0,3,2,2,0,0,0,0,0,0,1
92,7,0,8,5,1,0,8,2,7,1,0,0,0,0,0,0
34,15,0,16,2,0,0,2,2,0,0,0,0,0,0,0,0
29,7,0,18,1,0,1,2,0,0,0,0,0,0,0,0,0
26,13,0,13,3,0,0,2,11,0,0,0,0,1,0,0,1
87,11,0,72,1,7,0,5,3,0,0,0,0,0,0,0,1
63,15,0,41,3,2,0,4,0,0,0,0,0,0,0,0,1
33,9,4,13,4,0,0,1,0,0,0,0,0,0,0,0,1
71,13,0,20,3,0,0,2,5,4,0,0,0,0,0,0,1
56,12,0,41,1,3,0,5,9,0,0,0,0,0,0,0,1
28,5,9,9,3,0,0,1,0,0,0,0,0,0,0,0,0
261,12,0,20,15,0,0,3,64,27,0,1,0,0,0,0,1
14,11,0,0,1,0,0,0,0,0,0,0,0,0,0,0,1
61,7,15,34,4,0,0,4,3,0,0,0,0,0,0,0,0
158,15,0,96,6,2,3,8,7,2,1,0,1,0,0,0,1
44,7,0,33,1,1,0,2,0,0,0,0,0,0,0,0,1
36,8,16,7,4,0,0,1,0,0,2,0,1,0,0,0,1
15,3,0,9,1,0,0,1,0,0,0,0,0,0,0,0,1
78,10,0,39,1,1,0,6,6,2,0,0,0,0,0,0,1
101,7,0,91,2,0,0,4,23,0,0,0,0,0,0,0,1
92,14,0,22,3,6,0,4,3,1,0,0,0,0,0,0,0
59,9,0,14,3,0,0,1,1,6,0,0,0,0,0,0,1
40,4,0,32,1,0,0,4,0,0,0,0,0,0,0,0,0
239,22,0,10,2,0,1,1,24,7,0,0,0,0,0,0,1
27,7,2,6,3,0,0,1,3,2,0,0,0,0,1,0,1
32,7,0,21,2,0,0,2,0,0,0,0,0,0,0,0,0
64,6,0,54,1,1,0,4,0,0,0,0,0,0,0,0,1
13,9,0,0,1,0,0,0,1,0,0,0,0,0,0,0,0
32,5,0,23,1,0,0,3,2,0,0,0,0,0,0,0,0
118,5,0,106,3,1,0,5,14,10,0,0,0,0,0,0,0
46,4,0,38,1,3,0,2,0,0,0,0,0,0,0,0,0
40,7,17,11,3,1,0,1,0,0,0,0,0,0,0,0,1
38,9,0,25,2,1,0,3,0,0,0,0,0,0,0,0,0
23,5,0,11,3,0,0,1,0,0,0,0,0,0,0,0,1
66,8,0,55,2,0,1,6,1,0,0,0,0,0,0,0,1
18,13,0,0,3,0,0,0,14,0,0,0,0,1,0,0,1
25,5,0,16,2,0,0,1,0,0,0,0,0,0,0,0,1
69,3,17,44,3,0,0,5,7,0,0,0,0,0,0,0,0
112,14,0,10,2,2,1,1,6,10,0,0,0,0,0,0,1
10,6,0,0,1,0,0,0,0,0,1,0,0,0,0,0,0
21,10,0,7,1,0,0,1,3,0,0,0,0,0,0,0,1
44,4,0,33,2,2,0,3,0,0,0,0,0,0,0,0,1
54,7,0,43,1,3,1,3,0,0,0,0,0,0,0,0,0
39,5,6,23,2,0,0,2,0,0,0,0,0,0,0,0,1
16,4,7,0,2,0,0,0,0,0,0,0,0,0,0,0,0
106,14,0,10,2,0,1,1,22,6,0,0,0,0,0,0,1
19,14,0,5,3,0,0,1,14,0,0,0,0,1,0,0,1
29,14,0,15,4,0,0,2,11,0,0,0,0,1,0,0,1
37,13,0,20,3,1,0,1,0,0,0,0,0,0,0,0,1
27,12,0,11,4,0,0,1,12,0,0,0,0,1,0,0,1
26,4,5,12,2,0,0,2,3,0,0,0,0,0,0,0,1
99,7,0,13,6,1,0,8,2,6,1,0,0,0,0,0,0
75,13,0,10,3,0,1,1,2,8,0,0,0,0,0,0,1
31,7,0,6,1,0,0,1,0,2,0,0,0,0,0,0,0
156,12,0,10,2,9,1,1,7,10,1,0,0,0,0,0,1
50,11,0,35,2,2,0,3,0,0,0,0,0,0,0,0,0
19,6,0,9,1,0,0,1,3,0,0,0,0,0,0,0,1
22,13,0,3,4,0,0,1,15,0,0,0,0,1,0,0,1
34,9,0,21,1,2,0,3,1,0,0,0,0,0,0,0,0
30,12,0,14,1,0,0,2,2,0,0,0,0,0,0,0,1
52,8,0,40,1,2,0,3,12,0,0,0,0,0,0,0,0
14,10,0,0,1,0,0,0,0,0,0,0,0,0,0,0,0
96,7,0,5,2,0,1,1,11,13,0,0,1,0,0,0,0
29,3,0,22,2,0,0,3,0,1,0,0,0,0,0,0,0
34,19,0,11,2,0,0,1,0,0,0,0,0,0,0,0,1
116,12,0,21,3,0,0,2,26,8,0,0,0,0,0,0,1
59,7,0,48,2,4,0,3,7,0,0,0,0,0,0,0,0
49,14,0,31,1,1,0,3,0,0,0,0,0,0,0,0,1
17,13,0,0,1,0,0,0,0,0,0,0,0,0,0,0,0
81,6,0,72,2,6,0,4,4,0,0,0,0,0,0,0,1
45,8,0,13,3,0,0,1,4,2,0,0,0,0,0,0,1
42,17,0,21,2,0,0,3,2,0,0,0,0,0,0,0,1
31,8,0,20,2,1,0,1,0,0,0,0,0,0,0,0,1
467,9,0,26,22,0,5,6,39,51,1,0,1,0,0,0,1
123,7,4,13,7,1,0,5,8,20,1,0,0,0,0,0,0
20,7,0,9,1,0,0,1,4,0,0,0,0,0,0,0,1
43,16,0,20,2,0,0,3,0,0,0,0,0,0,0,0,1
10,7,0,0,1,0,0,0,0,0,0,0,0,0,1,0,1
40,8,0,28,1,1,0,5,7,0,0,0,0,0,0,0,0
21,3,3,11,2,0,0,2,0,1,0,0,0,0,0,0,1
65,12,0,49,2,5,0,3,0,0,0,0,0,0,0,0,0
170,16,0,148,3,2,0,10,48,0,2,0,1,0,0,0,0
71,21,0,46,2,3,0,3,6,0,0,0,0,0,0,0,0
37,5,6,17,3,1,0,1,9,0,0,0,0,0,0,0,1
108,9,0,45,4,1,0,6,6,2,0,0,1,0,0,0,1
55,8,0,43,2,0,0,5,0,0,0,0,0,0,0,0,0
31,7,0,6,1,0,0,1,4,2,0,0,0,0,0,0,0
22,8,0,11,2,0,0,1,0,0,0,0,0,0,0,0,1
50,13,0,31,3,0,0,3,1,0,0,0,0,0,0,0,1
30,5,17,0,3,3,0,0,12,0,0,0,0,0,0,0,0
78,20,0,55,1,5,0,4,3,0,0,0,0,0,0,0,1
148,26,0,40,5,3,0,4,13,2,1,0,0,0,0,0,1
10,7,0,0,1,0,0,0,1,0,0,0,0,0,0,0,0
46,6,0,17,2,1,0,2,0,2,0,0,0,0,0,0,0
114,8,0,20,5,1,0,12,10,6,1,0,1,0,0,0,1
541,11,0,35,3,1,0,4,150,2,0,0,1,0,0,0,1
47,9,0,35,2,2,0,4,2,0,0,0,0,0,0,0,1
10,6,0,0,1,1,0,0,0,0,0,0,0,0,0,0,1
90,7,0,77,6,0,0,8,0,0,0,0,1,0,0,0,1
94,7,0,10,2,3,1,1,2,8,0,0,0,0,0,0,1
268,14,0,82,3,1,1,7,101,8,2,0,0,0,0,0,1
37,9,0,25,1,0,0,2,5,3,0,0,0,0,0,0,0
27,4,0,19,1,0,0,2,0,0,0,0,0,0,0,0,0
27,14,0,7,4,0,0,1,16,0,0,0,0,1,0,0,1
9,6,0,0,1,0,0,0,0,0,0,0,0,0,0,0,0
35,4,16,9,2,0,0,1,0,0,0,0,0,0,1,0,1
72,8,12,47,3,4,0,3,6,0,0,0,0,0,0,0,0
29,13,11,0,2,0,0,0,4,0,0,0,0,0,0,0,1
36,6,15,10,3,0,0,1,6,0,0,0,0,0,0,0,0
14,11,0,0,1,0,0,0,0,0,0,0,0,0,0,0,1
30,18,0,8,1,0,0,1,0,0,0,0,0,0,0,0,1
26,13,0,9,1,0,0,2,1,0,0,0,0,0,0,0,1
35,11,0,19,2,0,0,3,0,0,0,0,0,0,1,0,1
62,18,0,41,2,3,0,2,12,0,0,0,0,0,0,0,1
23,4,0,15,1,0,0,2,7,0,0,0,0,0,0,0,0
33,6,0,8,1,0,0,1,3,2,0,0,0,0,0,0,1
21,9,0,9,1,0,0,1,4,0,0,0,0,0,0,0,1
41,22,0,15,2,0,0,1,0,0,0,0,0,0,0,0,0
111,6,0,34,4,4,1,8,0,5,1,0,1,0,0,0,1
139,14,0,10,2,1,1,1,6,14,0,0,0,0,0,0,1
28,9,14,0,2,0,0,0,0,0,0,0,0,0,0,0,0
40,14,10,11,3,0,0,2,4,0,0,0,0,0,0,0,1
34,21,0,9,2,2,0,1,1,0,0,0,0,0,0,0,0
277,30,0,77,5,3,1,5,92,8,2,0,1,0,0,0,1
127,8,0,57,9,0,0,2,35,4,0,0,0,0,0,0,0
89,8,0,74,3,14,0,2,7,0,0,0,0,0,0,0,0
44,7,0,33,3,1,0,3,0,0,0,0,0,0,0,0,0
80,3,4,64,3,1,0,7,0,0,0,0,0,0,0,0,1
110,10,0,19,4,0,0,6,4,10,2,0,1,0,0,0,1
23,8,10,0,3,0,0,0,0,0,0,0,0,0,0,0,0
345,12,28,34,3,7,6,3,53,11,2,0,0,0,0,0,0
33,7,12,9,2,1,0,1,0,0,0,0,0,0,0,0,1
43,12,0,27,1,2,0,3,4,0,0,0,0,0,0,0,0
35,18,0,11,3,0,0,1,0,0,0,0,0,0,0,0,1
23,19,0,0,1,1,0,0,0,0,0,0,0,0,0,0,1
70,8,0,56,3,0,0,8,0,0,0,0,0,0,0,0,0
30,6,0,20,1,1,0,2,0,0,0,0,0,0,0,0,0
83,8,0,10,2,0,1,1,4,10,0,0,0,0,0,0,1
100,4,0,92,4,0,0,16,6,0,0,0,0,0,0,0,0
46,8,0,34,2,1,0,4,0,0,0,0,0,0,0,0,0
15,3,8,0,2,0,0,0,0,0,0,0,0,0,0,0,1
36,5,9,17,3,1,0,1,0,0,0,0,0,0,0,0,0
40,15,0,21,2,0,0,2,0,0,0,0,0,0,0,0,0
41,4,12,21,3,1,0,2,5,0,0,0,0,0,0,0,1
84,6,0,34,2,1,0,3,13,6,0,0,0,0,0,0,0
42,12,0,8,1,0,0,1,4,2,0,0,0,0,0,0,1
35,17,0,14,1,0,0,3,0,0,0,0,0,0,0,0,1
53,6,0,43,2,0,0,6,1,0,1,0,0,0,0,0,1
65,19,0,42,1,0,0,4,26,0,1,0,1,0,0,0,1
30,9,0,17,2,0,0,2,0,0,0,0,0,0,0,0,0
51,11,0,10,2,0,2,1,0,2,0,0,0,0,0,0,0
88,17,0,10,2,0,1,1,2,10,0,0,0,0,0,0,1
33,7,0,9,1,0,1,1,5,2,0,0,0,0,0,0,0
55,10,0,41,2,0,2,2,0,0,0,0,0,0,0,0,0
27,4,5,13,2,0,0,2,4,0,0,0,0,0,0,0,1
41,10,0,27,2,0,0,3,1,0,0,0,0,0,0,0,1
66,5,0,54,2,5,0,3,6,0,0,0,0,0,0,0,1
51,10,0,37,1,2,0,4,2,0,0,0,0,0,0,0,1
50,13,0,33,1,0,0,5,6,3,0,0,0,0,0,0,1
51,16,0,19,2,1,0,2,2,2,0,0,0,0,0,0,0
40,15,0,21,1,1,0,2,19,0,0,0,0,0,0,0,0
28,9,0,15,1,0,0,2,0,0,0,0,0,0,0,0,1
70,9,0,10,2,1,1,1,4,8,0,0,0,0,0,0,1
114,8,0,20,5,1,0,12,10,6,1,0,1,0,0,0,1
52,21,0,22,1,5,0,2,5,0,0,0,0,0,0,0,1
66,14,0,48,1,3,0,5,14,0,0,0,0,0,0,0,0
52,13,0,35,2,1,0,3,0,0,0,0,0,0,0,0,0
31,8,0,19,1,0,0,3,0,0,0,0,0,0,0,0,0
36,6,9,16,2,0,0,1,0,0,1,0,0,0,0,0,0
21,17,0,0,1,0,0,0,0,0,0,0,0,0,0,0,0
39,6,0,30,1,5,0,2,14,0,0,0,0,0,0,0,1
14,10,0,0,1,0,0,0,0,0,0,0,0,0,0,0,0
47,14,0,30,2,1,0,2,0,0,0,0,0,0,0,0,0
42,10,0,16,2,0,0,1,7,2,0,0,0,0,0,0,0
73,7,0,62,1,6,0,3,6,0,0,0,0,0,0,0,0
24,8,0,1,1,0,0,2,3,2,0,0,0,0,0,0,0
38,4,12,18,3,1,0,2,0,0,0,0,0,0,0,0,1
25,14,0,1,1,0,0,1,2,2,0,0,0,0,0,0,0
40,4,0,32,1,0,0,4,0,0,0,0,0,0,0,0,0
57,6,0,47,1,4,0,3,3,0,1,0,0,0,0,0,0
86,15,0,38,2,2,0,3,1,6,0,0,0,0,0,0,1
40,2,7,17,2,0,0,2,5,2,0,0,0,0,0,0,1
62,22,0,10,2,0,1,1,3,4,0,0,0,0,0,0,0
86,23,0,10,2,0,1,1,3,8,1,0,0,0,0,0,1
39,11,0,24,2,0,0,3,0,0,1,0,0,0,0,0,1
19,14,0,2,3,0,0,1,14,0,0,0,0,1,0,0,1
249,6,8,230,5,7,7,11,32,11,2,0,0,0,0,0,1
37,8,9,15,2,0,0,2,5,0,0,0,0,0,0,0,0
161,13,0,10,3,1,1,1,8,18,0,0,0,0,0,0,1
43,9,7,22,3,0,0,2,0,0,0,0,0,0,0,0,0
172,3,62,103,2,0,0,3,0,0,2,0,1,0,0,0,1
35,8,0,24,2,2,0,1,1,0,0,0,0,0,0,0,1
158,15,0,96,6,2,3,8,7,2,1,0,1,0,0,0,1
117,8,0,6,3,2,0,1,11,8,1,0,1,0,0,0,1
52,17,13,17,2,0,0,1,2,2,0,0,0,0,0,0,0
24,20,0,0,1,0,0,0,0,0,0,0,0,0,0,0,1
37,7,0,4,1,0,0,1,0,2,0,0,0,0,0,0,1
95,5,0,10,3,0,1,1,11,12,0,0,0,0,0,0,1
541,11,0,35,3,1,0,4,142,2,0,0,1,0,0,0,1
40,5,0,31,3,0,0,2,0,0,0,0,0,0,0,0,0
23,14,0,6,1,0,0,1,0,0,0,0,1,0,0,0,1
35,4,0,27,1,2,0,2,0,0,0,0,0,0,0,0,0
21,7,0,11,2,1,0,1,0,0,0,0,0,0,0,0,1
29,19,0,7,1,0,0,1,1,0,0,0,0,0,0,0,1
80,9,0,32,2,0,0,4,0,5,0,0,0,0,0,0,0
20,10,0,6,1,0,0,1,0,0,0,0,0,0,0,0,1
18,13,0,0,3,0,0,0,14,0,0,0,0,1,0,0,1
47,5,0,22,3,0,0,4,0,2,1,0,0,0,0,0,1
19,2,0,13,1,0,1,1,0,0,0,0,0,0,0,0,0
154,14,0,10,2,1,1,1,15,8,0,0,0,0,0,0,1
47,2,3,37,2,2,0,3,0,0,0,0,0,0,0,0,0
145,13,0,9,1,0,0,2,87,5,0,0,0,0,0,0,1
64,13,0,47,2,4,0,3,1,0,0,0,0,0,0,0,0
23,19,0,0,1,0,0,0,0,0,0,0,0,0,0,0,1
24,8,0,12,2,0,0,1,0,0,0,0,0,0,0,0,0
98,7,8,78,2,7,2,3,19,0,0,0,0,0,0,0,0
25,8,2,10,2,0,0,2,0,0,0,0,0,0,0,0,0
260,10,0,81,2,0,1,6,88,8,2,0,0,0,0,0,1
26,12,0,10,1,0,0,1,0,0,0,0,0,0,0,0,1
65,19,0,42,1,0,0,4,26,0,1,0,1,0,0,0,1
25,6,0,15,1,0,0,1,0,1,0,0,0,0,0,0,0
71,11,0,10,2,1,1,1,3,8,0,0,0,0,0,0,1
21,9,0,8,1,0,0,1,3,0,0,0,0,0,0,0,1
35,10,0,21,2,1,0,1,0,0,0,0,0,0,0,0,1
133,10,6,52,6,1,3,3,10,7,0,0,0,0,0,0,1
18,14,0,0,1,0,0,0,0,0,0,0,0,0,0,0,0
28,19,0,6,1,0,0,1,0,0,0,0,1,0,0,0,1
45,9,2,29,2,0,2,2,0,2,0,0,0,0,0,0,0
33,12,0,17,1,0,0,3,1,0,3,0,0,0,0,0,1
26,6,6,9,2,0,0,1,0,0,0,0,0,0,0,0,0
28,9,0,16,2,1,0,2,0,0,0,0,0,0,0,0,0
155,7,0,5,1,0,1,1,10,20,0,0,0,0,0,0,1
70,5,0,62,2,2,0,3,2,0,0,0,0,0,0,0,1
35,21,0,10,1,0,0,1,4,0,0,0,0,0,0,0,1
54,9,0,41,2,3,1,2,4,0,0,0,0,0,0,0,0
93,9,0,80,1,10,0,5,5,0,0,0,0,0,0,0,0
38,9,2,22,4,0,4,1,2,0,0,0,0,0,0,0,0
114,8,0,20,5,1,0,12,10,6,1,0,1,0,0,0,1
106,5,0,98,1,14,0,3,24,0,0,0,0,0,0,0,0
23,6,0,13,1,1,0,1,10,0,0,0,0,0,0,0,0
23,11,0,8,1,0,0,1,4,0,0,0,0,0,0,0,1
15,5,0,6,2,0,0,1,0,0,0,0,0,0,0,0,1
23,11,0,9,1,0,0,1,0,0,0,0,0,0,0,0,1
23,4,0,16,1,1,0,2,4,0,0,0,0,0,0,0,1
32,7,0,21,2,0,0,2,0,0,0,0,0,0,0,0,1
116,8,0,104,1,16,0,4,13,0,0,0,0,0,0,0,0
25,10,6,4,2,0,0,1,1,0,0,0,0,0,0,0,1
67,23,0,10,2,0,0,1,8,4,0,0,0,0,0,0,0
67,16,0,47,1,0,0,2,21,0,1,0,0,0,0,0,0
22,18,0,0,1,0,0,0,0,0,0,0,0,0,0,0,0
59,22,29,0,5,0,0,0,4,0,1,0,0,0,0,0,1
27,3,3,16,2,0,0,2,0,0,0,0,0,0,0,0,1
37,13,0,20,1,1,0,2,2,0,0,0,0,0,0,0,1
96,13,0,79,1,7,0,4,2,0,0,0,0,0,0,0,0
115,10,0,10,2,4,1,1,4,8,0,0,0,0,0,0,1
52,12,0,40,3,0,0,2,28,0,0,0,0,1,0,0,1
38,5,0,29,1,0,0,3,0,0,0,0,0,0,0,0,0
39,4,0,31,1,0,0,4,0,0,0,0,0,0,0,0,0
99,7,0,6,2,4,0,1,5,7,1,0,1,0,0,0,0
11,7,0,0,1,0,0,0,4,0,0,0,0,0,0,0,1
49,4,0,41,1,3,0,2,3,0,0,0,0,0,0,0,0
42,7,0,31,1,3,0,3,7,0,0,0,0,0,0,0,0
16,12,0,0,1,0,0,0,0,0,0,0,0,0,0,0,0
73,9,0,60,1,1,0,4,18,0,0,0,0,0,0,0,1
47,4,0,39,2,0,1,3,0,0,0,0,0,0,0,0,0
23,20,0,0,1,0,0,0,0,0,0,0,0,0,1,0,1
99,6,0,10,7,1,0,7,2,6,1,0,0,0,0,0,0
51,10,0,37,2,3,2,2,5,0,0,0,0,0,0,0,0
34,5,0,25,2,0,0,2,6,0,0,0,0,0,0,0,0
231,7,0,17,2,0,1,2,21,6,0,0,0,0,0,0,1
89,9,0,59,3,1,0,7,0,4,2,0,1,0,0,0,1
28,4,0,20,1,0,0,2,0,0,0,0,0,0,0,0,1
44,24,0,17,1,4,0,2,0,0,0,0,0,0,0,0,1
107,7,0,96,1,1,0,4,15,3,0,0,0,0,0,0,0
35,8,4,18,3,0,0,2,2,1,0,0,0,0,0,0,1
26,10,0,13,1,0,0,2,5,0,0,0,0,0,0,0,1
21,12,0,5,1,1,0,1,0,0,0,0,0,0,0,0,0
32,7,0,22,2,0,0,3,0,0,0,0,0,0,0,0,1
67,9,0,17,4,1,0,5,1,2,0,0,0,0,0,0,0
73,17,0,52,2,1,0,6,5,0,0,0,0,0,0,0,0
18,14,0,0,1,0,0,0,0,0,0,0,0,0,0,0,0
31,9,0,19,2,0,0,2,0,0,0,0,0,0,0,0,1
83,6,0,8,5,2,0,8,2,5,1,0,0,0,0,0,0
36,20,0,12,1,0,0,2,0,0,0,0,0,0,0,0,1
42,13,0,9,1,0,0,1,3,2,0,0,0,0,0,0,1
27,8,0,16,1,2,0,1,0,0,0,0,0,0,0,0,1
53,21,0,29,2,2,0,2,0,0,0,0,0,0,0,0,1
29,14,0,8,2,0,0,1,0,0,0,0,0,0,0,0,1
51,8,26,12,3,0,0,1,0,0,0,0,0,0,0,0,1
29,12,0,13,2,0,0,1,3,0,0,0,0,0,0,0,0
38,10,0,24,2,0,0,2,5,0,0,0,0,0,0,0,1
78,13,0,61,1,9,0,2,4,0,0,0,0,0,0,0,0
15,11,0,0,1,0,0,0,0,0,0,0,0,0,0,0,0
71,8,7,26,3,0,0,3,2,5,0,0,0,0,0,0,0
40,14,0,26,4,0,1,2,12,0,0,0,0,1,0,0,1
76,7,0,10,2,1,1,1,4,10,0,0,0,0,0,0,1
50,5,0,41,1,4,0,2,0,0,0,0,0,0,0,0,0
109,10,0,10,2,3,1,1,5,10,0,0,0,0,0,0,1
33,9,2,17,2,0,1,2,0,0,0,0,0,0,0,0,0
27,6,0,17,1,2,0,1,0,0,0,0,0,0,0,0,1
64,9,0,10,2,1,1,1,2,6,0,0,0,0,0,0,1
53,15,0,34,3,0,0,5,0,0,0,0,0,0,0,0,1
409,11,111,186,17,5,2,14,114,9,4,0,1,0,0,0,0
109,15,0,44,5,4,1,8,0,2,2,0,1,0,0,0,1
54,6,0,45,2,0,0,3,0,0,0,0,0,0,0,0,0
73,12,0,10,2,1,1,1,4,8,0,0,0,0,0,0,1
119,22,0,10,2,2,1,1,6,10,0,0,0,0,0,0,1
24,8,0,12,2,0,0,1,0,0,1,0,0,0,0,0,1
93,10,0,80,3,8,0,2,10,0,2,0,1,0,0,0,1
29,15,0,9,1,0,0,1,3,0,0,0,0,0,1,0,1
38,13,0,21,2,0,1,1,0,0,0,0,0,0,0,0,0
92,8,0,4,5,1,0,8,2,6,1,0,0,0,0,0,0
33,8,0,21,2,0,0,2,3,0,0,0,0,0,0,0,1
16,5,6,0,2,0,0,0,0,0,0,0,0,0,0,0,1
20,9,0,6,1,0,0,1,0,0,0,0,0,0,1,0,1
38,20,0,14,1,0,0,2,0,0,0,0,0,0,0,0,1
30,13,0,13,2,0,0,1,1,0,0,0,0,0,0,0,0
35,4,4,22,3,2,0,1,14,0,0,0,0,0,0,0,1
53,12,0,38,2,1,0,4,3,0,0,0,0,0,0,0,1
108,3,6,94,3,0,5,7,0,0,0,0,0,0,0,0,1
105,11,0,90,2,5,5,1,12,0,0,0,0,0,0,0,0
36,8,0,24,2,0,0,2,4,0,0,0,0,0,0,0,1
52,5,6,36,2,1,0,4,9,0,1,0,0,0,0,0,0
104,12,0,88,2,8,0,7,10,0,0,0,0,0,0,0,0
26,4,5,12,2,0,0,2,3,0,0,0,0,0,0,0,1
70,15,0,49,3,2,2,2,2,0,0,0,0,0,0,0,1
121,12,0,105,2,0,0,5,37,0,0,0,0,0,0,0,1
35,9,10,11,2,0,0,1,0,0,0,0,0,0,0,0,0
20,4,11,0,2,0,0,0,1,0,0,0,0,0,0,0,0
60,12,0,45,2,1,0,6,0,0,0,0,0,0,0,0,1
38,11,10,12,2,0,0,1,0,0,0,0,0,0,0,0,0
50,9,2,34,2,0,2,2,0,2,0,0,0,0,0,0,0
95,7,0,85,2,13,0,2,13,0,0,0,0,0,0,0,0
20,3,0,14,1,0,0,2,0,1,0,0,0,0,0,0,1
28,6,0,8,1,0,0,1,6,2,1,0,0,0,0,0,0
31,11,0,8,2,0,0,1,1,2,0,0,0,0,0,0,1
45,8,0,33,2,0,0,3,0,0,0,0,0,0,0,0,1
19,12,0,0,2,1,0,0,0,0,0,0,0,0,0,0,1
33,9,0,20,2,0,0,2,4,0,0,0,0,0,0,0,1
89,8,0,78,4,0,1,7,0,0,1,0,0,0,0,0,1
15,6,0,6,2,1,0,1,0,0,0,0,0,0,0,0,1
72,6,5,3,2,0,1,1,5,4,1,0,0,0,0,0,1
102,10,0,89,2,0,1,7,3,5,0,0,0,0,0,0,1
81,19,0,58,2,1,8,2,0,0,0,0,0,0,0,0,0
160,4,0,46,3,4,0,6,0,6,0,0,0,0,0,0,1
77,7,0,63,1,1,0,6,7,0,1,0,0,0,0,0,1
35,11,0,20,2,0,1,1,0,0,0,0,0,0,0,0,0
40,13,0,24,2,2,0,3,0,0,0,0,0,0,0,0,1
14,6,4,0,2,0,0,0,2,0,0,0,0,0,0,0,1
83,6,0,73,2,1,0,6,5,0,0,0,0,0,0,0,0
158,7,7,38,5,1,4,3,44,5,3,0,0,0,0,0,1
61,10,0,47,2,0,0,7,10,0,0,0,0,0,0,0,1
64,6,0,54,1,4,0,3,10,0,1,0,0,0,0,0,0
60,14,13,28,2,0,3,2,1,0,0,0,0,0,0,0,1
28,2,7,15,3,0,0,2,4,1,0,0,0,0,0,0,1
39,9,8,17,3,0,0,2,1,0,0,0,0,0,0,0,0
42,3,3,28,3,0,0,3,0,0,0,0,0,0,0,0,1
75,18,0,75,4,0,1,5,1,0,0,0,1,0,0,0,1
30,15,0,11,2,0,0,1,0,0,0,0,0,0,0,0,1
33,9,0,20,2,0,0,2,1,0,0,0,0,0,0,0,1
37,6,18,8,2,2,0,1,0,0,0,0,0,0,0,0,1
31,9,0,10,2,0,0,1,3,2,0,0,0,0,0,0,1
45,14,0,27,2,2,0,4,0,0,0,0,0,0,0,0,1
35,9,0,22,1,1,0,2,0,0,2,0,0,0,0,0,1
43,13,4,13,2,0,0,3,4,2,0,0,0,0,0,0,1
41,11,0,26,2,0,0,3,3,0,1,0,0,0,0,0,1
38,8,0,26,2,0,0,3,2,0,0,0,0,0,0,0,0
44,7,0,33,1,0,0,1,19,0,0,0,0,0,0,0,1
52,22,0,26,2,1,0,3,0,0,0,0,0,0,0,0,0
34,10,0,20,1,0,0,3,0,0,1,0,0,0,0,0,1
20,10,0,6,1,0,0,1,2,0,0,0,0,0,0,0,1
30,8,0,18,2,1,0,1,0,0,0,0,0,0,0,0,1
57,8,20,24,3,2,0,2,11,0,1,0,0,0,0,0,1
51,2,0,45,1,0,5,1,2,1,0,0,0,0,0,0,0
33,9,19,0,2,0,0,0,0,0,0,0,0,0,0,0,0
20,16,0,0,1,0,0,0,0,0,0,0,0,0,0,0,0
145,15,15,110,4,12,0,3,2,1,0,0,0,0,0,0,1
112,13,0,10,2,6,1,1,20,12,0,0,0,0,0,0,1
56,7,0,45,3,2,0,3,0,0,0,0,0,0,0,0,1
45,13,0,28,2,0,0,4,1,0,0,0,0,0,0,0,1
86,10,0,15,4,0,1,2,0,6,0,0,0,0,0,0,1
64,8,0,52,1,6,0,3,15,0,0,0,0,0,0,0,0
70,7,5,53,3,0,0,6,34,0,0,0,0,0,0,0,1
378,11,111,155,17,5,2,14,95,9,4,0,1,0,0,0,0
132,11,0,10,4,0,4,1,7,12,0,0,0,0,0,0,1
81,10,0,68,2,6,0,4,3,0,0,0,0,0,0,0,1
54,11,0,39,1,0,0,3,2,5,0,0,0,0,0,0,0
122,4,0,114,2,17,0,3,12,0,0,0,0,0,0,0,0
87,15,0,65,3,6,0,3,3,0,0,0,0,0,0,0,1
158,15,0,96,6,2,3,8,7,2,1,0,1,0,0,0,1
31,7,0,20,2,0,0,3,0,0,0,0,0,0,0,0,1
36,7,0,25,1,0,0,1,0,0,0,0,0,0,0,0,0
23,12,0,7,1,0,0,1,3,0,0,0,0,0,0,0,1
37,4,7,21,3,0,0,2,8,0,0,0,0,0,0,0,1
50,6,4,3,2,0,0,1,3,2,1,0,0,0,0,0,1
69,15,0,50,1,1,0,4,21,0,0,0,0,0,0,0,1
52,12,0,36,1,3,0,2,2,0,0,0,0,0,0,0,0
21,17,0,0,1,0,0,0,0,0,0,0,0,0,0,0,0
51,9,0,39,1,1,0,5,2,1,0,0,0,0,0,0,1
254,15,0,49,5,3,1,6,26,14,0,0,1,0,0,0,1
66,15,8,38,2,0,0,2,25,0,0,0,0,0,0,0,1
46,18,0,24,2,0,0,3,0,0,0,0,0,0,0,0,1
17,13,0,0,1,0,0,0,0,0,0,0,0,0,0,0,1
67,17,0,46,1,2,0,5,5,0,0,0,0,0,0,0,0
20,8,0,8,1,0,0,1,0,0,0,0,0,0,0,0,0
135,5,0,127,8,2,1,7,11,0,2,0,0,0,0,0,1
25,6,0,15,1,0,0,1,0,1,0,0,0,0,0,0,0
38,12,0,12,2,0,0,1,5,2,0,0,0,0,0,0,1
68,10,7,46,3,2,0,2,9,0,1,0,0,0,0,0,1
26,13,0,7,4,0,0,1,15,0,0,0,0,1,0,0,1
89,9,0,59,3,1,0,7,0,4,2,0,1,0,0,0,1
47,14,0,29,2,0,0,4,0,0,0,0,0,0,0,0,1
39,11,0,15,2,0,0,1,3,2,0,0,0,0,0,0,1
97,5,0,21,5,1,0,6,0,6,2,0,1,0,0,0,1
44,2,4,33,3,1,0,3,16,0,0,0,0,0,0,0,0
265,18,0,78,2,2,0,6,39,1,0,0,0,0,0,0,1
11,7,0,0,1,0,0,0,4,0,0,0,0,0,0,0,1
80,23,0,50,2,0,0,1,8,0,0,0,0,0,0,0,1
75,7,0,64,2,1,0,7,0,0,0,0,0,0,0,0,1
170,16,0,148,3,2,0,10,48,0,2,0,1,0,0,0,0
29,5,0,20,1,0,0,4,0,0,0,0,0,0,0,0,0
28,9,0,15,1,1,0,1,4,0,0,0,0,0,0,0,1
42,6,13,18,2,2,0,2,6,0,0,0,0,0,0,0,0
33,5,0,21,3,0,0,3,0,0,0,0,0,0,0,0,1
15,10,0,0,1,0,0,0,0,0,0,0,0,0,1,0,1
39,9,0,26,2,0,0,2,0,0,0,0,0,0,0,0,1
106,9,0,93,1,13,0,2,5,0,0,0,0,0,0,0,0
58,9,0,42,3,2,0,2,0,0,0,0,0,0,0,0,1
75,13,0,58,1,4,0,2,13,0,0,0,0,0,0,0,0
22,9,0,9,1,0,0,1,3,0,0,0,0,0,0,0,1
21,8,0,9,1,0,0,1,2,0,0,0,0,0,0,0,1
23,14,0,9,4,0,0,2,12,0,0,0,0,1,0,0,1
41,9,2,25,2,0,2,2,3,2,0,0,0,0,0,0,0
99,4,8,9,2,0,0,1,17,7,0,0,0,0,0,0,1
25,6,0,15,1,0,0,1,0,1,0,0,0,0,0,0,0
22,10,0,9,1,0,0,1,3,0,0,0,0,0,0,0,1
101,6,0,92,2,11,0,2,2,0,0,0,0,0,0,0,1
33,10,0,19,2,0,0,2,0,0,0,0,0,0,0,0,1
65,8,0,53,2,6,0,4,0,0,0,0,0,0,0,0,0
44,8,0,32,2,0,2,2,9,0,0,0,0,0,0,0,0
65,5,0,10,2,0,1,1,2,6,0,0,0,0,0,0,1
26,22,0,0,1,1,0,0,0,0,0,0,0,0,0,0,0
20,10,0,6,1,0,0,1,1,0,0,0,0,0,0,0,1
81,10,0,67,1,10,0,4,8,0,0,0,0,0,0,0,0
130,10,15,43,5,4,0,5,24,5,1,0,0,0,0,0,1
121,6,0,111,1,16,0,1,3,0,0,0,0,0,0,0,0
19,5,8,0,2,0,0,0,0,0,0,0,0,0,0,0,1
81,19,0,10,2,0,1,1,5,8,0,0,0,0,0,0,1
47,7,0,36,1,3,0,3,8,0,1,0,0,0,0,0,0
33,5,5,19,3,0,0,3,1,0,0,0,0,0,0,0,1
18,8,0,6,1,0,0,1,1,0,0,0,0,0,0,0,1
241,17,3,1,4,1,3,1,27,17,0,0,0,0,0,0,1
136,8,0,10,2,1,1,1,7,18,0,0,0,0,0,0,1
70,14,0,10,2,1,1,1,1,6,0,0,0,0,0,0,1
37,7,2,23,2,1,0,2,0,0,0,0,0,0,0,0,1
45,12,0,29,2,0,0,3,0,0,0,0,1,0,0,0,1
27,4,5,13,2,0,0,2,4,0,0,0,0,0,0,0,1
106,10,7,70,5,0,0,3,24,9,1,1,0,0,0,0,1
48,14,0,21,2,0,0,2,0,2,0,0,0,0,0,0,1
67,9,0,54,1,6,0,2,0,0,0,0,0,0,0,0,0
17,6,0,8,1,0,0,1,0,0,0,0,0,0,0,0,1
27,9,0,14,1,0,0,2,5,0,0,0,0,0,0,0,0
41,21,0,16,2,2,0,2,0,0,0,0,0,0,0,0,1
50,10,5,30,3,0,0,4,10,0,0,0,0,0,0,0,1
62,8,0,50,1,6,0,3,7,0,1,0,0,0,0,0,1
132,16,0,10,3,0,1,1,13,16,0,0,0,0,0,0,1
46,10,7,24,3,0,0,3,10,0,0,0,0,0,0,0,0
26,14,0,8,2,1,0,1,0,0,0,0,0,0,0,0,0
115,8,4,20,9,0,0,3,10,10,0,0,1,0,0,0,1
60,13,5,38,3,1,0,4,2,1,0,0,0,0,0,0,1
74,9,0,43,2,2,0,2,2,4,0,0,0,0,0,0,1
11,7,0,0,1,0,0,0,4,0,0,0,0,0,0,0,1
78,6,0,69,1,0,0,3,19,20,0,0,0,0,0,0,0
59,7,0,49,3,1,0,6,9,0,0,0,0,0,0,0,1
26,7,0,15,1,0,0,2,0,0,0,0,0,0,0,0,1
23,4,0,15,1,0,0,2,7,0,0,0,0,0,0,0,0
219,17,0,32,2,0,1,3,76,8,1,0,0,0,0,0,1
32,8,0,20,2,0,0,1,0,0,0,0,0,0,0,0,0
37,3,5,15,3,0,0,1,6,2,0,0,0,0,0,0,0
66,21,0,41,1,2,0,1,4,0,2,0,0,0,0,0,0
31,11,0,16,1,0,0,3,4,0,0,0,0,0,0,0,0
115,17,0,94,3,1,0,5,23,0,0,0,0,0,0,0,1
59,17,0,38,2,3,0,2,1,0,0,0,0,0,0,0,0
26,10,0,9,2,0,0,1,5,0,0,0,0,0,0,0,1
28,15,0,9,2,0,0,1,0,0,0,0,0,0,0,0,1
306,11,0,31,18,0,0,3,64,28,1,0,0,0,0,0,1
115,8,4,20,9,0,0,3,10,10,0,0,1,0,0,0,1
33,4,6,18,2,1,0,2,0,0,0,0,0,0,0,0,1
41,10,0,28,1,3,0,3,3,0,0,0,0,0,0,0,1
21,11,0,7,1,0,0,1,2,0,0,0,0,0,0,0,1
29,4,0,21,1,2,0,2,0,0,0,0,0,0,0,0,0
66,11,0,52,4,0,1,6,2,0,0,0,0,0,0,0,0
32,5,0,23,2,0,0,3,2,0,0,0,0,0,0,0,1
114,8,16,11,7,1,0,3,1,13,2,0,0,0,0,0,0
35,5,0,27,1,2,0,2,2,0,0,0,0,0,0,0,1
78,12,0,10,3,6,0,1,1,2,0,0,0,0,0,0,1
26,13,0,7,4,0,0,1,15,0,0,0,0,1,0,0,1
30,4,0,22,1,0,0,3,7,0,0,0,0,0,0,0,0
21,9,0,8,1,0,0,1,2,0,0,0,0,0,0,0,1
61,13,0,15,2,0,2,2,0,2,0,0,0,0,0,0,0
46,9,6,26,2,0,2,2,0,0,0,0,0,0,0,0,0
38,9,8,16,3,0,0,2,0,0,0,0,0,0,0,0,0
40,13,13,10,3,0,0,1,0,0,0,0,0,0,0,0,1
34,4,3,22,3,0,1,2,0,0,0,0,0,0,0,0,0
93,10,0,80,3,8,0,2,10,0,2,0,1,0,0,0,1
61,5,0,4,6,0,0,6,1,3,1,0,0,0,0,0,1
27,4,5,13,2,0,0,2,4,0,0,0,0,0,0,0,1
29,7,0,18,1,2,0,1,0,0,0,0,0,0,0,0,1
28,16,0,8,1,0,0,1,0,0,0,0,0,0,0,0,1
30,7,5,10,3,0,0,1,0,1,0,0,0,0,0,0,1
34,12,0,18,2,0,0,3,0,0,0,0,0,0,0,0,0
88,6,8,69,2,8,2,3,17,0,0,0,0,0,0,0,0
38,16,0,18,2,1,0,2,0,0,0,0,0,0,0,0,0
35,11,0,20,1,3,0,1,0,0,0,0,0,0,0,0,0
96,5,0,87,2,5,2,2,15,0,0,0,0,0,0,0,0
75,13,0,10,2,0,1,1,4,8,0,0,0,0,0,0,1
61,10,0,47,2,0,1,5,8,0,0,0,0,0,0,0,0
72,12,0,10,2,1,1,1,3,8,0,0,0,0,0,0,1
38,12,0,22,2,1,0,2,0,0,0,0,0,0,0,0,0
26,6,9,7,3,0,0,1,0,0,0,0,0,0,0,0,1
40,10,0,26,1,2,0,2,6,0,0,0,0,0,0,0,1
18,12,0,6,3,0,0,1,9,0,0,0,0,1,0,0,1
33,7,0,22,1,0,0,1,0,0,0,0,0,0,0,0,0
61,19,0,29,1,1,0,4,0,2,0,0,0,0,0,0,1
42,6,29,0,6,0,0,0,2,0,1,0,0,0,0,0,1
76,11,0,10,3,1,1,1,4,8,0,0,0,0,0,0,1
48,5,8,31,3,0,0,4,1,0,0,0,0,0,0,0,0
244,5,5,12,12,0,0,2,55,25,1,0,1,0,0,0,1
30,15,0,15,3,1,0,2,13,0,0,0,0,1,0,0,1
111,8,4,47,6,0,1,2,13,9,0,0,0,0,0,0,1
27,12,0,11,1,0,0,1,1,0,0,0,0,0,0,0,1
101,12,0,85,2,0,0,4,7,8,0,0,0,0,0,0,0
27,8,0,15,1,0,0,2,0,0,0,0,0,0,0,0,0
51,12,0,33,3,2,0,2,4,0,0,0,0,0,0,0,1
24,7,0,11,3,1,0,1,0,0,0,0,0,0,0,0,1
18,8,5,0,2,0,0,0,0,0,0,0,0,0,0,0,0
23,14,0,6,1,0,0,1,0,0,0,0,0,0,0,0,1
48,9,2,32,2,0,3,2,4,0,0,0,0,0,0,0,0
27,9,0,15,2,0,0,1,0,0,0,0,0,0,0,0,1
32,4,0,24,4,1,0,1,3,0,0,0,0,0,0,0,0
25,13,0,12,3,0,0,2,11,0,0,0,0,1,0,0,1
45,3,11,23,4,1,0,3,0,0,0,0,0,0,0,0,1
78,21,0,10,2,0,1,1,3,6,0,0,0,0,0,0,1
33,3,4,18,4,0,0,2,0,1,0,0,0,0,0,0,1
92,9,0,80,3,2,0,8,0,0,1,0,1,0,0,0,1
15,11,0,0,1,1,0,0,0,0,0,0,0,0,0,0,1
76,11,0,61,1,8,1,1,5,0,0,0,0,0,0,0,0
115,7,0,10,2,10,1,1,32,10,0,0,0,0,0,0,1
23,8,0,11,2,1,0,1,0,0,0,0,0,0,0,0,1
43,8,2,28,2,1,0,5,3,0,0,0,0,0,0,0,0
31,7,0,6,1,0,0,1,1,2,0,0,0,0,0,0,0
58,10,0,44,1,0,1,4,24,0,0,0,0,0,0,0,0
45,8,0,24,2,0,0,3,4,2,0,0,0,0,0,0,0
257,10,12,62,3,1,4,5,52,14,0,0,0,0,0,0,1
29,6,0,12,2,0,0,2,0,2,1,0,0,0,0,0,1
123,5,2,3,3,0,2,1,20,15,0,0,0,0,0,0,1
25,8,0,13,1,0,0,2,1,0,0,0,0,0,0,0,1
19,15,0,0,1,1,0,0,0,0,0,0,0,0,0,0,0
37,13,0,21,2,1,0,3,0,0,0,0,0,0,0,0,1
17,9,0,4,1,0,0,1,0,0,0,0,0,0,0,0,1
59,10,0,45,2,0,0,3,0,0,0,0,0,0,0,0,1
27,4,0,19,1,0,0,3,7,0,0,0,0,0,0,0,0
198,10,6,16,3,0,0,1,67,20,0,0,0,0,0,0,1
34,3,2,24,3,0,0,3,0,1,0,0,0,0,0,0,1
70,14,0,10,2,0,1,1,1,6,0,0,0,0,0,0,1
55,8,0,7,3,0,0,4,3,2,0,0,0,0,0,0,1
24,6,0,11,3,0,0,1,0,0,0,0,0,0,0,0,1
34,10,0,20,2,1,0,1,0,0,0,0,0,0,0,0,1
44,29,0,11,2,2,0,1,0,0,0,0,0,0,0,0,1
42,3,2,33,3,1,0,3,0,1,0,0,0,0,0,0,1
40,8,0,28,2,0,0,4,1,0,0,0,0,0,0,0,1
19,11,3,0,2,0,0,0,0,0,0,0,0,0,0,0,1
35,7,0,24,1,0,4,2,0,0,0,0,0,0,0,0,0
69,11,0,54,4,0,2,2,19,0,0,0,0,0,0,0,1
35,6,0,25,1,0,0,3,2,0,0,0,0,0,0,0,1
25,11,0,11,2,1,0,1,0,0,0,0,0,0,0,0,1
112,7,5,96,2,0,0,1,9,0,0,0,0,0,0,0,1
75,10,0,61,1,0,6,3,0,0,0,0,0,0,0,0,0
31,7,0,13,1,0,0,3,0,1,1,0,0,0,1,0,1
64,24,0,36,2,0,0,5,0,0,0,0,0,0,0,0,1
106,20,0,10,3,2,1,1,8,10,0,0,0,0,0,0,1
46,5,0,10,2,0,1,1,0,4,0,0,0,0,0,0,1
122,9,0,10,3,0,1,1,4,16,0,0,0,0,0,0,1
43,10,6,17,3,0,0,1,2,2,0,0,0,0,0,0,1
102,9,0,10,2,0,1,1,28,6,0,0,0,0,0,0,1
63,17,0,43,1,3,0,3,2,0,0,0,0,0,0,0,1
18,7,2,4,2,0,0,1,1,0,0,0,0,0,0,0,1
36,9,11,11,3,0,0,1,0,0,0,0,0,0,0,0,1
66,8,2,51,2,4,0,5,5,2,0,0,0,0,0,0,0
55,11,0,40,1,2,2,2,3,0,0,0,0,0,0,0,0
34,7,0,23,1,1,0,2,10,0,0,0,0,0,0,0,1
34,9,0,22,1,0,0,2,0,0,0,0,0,0,0,0,1
67,5,8,49,3,3,0,5,8,0,0,0,0,0,0,0,0
77,12,0,10,2,0,1,1,6,8,0,0,0,0,0,0,1
31,8,5,14,3,0,0,1,0,0,1,0,0,0,0,0,0
10,6,0,0,1,0,0,0,0,0,0,0,0,0,0,0,1
20,17,0,0,1,0,0,0,0,0,0,0,0,0,0,0,0
54,8,0,10,3,0,0,1,3,4,0,0,0,0,0,0,1
53,4,0,15,3,0,0,1,9,6,0,0,0,0,0,0,1
63,4,0,56,1,10,0,2,2,0,0,0,0,0,0,0,1
44,5,0,36,2,0,0,2,4,0,0,0,0,0,0,0,0
191,17,0,10,2,1,1,1,22,7,0,0,0,0,0,0,1
36,6,0,26,2,1,0,2,3,0,0,0,0,0,0,0,1
467,9,0,26,22,0,5,6,39,51,1,0,1,0,0,0,1
39,7,0,28,2,1,0,4,0,0,0,0,0,0,0,0,1
62,18,0,40,1,6,0,4,11,0,0,0,0,0,0,0,0
56,7,8,36,2,1,0,4,1,0,0,0,0,0,0,0,0
27,12,0,11,2,0,0,1,0,0,0,0,0,0,0,0,0
38,6,0,17,2,0,0,1,3,2,0,0,0,0,0,0,0
35,3,20,7,3,0,0,1,3,0,0,0,0,0,0,0,1
26,9,0,13,1,0,0,2,0,0,1,0,0,0,0,0,1
23,14,0,6,1,0,0,1,0,0,0,0,1,0,0,0,1
129,7,0,10,2,4,1,1,8,12,0,0,0,0,0,0,1
68,21,0,43,2,7,0,3,5,0,0,0,0,0,0,0,1
48,11,9,1,2,0,0,1,14,5,0,0,0,0,0,0,0
40,8,0,28,1,0,0,1,0,0,0,0,0,0,0,0,0
24,17,0,3,1,0,0,1,1,0,0,0,0,0,0,0,1
99,7,0,6,2,4,0,1,5,7,1,0,1,0,0,0,0
68,7,0,57,2,1,2,4,8,0,0,0,0,0,0,0,0
20,9,0,7,1,0,0,1,1,0,0,0,0,0,0,0,1
26,13,0,13,3,0,0,2,10,0,0,0,0,1,0,0,1
94,12,0,79,1,0,0,1,2,0,0,0,0,0,0,0,1
108,13,0,10,2,4,1,1,2,8,0,0,0,0,0,0,1
13,4,0,5,1,0,0,1,0,0,0,0,0,0,0,0,1
25,12,0,6,2,0,0,1,4,0,0,0,0,0,0,0,1
46,8,0,35,1,4,0,3,1,0,0,0,0,0,0,0,1
41,8,2,26,2,1,0,5,5,0,0,0,0,0,0,0,0
100,6,0,2,3,0,0,1,19,15,1,0,0,0,0,0,0
49,15,0,30,2,1,0,3,0,0,0,0,0,0,0,0,1
43,15,0,24,1,1,0,2,0,0,0,0,0,0,0,0,0
36,10,0,22,2,2,0,1,4,0,0,0,0,0,0,0,0
78,11,0,64,1,6,0,3,10,0,0,0,0,0,0,0,1
49,9,0,33,3,0,0,4,0,0,0,0,0,0,0,0,1
38,9,0,25,1,2,0,3,0,0,2,0,0,0,0,0,1
34,10,0,20,1,1,0,2,0,0,0,0,0,0,0,0,0
12,8,0,0,1,0,0,0,0,0,0,0,0,0,0,0,0
93,11,0,78,2,7,0,4,0,0,0,0,0,0,0,0,0
250,11,51,183,12,8,1,6,58,5,2,0,0,0,0,0,0
57,11,0,42,1,6,0,1,7,0,0,0,0,0,0,0,0
38,8,2,23,2,0,0,4,0,0,0,0,0,0,0,0,0
142,9,0,129,2,5,2,11,6,2,5,0,1,0,0,0,1
30,11,0,14,1,0,0,2,0,0,0,0,0,0,1,0,1
65,4,0,57,1,8,0,2,0,0,0,0,0,0,0,0,0
32,4,0,17,2,0,0,3,1,2,1,0,0,0,0,0,1
305,9,191,100,11,1,0,3,124,1,2,0,0,0,0,0,0
40,14,0,22,2,0,1,2,0,0,0,0,0,0,0,0,0
170,8,0,10,2,5,1,1,8,18,0,0,0,0,0,0,1
33,9,11,9,2,1,0,1,6,0,0,0,0,0,0,0,1
27,4,5,13,2,0,0,2,4,0,0,0,0,0,0,0,1
47,8,0,24,2,0,0,3,6,2,0,0,0,0,0,0,0
49,18,0,27,1,1,0,6,0,0,0,0,0,0,0,0,1
27,8,0,16,2,0,0,2,2,0,0,0,0,0,0,0,1
26,12,0,11,1,0,0,1,2,0,0,0,0,0,0,0,1
26,13,0,6,2,0,0,1,0,0,0,0,0,0,0,0,1
60,12,0,44,1,4,0,3,10,0,0,0,0,0,0,0,0
24,12,0,12,4,0,0,1,12,0,0,0,0,1,0,0,1
54,6,0,44,1,3,0,3,4,0,1,0,0,0,0,0,0
23,12,0,7,1,0,0,1,3,0,0,0,0,0,0,0,1
38,14,0,20,2,2,0,2,2,0,0,0,0,0,0,0,0
158,15,0,96,6,2,3,8,7,2,1,0,1,0,0,0,1
18,6,0,8,1,0,0,1,4,0,0,0,0,0,0,0,1
76,10,0,62,2,0,0,6,0,0,1,0,0,0,0,0,1
31,6,20,0,2,0,0,0,0,0,0,0,0,0,0,0,1
47,12,0,24,2,0,1,2,1,2,0,0,0,0,0,0,0
51,10,0,37,2,0,0,2,0,0,0,0,0,0,0,0,1
15,11,0,0,1,0,0,0,0,0,0,0,0,0,0,0,1
77,13,0,19,1,1,3,3,1,2,0,0,0,0,0,0,1
52,12,0,40,3,0,0,2,26,0,0,0,0,1,0,0,1
33,12,0,17,1,0,0,2,0,0,0,0,0,0,0,0,0
7,4,0,0,1,0,0,0,0,0,0,0,0,0,0,0,1
43,13,17,8,2,1,0,1,2,0,0,0,0,0,0,0,1
8,4,0,0,1,0,0,0,0,0,0,0,0,0,0,0,0
17,4,2,4,3,0,0,1,0,0,0,0,0,0,0,0,1
25,11,0,10,1,1,0,1,1,0,0,0,0,0,0,0,1
121,3,0,114,2,11,0,6,5,0,0,0,0,0,0,0,0
28,8,15,0,2,0,0,0,0,0,0,0,0,0,0,0,1
50,9,37,0,2,2,0,0,0,0,0,0,0,0,0,0,0
33,12,0,18,2,0,0,2,1,0,0,0,0,0,0,0,0
108,9,0,45,4,1,0,6,6,2,0,0,1,0,0,0,1
30,13,0,11,2,0,0,2,0,0,0,0,0,0,0,0,1
32,6,0,23,2,2,0,1,0,0,0,0,0,0,0,0,1
74,8,16,45,3,4,0,3,6,0,0,0,0,0,0,0,0
25,7,0,14,1,0,0,1,0,0,0,0,0,0,0,0,0
36,9,0,23,1,0,0,2,0,0,0,0,0,0,0,0,1
116,5,0,105,2,12,0,4,15,0,0,0,0,0,0,0,0
23,11,0,1,1,1,0,1,4,2,0,0,0,0,0,0,0
37,9,0,13,2,0,0,2,2,2,0,0,0,0,0,0,1
12,8,0,0,1,0,0,0,3,0,0,0,0,0,0,0,1
46,11,0,31,1,0,0,1,0,0,0,0,0,0,0,0,0
141,8,0,6,1,5,0,2,31,40,0,0,0,0,0,0,0
273,8,0,168,2,1,1,6,106,4,1,0,0,0,0,0,0
102,7,0,10,2,2,0,1,2,12,0,0,0,0,0,0,1
48,7,11,25,2,2,0,1,0,0,0,0,0,0,0,0,0
79,17,0,58,2,0,5,3,7,0,0,0,0,0,0,0,0
93,19,0,10,3,0,1,1,6,10,0,0,0,0,0,0,1
48,12,0,33,4,0,0,5,2,0,0,0,1,0,0,0,1
22,15,0,0,1,0,0,0,2,0,0,0,0,0,0,0,1
70,8,11,46,3,4,0,3,11,0,0,0,0,0,0,0,0
124,13,0,57,1,1,0,4,21,4,2,0,0,0,0,0,1
101,5,16,20,7,1,0,5,1,8,2,0,0,0,0,0,0
75,6,0,4,4,0,0,5,0,5,2,0,1,0,0,0,0
49,11,0,34,2,0,0,4,0,0,0,0,0,0,0,0,1
44,12,0,28,2,0,0,4,0,0,0,0,0,0,0,0,1
23,14,0,6,1,0,0,1,0,0,0,0,1,0,0,0,1
34,9,7,1,2,0,0,1,6,2,1,0,0,0,0,0,1
92,9,0,80,3,2,0,8,0,0,1,0,1,0,0,0,1
82,15,42,20,5,3,0,2,7,0,0,0,0,0,0,0,1
14,10,0,0,1,0,0,0,0,0,0,0,0,0,0,0,1
28,10,0,14,2,0,0,1,0,0,1,0,0,0,1,0,1
32,12,15,0,2,1,0,0,0,0,0,0,0,0,0,0,0
34,12,2,15,2,1,1,2,0,0,0,0,0,0,0,0,0
146,6,0,134,5,2,0,7,17,0,1,0,1,0,0,0,1
112,11,7,89,2,9,0,6,8,0,0,0,0,0,0,0,0
90,13,0,29,3,1,3,6,1,2,0,0,0,0,0,0,1
59,7,0,48,1,4,0,3,7,0,0,0,0,0,0,0,0
12,8,0,0,1,0,0,0,0,0,0,0,0,0,0,0,0
34,12,15,0,4,0,0,0,0,0,0,0,0,0,0,0,1
37,14,0,19,2,0,0,1,0,0,0,0,0,0,0,0,0
115,8,4,20,9,0,0,3,10,10,0,0,1,0,0,0,1
77,9,0,16,4,0,0,5,0,4,2,0,1,0,0,0,1
66,11,0,22,1,1,0,3,2,6,0,0,0,0,0,0,1
36,14,0,19,2,0,1,1,0,0,0,0,0,0,0,0,1
46,9,0,34,3,1,0,4,4,0,0,0,0,0,0,0,1
93,6,4,78,2,1,1,5,9,0,1,0,0,0,0,0,1
59,19,0,31,2,4,0,4,4,0,0,0,0,0,0,0,1
29,7,0,19,2,0,0,3,0,0,0,0,0,0,0,0,0
31,7,0,20,2,1,0,2,0,1,0,0,0,0,0,0,1
79,4,3,67,3,0,3,6,18,0,2,0,0,0,0,0,1
56,6,0,47,1,4,0,3,4,0,1,0,0,0,0,0,0
31,6,8,12,3,0,0,1,0,0,0,0,0,0,0,0,1
111,22,0,10,3,1,1,1,11,12,0,0,0,0,0,0,1
63,5,0,51,3,0,0,4,1,0,2,0,0,0,0,0,1
28,11,0,13,2,0,0,2,0,0,0,0,0,0,0,0,1
122,10,0,58,1,1,0,5,26,4,2,0,0,0,0,0,1
17,13,0,0,1,0,0,0,0,0,0,0,0,0,0,0,0
19,15,0,0,1,0,0,0,0,0,0,0,0,0,0,0,1
27,15,0,12,3,0,0,2,12,0,0,0,0,1,0,0,1
119,17,0,70,2,4,0,2,1,6,0,0,0,0,0,0,1
156,11,0,139,3,21,0,4,7,0,0,0,0,0,0,0,0
16,5,6,0,2,0,0,0,0,0,0,0,0,0,0,0,0
89,13,0,18,2,0,7,1,6,2,0,0,0,0,0,0,0
19,8,0,1,1,0,0,1,3,2,0,0,0,0,0,0,0
75,11,0,10,2,0,1,1,6,8,0,0,0,0,0,0,1
77,11,0,25,4,0,0,4,12,2,0,0,0,0,0,0,1
149,10,0,135,2,14,0,2,9,0,0,0,0,0,0,0,0
43,4,12,23,3,1,0,2,5,0,0,0,0,0,0,0,1
35,14,0,17,1,0,0,1,2,1,0,0,0,0,0,0,1
43,4,12,23,3,1,0,2,5,0,0,0,0,0,0,0,1
29,5,2,18,3,0,0,2,0,1,0,0,0,0,0,0,1
19,8,0,7,1,0,0,1,2,0,0,0,0,0,0,0,0
50,7,0,40,1,0,1,5,7,0,0,0,0,0,0,0,0
41,12,0,25,1,1,1,3,5,0,0,0,0,0,0,0,0
27,14,0,7,4,0,0,1,16,0,0,0,0,1,0,0,1
65,18,0,43,2,0,0,1,0,0,0,0,0,0,0,0,0
47,14,0,29,2,1,4,1,0,0,0,0,0,0,0,0,0
39,15,0,20,2,0,0,1,0,0,0,0,0,0,0,0,0
106,14,0,92,3,0,0,2,11,0,1,0,1,1,0,0,1
34,10,0,20,2,0,0,2,0,0,0,0,0,0,0,0,0
105,9,0,45,4,1,0,6,5,2,0,0,1,0,0,0,1
29,5,0,21,1,0,1,2,0,0,0,0,0,0,0,0,0
88,8,0,10,3,0,1,1,7,10,0,0,0,0,0,0,1
80,7,0,70,2,7,0,2,13,0,0,0,0,0,0,0,0
33,4,6,18,2,1,0,2,0,0,0,0,0,0,0,0,1
36,8,0,24,2,0,0,2,4,0,0,0,0,0,0,0,1
16,12,0,0,1,0,0,0,0,0,0,0,0,0,0,0,1
49,15,0,13,2,0,1,1,5,2,0,0,0,0,0,0,0
44,5,11,23,3,0,0,2,0,0,0,0,0,0,0,0,1
38,6,13,1,2,0,0,2,5,2,0,0,0,0,0,0,0
83,13,0,10,2,0,1,1,4,10,0,0,0,0,0,0,1
28,9,4,11,2,0,0,1,1,0,0,0,0,0,0,0,1
21,14,0,0,2,0,0,0,0,0,0,0,0,0,0,0,0
40,12,10,13,2,0,0,1,3,0,0,0,0,0,0,0,1
97,7,0,14,2,2,1,2,5,10,0,0,0,0,0,0,1
64,7,9,43,2,0,5,2,0,0,0,0,0,0,0,0,0
20,10,0,6,1,0,0,1,1,0,0,0,0,0,0,0,1
35,10,0,21,1,1,0,2,0,0,0,0,0,0,0,0,0
114,10,0,100,3,10,0,7,8,0,0,0,0,0,0,0,0
151,21,0,10,2,8,1,1,11,10,0,0,0,0,0,0,1
244,5,5,12,12,0,0,2,55,25,1,0,1,0,0,0,1
78,13,0,14,2,0,1,2,4,8,0,0,0,0,0,0,1
121,8,6,102,3,13,0,4,5,0,0,0,0,0,0,0,0
70,12,0,29,4,1,2,2,1,4,0,0,0,0,0,0,1
16,12,0,0,1,1,0,0,0,0,0,0,0,0,0,0,1
620,5,7,3,7,3,10,1,131,53,0,0,0,0,0,0,1
36,7,0,25,2,0,0,2,10,0,0,0,0,0,0,0,1
21,9,0,7,1,0,0,1,0,0,1,0,0,0,1,0,0
25,7,0,11,2,0,0,1,1,0,0,0,0,0,0,0,1
93,10,0,80,3,8,0,2,10,0,2,0,1,0,0,0,1
14,6,0,5,1,1,0,1,0,0,0,0,0,0,0,0,1
20,7,0,9,1,0,0,1,0,0,0,0,0,0,0,0,0
97,5,0,21,5,1,0,6,0,6,2,0,1,0,0,0,1
21,17,0,0,1,2,0,0,0,0,0,0,0,0,0,0,1
170,10,0,104,7,2,4,9,17,2,1,0,1,0,0,0,1
20,16,0,0,1,0,0,0,0,0,0,0,0,0,0,0,0
46,14,0,19,4,0,0,2,17,4,0,0,0,1,0,0,0
19,15,0,0,1,0,0,0,0,0,0,0,0,0,0,0,1
43,11,0,9,1,0,0,1,3,2,0,0,0,0,0,0,1
158,11,10,11,3,1,0,1,8,20,0,0,0,0,0,0,1
56,10,0,42,1,5,0,1,2,0,0,0,0,0,0,0,0
128,6,14,103,2,13,0,5,15,0,0,0,0,0,0,0,0
39,6,0,30,2,2,0,2,0,0,0,0,0,0,0,0,1
24,11,0,10,1,0,0,1,2,0,0,0,0,0,0,0,1
36,6,0,26,1,1,0,3,0,0,0,0,0,0,0,0,0
18,7,0,7,1,0,0,1,0,0,0,0,0,0,0,0,0
52,8,0,40,1,1,0,3,15,0,0,0,0,0,0,0,0
72,10,0,10,2,0,1,1,4,8,0,0,0,0,0,0,1
70,9,0,10,2,0,1,1,4,8,0,0,0,0,0,0,1
49,3,15,26,3,0,0,2,0,0,0,0,0,0,0,0,0
53,9,3,36,3,1,0,4,0,0,1,0,0,0,0,0,1
42,8,2,27,2,1,0,5,8,0,0,0,0,0,0,0,0
66,9,0,54,2,5,0,2,0,0,0,0,0,0,0,0,1
76,10,0,62,2,5,0,3,4,0,0,0,0,0,0,0,0
41,9,4,23,2,1,0,3,6,0,1,0,0,0,0,0,1
115,14,0,10,2,2,1,1,6,10,0,0,0,0,0,0,1
27,4,0,19,1,0,0,3,7,0,0,0,0,0,0,0,0
63,4,0,23,4,1,0,2,0,3,0,1,0,0,0,0,1
53,7,0,43,2,0,0,7,6,0,0,0,0,0,0,0,1
54,9,7,18,3,1,1,2,0,2,1,0,0,0,0,0,1
68,4,12,48,3,1,0,2,20,0,0,0,0,0,0,0,1
89,6,0,20,3,1,0,8,8,2,0,0,0,0,0,0,0
39,9,0,26,1,2,0,2,3,0,0,0,0,0,0,0,1
33,14,0,16,1,0,0,3,0,0,0,0,0,0,0,0,1
47,39,0,0,1,1,0,0,6,23,0,1,0,0,0,0,1
45,20,0,10,3,0,1,1,0,2,1,0,0,0,0,0,1
60,9,0,47,2,0,0,4,11,0,0,0,0,0,0,0,1
82,5,0,73,1,10,0,2,0,0,2,0,0,0,0,0,0
74,14,0,56,2,5,2,2,6,0,0,0,0,0,0,0,0
26,13,0,7,4,0,0,1,15,0,0,0,0,1,0,0,1
52,5,4,38,3,1,0,3,0,1,0,0,0,0,0,0,1
31,9,8,9,2,0,0,1,0,0,0,0,0,0,0,0,0
67,9,0,55,3,3,0,5,4,0,0,0,0,0,0,0,1
33,11,0,18,1,0,0,2,2,0,0,0,0,0,0,0,1
43,16,0,23,2,2,0,2,0,0,0,0,0,0,0,0,1
33,9,8,11,2,0,0,1,0,0,0,0,0,0,0,0,0
89,6,0,37,2,2,0,3,9,4,0,0,0,0,0,0,0
64,4,0,53,2,6,0,3,13,0,0,0,0,0,0,0,0
78,5,69,0,3,2,0,0,3,0,4,0,0,0,1,0,1
39,9,0,26,2,0,0,3,1,0,0,0,0,0,0,0,1
91,10,0,77,2,10,0,5,5,0,0,0,0,0,0,0,0
40,3,7,25,3,0,1,3,4,0,0,0,0,0,0,0,0
14,3,0,8,1,0,0,1,0,1,0,0,0,0,0,1,1
94,8,0,79,3,14,0,2,10,0,0,0,0,0,0,0,0
34,12,3,6,2,0,0,2,5,2,0,0,0,0,0,0,0
117,5,16,47,8,0,0,7,1,11,2,0,1,0,0,0,1
66,12,0,48,3,0,1,7,2,0,0,0,0,0,0,0,1
105,11,0,64,1,9,1,2,8,2,0,0,0,0,0,0,0
33,8,0,21,2,0,0,2,3,0,0,0,0,0,0,0,1
29,13,0,16,4,0,0,2,10,0,0,0,0,1,0,0,1
23,14,0,3,4,0,0,1,16,0,0,0,0,1,0,0,1
48,14,0,27,3,0,0,2,0,0,0,0,0,0,0,0,1
31,11,0,17,2,0,0,2,0,0,0,0,0,0,0,0,1
26,8,13,0,2,0,0,0,0,0,0,0,0,0,0,0,0
112,7,0,25,2,0,1,2,27,3,0,0,0,0,0,0,0
22,9,0,9,1,0,0,1,3,0,0,0,0,0,0,0,1
54,18,0,32,2,2,0,3,2,0,0,0,0,0,0,0,1
43,3,5,30,3,0,0,4,11,0,0,0,0,0,0,0,1
99,7,0,88,1,0,0,4,26,0,0,0,0,0,0,0,1
96,20,0,10,3,0,1,1,8,10,0,0,0,0,0,0,1
43,6,8,21,3,1,0,1,6,2,0,0,0,0,0,0,1
57,16,0,37,2,2,0,3,0,0,0,0,0,0,0,0,0
27,8,0,15,2,0,1,1,0,0,0,0,0,0,0,0,1
38,5,7,22,3,0,1,2,6,0,0,0,0,0,0,0,1
24,20,0,0,1,0,0,0,0,0,0,0,0,0,0,0,1
43,17,0,19,2,1,0,1,0,0,0,0,0,0,0,0,1
39,14,0,21,2,2,0,3,0,0,0,0,0,0,0,0,1
132,14,24,23,8,5,2,5,2,5,1,0,1,0,0,0,0
15,12,0,0,1,0,0,0,0,0,0,0,0,0,0,0,1
109,5,16,20,8,0,0,5,1,11,2,0,0,0,0,0,1
55,4,6,26,3,0,2,3,7,2,0,0,0,0,0,0,0
11,11,0,0,3,0,0,0,8,0,0,0,0,1,0,0,1
76,16,0,57,2,4,0,4,4,0,0,0,0,0,0,0,1
38,18,0,14,3,0,0,2,0,0,0,0,0,0,0,0,1
33,4,0,25,1,0,0,4,0,0,0,0,0,0,0,0,0
55,11,4,35,3,3,0,2,4,0,0,0,0,0,0,0,0
67,7,0,57,1,0,0,5,23,0,0,0,0,0,0,0,0
31,12,0,15,1,1,0,2,0,0,0,0,0,0,0,0,1
82,10,0,68,1,6,0,3,5,0,0,0,0,0,0,0,0
56,16,0,36,2,1,0,3,0,2,0,0,0,0,0,0,0
19,7,0,8,1,0,0,1,1,0,0,0,0,0,0,1,1
20,7,0,9,1,0,0,1,8,0,0,0,0,0,0,0,0
31,6,0,21,2,0,0,3,4,0,0,0,0,0,0,0,1
126,8,0,10,2,2,0,1,8,14,0,0,0,0,0,0,1
58,10,0,44,2,0,3,3,5,0,0,0,0,0,0,0,0
48,9,0,36,2,2,0,3,1,0,0,0,0,0,0,0,1
82,10,0,10,2,2,1,1,10,8,0,0,0,0,0,0,1
27,4,5,13,2,0,0,2,4,0,0,0,0,0,0,0,1
19,7,0,9,1,0,0,1,0,0,0,0,0,0,0,0,1
155,8,0,10,2,2,1,1,9,18,0,0,0,0,0,0,1
41,3,0,34,2,0,1,4,2,0,0,0,0,0,0,0,0
45,8,0,33,1,1,0,3,9,0,0,0,0,0,0,0,0
60,11,0,45,2,6,0,4,11,0,0,0,0,0,0,0,1
25,12,0,9,1,0,0,1,0,0,0,0,0,0,0,0,1
134,23,0,10,2,5,1,1,5,10,0,0,0,0,0,0,1
60,8,0,46,2,3,0,5,6,0,0,0,0,0,0,0,0
30,9,0,18,1,0,0,2,3,1,0,0,0,0,0,0,0
25,21,0,0,1,0,0,0,0,0,0,0,0,0,0,0,0
172,3,62,103,2,0,0,3,0,0,2,0,1,0,0,0,1
112,18,0,90,1,15,0,1,8,0,0,0,0,0,1,0,0
63,6,0,51,3,4,0,3,0,0,0,0,0,0,0,0,1
54,16,0,34,2,1,0,4,0,0,0,0,0,0,0,0,1
49,3,20,22,4,0,0,3,0,0,1,0,0,0,0,0,1
117,15,0,10,2,1,1,1,2,14,0,0,0,0,0,0,1
20,16,0,0,1,3,0,0,0,0,0,0,0,0,0,0,0
37,9,0,24,1,0,0,3,0,0,1,0,0,0,0,0,0
244,12,0,41,9,0,1,9,8,27,1,0,1,0,0,0,1
8,4,0,0,1,0,0,0,0,0,0,0,0,0,0,0,0
71,18,0,10,3,0,1,1,1,6,0,0,0,0,0,0,1
26,14,0,8,2,1,0,1,0,0,0,0,0,0,0,0,0
26,14,0,8,2,0,0,1,0,0,0,0,0,0,0,0,1
33,15,0,11,3,0,0,1,0,0,0,0,0,0,0,0,1
18,11,0,0,2,0,0,0,0,0,0,0,0,0,0,0,0
40,12,0,24,2,0,2,1,0,0,0,0,0,0,0,0,0
123,4,35,4,4,1,1,2,29,4,0,0,1,0,0,0,0
91,21,58,7,6,3,0,1,4,0,3,0,1,0,0,0,0
45,9,0,32,2,1,0,2,0,0,0,0,0,0,0,0,0
100,8,0,88,1,14,0,2,0,0,0,0,0,0,0,0,0
41,7,0,30,4,0,0,3,0,0,0,0,0,0,0,0,1
53,12,0,21,3,0,0,2,3,4,0,0,0,0,0,0,1
100,5,4,86,8,0,0,5,15,0,0,0,1,1,0,0,1
114,11,0,10,2,6,1,1,20,10,0,0,0,0,0,0,1
24,4,0,16,1,0,0,2,7,0,0,0,0,0,0,0,0
30,6,10,10,3,0,0,1,0,0,0,0,0,0,0,0,1
63,10,0,10,2,0,1,1,2,6,0,0,0,0,0,0,1
17,11,0,0,2,0,0,0,1,0,0,0,0,0,0,0,1
68,8,14,41,3,4,0,1,0,0,0,0,0,0,0,0,1
20,7,0,9,1,0,0,1,0,0,0,0,0,0,0,0,1
90,17,0,10,2,0,1,1,3,10,0,0,0,0,0,0,1
219,10,0,49,6,0,0,3,5,33,4,0,0,0,0,0,1
46,7,18,17,4,1,0,2,0,0,0,0,0,0,0,0,1
24,5,0,15,2,0,0,1,0,0,0,0,0,0,0,0,0
33,9,2,17,2,0,1,2,0,0,0,0,0,0,0,0,0
244,12,0,41,9,0,1,9,8,27,1,0,1,0,0,0,1
196,14,0,178,1,0,0,2,0,0,0,0,0,0,0,0,1
19,14,0,5,3,0,0,1,11,0,0,0,0,1,0,0,1
29,15,0,7,2,0,0,1,0,0,0,0,0,0,0,0,1
11,7,0,0,1,0,0,0,0,0,0,0,0,0,0,0,1
27,14,0,9,1,0,0,1,4,0,0,0,0,0,0,0,1
37,4,0,29,1,0,0,3,4,1,0,0,0,0,0,0,0
91,12,0,10,2,0,0,1,4,10,0,0,0,0,0,0,0
158,15,0,96,6,2,3,8,7,2,1,0,1,0,0,0,1
78,8,0,10,2,0,1,1,5,10,0,0,0,0,0,0,1
118,15,0,38,3,0,0,4,30,4,0,0,0,0,0,0,1
30,26,0,0,1,0,0,0,0,0,0,0,0,0,0,0,1
55,11,0,40,1,4,0,3,0,0,0,0,0,0,0,0,1
86,21,0,61,2,0,0,4,18,0,0,0,0,0,0,0,1
25,9,0,10,2,0,0,1,3,0,0,0,0,0,0,0,1
20,14,0,6,3,0,0,1,11,0,0,0,0,1,0,0,1
104,12,0,10,2,0,1,1,22,6,0,0,0,0,0,0,1
23,7,3,8,2,0,0,1,0,1,0,0,0,0,0,0,1
27,7,0,17,1,1,0,2,0,0,1,0,0,0,0,0,1
161,18,23,11,3,0,2,1,11,16,0,0,0,0,0,0,1
41,9,2,25,2,0,1,2,4,0,0,0,0,0,0,0,0
26,8,13,0,2,0,0,0,0,0,0,0,0,0,0,0,0
21,17,0,0,1,0,0,0,0,0,0,0,0,0,0,0,0
72,9,2,56,2,0,6,2,6,1,0,0,0,0,0,0,0
22,13,0,3,4,0,0,1,15,0,0,0,0,1,0,0,1
25,8,0,13,1,0,0,2,3,0,0,0,0,0,0,0,1
103,13,13,72,4,0,0,6,21,0,0,0,0,0,0,0,1
52,21,0,27,1,3,0,2,0,0,0,0,0,0,0,0,1
155,12,0,17,3,2,1,2,5,16,0,0,0,0,0,0,1
170,16,0,148,3,2,0,10,48,0,2,0,1,0,0,0,0
101,9,0,86,2,9,0,3,2,0,0,0,0,0,0,0,0
17,3,0,11,1,0,0,1,0,0,0,0,0,0,0,1,1
27,11,4,8,2,1,0,1,1,1,0,0,0,0,0,0,1
20,8,0,8,1,0,0,1,2,0,0,0,0,0,0,0,1
58,8,0,46,2,7,0,1,0,0,0,0,0,0,0,0,0
68,10,10,43,3,0,1,5,26,3,0,1,0,0,0,0,1
31,11,0,16,1,0,1,2,0,0,0,0,0,0,0,0,0
51,15,0,10,2,0,0,1,2,4,0,0,0,0,0,0,1
182,4,0,18,1,2,2,5,34,28,0,0,0,0,0,0,0
158,15,0,96,6,2,3,8,7,2,1,0,1,0,0,0,1
23,14,0,6,1,0,0,1,0,0,0,0,1,0,0,0,1
49,13,0,33,2,4,0,1,8,0,0,0,0,0,0,0,0
71,9,0,10,2,0,1,1,5,8,0,0,0,0,0,0,1
30,9,0,17,2,0,0,2,0,0,0,0,0,0,0,0,1
30,7,0,13,2,0,0,1,2,2,0,0,0,0,0,0,1
52,18,0,31,1,0,0,5,0,0,1,0,0,0,0,0,1
541,11,0,35,3,1,0,4,131,2,0,0,1,0,0,0,1
131,9,0,10,2,2,1,1,3,18,0,0,0,0,0,0,1
62,5,0,51,2,4,0,2,0,0,0,0,0,0,0,0,1
76,16,0,10,2,1,1,1,4,8,0,0,0,0,0,0,1
23,12,0,4,2,0,0,1,1,0,0,0,0,0,0,0,1
91,4,0,83,1,10,0,3,6,0,0,0,0,0,0,0,0
63,9,0,50,1,2,2,3,0,0,0,0,0,0,0,0,0
44,16,0,12,2,0,0,1,4,4,0,0,0,0,0,0,0
45,8,0,33,2,0,2,3,0,0,0,0,0,0,0,0,0
28,6,5,12,3,0,0,1,0,0,0,0,0,0,0,0,0
27,11,0,12,2,0,0,1,0,0,0,0,0,0,0,0,1
33,9,0,11,2,0,0,1,5,2,0,0,0,0,0,0,1
48,15,0,30,3,1,0,2,0,0,0,0,0,0,0,0,1
43,6,0,33,2,0,2,2,0,0,0,0,0,0,0,0,0
52,14,0,34,1,5,0,1,0,0,0,0,0,0,0,0,0
28,15,0,7,4,0,0,1,17,0,0,0,0,1,0,0,1
80,16,0,10,2,0,1,1,6,8,0,0,0,0,0,0,1
37,27,0,6,1,0,0,1,0,0,0,0,0,0,0,0,0
36,13,0,19,2,0,0,1,0,0,0,0,0,0,0,0,1
62,16,0,28,2,1,0,3,2,4,0,0,0,0,0,0,0
100,5,0,10,2,2,0,1,4,12,0,0,0,0,0,0,1
38,7,0,27,2,0,0,2,0,0,0,0,0,0,0,0,0
56,9,0,21,3,1,0,7,0,1,1,0,1,0,0,0,1
41,13,0,24,2,0,1,2,0,0,0,0,0,0,0,0,0
89,9,0,21,5,1,0,12,1,2,1,0,1,0,0,0,1
110,5,16,20,7,1,0,5,1,11,2,0,1,0,0,0,1
45,5,6,29,2,0,0,3,10,0,0,0,0,0,0,0,0
244,5,5,12,12,0,0,2,55,25,1,0,1,0,0,0,1
17,9,0,1,1,1,0,1,0,2,0,0,0,0,0,0,1
23,2,0,17,1,0,0,2,1,0,0,0,0,0,0,0,1
25,7,0,14,2,0,0,1,0,0,0,0,0,0,0,0,1
33,9,6,13,2,0,1,1,0,0,0,0,0,0,0,0,0
64,7,5,47,2,4,0,2,0,0,0,0,0,0,0,0,0
36,5,0,27,2,1,0,2,0,0,0,0,0,0,0,0,0
41,10,0,27,1,3,0,2,0,0,0,0,0,0,0,0,0
22,7,0,11,1,0,0,1,0,0,0,0,0,0,0,0,1
58,14,0,41,2,3,0,4,12,0,0,0,0,0,0,0,1
24,10,0,7,2,0,0,1,0,0,0,0,0,0,0,0,1
170,11,0,31,2,0,0,4,24,6,0,0,0,0,0,0,1
82,6,0,10,2,1,1,1,4,8,0,0,0,0,0,0,1
43,7,3,28,2,1,0,3,0,0,0,0,0,0,0,0,0
28,14,0,10,1,0,0,1,3,0,0,0,0,0,0,0,1
70,3,0,64,1,6,0,4,9,0,0,0,0,0,0,0,1
194,5,0,185,1,6,0,4,62,54,0,0,0,0,0,0,0
18,8,0,6,1,0,0,1,2,0,0,0,0,0,0,0,1
48,12,0,33,4,0,0,5,2,0,0,0,1,0,0,0,1
8,4,0,0,1,0,0,0,0,0,0,0,0,0,0,0,0
99,14,0,81,1,10,0,5,23,0,0,0,0,0,0,0,0
96,17,0,75,1,11,0,1,2,0,0,0,0,0,0,0,0
67,6,0,21,3,0,1,1,10,4,0,0,0,0,0,0,0
27,3,7,13,3,1,0,2,0,0,0,0,0,0,0,0,1
29,12,0,10,2,0,0,1,0,0,0,0,0,0,0,0,1
99,20,0,10,2,0,3,1,5,10,0,0,0,0,0,0,1
198,8,7,12,3,0,0,1,3,32,1,0,0,0,0,0,1
94,8,0,82,1,4,0,6,8,0,0,0,0,0,0,0,0
139,6,0,129,1,19,0,2,7,0,0,0,0,0,0,0,0
30,6,0,20,1,2,0,2,7,0,0,0,0,0,0,0,0
85,8,9,63,7,0,0,4,6,2,0,0,0,0,0,0,0
40,7,0,29,2,0,2,1,10,0,0,0,0,0,0,0,0
144,17,0,10,2,0,1,1,7,18,0,0,0,0,0,0,1
18,14,0,0,1,0,0,0,0,0,0,0,0,0,0,0,0
25,13,0,9,1,0,0,1,1,0,0,0,0,0,0,0,1
31,7,0,6,1,0,0,1,2,2,0,0,0,0,0,0,0
35,5,5,20,2,1,0,1,0,0,0,0,0,0,0,0,0
32,9,0,18,1,0,1,1,0,0,0,0,0,0,1,0,0
22,8,0,10,1,0,0,2,4,0,0,0,0,0,0,0,0
32,7,3,18,2,1,0,2,0,0,0,0,0,0,0,0,1
14,10,0,0,1,0,0,0,0,0,0,0,0,0,0,0,1
54,8,0,1,1,0,0,5,17,4,0,0,0,0,0,0,1
35,12,0,19,2,0,0,1,6,0,0,0,0,0,0,0,0
22,12,0,6,1,0,0,1,0,0,0,0,0,0,0,0,1
28,13,0,11,1,0,0,1,0,0,0,0,0,0,0,0,1
52,8,0,41,3,0,0,3,0,0,0,0,0,0,0,0,1
17,13,0,0,1,0,0,0,0,0,0,0,0,0,0,0,1
45,6,0,32,2,2,0,2,0,0,0,0,0,0,0,0,1
107,5,0,96,2,13,0,4,19,0,0,0,0,0,0,0,0
250,6,8,231,5,7,7,11,32,11,2,0,0,0,0,0,1
24,20,0,0,1,0,0,0,0,0,0,0,0,0,0,0,1
77,14,0,59,1,1,0,4,19,0,1,0,0,0,0,0,0
101,10,0,5,4,1,0,4,1,10,2,0,0,0,0,0,0
19,9,0,6,1,0,0,1,0,0,0,0,0,0,0,0,1
31,10,0,17,1,0,1,1,0,0,0,0,0,0,0,0,0
29,12,0,13,1,0,0,2,4,0,0,0,0,0,0,0,0
42,10,0,19,2,0,0,2,5,2,0,0,0,0,0,0,0
77,9,0,16,4,0,0,5,0,4,2,0,1,0,0,0,1
114,8,0,13,2,9,0,1,5,5,0,0,0,0,0,0,0
20,16,0,0,1,0,0,0,0,0,0,0,0,0,0,0,0
62,7,7,43,2,0,0,3,20,1,0,0,0,0,0,0,1
33,10,18,0,2,2,0,0,0,0,0,0,0,0,0,0,0
81,25,0,52,2,5,0,3,10,0,0,0,0,0,0,0,0
107,10,0,10,2,6,1,1,8,10,0,0,0,0,0,0,1
53,8,0,42,2,2,0,3,0,0,0,0,0,0,0,0,1
123,4,35,4,4,1,1,2,29,4,0,0,1,0,0,0,0
43,7,0,32,1,2,1,3,0,0,0,0,0,0,0,0,0
31,8,4,14,2,0,0,2,0,1,0,0,0,0,0,0,1
74,13,0,57,2,1,1,3,10,0,0,0,0,0,1,0,1
111,6,0,34,4,4,1,8,0,5,1,0,1,0,0,0,1
40,8,0,28,1,1,0,5,6,0,0,0,0,0,0,0,0
63,13,0,46,1,5,0,2,6,0,0,0,0,0,0,0,0
172,3,62,103,2,0,0,3,0,0,2,0,1,0,0,0,1
65,19,0,42,1,0,0,4,26,0,1,0,1,0,0,0,1
46,12,0,30,1,1,2,2,0,0,0,0,0,0,0,0,0
37,13,0,20,2,0,0,1,0,0,0,0,0,0,0,0,1
52,12,0,36,4,0,0,4,0,0,1,0,0,0,0,0,0
25,5,13,0,3,0,0,0,0,0,0,0,0,0,0,0,0
12,8,0,0,1,0,0,0,0,0,0,0,0,0,0,0,0
18,13,0,5,3,0,0,1,14,0,0,0,0,1,0,0,1
50,5,0,26,3,1,0,4,2,2,1,0,0,0,0,0,1
69,10,0,37,5,1,0,4,11,2,0,0,0,1,0,0,1
158,15,0,96,6,2,3,8,7,2,1,0,1,0,0,0,1
117,5,16,47,8,0,0,7,1,11,2,0,1,0,0,0,1
24,9,0,11,1,0,0,1,2,0,0,0,0,0,0,0,1
25,10,0,11,1,0,0,1,2,0,0,0,0,0,0,0,1
84,13,0,10,3,0,1,1,3,8,0,0,0,0,0,0,1
142,14,0,10,3,6,1,1,19,10,0,0,0,0,0,0,1
80,16,26,33,2,2,0,1,22,0,3,0,0,0,0,0,1
129,19,0,74,4,1,1,5,21,3,0,1,0,0,0,0,1
43,30,8,0,2,0,0,0,4,0,0,0,0,0,0,0,1
134,8,0,122,1,18,0,4,8,0,0,0,0,0,0,0,0
41,7,0,31,2,0,0,4,0,0,0,0,0,0,0,0,1
42,9,0,29,1,2,0,2,0,0,0,0,0,0,0,0,1
38,9,0,25,1,0,0,5,5,0,0,0,0,0,0,0,0
23,4,0,15,1,0,0,2,7,0,0,0,0,0,0,0,0
104,12,0,10,4,0,1,1,10,12,0,0,0,0,0,0,1
34,5,6,18,2,0,2,1,0,0,0,0,0,0,0,0,0
45,14,0,28,2,1,0,3,0,0,0,0,0,0,0,0,1
89,9,0,21,5,1,0,12,1,2,1,0,1,0,0,0,1
23,13,0,6,1,0,0,1,0,0,0,0,0,0,0,0,1
28,8,0,16,2,1,0,1,0,0,0,0,0,0,0,0,0
41,4,3,26,3,0,0,3,0,1,0,0,0,0,0,0,1
68,4,12,48,3,1,0,2,23,0,0,0,0,0,0,0,1
53,6,0,44,2,0,0,6,0,0,0,0,0,0,0,0,1
58,18,0,37,3,2,0,3,0,0,0,0,0,0,0,0,1
32,10,0,18,2,0,0,2,0,0,0,0,0,0,0,0,1
39,4,0,31,1,0,0,4,0,0,0,0,0,0,0,0,0
25,14,7,0,2,0,0,0,0,0,0,0,0,0,0,0,1
220,12,20,36,4,2,1,3,50,8,1,0,0,0,0,0,1
36,6,0,26,2,0,0,3,0,0,0,0,0,0,0,0,1
29,6,0,19,1,2,0,2,0,0,0,0,0,0,0,0,1
60,15,0,41,2,1,0,5,0,0,0,0,0,0,0,0,0
20,16,0,0,1,0,0,0,0,0,0,0,0,0,0,0,0
13,9,0,0,1,0,0,0,4,0,0,0,0,0,0,0,1
35,4,13,17,2,1,0,1,0,1,1,0,0,0,0,0,1
104,5,0,13,4,0,0,6,1,10,2,0,1,0,0,0,1
24,10,0,10,1,0,0,2,0,0,0,0,0,0,0,0,0
47,14,7,21,3,1,0,2,4,0,0,0,0,0,0,0,0
38,11,0,20,3,0,0,2,0,0,0,0,0,0,0,0,1
155,10,0,141,2,4,0,2,55,22,0,0,0,0,0,0,1
21,4,0,13,2,0,0,1,0,0,0,0,0,0,0,0,1
43,10,0,6,1,0,0,1,12,6,0,0,0,0,0,0,0
72,7,0,61,2,5,0,4,0,0,0,0,0,0,0,0,0
104,13,0,87,2,8,0,1,3,7,0,0,0,0,0,0,0
68,11,0,54,1,3,0,5,1,0,0,0,0,0,0,0,0
41,13,23,0,2,2,0,0,7,0,0,0,0,0,0,0,1
63,4,24,27,6,0,1,2,0,0,1,0,0,0,0,0,0
31,7,0,6,1,0,0,1,2,2,0,0,0,0,0,0,0
30,10,0,16,1,1,0,2,0,0,0,0,0,0,0,0,1
84,9,15,55,3,4,0,7,4,0,0,0,0,0,0,0,0
92,19,0,69,4,0,0,5,2,0,0,0,1,0,0,0,1
87,4,0,79,1,14,0,3,8,0,0,0,0,0,0,0,0
42,3,11,23,3,0,0,2,2,0,0,0,0,0,0,0,1
88,6,0,78,5,3,0,5,0,0,1,0,0,0,0,0,0
31,7,0,20,2,0,1,2,0,0,0,0,0,0,0,0,1
50,12,0,34,2,0,0,4,18,0,0,0,0,0,0,0,0
34,9,0,22,2,0,0,2,3,0,0,0,0,0,0,0,1
25,12,0,9,1,0,0,2,0,0,0,0,0,0,0,0,1
18,5,0,9,1,0,0,1,8,0,0,0,0,0,0,0,0
85,20,0,18,2,2,0,2,3,8,0,0,0,0,0,0,1
18,14,0,0,1,0,0,0,0,0,0,0,0,0,0,0,1
110,19,0,11,2,1,1,1,2,12,0,0,0,0,0,0,1
93,13,0,76,1,9,0,3,8,0,0,0,0,0,0,0,0
47,10,0,15,2,1,0,2,4,4,0,0,0,0,0,0,0
31,7,0,6,1,1,0,1,2,2,0,0,0,0,0,0,0
33,5,0,25,1,0,0,4,1,0,0,0,0,0,0,0,1
42,8,2,27,2,1,0,5,8,0,0,0,0,0,0,0,0
81,20,0,10,2,0,1,1,4,8,0,0,0,0,0,0,1
72,11,0,58,2,5,0,2,0,0,0,0,0,0,0,0,1
73,6,0,63,1,7,0,3,16,0,0,0,0,0,0,0,0
135,15,0,117,4,3,1,10,16,0,2,0,0,0,0,0,0
23,14,0,6,1,0,0,1,0,0,0,0,1,0,0,0,1
50,8,0,38,1,3,0,2,8,0,0,0,0,0,0,0,0
30,13,0,14,2,0,0,2,0,0,0,0,0,0,0,0,1
78,13,0,61,2,1,0,6,23,0,1,0,0,0,0,0,1
40,6,0,30,2,1,1,1,0,0,0,0,0,0,0,0,0
89,11,0,10,3,0,1,1,1,8,0,0,0,0,0,0,1
43,15,8,15,3,0,0,2,0,0,0,0,0,0,0,0,0
65,8,17,35,3,3,0,4,6,0,0,0,0,0,0,0,0
14,10,0,0,1,0,0,0,0,0,0,0,0,0,0,0,0
409,11,111,186,17,5,2,14,114,9,4,0,1,0,0,0,0
49,5,6,33,2,0,0,4,10,0,0,0,0,0,0,0,0
115,6,25,79,2,3,0,1,9,2,0,0,0,0,0,0,1
21,11,0,6,1,1,0,1,0,0,1,0,0,0,0,0,0
32,5,0,23,1,0,0,3,1,0,0,0,0,0,0,0,0
105,8,0,93,1,8,0,4,0,0,0,0,0,0,0,0,0
33,9,0,21,2,0,0,2,6,0,0,0,0,0,0,0,1
23,19,0,0,1,0,0,0,0,0,0,0,0,0,0,0,0
44,6,6,27,4,0,0,1,6,1,0,0,0,0,0,0,1
187,23,0,143,2,4,2,6,49,2,1,0,0,0,0,0,1
72,16,0,50,3,2,0,6,0,0,1,0,0,0,0,0,0
32,15,0,13,2,1,0,2,0,0,0,0,0,0,0,0,1
24,7,0,14,2,0,0,2,0,0,0,0,0,0,0,0,1
57,9,0,45,1,4,0,4,8,0,0,0,0,0,0,0,0
48,2,4,37,3,1,0,4,0,0,0,0,0,0,0,0,1
25,21,0,0,1,0,0,0,0,0,0,0,0,0,0,0,1
52,5,4,38,2,3,0,4,14,0,0,0,0,0,0,0,0
31,4,0,11,2,0,1,2,0,2,0,0,0,0,0,0,0
89,6,0,80,2,12,0,2,19,0,0,0,0,0,0,0,0
15,11,0,0,1,0,0,0,0,0,0,0,0,0,0,0,1
12,6,0,0,2,1,0,0,3,0,0,0,0,0,0,0,1
35,7,0,18,3,0,0,2,0,0,0,0,0,0,0,0,1
27,5,0,18,2,0,1,1,0,0,0,0,0,0,0,0,1
181,3,0,50,2,0,0,4,88,5,1,0,0,0,0,0,1
19,4,0,11,1,0,1,1,0,0,0,0,0,0,0,0,1
23,7,0,12,2,0,0,1,0,0,0,0,0,0,0,0,0
33,17,0,13,1,1,0,2,0,0,0,0,0,0,0,0,1
86,17,0,65,2,7,0,4,5,0,0,0,0,0,0,0,1
19,4,0,11,2,1,0,1,1,0,0,0,0,0,0,0,1
34,3,3,24,3,0,0,3,0,0,0,0,0,0,0,0,1
122,9,0,28,2,0,2,2,27,10,0,0,0,0,0,0,0
29,7,0,18,1,0,0,3,3,0,0,0,0,0,0,0,0
22,6,0,12,1,1,0,1,0,0,0,0,0,0,0,0,0
14,4,6,0,2,0,0,0,0,0,0,0,0,0,0,0,0
46,11,0,31,2,0,0,3,3,0,0,0,0,0,0,0,1
92,19,0,69,4,0,0,5,2,0,0,0,1,0,0,0,1
40,6,0,31,1,2,0,3,0,0,0,0,0,0,0,0,1
129,19,0,106,3,3,0,8,16,1,0,0,0,0,0,0,1
53,12,0,10,2,0,1,1,0,4,1,0,0,0,0,0,1
46,9,2,30,2,0,2,2,0,2,0,0,0,0,0,0,0
87,4,0,79,1,12,0,2,2,0,0,0,0,0,0,0,0
32,3,0,25,2,0,0,4,0,0,0,0,0,0,0,0,1
70,5,0,50,2,0,0,2,0,2,0,0,0,0,0,0,1
94,8,0,79,3,15,0,2,6,0,0,0,0,0,0,0,0
56,8,19,24,3,0,3,1,8,0,0,0,0,0,0,0,0
39,15,0,17,4,0,0,2,0,0,0,0,0,0,0,0,1
52,9,0,39,2,0,1,4,0,0,0,0,0,0,0,0,0
31,5,0,22,1,0,0,3,0,0,0,0,0,0,1,0,1
63,11,0,31,2,0,0,3,2,4,0,0,0,0,0,0,1
70,7,0,10,2,0,1,1,2,8,0,0,0,0,0,0,1
92,19,0,69,4,0,0,5,2,0,0,0,1,0,0,0,1
244,5,5,12,12,0,0,2,55,25,1,0,1,0,0,0,1
35,17,0,14,2,0,0,1,0,0,0,0,0,0,0,0,0
113,16,0,10,3,0,1,1,11,10,0,0,0,0,0,0,1
110,5,16,20,7,1,0,5,1,11,2,0,1,0,0,0,1
81,4,0,15,3,0,1,2,6,8,0,0,0,0,0,0,1
41,9,10,17,2,0,1,2,0,0,0,0,0,0,0,0,0
30,7,0,16,3,1,0,1,0,0,1,0,0,0,0,0,1
46,17,0,25,1,0,2,2,0,2,0,0,0,0,0,0,0
94,16,0,74,4,3,0,3,11,0,1,0,0,0,0,0,0
31,8,0,19,1,0,0,2,0,0,0,0,0,0,0,0,0
25,14,0,8,1,1,0,2,2,0,0,0,0,0,0,0,1
103,12,0,88,5,2,0,3,22,15,0,0,0,0,0,0,0
74,9,0,61,2,6,0,3,1,0,0,0,0,0,0,0,1
96,18,0,10,2,1,1,1,5,10,0,0,0,0,0,0,1
23,7,0,12,2,0,1,1,7,0,0,0,0,0,0,0,1
25,3,0,18,2,0,0,2,0,0,0,0,0,0,0,0,1
29,8,0,17,2,0,0,1,0,0,0,0,0,0,0,0,1
371,12,28,34,3,7,4,3,55,16,2,0,0,0,0,0,0
117,5,16,47,8,0,0,7,1,11,2,0,1,0,0,0,1
57,7,0,46,1,0,0,3,22,0,0,0,0,0,0,0,1
1666,5,2,3,17,20,7,1,545,75,0,0,1,0,0,0,1
62,6,8,43,3,0,0,5,12,0,1,0,0,0,0,0,1
42,14,0,24,1,1,1,2,0,0,0,0,0,0,0,0,1
129,14,0,31,2,0,0,4,9,6,0,0,0,0,0,0,1
239,12,0,18,3,1,1,4,88,11,1,0,0,1,0,0,1
38,13,0,18,3,0,0,2,0,0,0,0,0,0,0,0,1
72,16,0,53,3,1,0,6,0,0,0,0,0,0,0,0,0
22,6,0,12,1,0,0,3,3,0,0,0,0,0,0,0,0
68,11,0,53,2,6,0,3,9,0,0,0,0,0,0,0,1
33,4,0,26,2,0,0,3,0,0,1,0,0,0,0,0,0
76,6,0,66,1,6,0,3,5,0,0,0,0,0,0,0,0
51,18,0,10,2,0,0,1,6,4,0,0,0,0,0,0,0
17,13,0,0,1,0,0,0,0,0,0,0,0,0,0,0,0
59,15,0,40,1,5,0,2,0,0,1,0,0,0,0,0,1
90,11,0,39,4,0,0,4,1,5,0,0,0,0,0,0,1
30,26,0,0,1,0,0,0,0,0,0,0,0,0,0,0,0
23,10,0,7,3,0,0,1,0,0,0,0,0,0,0,0,1
30,6,0,20,2,2,0,1,0,0,0,0,0,0,0,0,1
52,3,5,40,3,0,0,5,0,0,1,0,0,0,0,0,1
203,11,0,36,3,1,1,5,79,4,2,0,0,0,0,0,0
27,9,0,14,2,0,0,2,0,0,0,0,0,0,0,0,0
46,16,0,26,2,0,0,3,0,0,0,0,0,0,0,0,1
27,9,0,14,1,0,0,2,3,0,0,0,0,0,0,0,1
54,3,0,47,2,0,0,6,0,0,0,0,0,0,0,0,1
98,9,0,85,1,8,0,3,4,0,0,0,0,0,0,0,0
31,7,0,20,1,0,0,3,7,0,0,0,0,0,0,0,0
42,4,0,31,3,0,0,3,0,0,1,0,0,0,0,0,0
110,14,0,43,2,3,2,4,3,6,0,0,0,0,0,0,1
71,9,11,10,3,0,0,1,3,6,0,0,0,0,0,0,0
27,6,7,9,2,0,1,1,0,0,0,0,0,0,0,0,1
53,18,2,28,3,0,0,3,5,0,0,0,0,0,0,0,1
45,10,0,31,1,3,0,2,0,0,0,0,0,0,0,0,1
36,7,0,25,1,0,0,2,14,0,0,0,0,0,0,0,0
70,13,52,0,2,0,0,0,3,0,0,0,0,0,0,0,1
20,8,0,8,1,0,0,1,4,0,0,0,0,0,0,0,1
59,14,0,41,2,3,0,3,4,0,0,0,0,0,0,0,0
32,11,4,12,2,0,0,2,0,0,0,0,0,0,0,0,1
9,6,0,0,1,0,0,0,0,0,0,0,0,0,0,0,1
27,14,0,7,4,0,0,1,16,0,0,0,0,1,0,0,1
50,25,0,22,2,2,0,3,0,0,0,0,0,0,0,0,1
23,9,0,10,1,0,0,1,4,0,0,0,0,0,0,0,1
17,7,0,6,1,0,0,1,0,0,0,0,0,0,0,0,0
116,26,21,9,4,0,0,2,9,8,1,0,0,0,0,0,1
89,9,0,21,5,1,0,12,1,2,1,0,1,0,0,0,1
136,41,0,10,2,2,1,1,7,12,0,0,0,0,0,0,1
43,14,0,12,1,0,0,3,10,2,0,0,0,0,0,0,1
21,8,0,10,1,0,0,1,3,0,0,0,0,0,0,0,1
27,14,0,7,4,0,0,1,16,0,0,0,0,1,0,0,1
89,9,0,59,3,1,0,7,0,4,2,0,1,0,0,0,1
14,10,0,0,1,0,0,0,0,0,0,0,0,0,0,0,0
53,12,0,38,2,0,0,4,4,0,0,0,0,0,0,0,1
32,6,0,22,1,2,0,2,8,0,0,0,0,0,0,0,0
29,6,0,19,2,0,0,2,0,0,0,0,0,0,0,0,1
72,17,0,51,2,0,0,3,20,0,0,0,0,0,0,0,0
10,6,0,0,1,0,0,0,0,0,0,0,0,0,0,0,0
88,14,0,56,1,4,0,4,6,2,0,0,0,0,0,0,1
76,15,0,10,2,0,1,1,4,8,0,0,0,0,0,0,1
24,13,0,11,4,0,0,1,11,0,0,0,0,1,0,0,1
23,11,7,0,2,0,0,0,0,0,0,0,0,0,0,0,0
53,10,0,39,2,3,2,2,5,0,0,0,0,0,0,0,0
18,9,0,6,1,0,0,1,0,0,0,0,1,0,0,0,1
65,7,0,54,1,4,0,3,21,0,0,0,0,0,0,0,0
46,12,0,12,2,0,0,1,0,2,0,0,0,0,0,0,0
166,7,0,155,3,5,3,13,0,2,5,0,1,0,0,0,0
96,7,0,5,2,0,1,1,11,13,0,0,1,0,0,0,0
33,7,6,15,3,1,0,2,7,0,0,0,0,0,0,0,0
53,10,0,39,3,1,0,4,6,0,0,0,0,0,0,0,0
22,18,0,0,1,0,0,0,0,0,0,0,0,0,0,0,0
21,7,0,10,1,0,0,1,1,0,0,0,0,0,0,0,1
43,17,0,23,2,0,0,1,0,0,0,0,0,0,0,0,1
31,7,0,20,1,0,0,2,0,1,0,0,0,0,0,0,0
72,7,11,49,2,3,0,3,0,0,0,0,0,0,0,0,0
88,10,0,49,2,4,0,3,4,4,0,0,0,0,0,0,0
33,9,0,20,2,0,0,2,2,0,0,0,0,0,0,0,1
27,14,0,13,3,0,0,2,11,0,0,0,0,1,0,0,1
12,7,1,0,2,0,0,0,0,0,0,0,0,0,1,0,1
60,25,0,29,3,4,0,1,0,0,0,0,0,0,0,0,1
91,14,4,4,3,0,0,2,8,3,0,0,0,0,0,0,1
27,13,0,11,2,0,0,1,0,0,0,0,0,0,0,0,1
16,12,0,0,1,0,0,0,0,0,0,0,0,0,0,0,0
39,8,0,24,2,0,0,3,0,0,0,0,0,0,0,0,1
68,7,37,19,3,0,0,2,3,0,0,0,0,0,0,0,1
121,5,16,20,8,0,0,5,1,14,2,0,0,0,0,0,0
31,9,0,18,1,0,0,2,0,0,0,0,0,0,0,0,1
97,5,0,10,2,1,1,1,5,10,0,0,0,0,0,0,1
21,12,0,6,1,0,0,1,1,0,0,0,0,0,0,0,1
34,3,2,13,3,0,0,1,7,2,0,0,0,0,0,0,0
122,6,0,109,3,12,0,5,5,0,0,0,0,0,0,0,1
51,11,10,25,2,1,1,1,0,0,0,0,0,0,0,0,0
58,15,0,39,1,4,0,1,0,0,0,0,0,0,0,0,0
117,5,16,47,8,0,0,7,1,11,2,0,1,0,0,0,1
28,7,4,12,3,0,0,2,4,0,0,0,0,0,0,0,1
46,8,0,34,2,2,0,2,5,0,0,0,0,0,0,0,0
47,2,4,36,2,1,1,6,5,0,0,0,0,0,0,0,0
21,8,0,9,1,0,0,1,0,0,0,0,0,0,0,0,1
58,3,0,37,2,0,0,4,5,2,0,0,0,0,0,0,0
105,9,0,45,4,1,0,6,5,2,0,0,1,0,0,0,1
34,5,24,0,2,0,0,0,0,0,0,0,0,0,0,0,0
81,7,0,70,2,0,1,3,6,0,0,0,0,0,0,0,0
98,21,0,73,2,1,1,5,17,0,1,0,0,0,0,0,1
73,10,0,10,2,1,1,1,5,6,0,0,0,0,0,0,1
22,7,0,11,1,0,0,1,1,0,0,0,0,0,0,0,1
14,10,0,0,1,0,0,0,0,0,0,0,0,0,0,0,0
18,6,0,8,1,0,0,1,4,0,0,0,0,0,0,0,1
12,8,0,0,1,0,0,0,0,0,0,0,0,0,0,0,0
39,12,0,23,1,0,2,2,8,0,0,0,0,0,0,0,0
22,5,0,13,2,0,0,1,0,0,0,0,0,0,0,0,1
108,4,0,25,1,0,6,3,15,16,0,0,0,0,0,0,0
56,4,14,32,4,3,0,2,4,0,0,0,0,0,0,0,1
48,12,0,33,4,0,0,5,2,0,0,0,1,0,0,0,1
72,4,4,59,6,0,1,4,21,0,0,0,0,0,0,0,1
20,7,0,9,1,0,0,1,8,0,0,0,0,0,0,0,0
44,4,12,24,3,1,0,2,5,0,0,0,0,0,0,0,1
22,6,11,0,2,0,0,0,1,0,0,0,0,0,0,0,0
45,3,6,31,2,1,0,3,0,0,0,0,0,0,0,0,0
22,10,0,8,1,0,0,1,2,0,0,0,0,0,0,0,1
40,16,0,20,2,1,0,1,0,0,0,0,0,0,0,0,0
26,13,0,7,4,0,0,1,15,0,0,0,0,1,0,0,1
90,9,0,34,2,2,0,4,3,8,0,0,0,0,0,0,1
22,13,0,6,1,1,0,1,0,0,2,0,0,0,0,0,0
77,14,0,60,2,0,0,3,21,0,1,0,0,0,0,0,1
136,14,4,78,5,0,0,2,38,3,0,0,0,0,0,0,1
23,13,0,10,4,0,0,1,12,0,0,0,0,1,0,0,1
90,7,0,77,6,0,0,8,0,0,0,0,1,0,0,0,1
26,8,0,11,2,0,0,2,0,0,0,0,0,0,0,0,1
58,5,7,15,2,0,0,2,15,2,0,0,0,0,0,0,0
27,11,0,12,2,0,0,1,0,0,1,0,0,0,0,0,0
17,12,0,0,1,0,0,0,3,0,0,0,0,0,1,0,0
270,14,0,19,15,0,0,3,63,31,0,0,0,0,0,0,1
22,6,0,13,2,0,0,2,1,0,0,0,0,0,0,0,1
53,10,0,36,2,0,2,2,0,0,0,0,0,0,0,0,1
82,6,0,69,2,0,0,14,7,0,0,0,0,0,0,0,0
15,11,0,0,1,0,0,0,0,0,0,0,0,0,0,0,0
43,9,0,31,2,0,0,3,2,0,0,0,0,0,0,0,1
83,17,0,28,3,1,3,2,10,2,0,1,0,0,0,0,1
60,9,0,47,2,0,0,6,1,1,0,0,0,0,0,0,0
79,5,0,18,2,0,2,2,4,10,0,0,0,0,0,0,1
62,8,0,50,2,0,0,4,0,0,0,0,0,0,0,0,1
75,17,0,54,1,6,0,3,7,0,0,0,0,0,0,0,1
28,12,0,12,1,1,0,1,2,0,0,0,0,0,0,0,1
24,9,0,11,2,0,0,1,0,0,0,0,0,0,0,0,1
66,8,0,54,1,5,0,4,8,0,0,0,0,0,0,0,0
9,5,0,0,1,0,0,0,1,0,0,0,0,0,0,0,0
25,11,5,4,2,0,0,1,0,0,0,0,0,0,0,0,0
74,19,0,40,3,1,0,6,6,2,1,0,0,0,0,0,1
46,10,0,32,2,3,0,1,6,0,0,0,0,0,0,0,0
19,13,0,0,2,0,0,0,0,0,0,0,0,0,0,0,1
38,11,0,23,1,0,0,3,0,0,0,0,0,0,0,0,1
49,13,0,32,2,0,1,3,7,0,0,0,0,0,0,0,0
100,4,8,9,2,0,0,1,32,7,0,0,0,0,0,0,1
34,16,8,5,2,2,0,1,0,0,0,0,0,0,0,0,0
21,17,0,0,1,0,0,0,0,0,0,0,0,0,0,0,1
73,3,3,53,3,3,1,4,21,2,0,0,0,0,0,0,0
37,19,0,11,3,0,0,1,0,0,0,0,0,0,0,0,1
32,5,0,23,1,1,0,3,0,0,0,0,0,0,0,0,0
90,7,0,77,6,0,0,8,0,0,0,0,1,0,0,0,1
105,9,0,93,2,1,1,9,19,0,0,0,0,0,0,0,1
61,13,0,45,1,3,0,3,0,0,0,0,0,0,0,0,1
19,7,8,0,2,0,0,0,6,0,0,0,0,0,0,0,1
67,12,0,10,3,4,0,1,1,2,0,0,0,0,0,0,1
27,8,0,15,1,0,0,1,0,0,0,0,0,0,0,0,0
24,4,15,0,2,0,0,0,1,0,0,0,0,0,0,0,0
28,8,5,10,3,0,0,1,0,0,0,0,0,0,0,0,1
133,10,0,10,5,0,4,1,5,12,0,0,0,0,0,0,1
105,13,0,88,1,11,0,4,8,0,0,0,0,0,0,0,0
187,13,0,10,2,5,1,1,15,14,0,0,0,0,0,0,1
28,19,0,6,1,0,0,1,0,0,0,0,1,0,0,0,1
42,16,0,22,2,1,1,2,0,0,0,0,0,0,0,0,1
108,9,0,45,4,1,0,6,6,2,0,0,1,0,0,0,1
12,8,0,0,1,0,0,0,0,0,0,0,0,0,0,0,0
28,17,0,7,1,0,0,1,3,0,0,0,0,0,0,0,1
23,9,0,10,2,0,0,2,0,0,0,0,0,0,0,0,1
73,10,0,59,1,2,0,7,0,0,0,0,0,0,0,0,1
60,11,0,46,3,2,0,7,8,0,0,0,0,0,0,0,1
37,5,0,28,1,1,0,3,0,0,0,0,0,0,0,0,0
117,5,0,108,1,2,0,4,35,30,0,0,0,0,0,0,0
53,9,0,40,2,0,1,4,0,0,0,0,0,0,0,0,0
48,12,0,33,4,0,0,5,2,0,0,0,1,0,0,0,1
88,6,0,64,1,9,0,2,10,3,0,1,0,0,0,0,0
55,17,0,35,1,1,1,1,7,1,0,0,1,0,0,0,1
67,20,0,43,1,0,3,4,0,0,0,0,0,0,0,0,0
52,9,0,39,2,4,0,2,0,0,0,0,0,0,0,0,0
31,7,0,6,1,0,0,1,2,2,0,0,0,0,0,0,0
99,7,0,6,2,4,0,1,5,7,1,0,1,0,0,0,0
28,6,0,18,2,1,0,1,4,0,0,0,0,0,0,0,0
61,4,3,46,4,0,0,7,4,1,0,0,0,0,0,0,1
45,12,7,22,3,0,3,1,1,0,0,0,0,0,0,0,1
14,7,0,0,2,1,0,0,0,0,0,0,0,0,0,0,1
44,11,0,13,1,0,0,2,4,2,0,0,0,0,0,0,0
28,8,0,16,2,0,0,2,0,0,0,0,0,0,1,0,1
81,6,0,20,3,1,0,8,8,2,0,0,0,0,0,0,0
9,5,0,0,1,0,0,0,0,0,0,0,0,0,0,0,1
57,9,0,44,2,0,1,4,0,0,0,0,0,0,0,0,0
135,19,0,109,2,2,0,8,49,0,0,0,0,0,0,0,1
42,6,29,0,6,0,0,0,4,0,1,0,0,0,0,0,1
50,12,0,34,2,0,0,3,0,0,0,0,0,0,0,0,1
36,17,0,15,1,0,0,1,0,0,0,0,0,0,0,0,0
90,10,0,59,1,8,0,1,21,2,0,0,0,0,0,0,0
80,17,0,10,2,1,0,1,3,10,0,0,0,0,0,0,0
74,13,0,10,5,1,0,4,0,3,2,0,0,0,1,0,0
33,19,0,7,2,0,0,1,0,0,0,0,0,0,0,0,1
39,16,0,19,2,0,0,2,0,0,0,0,0,0,0,0,1
29,7,0,18,1,0,0,3,7,0,0,0,0,0,0,0,0
23,3,7,8,2,0,0,1,2,0,0,0,0,0,0,0,1
68,12,0,53,2,4,0,2,7,0,0,0,0,0,0,0,1
75,6,0,4,4,0,0,5,0,5,2,0,1,0,0,0,0
57,18,0,35,1,1,5,1,0,0,0,0,0,0,0,0,0
59,13,0,11,2,0,0,1,10,9,0,0,0,0,0,0,0
41,4,4,28,3,0,0,4,1,0,0,0,0,0,0,0,1
33,8,0,22,2,0,0,3,0,0,0,0,0,0,0,0,0
117,13,0,101,1,13,0,4,4,0,0,0,0,0,0,0,1
43,14,0,25,2,0,0,3,4,0,0,0,0,0,0,0,0
23,7,0,12,1,0,0,1,0,0,1,0,0,0,1,0,1
30,7,10,9,2,0,0,1,2,0,0,0,0,0,0,0,1
192,6,12,25,2,0,0,2,13,10,1,0,0,0,0,0,1
18,14,0,0,1,0,0,0,0,0,0,0,0,0,0,0,0
37,6,6,20,2,1,0,3,5,0,0,0,0,0,0,0,0
58,10,0,10,2,0,1,1,2,6,0,0,0,0,0,0,1
88,10,0,10,3,1,2,1,4,8,0,0,0,0,0,0,1
84,22,0,10,2,1,1,1,5,8,0,0,0,0,0,0,1
28,15,0,6,2,0,0,1,2,0,0,0,0,0,0,0,1
115,8,4,20,9,0,0,3,10,10,0,0,1,0,0,0,1
81,15,0,10,2,1,1,1,6,8,0,0,0,0,0,0,1
121,13,9,94,8,1,0,9,17,0,0,0,0,0,0,0,0
53,9,10,29,2,1,0,2,0,1,0,0,0,0,0,0,0
38,10,0,13,2,0,0,1,6,2,0,0,0,0,0,0,1
46,20,0,22,2,0,1,1,0,0,0,0,0,0,0,0,0
27,12,0,11,2,0,0,1,0,0,0,0,0,0,0,0,1
41,8,8,20,2,1,0,2,0,0,0,0,0,0,0,0,0
57,20,0,33,2,0,0,3,0,0,0,0,0,0,0,0,1
43,8,0,31,2,2,0,3,6,0,0,0,0,0,0,0,0
28,5,5,13,2,1,0,1,0,0,0,0,0,0,0,0,0
22,8,0,11,2,0,0,1,0,0,0,0,0,0,0,0,1
26,9,0,13,1,0,0,2,3,0,0,0,0,0,0,0,1
73,10,0,59,1,8,0,1,0,0,0,0,0,0,0,0,0
20,16,0,0,1,0,0,0,0,0,1,0,0,0,0,0,1
27,4,5,13,2,0,0,2,4,0,0,0,0,0,0,0,1
51,11,0,36,2,2,0,3,9,0,0,0,0,0,0,0,0
143,18,0,121,1,0,17,5,5,0,0,0,0,0,0,0,0
49,10,0,20,2,0,0,3,0,2,0,0,0,0,0,0,1
15,8,0,4,1,0,0,1,0,0,0,0,0,0,0,0,1
71,9,0,10,2,0,1,1,4,8,0,0,0,0,0,0,1
166,15,0,96,6,2,3,8,11,2,1,0,1,0,0,0,1
93,6,10,11,6,1,0,3,1,11,2,0,0,0,0,0,0
86,9,0,73,1,9,0,3,10,0,0,0,0,0,0,0,0
26,10,0,1,1,0,0,1,3,2,0,0,0,0,0,0,0
72,6,35,26,5,0,0,1,1,0,1,0,0,0,0,0,1
28,19,0,6,1,0,0,1,0,0,0,0,1,0,0,0,1
37,10,5,17,2,0,0,2,0,0,0,0,0,0,0,0,0
103,6,10,31,4,1,6,4,2,2,1,0,0,0,0,0,1
16,13,0,0,1,0,0,0,0,0,0,0,0,0,0,0,1
66,13,0,49,1,0,0,5,4,2,0,0,0,0,0,0,0
50,10,0,36,2,5,0,1,0,0,0,0,0,0,0,0,0
35,10,0,21,2,0,0,1,0,0,0,0,0,0,0,0,1
55,17,0,31,3,0,0,6,0,0,0,0,0,0,0,0,1
26,13,0,7,4,0,0,1,15,0,0,0,0,1,0,0,1
46,11,0,31,2,3,0,1,0,0,0,0,0,0,0,0,0
44,7,0,21,1,0,0,2,12,2,0,0,0,0,0,0,0
66,6,0,56,1,4,0,3,6,0,1,0,0,0,0,0,0
130,15,0,111,2,1,5,11,8,0,0,0,0,0,0,0,0
53,5,22,20,7,0,0,3,0,0,1,0,0,0,0,0,1
39,8,0,12,5,0,0,1,9,2,0,0,0,1,0,0,0
90,2,3,80,2,8,0,5,6,0,0,0,0,0,0,0,0
31,9,0,18,1,0,0,2,0,0,0,0,0,0,0,0,1
245,11,0,37,8,0,1,10,10,28,1,0,1,0,0,0,1
142,12,0,126,1,11,0,8,13,0,0,0,0,0,0,0,1
113,7,0,102,2,12,0,2,4,0,0,0,0,0,0,0,0
102,5,0,14,2,1,1,2,3,12,0,0,0,0,0,0,1
115,23,0,10,5,0,3,1,4,8,0,0,0,0,0,0,1
29,11,0,15,2,0,0,2,0,0,0,0,0,0,0,0,1
41,7,0,30,1,1,0,3,8,0,0,0,0,0,0,0,0
77,22,0,51,1,3,0,5,6,0,0,0,0,0,0,0,0
75,6,0,30,3,1,0,4,0,3,1,1,0,0,0,0,1
24,20,0,0,1,0,0,0,0,0,0,0,0,0,0,0,1
26,13,0,7,4,0,0,1,15,0,0,0,0,1,0,0,1
44,9,0,32,2,1,0,3,0,0,0,0,0,0,0,0,1
32,13,0,7,1,1,0,1,2,2,0,0,0,0,0,0,1
43,9,0,30,2,0,0,4,0,0,0,0,0,0,0,0,1
18,9,0,6,1,0,0,1,0,0,0,0,1,0,0,0,1
24,5,4,10,2,0,0,2,0,0,0,0,1,0,0,0,1
85,15,0,66,2,5,0,3,7,0,0,0,0,0,0,0,0
80,15,0,61,1,1,0,5,19,0,0,0,0,0,0,0,1
14,8,0,0,1,0,0,0,0,0,0,0,0,0,1,0,1
61,25,0,10,2,1,0,1,0,4,0,0,0,0,0,0,1
36,19,0,11,3,0,0,1,0,0,0,0,0,0,0,0,1
22,8,0,10,1,0,0,1,0,0,0,0,0,0,0,0,1
31,13,0,11,3,0,0,1,0,0,0,0,0,0,0,0,1
64,12,0,40,3,0,0,4,0,2,0,0,0,0,0,0,1
72,6,0,63,2,6,0,5,2,0,0,0,0,0,0,0,1
35,10,0,21,1,0,2,2,2,0,0,0,0,0,0,0,0
38,10,0,24,1,0,0,1,0,0,0,0,0,0,0,0,1
89,9,0,21,5,1,0,12,1,2,1,0,1,0,0,0,1
33,2,0,27,1,0,4,1,4,0,0,0,0,0,0,0,0
161,14,0,143,2,5,12,6,7,0,0,0,0,0,0,0,0
27,4,5,13,2,0,0,2,4,0,0,0,0,0,0,0,1
36,3,32,0,1,0,0,0,19,0,0,0,0,0,0,0,1
77,8,8,56,3,5,0,4,8,0,0,0,0,0,0,0,0
37,15,0,19,2,0,1,1,0,0,0,0,0,0,0,0,1
26,13,0,7,4,0,0,1,15,0,0,0,0,1,0,0,1
23,12,0,11,4,0,0,1,9,0,0,0,0,1,0,0,1
83,14,0,65,2,1,0,6,0,0,2,0,0,0,0,0,1
87,9,0,10,3,0,2,1,5,8,0,0,0,0,0,0,1
114,8,0,20,5,1,0,12,10,6,1,0,1,0,0,0,1
40,9,0,27,2,0,0,3,0,0,0,0,0,0,0,0,1
55,4,2,44,3,0,0,6,16,0,1,0,0,0,0,0,1
172,17,0,96,2,2,4,12,10,6,0,0,0,0,0,0,1
43,19,0,20,1,0,1,1,0,0,1,0,0,0,0,0,0
47,16,0,27,2,0,0,4,0,0,0,0,0,0,0,0,0
29,6,6,12,3,0,0,1,0,0,0,0,0,0,0,0,1
47,8,0,35,1,1,0,4,9,0,0,0,0,0,0,0,0
155,7,7,40,5,1,3,3,41,5,3,0,0,0,0,0,1
36,3,15,13,3,1,0,1,0,0,0,0,0,0,0,0,1
42,17,0,22,2,0,0,3,1,0,0,0,0,0,0,0,1
17,7,0,6,1,0,0,1,1,0,0,0,0,0,0,0,1
70,10,0,40,2,0,0,4,9,2,0,0,0,0,0,0,0
71,13,0,20,3,0,0,2,5,4,0,0,0,0,0,0,1
13,10,0,0,1,0,0,0,0,0,0,0,0,0,0,0,1
28,3,7,14,3,0,0,2,0,0,0,0,0,0,0,0,0
27,8,0,15,1,0,0,2,0,0,0,0,0,0,0,0,1
54,16,0,10,2,1,2,1,0,2,0,0,0,0,0,0,0
77,7,0,66,1,5,1,2,12,0,0,0,0,0,0,0,0
85,8,0,70,2,6,0,3,0,0,0,0,0,0,0,0,0
79,6,4,21,2,0,0,2,8,2,1,0,0,0,0,0,0
48,4,12,28,3,1,0,2,9,0,0,0,0,0,0,0,1
54,27,0,17,2,0,0,2,1,2,1,0,0,0,0,0,1
84,10,0,70,1,8,0,4,8,0,0,0,0,0,0,0,0
98,4,8,9,2,0,0,1,25,7,0,0,0,0,0,0,1
37,15,0,18,2,1,0,1,0,0,0,0,0,0,0,0,1
20,13,0,0,2,0,0,0,0,0,0,0,0,0,0,0,1
20,11,0,5,1,0,0,1,0,0,0,0,0,0,0,0,1
37,9,2,21,3,0,2,2,0,0,0,0,0,0,0,0,0
46,8,0,35,2,0,0,4,0,0,0,0,0,0,0,0,0
28,10,0,15,2,0,0,2,0,0,0,0,0,0,0,0,1
77,9,0,16,4,0,0,5,0,4,2,0,1,0,0,0,1
24,4,0,16,1,0,0,2,0,0,0,0,0,0,0,0,1
162,13,0,52,2,3,0,5,24,16,0,0,0,0,1,0,1
94,12,0,10,2,0,1,1,5,10,0,0,0,0,0,0,1
53,16,9,24,3,1,1,2,0,0,1,0,0,0,0,0,1
23,19,0,0,1,0,0,0,0,0,0,0,0,0,0,0,1
14,10,0,0,1,0,0,0,0,0,0,0,0,0,0,0,0
21,7,0,11,2,0,0,1,0,0,0,0,0,0,0,0,1
57,13,0,40,1,1,0,5,2,0,0,0,0,0,0,0,1
31,7,0,6,1,0,0,1,1,2,0,0,0,0,0,0,0
70,9,0,10,2,0,1,1,4,8,0,0,0,0,0,0,1
123,4,35,4,4,1,1,2,29,4,0,0,1,0,0,0,0
35,14,0,15,2,1,0,1,4,0,0,0,0,0,0,0,1
98,11,0,30,2,0,1,3,3,8,0,0,0,0,0,0,1
20,8,0,9,1,1,0,1,1,0,0,0,0,0,0,0,1
12,8,0,0,1,0,0,0,0,0,0,0,0,0,0,0,0
16,12,0,0,1,1,0,0,0,0,1,0,0,0,0,0,1
378,11,111,155,17,5,2,14,95,9,4,0,1,0,0,0,0
53,8,16,24,3,0,3,1,8,0,0,0,0,0,0,0,0
26,11,0,11,1,1,0,1,0,0,0,0,0,0,0,0,1
257,5,0,10,3,0,1,1,29,8,0,0,0,0,0,0,1
26,11,0,11,2,0,0,1,0,0,0,0,0,0,0,0,1
114,6,5,98,2,14,0,1,5,0,0,0,0,0,0,0,0
57,5,0,41,2,0,0,3,5,2,0,0,0,0,0,0,1
100,6,0,15,2,0,0,2,5,18,0,0,0,0,0,0,0
86,3,0,79,1,8,0,3,6,0,0,0,0,0,0,0,0
46,7,4,30,3,1,0,3,5,0,0,0,0,0,0,0,1
49,3,42,0,5,4,0,0,0,0,2,0,0,0,0,0,1
28,7,8,9,2,0,0,1,2,0,0,0,0,0,0,0,1
50,13,0,33,2,2,0,3,4,0,0,0,0,0,0,0,0
18,14,0,0,1,0,0,0,0,0,0,0,0,0,0,0,0
30,14,0,16,4,0,0,2,12,0,0,0,0,1,0,0,1
28,5,4,14,2,0,1,2,0,0,0,0,0,0,0,0,0
48,8,0,37,2,0,0,5,0,0,1,0,0,0,0,0,1
24,4,0,16,1,0,0,2,7,0,0,0,0,0,0,0,0
70,7,0,10,2,0,1,1,5,8,0,0,0,0,0,0,1
64,6,0,54,1,4,0,6,6,0,0,0,0,0,0,0,0
130,8,0,57,11,0,0,2,21,4,0,0,0,0,0,0,0
84,22,0,58,1,1,0,4,21,0,1,0,0,0,0,0,0
39,7,0,29,2,0,0,1,1,0,0,0,0,0,0,0,1
16,13,0,0,1,1,0,0,2,0,0,0,0,0,1,0,1
100,12,0,10,2,0,1,1,3,10,0,0,0,0,0,0,1
48,12,0,33,4,0,0,5,2,0,0,0,1,0,0,0,1
71,18,0,49,2,6,0,2,1,0,0,0,0,0,0,0,1
18,10,3,0,2,0,0,0,0,0,0,0,0,0,0,0,1
60,5,0,52,1,0,0,2,3,3,0,0,0,0,0,0,0
42,5,0,33,1,2,0,3,8,0,0,0,0,0,0,0,0
107,15,0,72,1,1,0,2,39,2,0,0,0,0,0,0,1
18,15,0,0,1,0,0,0,0,0,0,0,0,0,0,0,0
19,14,0,5,3,0,0,1,14,0,0,0,0,1,0,0,1
13,10,0,0,1,1,0,0,0,0,0,0,0,0,0,0,1
63,32,0,28,2,5,0,1,0,0,0,0,0,0,0,0,1
44,9,0,28,3,2,0,2,0,0,0,0,0,0,0,0,1
98,4,8,9,2,0,0,1,25,7,0,0,0,0,0,0,1
30,8,0,15,2,0,0,3,0,0,0,0,0,0,0,0,1
38,5,7,22,3,0,0,3,6,0,0,0,0,0,0,0,1
13,9,0,0,1,1,0,0,0,0,0,0,0,0,0,0,0
25,12,0,7,4,0,0,1,14,0,0,0,0,1,0,0,1
21,7,0,10,1,0,0,1,0,0,0,0,0,0,0,0,1
91,4,0,82,1,0,0,1,31,27,0,0,0,0,1,0,1
120,9,0,10,4,1,3,1,6,12,0,0,0,0,0,0,1
32,6,9,12,2,0,0,2,1,0,0,0,0,0,0,0,1
24,10,0,10,1,0,0,1,0,0,0,0,0,0,0,0,1
102,13,0,71,2,5,0,5,9,2,0,0,0,0,0,0,1
53,18,2,28,3,0,0,3,0,0,1,0,0,0,0,0,1
53,13,0,37,3,1,0,4,0,0,0,0,0,0,0,0,0
72,9,0,14,2,1,0,2,1,9,1,0,0,0,0,0,1
39,12,0,23,1,2,0,1,0,0,0,0,0,0,0,0,0
93,10,0,80,3,8,0,2,10,0,2,0,1,0,0,0,1
38,16,0,18,1,0,0,2,0,0,0,0,0,0,0,0,1
29,8,0,17,1,1,0,2,0,0,0,0,0,0,0,0,0
12,8,0,0,1,0,0,0,0,0,0,0,0,0,0,0,0
36,13,0,9,1,0,0,1,3,2,0,0,0,0,0,0,1
88,15,0,34,2,0,0,3,2,8,0,0,0,0,0,0,1
41,7,0,30,1,1,0,3,0,0,0,0,0,0,0,0,1
50,10,0,40,3,0,0,2,26,0,0,0,0,1,0,0,1
30,19,0,7,2,0,0,1,0,0,0,0,0,0,0,0,1
51,10,2,34,3,0,0,4,2,0,0,0,0,0,0,0,1
17,11,0,0,2,0,0,0,0,0,0,0,0,0,0,0,0
32,13,0,19,4,0,0,2,11,0,0,0,0,1,0,0,1
39,13,0,22,2,1,0,2,0,0,0,0,0,0,0,0,1
40,4,0,32,1,2,0,2,4,0,0,0,0,0,0,0,0
80,6,0,70,1,8,0,3,5,0,0,0,0,0,0,0,0
53,13,0,36,2,2,0,3,0,0,0,0,0,0,0,0,1
36,8,18,6,3,1,0,1,0,0,0,0,0,0,0,0,1
40,9,0,23,1,0,0,4,5,2,0,0,0,0,0,0,0
27,15,0,9,1,0,0,1,1,0,0,0,0,0,0,0,1
81,2,0,75,1,10,0,4,4,0,0,0,0,0,0,0,0
95,14,0,32,2,1,1,3,4,8,0,0,0,0,0,0,1
22,18,0,0,1,0,0,0,0,0,0,0,0,0,0,0,1
35,11,0,21,2,0,0,2,0,0,1,0,0,0,0,0,1
74,4,0,10,2,0,1,1,5,10,0,0,0,0,0,0,1
41,12,0,16,2,0,0,2,5,2,0,0,0,0,0,0,0
85,7,0,17,2,0,1,2,6,10,0,0,0,0,0,0,1
27,8,0,15,1,0,0,3,0,0,0,0,0,0,0,0,1
161,5,0,28,2,0,0,3,21,5,0,0,0,0,0,0,1
96,2,4,85,2,8,1,8,9,0,0,0,0,0,0,0,0
32,7,0,21,2,0,0,2,2,0,0,0,0,0,0,0,1
63,13,0,46,1,3,0,5,2,0,0,0,0,0,0,0,0
95,11,0,80,1,10,0,3,6,0,0,0,0,0,0,0,0
78,22,0,53,1,4,0,3,3,0,0,0,0,0,0,0,1
91,16,0,71,1,7,0,5,23,0,0,0,0,0,0,0,0
31,16,0,11,2,0,0,1,0,0,1,0,0,0,0,0,0
29,10,0,15,2,0,0,2,4,0,0,0,0,0,0,0,0
140,12,0,10,2,5,1,1,7,10,1,0,0,0,0,0,1
61,11,0,46,2,4,0,4,0,0,0,0,0,0,0,0,0
71,7,0,10,2,0,1,1,2,8,0,0,0,0,0,0,1
21,17,0,0,1,0,0,0,0,0,0,0,0,0,0,0,1
48,8,0,36,1,1,0,3,15,0,0,0,0,0,0,0,0
46,16,8,17,2,1,0,3,4,0,1,0,0,0,0,0,1
29,13,12,0,2,1,0,0,3,0,0,0,0,0,1,0,1
27,9,0,15,1,0,0,2,3,1,0,0,0,0,0,0,0
29,12,0,13,2,0,0,2,0,0,0,0,0,0,0,0,1
25,10,0,11,1,0,0,2,0,0,0,0,0,0,0,0,0
42,8,0,30,1,1,0,5,5,0,0,0,0,0,0,0,0
38,19,0,15,2,0,0,2,0,0,0,0,0,0,0,0,0
31,9,0,18,1,0,0,2,3,1,0,0,0,0,0,0,0
174,6,0,164,1,28,0,2,10,0,0,0,0,0,0,0,0
9,5,0,0,1,0,0,0,0,0,0,0,0,0,0,0,1
53,16,0,30,3,0,0,5,0,0,0,0,0,0,0,0,1
51,6,0,17,2,1,0,1,0,4,0,0,0,0,0,0,0
22,7,0,11,1,0,0,1,0,0,0,0,0,0,0,0,0
32,9,0,19,1,1,0,2,0,0,0,0,0,0,0,0,1
40,3,8,14,3,0,0,2,6,2,0,0,0,0,0,0,0
305,20,96,31,7,11,1,2,84,4,4,0,0,0,0,0,0
88,10,0,10,3,1,2,1,4,8,0,0,0,0,0,0,1
62,12,0,46,1,3,0,4,5,0,0,0,0,0,0,0,0
37,9,2,21,2,0,1,2,0,0,0,0,0,0,0,0,1
58,11,0,43,2,0,1,3,8,3,0,0,0,0,0,0,0
32,11,0,17,2,0,1,1,0,0,0,0,0,0,0,0,0
37,3,14,16,3,0,0,1,6,0,0,0,0,0,0,0,0
78,14,0,10,2,0,1,1,6,8,0,0,0,0,0,0,1
64,17,0,43,1,4,0,4,8,0,0,0,0,0,0,0,0
36,9,0,23,2,0,0,2,0,0,0,0,0,0,0,0,1
45,7,0,34,2,3,0,3,0,0,0,0,0,0,0,0,0
47,6,10,26,4,0,0,2,0,0,0,0,0,0,0,0,1
47,7,0,18,2,0,0,2,7,2,0,0,0,0,0,0,0
37,9,0,24,1,2,0,2,0,0,0,0,0,0,0,0,1
36,8,16,7,4,0,0,1,0,0,2,0,1,0,0,0,1
36,10,7,14,3,0,0,2,0,0,0,0,0,0,0,0,1
18,7,0,7,2,1,0,1,1,0,0,0,0,0,0,0,1
53,5,6,37,2,1,0,4,9,0,1,0,0,0,0,0,0
36,6,0,27,1,1,0,3,0,0,0,0,0,0,0,0,1
36,3,12,16,4,0,0,2,0,0,0,0,0,0,0,0,1
26,10,0,12,1,1,0,1,0,0,0,0,0,0,0,0,0
72,6,5,3,2,0,0,1,10,4,1,0,0,0,0,0,1
48,20,0,24,2,0,0,3,0,0,0,0,0,0,0,0,1
117,13,0,100,1,19,0,4,12,0,0,0,0,0,0,0,0
62,9,2,46,2,0,6,2,0,0,0,0,0,0,0,0,0
49,20,0,25,3,0,0,2,0,0,0,0,0,0,0,0,0
34,20,0,10,2,0,0,1,0,0,0,0,0,0,0,0,0
94,6,0,85,2,13,0,2,18,0,0,0,0,0,0,0,0
39,6,0,29,2,2,0,2,0,0,1,0,0,0,0,0,1
155,7,7,40,5,1,3,3,41,5,3,0,0,0,0,0,1
123,10,0,10,2,1,1,1,15,15,0,0,0,0,0,0,0
9,5,0,0,1,0,0,0,0,0,0,0,0,0,1,0,1
230,10,0,10,2,1,1,1,29,6,0,0,0,0,0,0,1
83,10,0,69,2,5,0,5,7,0,0,0,0,0,0,0,0
120,9,0,10,2,3,0,1,5,14,0,0,0,0,0,0,1
44,8,0,32,1,1,0,3,10,0,0,0,0,0,0,0,0
25,5,2,13,2,0,0,2,0,1,0,0,0,0,0,0,1
23,14,0,6,1,0,0,1,0,0,0,0,1,0,0,0,1
29,6,5,13,3,0,0,1,2,0,0,0,0,0,0,0,1
78,7,4,62,2,0,10,2,0,0,0,0,0,0,0,0,0
13,9,0,0,1,0,0,0,0,0,0,0,0,0,0,0,0
48,15,0,29,2,0,2,1,0,0,0,0,0,0,0,0,0
45,13,0,28,2,3,0,1,0,0,0,0,0,0,0,0,0
80,29,0,48,2,4,0,3,2,0,0,0,0,0,0,0,1
28,5,4,15,2,0,0,2,0,0,0,0,0,0,0,0,1
78,10,12,51,3,0,0,4,0,0,0,0,0,0,0,0,0
85,6,0,10,2,0,1,1,3,8,0,0,0,0,0,0,1
100,5,4,86,8,0,0,5,15,0,0,0,1,1,0,0,1
25,4,0,15,3,0,1,1,1,0,0,0,0,0,0,0,1
31,7,0,6,1,1,0,1,1,2,0,0,0,0,0,0,0
31,8,18,0,2,0,0,0,0,0,0,0,0,0,0,0,1
114,6,0,66,2,3,0,6,0,8,0,0,0,0,0,0,1
26,13,0,13,3,0,0,2,10,0,0,0,0,1,0,0,1
24,5,4,10,2,0,0,2,0,0,0,0,1,0,0,0,1
55,13,0,39,2,0,0,6,0,0,1,0,0,0,0,0,1
258,22,0,10,2,0,1,1,33,7,0,0,0,0,0,0,1
41,15,0,13,2,0,0,1,2,2,0,0,0,0,0,0,1
70,10,0,10,2,1,1,1,3,8,0,0,0,0,0,0,1
71,14,52,0,4,20,0,0,0,0,3,0,0,0,0,0,1
25,8,0,13,1,0,0,1,0,0,0,0,0,0,0,0,1
22,18,0,0,1,0,0,0,0,0,0,0,0,0,0,0,1
66,3,0,10,2,0,1,1,5,8,0,0,0,0,0,0,1
181,12,4,10,4,0,0,1,92,6,1,0,0,0,0,0,1
120,13,13,72,4,0,1,6,16,2,1,0,0,0,0,0,1
148,8,0,57,14,0,0,2,34,4,0,0,0,0,0,0,0
42,11,10,16,3,0,0,1,1,1,0,0,0,0,0,0,1
30,14,0,12,1,0,0,2,0,0,0,0,0,0,0,0,1
190,6,60,119,10,3,0,1,24,1,2,0,0,0,0,0,1
53,13,0,40,3,0,0,2,34,0,0,0,0,1,0,0,1
27,4,5,13,2,0,0,2,4,0,0,0,0,0,0,0,1
25,10,10,0,2,0,0,0,0,0,0,0,0,0,0,0,1
84,3,0,75,2,8,0,7,1,0,0,0,0,0,0,0,0
107,8,0,8,1,0,3,2,19,22,0,0,0,0,0,0,0
26,6,0,16,1,1,0,1,0,0,0,0,0,0,0,0,0
25,7,0,14,1,0,0,1,0,0,0,0,0,0,0,0,0
46,20,0,22,3,0,0,2,1,0,0,0,0,0,0,0,1
137,8,0,57,10,0,0,2,32,4,0,0,0,0,0,0,0
67,10,0,53,2,6,0,2,0,0,0,0,0,0,0,0,0
90,15,0,71,2,0,0,8,0,0,1,0,0,0,0,0,1
93,10,0,80,3,8,0,2,10,0,2,0,1,0,0,0,1
102,5,0,91,2,12,0,4,17,0,0,0,0,0,0,0,0
45,10,0,32,2,5,0,2,15,0,0,0,0,0,0,0,1
111,8,0,10,2,2,1,1,9,10,0,0,0,0,0,0,1
120,3,7,102,4,13,0,5,10,0,0,0,0,0,0,0,0
25,5,0,16,1,0,1,1,0,0,0,0,0,0,0,0,0
27,13,0,10,2,0,0,1,0,0,0,0,0,0,0,0,1
30,17,0,9,1,0,0,1,2,0,0,0,0,0,0,0,1
74,7,0,64,2,4,0,6,6,0,0,0,0,0,0,0,1
33,16,0,13,2,0,0,1,0,0,0,0,0,0,0,0,1
105,9,0,45,4,1,0,6,5,2,0,0,1,0,0,0,1
41,6,17,13,3,1,0,1,4,0,0,0,0,0,0,0,0
47,10,0,33,2,4,0,1,1,0,0,0,0,0,0,0,0
26,13,0,7,4,0,0,1,15,0,0,0,0,1,0,0,1
106,12,0,10,2,3,1,1,4,10,0,0,0,0,0,0,1
67,13,0,50,1,4,0,2,3,0,0,0,0,0,0,0,1
32,9,2,16,2,0,0,2,0,0,0,0,0,0,0,0,1
30,4,0,22,2,0,0,2,1,0,0,0,0,0,0,0,0
38,7,0,28,3,0,0,2,0,0,0,0,0,0,0,0,1
76,17,0,55,1,0,0,6,0,0,0,0,0,0,0,0,1
13,9,0,0,1,0,0,0,0,0,0,0,0,0,0,0,0
56,7,0,45,1,2,1,3,16,0,0,0,0,0,0,0,0
23,4,0,15,1,0,0,2,7,0,0,0,0,0,0,0,0
62,5,3,49,5,0,1,5,4,0,1,0,0,0,0,0,0
36,8,0,24,1,1,0,2,0,0,0,0,0,0,0,0,1
27,11,0,12,1,1,0,2,0,0,1,0,0,0,0,0,0
159,4,7,52,12,1,0,12,6,7,0,0,1,0,0,0,1
55,9,5,18,3,2,0,2,0,2,0,0,0,0,0,0,1
25,11,0,10,1,0,0,1,0,0,0,0,0,0,0,0,1
56,5,6,40,2,1,0,4,9,0,1,0,0,0,0,0,0
35,16,0,12,2,0,0,2,0,0,0,0,0,0,0,0,1
21,7,0,10,1,0,0,1,2,0,0,0,0,0,0,0,1
69,9,0,56,2,1,1,6,1,0,0,0,0,0,0,0,1
72,9,7,51,3,0,0,3,24,2,0,0,0,0,0,0,1
100,9,0,87,2,0,0,5,9,5,0,0,0,0,0,0,0
47,7,0,36,1,2,0,3,5,0,0,0,0,0,0,0,0
41,18,0,20,2,2,0,2,0,0,0,0,0,0,0,0,1
70,7,5,53,3,4,1,4,4,0,0,0,0,0,0,0,0
108,9,0,45,4,1,0,6,6,2,0,0,1,0,0,0,1
28,13,10,0,2,0,0,0,7,0,0,0,0,0,0,0,1
30,5,5,15,2,2,0,1,0,0,0,0,0,0,0,0,0
32,4,11,12,2,0,0,1,2,0,0,0,0,0,0,0,1
25,13,0,12,4,0,0,1,14,0,0,0,0,1,0,0,1
41,12,0,15,2,0,0,1,7,2,0,0,0,0,0,0,0
48,3,4,34,4,0,1,4,9,0,0,0,0,0,0,0,0
92,9,0,80,3,2,0,8,0,0,1,0,1,0,0,0,1
136,41,0,10,2,2,1,1,7,12,0,0,0,0,0,0,1
97,2,4,86,2,4,1,7,5,0,0,0,0,0,0,0,0
75,15,0,48,2,2,0,5,0,2,1,0,0,0,1,0,1
248,6,0,105,3,4,4,8,46,8,3,0,0,0,0,0,1
36,8,16,7,4,0,0,1,0,0,2,0,1,0,0,0,1
79,13,0,62,2,12,0,1,2,0,0,0,0,0,0,0,0
98,6,0,10,3,0,4,2,4,8,0,0,0,0,0,0,1
245,11,0,37,8,0,1,10,10,28,1,0,1,0,0,0,1
76,10,0,62,2,5,0,5,17,0,0,0,0,0,0,0,0
95,13,0,78,1,8,0,5,8,0,0,0,0,0,0,0,0
81,8,16,52,3,7,0,3,6,0,0,0,0,0,0,0,0
46,5,5,31,2,3,0,1,0,0,0,0,0,0,0,0,0
144,6,0,10,2,1,1,1,7,18,0,0,0,0,0,0,1
24,4,0,16,1,0,0,2,7,0,0,0,0,0,0,0,0
25,10,0,8,2,0,0,1,0,0,0,0,0,0,0,0,1
226,11,0,10,2,10,1,1,13,20,0,0,0,0,0,0,1
27,8,0,15,1,0,0,1,0,0,0,0,0,0,0,0,0
57,14,0,39,2,2,0,3,5,0,0,0,0,0,0,0,0
30,3,0,20,3,0,0,2,0,0,0,0,0,0,0,0,0
124,13,0,10,3,2,1,1,6,10,0,0,0,0,0,0,1
27,7,0,16,2,0,0,1,0,0,0,0,0,0,1,0,1
201,18,3,18,3,0,0,1,11,29,0,0,0,0,0,0,1
72,5,54,6,12,0,0,1,2,0,4,0,1,0,0,0,1
45,10,0,31,2,1,0,2,0,0,0,0,0,0,0,0,1
59,11,0,44,5,1,0,4,0,0,1,0,0,0,0,0,1
25,11,0,10,1,0,0,1,0,0,1,0,0,0,0,0,1
60,6,0,50,1,6,0,3,6,0,0,0,0,0,0,0,0
37,19,0,1,1,0,1,1,4,2,0,0,0,0,0,0,0
48,10,0,34,2,2,0,2,0,0,0,0,0,0,0,0,0
13,8,0,0,2,1,0,0,0,0,0,0,0,0,0,0,1
71,16,0,10,2,0,1,1,2,6,0,0,0,0,0,0,1
34,16,0,15,2,0,0,2,0,0,0,0,0,0,0,0,1
84,23,0,10,2,2,1,1,4,8,0,0,0,0,0,0,1
25,8,12,0,2,0,0,0,0,0,0,0,0,0,0,0,1
25,8,12,0,2,0,0,0,0,0,0,0,0,0,0,0,0
89,9,0,21,5,1,0,12,1,2,1,0,1,0,0,0,1
14,10,0,0,1,0,0,0,0,0,0,0,0,0,0,0,0
59,12,5,14,3,0,1,1,5,4,0,0,0,0,0,0,0
42,16,0,15,2,0,0,2,3,2,0,0,0,0,0,0,0
31,9,0,16,2,0,0,2,3,1,0,0,0,0,0,0,0
18,14,0,0,1,1,0,0,0,0,0,0,0,0,0,0,0
59,14,4,36,3,0,0,3,3,1,0,0,0,0,0,0,1
34,6,23,0,2,6,0,0,5,0,0,0,0,0,0,0,0
156,9,0,38,4,3,1,7,9,10,1,0,0,0,0,0,0
44,9,0,17,2,0,0,1,5,2,1,0,0,0,0,0,0
219,6,0,10,2,0,1,1,26,8,0,0,0,0,0,0,1
30,8,0,18,2,0,0,2,0,0,0,0,0,0,0,0,1
49,17,13,14,2,0,0,1,1,2,0,0,0,0,0,0,0
17,8,0,5,1,0,0,1,0,0,0,0,0,0,0,0,1
36,6,4,21,2,4,0,2,1,0,0,0,0,0,0,0,0
51,26,0,21,2,0,0,2,0,0,0,0,0,0,0,0,0
17,13,0,0,1,0,0,0,0,0,0,0,0,0,0,0,1
17,5,0,9,1,0,0,1,0,0,0,0,0,0,0,0,1
50,3,7,22,3,1,0,3,4,1,0,0,0,0,0,0,0
75,8,4,16,3,1,0,2,12,8,0,0,0,0,0,0,0
57,16,0,37,1,4,0,3,6,0,0,0,0,0,0,0,0
47,8,0,35,2,0,1,2,17,0,0,0,0,0,0,0,1
104,16,0,84,2,1,0,10,0,0,0,0,0,0,0,0,1
31,17,0,10,2,0,0,1,0,0,0,0,0,0,0,0,1
68,6,0,10,2,0,1,1,4,8,0,0,0,0,0,0,1
49,6,10,28,3,0,0,4,4,0,0,0,0,0,0,0,1
29,6,0,19,2,0,0,2,0,0,0,0,0,0,0,0,1
38,24,0,10,2,0,0,1,0,0,0,0,0,0,0,0,1
27,4,5,13,2,0,0,2,4,0,0,0,0,0,0,0,1
21,7,0,10,2,0,0,1,0,0,0,0,0,0,0,0,1
19,5,9,0,2,0,0,0,0,0,0,0,0,0,0,0,0
34,14,0,17,2,0,0,2,0,0,0,0,0,0,0,0,1
91,13,0,10,3,0,2,1,4,8,0,0,0,0,0,0,1
91,4,0,82,1,0,0,1,28,27,0,0,0,0,1,0,1
28,9,0,15,1,0,0,2,3,1,0,0,0,0,0,0,0
42,5,0,34,4,0,0,4,0,0,0,0,0,0,0,0,0
41,19,0,6,1,0,1,2,3,2,0,0,0,0,0,0,0
76,19,53,0,3,8,0,0,0,0,5,0,0,0,1,0,1
17,13,0,4,3,0,0,1,12,0,0,0,0,1,0,0,1
17,5,0,8,1,0,0,1,0,0,0,0,0,0,0,0,1
71,10,0,10,2,0,1,1,4,8,0,0,0,0,0,0,1
26,9,12,0,2,0,0,0,0,0,0,0,0,0,0,0,0
40,9,0,8,1,0,0,1,4,2,0,0,0,0,0,0,1
67,6,0,10,2,0,1,1,3,8,0,0,0,0,0,0,1
24,9,0,11,2,0,0,1,5,0,0,0,0,0,0,0,0
41,4,0,33,1,2,0,2,6,0,0,0,0,0,0,0,0
26,10,0,10,3,0,0,1,0,0,0,0,0,0,0,0,0
81,13,0,65,1,1,0,5,22,0,0,0,0,0,0,0,1
96,7,0,5,2,0,1,1,11,13,0,0,1,0,0,0,0
50,18,0,28,2,0,0,3,0,0,0,0,0,0,0,0,1
32,14,0,15,2,0,0,2,0,0,0,0,0,0,0,0,1
32,10,0,18,1,1,0,2,0,0,0,0,0,0,0,0,0
24,20,0,0,1,0,0,0,0,0,0,0,0,0,0,0,0
51,17,0,30,1,0,1,2,0,2,0,0,0,0,0,0,0
83,5,0,48,3,0,1,4,1,3,1,0,0,0,0,0,1
11,7,0,0,1,0,0,0,4,0,0,0,0,0,0,0,1
68,8,0,10,2,0,1,1,3,8,0,0,0,0,0,0,1
72,5,54,6,12,0,0,1,2,0,4,0,1,0,0,0,1
189,10,0,42,2,0,0,5,28,2,0,0,0,0,0,0,1
94,8,0,15,3,0,1,2,4,8,0,0,0,0,0,0,1
86,4,0,78,1,11,0,2,2,0,0,0,0,0,0,0,0
81,13,0,19,2,0,0,2,3,10,0,0,0,0,0,0,1
18,8,0,6,2,0,0,1,0,0,0,0,0,0,0,0,0
20,3,0,14,1,0,0,2,0,0,0,0,0,0,0,0,1
72,10,0,10,2,0,1,1,5,8,0,0,0,0,0,0,1
61,11,0,46,1,5,0,5,8,0,0,0,0,0,0,0,0
22,8,9,0,2,0,0,0,0,0,0,0,0,0,0,0,0
33,7,0,22,1,0,0,2,13,0,0,0,0,0,0,0,1
23,19,0,0,1,0,0,0,0,0,0,0,0,0,0,0,0
40,9,0,27,2,0,1,3,0,0,0,0,0,0,0,0,0
26,9,0,13,1,0,0,2,1,0,0,0,0,0,0,0,1
30,11,0,16,2,0,0,2,0,0,0,0,0,0,0,0,1
39,7,0,28,1,0,0,2,15,0,0,0,0,0,0,0,0
36,9,0,23,1,0,0,2,0,0,0,0,0,0,0,0,1
52,9,0,39,1,0,4,2,0,0,0,0,0,0,0,0,0
213,5,0,18,2,0,2,2,21,9,0,0,0,0,0,0,1
115,8,95,7,10,3,0,1,22,0,2,0,0,0,0,0,0
26,11,0,12,2,0,0,2,0,0,0,0,0,0,0,0,1
36,9,2,20,2,0,1,2,0,0,0,0,0,0,0,0,0
40,23,0,10,3,0,0,1,0,0,0,0,0,0,0,0,1
39,9,0,26,1,0,0,3,5,0,0,0,0,0,0,0,0
42,9,0,29,2,0,0,3,0,0,0,0,0,0,0,0,1
24,6,7,6,2,0,0,1,4,0,0,0,0,0,0,0,1
81,16,0,13,2,0,1,2,5,8,0,0,0,0,0,0,1
18,7,0,7,1,0,0,1,0,0,0,0,0,0,0,0,1
57,9,0,44,1,4,0,2,7,0,0,0,0,0,0,0,0
79,7,0,32,3,0,0,2,39,1,0,0,0,0,0,0,1
31,7,0,6,1,0,0,1,2,2,0,0,0,0,0,0,0
150,12,0,10,2,9,1,1,4,10,0,0,0,0,0,0,1
18,4,6,0,3,0,0,0,0,0,0,0,0,0,0,0,0
180,8,0,28,2,1,0,3,21,6,0,0,0,0,0,0,1
31,7,0,20,1,0,0,1,0,0,0,0,0,0,0,0,0
34,10,0,20,1,1,0,2,0,0,0,0,0,0,0,0,0
166,7,0,155,3,5,3,13,0,2,5,0,1,0,0,0,0
57,8,0,45,1,1,0,3,15,0,0,0,0,0,0,0,0
83,15,0,49,2,3,0,4,10,2,0,0,0,0,0,0,1
44,13,0,10,3,0,0,1,2,2,0,0,0,0,0,0,1
113,7,0,23,6,1,0,12,2,6,1,0,0,0,0,0,1
77,12,0,10,3,0,1,1,1,6,0,0,0,0,0,0,1
541,11,0,35,3,1,0,4,131,2,0,0,1,0,0,0,1
54,6,0,45,1,4,0,3,10,0,1,0,0,0,0,0,0
38,7,0,11,1,0,0,2,0,2,0,0,0,0,0,0,0
220,10,0,38,3,0,0,4,14,6,0,0,0,0,0,0,1
109,7,0,98,1,11,0,3,14,6,0,0,0,0,0,0,0
16,9,0,0,2,0,0,0,0,0,0,0,0,0,0,0,1
84,4,0,73,2,1,0,6,24,0,0,0,0,0,0,0,1
15,11,0,0,1,1,0,0,0,0,0,0,0,0,0,0,1
40,9,2,24,2,0,3,2,0,0,0,0,0,0,0,0,0
34,11,0,19,1,0,0,3,0,0,0,0,0,0,0,0,1
159,4,7,52,12,1,0,12,6,7,0,0,1,0,0,0,1
34,4,0,27,2,2,0,2,0,0,0,0,0,0,0,0,1
23,7,0,12,1,0,0,2,0,0,0,0,0,0,0,0,0
62,13,0,46,1,7,0,3,0,0,0,0,0,0,0,0,1
25,13,0,12,4,0,0,1,10,0,0,0,0,1,0,0,1
127,9,13,100,2,15,0,2,0,0,0,0,0,0,0,0,1
67,20,0,41,2,2,0,5,0,0,0,0,0,0,0,0,1
25,11,0,10,1,0,0,1,1,0,0,0,0,0,0,0,1
24,5,4,10,2,0,0,2,0,0,0,0,1,0,0,0,1
94,6,8,75,2,6,2,3,17,0,0,0,0,0,0,0,0
32,7,0,21,1,0,2,2,1,0,0,0,0,0,0,0,0
36,6,0,21,2,0,0,4,0,1,0,0,0,0,0,0,1
82,17,0,61,1,2,1,2,18,0,0,0,0,0,0,0,0
20,7,0,9,1,0,0,1,0,0,0,0,0,0,0,0,1
65,15,0,23,2,0,2,2,4,2,0,0,0,0,0,0,0
14,10,0,0,1,0,0,0,0,0,0,0,0,0,0,0,1
22,9,0,9,1,0,0,1,4,0,0,0,0,0,0,0,1
46,4,2,35,3,0,0,3,0,1,0,0,0,0,0,0,0
43,8,1,29,3,0,1,2,11,0,0,0,0,0,0,0,1
40,7,16,12,3,0,0,1,0,0,0,0,0,0,0,0,0
234,19,0,93,1,6,0,3,100,1,1,0,0,0,0,0,0
26,13,0,9,1,0,0,1,0,0,0,0,0,0,0,0,1
30,5,0,21,2,0,0,2,0,0,0,0,0,0,0,0,1
108,10,0,94,2,12,0,2,9,0,0,0,0,0,0,0,0
57,8,0,42,3,3,0,3,7,0,0,0,0,0,0,0,1
13,6,0,4,1,0,0,1,0,0,0,0,0,0,0,0,0
47,15,0,28,1,1,0,2,0,0,0,0,0,0,0,0,0
13,9,0,0,1,0,0,0,0,0,0,0,0,0,0,0,1
80,11,0,65,1,0,0,10,17,0,0,0,0,0,0,0,0
40,8,0,29,2,0,2,3,0,0,1,0,0,0,0,0,0
34,17,0,13,2,0,0,1,0,0,0,0,0,0,0,0,0
47,13,0,34,4,0,0,2,11,0,0,0,0,1,0,0,1
29,5,7,9,3,1,0,1,0,1,0,0,0,0,0,0,1
49,16,0,21,2,0,0,2,4,2,0,0,0,0,0,0,0
64,15,0,45,1,5,0,4,8,0,0,0,0,0,0,0,0
16,5,0,7,1,0,0,1,0,0,0,0,0,0,0,0,1
48,5,0,39,1,0,0,6,11,0,0,0,0,0,0,0,1
22,14,0,5,1,1,0,1,2,0,0,0,0,0,0,0,1
26,5,0,17,1,0,0,4,0,0,0,0,0,0,0,0,0
66,8,11,42,3,4,0,3,6,0,0,0,0,0,0,0,0
141,16,0,10,3,7,1,1,5,10,0,0,0,0,0,0,1
63,5,9,44,3,0,0,4,0,0,0,0,0,0,0,0,0
35,17,0,11,3,0,0,1,0,0,0,0,0,0,0,0,1
43,9,4,25,3,0,1,2,7,0,0,0,0,0,0,0,1
54,16,0,10,2,2,0,1,4,4,0,0,0,0,0,0,0
66,6,4,3,2,0,0,1,6,4,1,0,0,0,0,0,1
20,8,0,1,1,0,0,1,4,2,0,0,0,0,0,0,0
25,13,0,9,1,1,0,1,3,0,0,0,0,0,0,0,1
80,11,0,65,2,13,0,1,3,0,0,0,0,0,0,0,0
51,9,0,39,2,0,0,6,12,1,0,0,0,0,0,0,1
28,19,0,6,1,0,0,1,0,0,0,0,1,0,0,0,1
57,7,0,46,1,4,0,3,8,0,0,0,0,0,0,0,0
58,15,0,25,2,0,0,3,5,2,0,0,0,0,0,0,0
100,5,4,86,8,0,0,5,15,0,0,0,1,1,0,0,1
23,4,0,15,1,0,0,2,7,0,0,0,0,0,0,0,0
21,11,0,7,1,0,0,1,0,0,0,0,0,0,0,0,1
161,10,15,54,7,4,0,5,24,7,1,1,0,0,0,0,1
28,19,0,6,1,0,0,1,0,0,0,0,1,0,0,0,1
71,10,0,10,2,1,1,1,4,8,0,0,0,0,0,0,1
97,10,3,56,6,0,0,6,3,3,0,0,0,0,1,0,1
125,3,0,118,1,3,0,4,37,27,0,0,0,0,0,0,0
133,11,0,10,4,0,4,1,8,12,0,0,0,0,0,0,1
106,7,0,19,4,0,0,2,24,7,0,0,0,0,0,0,1
31,17,0,11,2,0,0,1,0,0,0,0,0,0,0,0,1
54,18,0,32,2,0,0,3,4,2,0,0,0,0,0,0,1
27,12,0,15,3,0,0,2,9,0,0,0,0,1,0,0,1
57,15,0,39,2,1,0,5,5,0,1,0,0,0,0,0,0
34,5,0,25,2,0,1,3,0,0,0,0,0,0,0,0,1
30,5,6,14,3,0,0,1,0,0,0,0,0,0,0,0,1
89,9,0,59,3,1,0,7,0,4,2,0,1,0,0,0,1
60,8,20,24,5,1,0,2,0,1,2,0,0,0,0,0,0
112,7,0,9,5,1,0,6,6,16,1,0,0,0,0,0,0
31,9,2,15,2,0,1,2,0,0,0,0,0,0,0,0,0
50,6,0,40,1,2,1,2,9,1,1,0,0,0,0,0,0
36,12,0,21,2,1,0,2,0,0,0,0,0,0,0,0,1
19,15,0,0,1,0,0,0,0,0,0,0,0,0,0,0,0
63,11,0,10,2,2,0,1,0,4,0,0,0,0,0,0,0
79,18,0,10,2,0,1,1,4,8,0,0,0,0,0,0,1
20,6,0,10,2,1,0,1,0,0,1,0,0,0,0,0,1
49,5,6,33,3,2,0,3,8,0,0,0,0,0,0,0,1
69,6,0,10,2,0,1,1,6,8,0,0,0,0,0,0,1
48,12,0,33,4,0,0,5,2,0,0,0,1,0,0,0,1
83,7,0,72,1,8,0,3,8,0,0,0,0,0,0,0,0
56,9,0,21,3,1,0,7,0,1,1,0,1,0,0,0,1
8,5,0,0,1,0,0,0,0,0,0,0,0,0,1,0,1
27,8,0,13,3,0,0,2,0,0,0,0,0,0,0,0,1
39,15,0,20,2,0,0,2,0,0,0,0,0,0,0,0,0
18,7,0,8,1,0,0,2,0,0,0,0,0,0,0,0,1
141,14,0,10,2,7,1,1,6,10,0,0,0,0,0,0,1
38,8,9,16,3,1,0,2,1,1,0,0,0,0,0,0,1
44,6,0,34,1,3,0,3,4,0,1,0,0,0,0,0,0
22,7,0,11,1,0,0,1,0,0,0,0,0,0,0,0,0
28,15,0,7,4,0,0,1,17,0,0,0,0,1,0,0,1
9,6,0,0,1,0,0,0,0,0,0,0,0,0,1,0,1
21,16,0,0,1,0,0,0,0,1,0,0,0,0,0,0,1
27,8,0,15,2,0,0,1,0,0,0,0,0,0,0,0,0
102,7,0,43,1,3,2,5,13,6,0,0,0,0,0,0,0
54,12,0,38,1,0,0,2,14,0,0,0,0,0,0,0,1
48,12,0,33,4,0,0,5,2,0,0,0,1,0,0,0,1
30,7,3,11,3,0,0,1,4,2,0,0,0,0,0,0,1
31,12,0,14,2,0,0,1,0,0,0,0,0,0,1,0,1
56,12,0,21,2,0,1,2,1,4,0,0,0,0,0,0,0
12,8,0,0,1,0,0,0,0,0,0,0,0,0,0,0,1
69,12,0,53,2,1,0,6,0,0,0,0,0,0,0,0,1
48,6,0,36,3,3,0,2,0,0,0,0,0,0,0,0,1
28,4,0,20,2,0,0,2,0,0,0,0,0,0,0,0,1
18,6,0,9,1,0,0,2,0,0,0,0,0,0,0,0,1
58,5,7,15,2,0,0,2,15,2,0,0,0,0,0,0,0
24,9,10,0,2,0,0,0,0,0,0,0,0,0,0,0,1
20,5,0,11,2,0,0,1,0,0,0,0,0,0,0,0,1
47,21,0,13,2,2,0,2,0,2,0,0,0,0,0,0,1
19,6,0,9,1,0,0,1,0,0,0,0,0,0,0,0,0
86,8,0,74,2,0,5,5,4,0,0,0,0,0,0,0,0
68,3,0,10,3,0,1,1,4,8,0,0,0,0,0,0,1
23,6,0,13,1,0,0,1,0,0,0,0,0,0,0,0,0
24,9,0,11,1,0,0,1,0,0,0,0,0,0,0,0,1
34,13,16,0,4,1,0,0,0,0,1,0,0,0,1,0,1
30,4,0,23,1,0,0,2,2,1,0,0,0,0,0,0,0
92,7,0,10,2,1,1,1,4,10,0,0,0,0,0,0,1
20,16,0,0,1,2,0,0,0,0,0,0,0,0,0,0,0
115,8,4,20,9,0,0,3,10,10,0,0,1,0,0,0,1
47,17,0,26,1,6,0,1,8,0,0,0,0,0,0,0,1
68,6,0,10,2,0,1,1,4,8,0,0,0,0,0,0,1
82,3,7,54,4,4,0,5,8,2,0,0,0,0,0,0,1
62,6,0,18,3,0,0,7,1,2,0,0,0,0,0,0,1
51,4,0,44,1,5,0,4,8,0,0,0,0,0,0,0,0
234,9,0,221,1,4,0,3,77,68,0,0,0,0,0,0,0
20,13,0,7,3,0,0,2,12,0,0,0,0,1,0,0,1
164,12,0,13,2,11,1,2,9,10,0,0,0,0,0,0,1
98,6,0,85,2,0,7,3,6,0,0,0,0,0,0,0,0
83,6,0,41,2,1,0,3,9,4,0,0,0,0,0,0,0
31,8,18,0,2,0,0,0,0,0,0,0,0,0,0,0,0
27,8,0,15,2,0,0,2,3,0,0,0,0,0,0,0,1
58,6,2,43,4,2,0,3,0,1,0,0,0,0,0,0,1
45,7,0,29,2,0,1,3,1,2,0,0,0,0,0,0,0
122,12,105,0,8,4,0,0,19,0,4,0,0,0,0,0,0
70,6,0,61,2,6,0,4,4,0,0,0,0,0,0,0,1
89,7,0,10,2,5,1,1,18,8,0,0,0,0,0,0,1
100,21,12,62,2,4,0,5,15,0,0,0,0,0,0,0,1
18,8,0,6,1,0,0,1,2,0,0,0,0,0,0,0,1
109,15,0,44,5,4,1,8,0,2,2,0,1,0,0,0,1
20,15,0,5,3,0,0,1,12,0,0,0,0,1,0,0,1
86,13,0,70,1,2,0,6,18,0,0,0,0,0,0,0,1
59,16,0,39,1,0,0,1,0,0,1,0,0,0,0,0,1
51,17,0,30,2,0,1,3,1,0,0,0,0,0,0,0,0
30,9,0,18,1,0,0,2,3,2,0,0,0,0,0,0,0
47,3,3,36,3,1,1,3,0,0,0,0,0,0,0,0,0
64,14,0,46,1,0,0,3,0,0,0,0,0,0,0,0,0
53,11,0,38,1,0,2,3,8,0,0,0,0,0,0,0,0
80,13,0,15,2,0,1,2,4,8,0,0,0,0,0,0,1
166,7,0,155,3,5,3,13,0,2,5,0,1,0,0,0,0
22,13,0,6,2,1,0,1,0,0,0,0,0,0,0,0,1
19,5,8,0,2,0,0,0,1,0,0,0,0,0,0,0,1
81,7,0,70,1,9,0,5,6,0,0,0,0,0,0,0,0
85,15,0,66,2,5,0,3,0,0,0,0,0,0,0,0,1
34,10,5,14,2,0,0,2,0,0,0,0,0,0,0,0,0
39,9,0,26,2,0,0,3,0,0,0,0,0,0,0,0,1
73,13,0,56,1,1,0,3,23,1,2,0,0,0,0,0,1
51,5,11,30,2,0,4,2,0,0,0,0,0,0,0,0,0
147,6,0,10,2,0,1,1,7,20,0,0,0,0,0,0,1
65,4,9,4,2,1,0,2,9,2,0,0,0,0,0,0,0
19,15,0,0,1,0,0,0,0,0,0,0,0,0,0,0,0
41,12,0,17,2,0,0,2,4,2,0,0,0,0,0,0,0
40,10,0,26,2,0,0,2,2,0,0,0,0,0,0,0,0
40,6,7,22,3,0,0,2,0,0,0,0,0,0,0,0,1
76,6,0,14,2,0,6,1,5,5,0,0,0,0,0,0,0
40,9,0,27,3,0,0,2,0,0,1,0,0,0,0,0,1
113,9,0,10,3,7,1,1,26,10,0,0,0,0,0,0,1
99,7,0,28,2,0,0,3,26,4,0,0,0,0,0,0,1
83,7,0,10,2,0,1,1,9,8,0,0,0,0,0,0,1
33,13,0,20,4,0,0,2,10,0,0,0,0,1,0,0,1
51,17,0,30,1,0,2,2,4,2,0,0,0,0,0,0,0
69,6,0,59,1,5,0,3,10,0,1,0,0,0,0,0,0
58,11,0,43,2,0,2,4,1,0,0,0,0,0,0,0,1
90,7,0,77,6,0,0,8,0,0,0,0,1,0,0,0,1
28,24,0,0,1,0,0,0,0,0,0,0,0,0,0,0,1
35,13,0,17,2,0,0,2,0,0,0,0,0,0,1,0,0
54,14,0,40,3,0,0,2,35,0,0,0,0,1,0,0,1
100,5,4,86,8,0,0,5,15,0,0,0,1,1,0,0,1
105,9,0,45,4,1,0,6,5,2,0,0,1,0,0,0,1
63,8,0,51,1,3,0,3,15,0,0,0,0,0,0,0,0
74,6,0,10,3,0,1,1,1,8,0,0,0,0,0,0,1
42,13,0,26,2,3,0,2,1,0,0,0,0,0,0,0,1
33,10,0,20,2,2,0,2,2,0,0,0,0,0,0,0,1
150,16,0,45,2,5,4,1,10,8,0,0,0,0,0,0,0
75,10,0,61,2,4,0,1,12,4,0,0,0,0,0,0,0
59,10,0,42,3,0,0,5,0,0,0,0,0,0,0,0,1
32,4,2,20,3,0,0,3,0,0,1,0,0,0,0,0,1
37,7,14,11,3,0,0,1,8,1,0,0,0,0,0,0,1
46,5,4,32,3,0,0,4,4,1,0,0,0,0,0,0,1
64,27,0,33,2,0,1,2,0,0,0,0,0,0,0,0,0
50,5,5,35,2,0,2,2,0,2,0,0,0,0,0,0,0
220,24,0,10,2,1,7,1,9,31,0,0,0,0,0,0,1
223,7,0,5,2,1,0,1,63,55,0,0,0,0,0,0,0
27,12,0,11,1,0,0,2,0,0,0,0,0,0,0,0,1
50,7,20,10,5,0,0,1,0,1,1,0,0,0,0,0,1
41,6,7,23,3,0,2,2,0,1,0,0,0,0,0,0,1
30,12,0,15,2,0,0,2,0,0,0,0,0,0,0,0,1
27,10,0,13,1,2,0,1,0,0,0,0,0,0,0,0,0
42,4,0,26,2,0,0,3,2,0,0,0,0,0,0,0,1
72,9,2,56,2,0,6,2,6,1,0,0,0,0,0,0,0
25,13,0,12,3,0,0,2,11,0,0,0,0,1,0,0,1
31,5,5,11,2,0,0,2,2,2,0,0,0,0,0,0,1
277,30,0,77,5,3,1,5,92,8,2,0,1,0,0,0,1
32,3,7,17,4,0,0,2,0,1,0,0,0,0,0,0,1
12,9,0,0,1,0,0,0,3,0,0,0,0,0,0,0,1
67,16,0,47,2,0,0,4,0,0,0,0,0,0,0,0,1
37,14,0,20,2,1,0,2,0,0,0,0,0,0,0,0,1
42,6,29,0,6,0,0,0,2,0,1,0,0,0,0,0,1
40,13,0,23,1,0,1,2,0,0,0,0,0,0,0,0,0
50,10,0,20,1,1,0,1,2,4,0,0,0,0,0,0,1
34,11,0,19,1,0,0,2,0,2,0,0,0,0,0,0,0
16,11,0,0,1,0,0,0,0,0,0,0,0,0,1,0,1
83,4,8,22,3,1,0,2,20,9,0,0,0,0,0,0,0
82,12,0,20,3,0,1,2,3,6,0,0,0,0,0,0,1
17,3,8,5,1,0,0,1,0,1,0,0,0,0,0,0,1
46,12,5,22,4,0,0,2,0,0,0,0,0,0,0,0,0
51,7,0,38,2,0,0,2,22,0,0,0,0,0,0,0,1
16,11,0,0,3,0,0,0,12,0,0,0,0,1,0,0,1
15,8,0,0,2,0,0,0,0,0,0,0,0,0,0,0,0
135,7,0,25,3,2,4,2,38,4,1,0,0,0,0,0,1
21,10,0,8,1,0,0,1,3,0,0,0,0,0,0,0,1
104,8,0,10,2,2,1,1,4,10,1,0,0,0,0,0,1
79,21,0,51,3,3,0,3,3,0,0,0,0,0,0,0,1
55,7,8,35,2,1,0,4,1,0,0,0,0,0,0,0,0
34,4,6,20,3,0,0,3,2,0,0,0,0,0,0,0,1
158,18,21,114,2,2,0,8,46,1,1,0,0,0,0,0,0
49,11,0,14,1,1,0,2,0,2,0,0,0,0,0,0,1
98,16,0,10,2,0,1,1,8,10,0,0,0,0,0,0,1
47,15,0,28,2,0,0,2,0,0,1,0,0,0,0,0,1
159,22,0,133,4,5,0,3,35,0,2,0,0,0,0,0,1
34,12,0,15,3,0,0,2,0,0,1,0,0,0,0,0,1
118,15,73,22,11,1,0,2,15,0,2,0,0,0,0,0,0
409,11,111,186,17,5,2,14,114,9,4,0,1,0,0,0,0
49,8,0,38,2,0,1,3,0,0,0,0,0,0,0,0,0
82,12,0,10,2,0,1,1,5,10,0,0,0,0,0,0,1
172,3,62,103,2,0,0,3,0,0,2,0,1,0,0,0,1
29,10,10,4,2,0,0,1,0,0,0,0,0,0,0,0,0
9,5,0,0,1,0,0,0,0,0,0,0,0,0,0,0,1
79,8,0,67,1,2,0,6,23,0,1,0,0,0,0,0,1
55,17,0,35,1,1,1,1,7,1,0,0,1,0,0,0,1
40,17,0,19,2,0,0,1,0,0,1,0,0,0,0,0,0
50,47,0,0,1,7,0,0,11,0,2,0,0,0,0,0,1
28,7,0,17,1,0,0,1,0,0,0,0,0,0,0,0,0
32,8,19,0,2,0,0,0,0,0,0,0,0,0,0,0,0
35,16,0,14,2,1,1,2,2,0,0,0,0,0,1,0,1
70,11,0,10,2,0,1,1,2,6,0,0,0,0,0,0,1
111,6,0,34,4,4,1,8,0,5,1,0,1,0,0,0,1
113,11,0,98,8,1,9,3,10,0,0,0,0,0,0,0,0
21,10,0,7,1,0,0,1,1,0,0,0,0,0,0,0,1
29,3,5,14,2,0,0,1,2,0,0,0,0,0,0,0,1
25,8,12,0,2,0,0,0,0,0,0,0,0,0,0,0,0
32,6,0,22,1,0,0,2,0,0,0,0,0,0,0,0,1
77,6,0,68,2,4,0,4,0,0,0,0,0,0,0,0,1
36,13,0,10,2,0,0,1,2,2,0,0,0,0,0,0,1
17,5,0,8,1,0,0,1,0,0,0,0,0,0,0,0,1
44,13,0,27,2,2,0,2,1,0,0,0,0,0,0,0,0
38,3,0,31,2,0,0,4,7,0,0,0,0,0,0,0,1
98,20,0,60,2,4,0,4,4,2,0,0,0,0,0,0,1
45,4,0,37,2,1,0,4,10,0,0,0,0,0,0,0,0
75,6,0,4,4,0,0,5,0,5,2,0,1,0,0,0,0
31,7,0,6,1,0,0,1,1,2,0,0,0,0,0,0,0
110,10,0,19,4,0,0,6,4,10,2,0,1,0,0,0,1
147,12,0,10,2,8,1,1,5,10,0,0,0,0,0,0,1
36,21,0,11,2,0,0,2,0,0,0,0,0,0,0,0,0
28,5,0,20,2,0,1,2,0,0,0,0,0,0,0,0,1
97,19,6,15,3,8,0,1,3,1,0,0,0,0,0,0,0
26,7,0,15,2,0,0,1,2,0,0,0,0,0,0,0,1
47,14,0,29,2,5,0,2,1,0,0,0,0,0,0,0,1
14,10,0,0,1,0,0,0,0,0,0,0,0,0,0,0,1
32,7,0,21,2,0,0,2,0,0,0,0,0,0,0,0,1
45,10,0,29,3,0,0,2,2,4,2,0,0,0,0,0,0
21,7,0,10,1,0,0,1,0,0,0,0,0,0,0,0,1
171,7,12,1,4,0,0,2,82,2,1,0,0,0,0,0,1
27,10,0,1,1,0,1,1,3,2,0,0,0,0,0,0,0
27,4,5,13,2,0,0,2,4,0,0,0,0,0,0,0,1
26,8,0,15,2,0,0,2,0,0,0,0,0,0,0,0,1
54,6,0,44,2,0,2,7,8,0,0,0,0,0,0,0,1
37,20,0,11,3,0,0,1,2,0,0,0,0,0,0,0,0
18,10,4,0,2,0,0,0,2,0,0,0,0,0,0,0,1
35,7,0,25,4,0,0,2,0,0,1,0,0,0,0,0,1
54,2,7,40,3,3,0,2,6,0,0,0,0,0,0,0,0
38,7,0,27,1,0,0,3,9,0,0,0,0,0,0,0,0
122,9,0,28,2,0,2,2,27,10,0,0,0,0,0,0,0
35,15,0,16,1,1,0,1,0,0,0,0,0,0,0,0,1
43,8,0,32,2,2,0,3,1,0,0,0,0,0,0,0,1
37,7,0,26,2,2,1,1,17,0,0,0,0,0,0,0,0
67,7,0,57,1,0,0,5,24,0,0,0,0,0,0,0,0
21,2,3,9,3,0,0,1,0,0,0,0,0,0,0,0,1
91,10,0,77,1,4,2,4,8,0,0,0,0,0,0,0,0
30,7,0,19,1,1,0,2,0,0,0,0,0,0,0,0,0
69,10,0,55,1,0,4,3,14,5,0,0,0,0,0,0,0
50,8,0,39,2,4,0,2,10,0,0,0,0,0,0,0,1
98,10,0,30,2,1,1,11,20,2,1,0,0,0,0,0,0
24,6,0,15,1,1,0,2,0,0,0,0,0,0,0,0,0
17,5,0,9,1,0,0,1,4,0,0,0,0,0,0,0,1
33,9,0,21,2,0,1,2,0,0,0,0,0,0,0,0,1
32,18,0,11,2,1,0,1,0,0,0,0,0,0,0,0,1
61,16,0,41,2,5,0,1,0,0,0,0,0,0,0,0,0
40,7,0,1,1,0,0,1,1,6,0,0,0,0,0,0,0
109,13,0,10,2,0,1,1,6,12,0,0,0,0,0,0,1
211,9,0,23,14,1,0,3,62,18,0,0,0,0,0,0,1
32,3,3,22,3,0,0,3,0,1,0,0,0,0,0,0,1
29,9,8,7,2,0,0,1,0,0,0,0,0,0,0,0,0
51,9,15,16,4,1,0,1,5,2,1,0,0,0,0,0,0
117,8,0,10,2,3,1,1,6,10,1,0,0,0,0,0,1
30,14,0,10,3,0,0,1,18,0,0,0,0,1,0,0,1
42,8,10,19,2,0,2,2,3,0,0,0,0,0,0,0,0
541,11,0,35,3,1,0,4,131,2,0,0,1,0,0,0,1
29,13,0,16,4,0,0,2,11,0,0,0,0,1,0,0,1
196,13,0,43,2,1,0,4,32,1,0,0,0,0,0,0,1
41,8,0,29,2,0,0,3,0,0,0,0,0,0,0,0,0
78,11,0,64,2,5,0,5,6,0,0,0,0,0,0,0,0
33,17,0,13,2,0,0,2,0,0,0,0,0,0,0,0,1
16,12,0,0,1,0,0,0,0,0,0,0,0,0,0,0,0
42,8,0,30,2,0,0,4,1,0,0,0,0,0,0,0,1
54,8,10,31,3,3,0,3,6,0,0,0,0,0,0,0,0
110,5,16,20,7,1,0,5,1,11,2,0,1,0,0,0,1
38,20,0,14,2,0,0,2,0,0,0,0,0,0,0,0,0
70,8,0,59,2,3,0,4,2,0,0,0,0,0,0,0,1
91,10,0,49,2,4,0,3,4,6,0,0,0,0,0,0,1
98,8,0,24,1,0,4,2,12,6,0,0,0,0,0,0,0
28,19,0,6,1,0,0,1,0,0,0,0,1,0,0,0,1
77,14,0,59,1,1,0,5,24,0,0,0,0,0,0,0,1
92,19,0,69,4,0,0,5,2,0,0,0,1,0,0,0,1
32,15,0,13,2,0,0,2,0,0,0,0,0,0,0,0,0
178,18,0,10,2,4,1,1,9,18,0,0,0,0,0,0,1
41,18,0,19,2,1,0,2,0,0,0,0,0,0,0,0,0
186,17,0,28,2,0,0,3,15,5,0,0,0,0,0,0,1
23,14,0,6,1,0,0,1,0,0,0,0,1,0,0,0,1
89,17,0,10,2,1,1,1,3,10,0,0,0,0,0,0,1
43,16,10,1,3,1,0,1,0,2,0,0,0,0,0,0,1
31,12,0,16,2,0,0,1,1,0,0,0,0,0,0,0,1
46,4,0,38,1,4,0,2,7,0,0,0,0,0,0,0,0
61,6,0,51,1,0,1,6,0,0,1,0,0,0,0,0,1
26,17,0,6,2,1,0,1,0,0,0,0,0,0,0,0,1
14,10,0,0,1,0,0,0,0,0,0,0,0,0,0,0,1
35,11,0,20,1,0,0,3,4,0,0,0,0,0,0,0,0
131,6,0,121,1,14,0,5,5,0,1,0,0,0,0,0,0
39,21,0,14,1,0,0,2,0,0,1,0,0,0,0,0,1
123,10,0,109,2,10,0,6,8,0,0,0,0,0,0,0,0
25,12,0,7,4,0,0,1,14,0,0,0,0,1,0,0,1
23,7,0,12,2,0,0,1,0,0,0,0,0,0,0,0,1
19,5,5,4,2,0,0,1,0,0,0,0,0,0,0,0,0
33,11,6,11,3,0,0,1,0,0,0,0,0,0,0,0,1
467,9,0,26,22,0,5,6,39,51,1,0,1,0,0,0,1
34,12,7,10,2,0,0,1,0,1,0,0,0,0,0,0,1
34,17,0,14,2,0,0,2,0,0,0,0,0,0,0,0,1
25,11,4,5,2,0,0,1,0,0,0,0,0,0,0,0,0
146,5,16,20,7,1,0,5,1,20,2,0,1,0,0,0,0
30,14,0,16,4,0,0,2,12,0,0,0,0,1,0,0,1
36,21,0,11,2,0,0,1,0,0,0,0,0,0,0,0,0
35,14,0,21,3,1,0,2,11,0,0,0,0,1,0,0,1
33,9,0,17,4,0,0,2,0,0,0,0,0,0,0,0,1
46,9,2,30,2,0,2,2,0,0,0,0,0,0,0,0,0
38,9,0,24,1,2,0,1,0,0,0,0,0,0,1,0,0
90,12,0,74,4,7,0,3,7,0,0,0,0,0,0,0,0
70,19,0,47,1,0,1,3,15,1,0,0,0,0,0,0,0
173,6,0,10,2,4,1,1,7,18,0,0,0,0,0,0,1
10,6,0,0,1,0,0,0,0,0,0,0,0,0,0,0,1
19,8,0,8,1,0,0,1,0,0,0,0,0,0,0,0,1
114,8,0,20,5,1,0,12,10,6,1,0,1,0,0,0,1
29,11,0,14,2,0,0,3,2,0,0,0,0,0,0,0,0
63,3,0,10,2,0,1,1,3,8,0,0,0,0,0,0,1
117,13,4,10,6,1,0,1,6,19,2,0,1,0,1,0,0
142,10,0,85,2,9,0,5,10,8,0,0,0,0,0,0,1
79,19,0,56,2,1,0,6,0,0,0,0,0,0,0,0,1
117,5,16,47,8,0,0,7,1,11,2,0,1,0,0,0,1
170,10,0,104,7,2,4,9,17,2,1,0,1,0,0,0,1
244,12,0,41,9,0,1,9,8,27,1,0,1,0,0,0,1
107,11,0,61,3,3,2,6,5,5,2,0,0,0,0,0,1
66,7,0,55,1,0,4,2,2,1,0,0,0,0,0,0,0
116,5,0,107,2,1,2,7,21,0,0,0,0,0,0,0,1
29,5,9,10,3,0,0,1,3,0,0,0,0,0,0,0,1
55,7,6,37,2,3,0,2,0,0,0,0,0,0,0,0,0
50,8,0,38,1,1,0,3,15,0,0,0,0,0,0,0,0
45,4,0,35,3,0,1,3,3,0,0,0,0,0,0,0,0
50,6,0,40,1,3,0,3,6,0,1,0,0,0,0,0,0
14,10,0,0,1,0,0,0,0,0,0,0,0,0,1,0,1
43,14,0,26,2,1,0,3,0,0,0,0,0,0,0,0,1
112,13,0,95,2,8,0,1,6,11,0,0,0,0,0,0,0
56,6,0,16,3,0,1,2,1,4,0,0,0,0,0,0,1
42,18,0,21,1,1,0,3,0,0,0,0,0,0,0,0,1
88,18,0,29,4,0,0,4,12,4,0,0,0,0,0,0,1
74,10,0,60,1,7,0,4,12,0,0,0,0,0,0,0,0
27,14,0,7,4,0,0,1,16,0,0,0,0,1,0,0,1
92,9,0,80,3,2,0,8,0,0,1,0,1,0,0,0,1
47,6,0,37,1,3,0,3,7,0,1,0,0,0,0,0,0
115,5,0,19,2,1,6,3,4,5,1,0,0,0,0,0,1
99,7,0,6,2,4,0,1,5,7,1,0,1,0,0,0,0
115,8,4,20,9,0,0,3,10,10,0,0,1,0,0,0,1
166,15,0,96,6,2,3,8,11,2,1,0,1,0,0,0,1
61,8,0,49,2,0,0,3,3,0,1,0,0,0,0,0,1
37,8,0,25,2,0,1,1,5,0,0,0,0,0,0,0,0
34,9,0,21,1,0,0,2,1,0,0,0,0,0,0,0,1
142,9,0,129,2,5,2,11,6,2,5,0,1,0,0,0,1
83,18,0,10,3,0,1,1,4,8,0,0,0,0,0,0,1
27,14,0,7,4,0,0,1,16,0,0,0,0,1,0,0,1
34,6,18,6,4,0,0,1,13,0,0,0,0,0,0,0,1
58,3,0,40,2,1,0,5,4,1,0,0,0,0,0,0,1
32,2,3,20,4,0,0,3,2,0,0,0,0,0,0,0,1
78,10,0,64,1,10,0,1,5,0,0,0,0,0,0,0,0
162,14,0,10,2,11,1,1,17,10,0,0,0,0,0,0,1
97,9,0,10,2,0,0,1,3,12,0,0,0,0,0,0,1
82,15,0,63,2,1,1,7,0,0,1,0,0,0,0,0,0
58,11,0,41,2,0,3,4,8,0,0,0,0,0,0,0,1
222,7,0,10,2,0,1,1,29,9,0,0,0,0,0,0,1
67,7,0,13,4,0,0,6,1,2,0,0,0,0,0,0,1
65,17,2,41,2,0,0,2,24,0,0,0,0,0,0,0,1
22,9,0,10,2,0,1,1,0,0,0,0,0,0,0,0,1
18,3,10,0,2,0,0,0,0,0,0,0,0,0,1,0,1
44,11,28,0,4,4,0,0,1,0,1,0,0,0,0,0,1
11,11,0,0,3,0,0,0,8,0,0,0,0,1,0,0,1
117,5,16,47,8,0,0,7,1,11,2,0,1,0,0,0,1
31,4,0,24,2,0,0,2,2,0,0,0,0,0,0,0,1
27,4,5,13,2,0,0,2,4,0,0,0,0,0,0,0,1
77,8,21,16,4,1,0,2,5,6,0,0,0,0,0,0,0
22,3,6,8,2,1,0,1,2,0,0,0,0,0,0,0,1
44,9,2,28,2,1,3,2,0,0,0,0,0,0,0,0,0
56,12,0,41,2,1,0,5,4,0,0,0,0,0,0,0,1
53,8,7,33,2,0,0,4,1,1,0,0,0,0,0,0,0
25,10,10,0,2,0,0,0,0,0,0,0,0,0,0,0,0
71,13,0,54,1,0,0,5,4,2,0,0,0,0,0,0,0
41,3,10,14,3,0,0,2,5,2,0,0,0,0,0,0,0
70,10,10,44,4,0,0,5,5,0,0,0,0,0,1,0,1
35,7,22,0,4,1,0,0,1,0,1,0,0,0,1,0,1
60,7,0,49,2,0,0,3,18,0,0,0,0,0,0,0,1
33,9,0,20,2,0,0,2,0,0,0,0,0,0,0,0,1
38,11,0,23,2,0,0,3,1,0,0,0,0,0,0,0,1
14,5,0,5,1,0,0,1,0,0,0,0,0,0,0,0,0
27,9,0,15,1,0,0,2,3,1,0,0,0,0,0,0,0
19,7,0,8,1,0,0,1,0,0,0,0,0,0,0,0,1
86,23,0,10,2,1,1,1,4,8,0,0,0,0,0,0,1
345,12,28,34,3,10,1,3,55,11,2,0,0,0,0,0,0
19,7,0,8,1,0,0,1,0,0,0,0,0,0,0,0,1
12,8,0,0,1,0,0,0,0,0,0,0,0,0,0,0,0
132,3,8,113,4,13,0,6,8,0,0,0,0,0,0,0,0
467,9,0,26,22,0,5,6,39,51,1,0,1,0,0,0,1
30,9,6,10,2,0,1,1,0,0,0,0,0,0,0,0,0
51,17,0,22,2,1,0,2,4,2,0,0,0,0,0,0,0
49,10,0,35,2,3,0,2,2,0,0,0,0,0,0,0,1
38,11,0,23,1,0,0,3,0,0,0,0,0,0,0,0,0
93,3,11,75,3,0,0,1,9,1,2,0,0,0,0,0,0
29,3,12,9,3,0,0,1,2,0,0,0,0,0,0,0,1
102,8,0,90,1,14,0,2,0,0,0,0,0,0,0,0,0
25,12,0,9,2,0,0,1,0,0,0,0,0,0,0,0,1
26,14,0,8,1,0,0,1,3,0,0,0,0,0,0,0,1
62,5,5,47,3,3,0,4,1,0,0,0,0,0,0,0,0
44,5,0,35,1,2,0,3,8,0,0,0,0,0,0,0,0
180,10,0,38,3,0,0,4,10,5,0,0,0,0,0,0,1
67,4,0,60,2,4,0,4,0,0,1,0,0,0,0,0,0
254,15,0,49,5,3,1,6,26,14,0,0,1,0,0,0,1
51,17,0,27,3,3,0,1,0,0,0,0,0,0,0,0,0
31,7,0,6,1,0,0,1,1,2,0,0,0,0,0,0,0
41,12,0,25,2,2,0,3,0,0,0,0,0,0,0,0,1
31,13,0,14,1,0,0,2,0,0,0,0,0,0,0,0,1
21,3,10,4,2,0,0,1,2,0,0,0,0,0,0,0,1
13,9,0,0,1,0,0,0,0,0,0,0,0,0,0,0,0
28,9,0,16,1,0,0,2,3,1,0,0,0,0,0,0,0
63,8,0,51,2,0,2,4,0,1,0,0,0,0,0,0,0
31,8,18,0,2,1,0,0,0,0,0,0,0,0,0,0,1
27,12,0,15,5,2,0,1,12,0,0,0,0,1,0,0,1
53,20,0,29,1,2,0,4,8,0,0,0,0,0,0,0,0
19,9,0,6,2,0,0,1,0,0,0,0,0,0,0,0,1
146,6,0,134,5,2,0,7,17,0,1,0,1,0,0,0,1
23,19,0,0,1,0,0,0,0,0,0,0,0,0,0,0,0
47,9,0,35,2,2,0,2,0,0,0,0,0,0,0,0,1
73,17,0,52,2,0,2,5,4,0,0,0,0,0,0,0,1
80,9,0,68,1,0,0,2,16,0,1,0,0,0,0,0,1
60,20,0,36,1,1,0,5,2,1,1,0,0,0,0,0,1
23,11,0,8,2,0,0,1,0,0,0,0,0,0,0,0,1
23,11,0,9,1,0,0,1,2,0,0,0,0,0,0,0,1
49,20,0,25,2,1,0,3,2,0,0,0,0,0,0,0,0
30,14,0,12,1,0,1,1,0,0,0,0,0,0,0,0,0
114,13,3,93,3,0,0,15,45,0,1,0,0,0,0,0,1
30,6,0,20,1,0,1,2,0,0,0,0,0,0,0,0,0
37,14,0,17,3,0,0,2,0,0,1,0,0,0,0,0,1
32,8,0,10,2,1,1,1,4,2,0,0,0,0,0,0,1
27,9,0,14,2,0,0,1,0,0,0,0,0,0,0,0,1
40,5,0,31,1,1,0,3,3,0,0,0,0,0,0,0,0
34,9,2,18,2,0,1,2,0,0,0,0,0,0,0,0,0
18,13,0,0,3,0,0,0,14,0,0,0,0,1,0,0,1
33,11,0,18,2,0,1,1,0,0,0,0,0,0,0,0,1
25,12,0,7,4,0,0,1,14,0,0,0,0,1,0,0,1
33,8,0,21,1,0,0,4,0,0,0,0,0,0,0,0,0
105,9,0,45,4,1,0,6,5,2,0,0,1,0,0,0,1
24,20,0,0,1,0,0,0,0,0,0,0,0,0,0,0,0
35,9,0,22,2,0,0,3,0,0,0,0,0,0,0,0,0
102,3,0,95,1,13,0,3,6,0,0,0,0,0,0,0,0
39,22,0,13,1,0,0,2,0,0,0,0,0,0,0,0,0
107,13,0,17,2,2,0,1,7,14,0,0,0,0,0,0,0
144,3,0,32,2,4,0,3,7,6,0,0,0,0,0,0,0
34,19,0,8,2,0,0,2,0,0,0,0,0,0,0,0,1
166,8,0,155,2,12,0,6,5,0,0,0,0,0,0,0,1
13,6,0,0,2,0,0,0,0,0,0,0,0,0,0,0,1
48,12,0,33,4,0,0,5,2,0,0,0,1,0,0,0,1
24,20,0,0,1,0,0,0,0,0,0,0,0,0,0,0,1
131,11,4,76,5,0,0,2,45,3,0,0,0,0,0,0,1
95,25,0,10,2,1,1,1,4,8,0,0,0,0,0,0,1
36,8,0,24,1,2,0,1,0,0,0,0,0,0,0,0,0
12,6,0,3,1,0,0,1,0,0,0,0,0,0,0,0,1
36,18,0,14,2,0,0,1,0,0,0,0,0,0,0,0,1
60,12,0,44,1,4,0,3,6,0,0,0,0,0,0,0,0
82,10,0,10,2,0,1,1,2,10,0,0,0,0,0,0,1
82,13,0,65,1,10,0,2,2,0,0,0,0,0,0,0,1
97,18,0,10,2,0,1,1,4,12,0,0,0,0,0,0,1
31,6,10,11,2,0,0,1,4,0,0,0,0,0,0,0,1
31,17,0,11,2,0,0,1,0,0,0,0,0,0,0,0,1
30,13,12,0,2,2,0,0,0,0,0,0,0,0,0,0,0
37,12,0,21,1,0,0,4,3,0,0,0,0,0,0,0,1
70,10,0,52,2,0,0,8,15,0,0,0,0,0,0,0,1
36,7,0,18,2,0,0,2,2,2,0,0,0,0,0,0,1
68,3,6,15,3,1,0,2,10,6,0,0,0,0,0,0,1
59,12,0,43,2,1,1,4,0,0,0,0,0,0,0,0,0
34,3,2,24,2,0,0,4,1,1,0,0,0,0,0,0,1
57,11,0,42,2,5,0,1,0,0,0,0,0,0,0,0,0
54,9,7,33,3,4,0,2,6,0,0,0,0,0,0,0,0
117,13,4,10,6,1,0,1,6,19,2,0,1,0,1,0,0
106,14,0,10,2,0,1,1,28,6,0,0,0,0,0,0,1
37,14,0,19,1,0,0,2,0,0,0,0,0,0,0,0,0
144,15,0,10,6,0,4,1,8,12,0,0,0,0,0,0,1
129,14,0,111,2,15,1,2,17,0,0,0,0,0,0,0,0
53,6,0,41,3,0,0,4,0,0,0,0,0,0,0,0,1
122,11,0,16,2,3,1,2,12,10,0,0,0,0,0,0,1
28,9,0,15,1,0,0,1,0,0,0,0,0,0,0,0,0
45,13,0,26,3,1,0,3,0,0,0,0,0,0,0,0,1
20,10,0,7,1,0,0,1,2,0,0,0,0,0,0,0,1
44,10,0,31,2,1,0,4,0,0,0,0,0,0,0,0,1
82,14,0,32,3,0,1,3,2,4,0,0,0,0,0,0,1
28,5,18,0,2,0,0,0,2,0,0,0,0,0,0,0,1
65,6,0,18,3,1,0,4,3,5,0,0,0,0,0,0,1
29,9,0,16,1,0,0,2,0,0,0,0,0,0,0,0,1
21,3,0,14,1,0,0,2,9,0,0,0,0,0,0,0,1
72,8,0,10,4,0,1,1,1,6,0,0,0,0,0,0,1
10,6,0,0,1,0,0,0,2,0,0,0,0,0,0,0,1
85,11,0,29,2,0,1,1,5,6,0,0,0,0,0,0,0
35,13,0,16,2,1,0,2,0,0,0,0,0,0,0,0,0
47,2,11,12,3,0,0,2,9,2,0,0,0,0,0,0,0
56,6,0,46,2,2,0,4,1,0,0,0,0,0,0,0,0
79,13,0,62,1,7,0,2,0,0,0,0,0,0,0,0,0
30,10,0,17,1,0,0,2,0,0,0,0,0,0,0,0,1
50,16,0,19,1,0,0,3,7,2,0,0,0,0,0,0,0
60,16,0,41,1,3,0,4,0,0,0,0,0,0,0,0,1
10,2,3,0,2,0,0,0,0,0,0,0,0,0,0,0,0
38,16,0,18,2,0,0,2,1,0,0,0,0,0,0,0,1
94,13,50,21,8,1,0,4,0,0,0,0,1,0,0,0,1
72,7,0,10,2,0,1,1,6,8,0,0,0,0,0,0,1
16,12,0,0,1,0,0,0,0,0,0,0,0,0,0,0,0
223,10,0,209,2,8,0,2,95,38,0,0,0,0,0,0,1
35,8,0,16,2,0,0,1,1,2,0,0,0,0,0,0,1
47,5,8,29,3,0,0,4,6,0,0,0,0,0,0,0,0
68,6,4,53,3,0,0,5,0,0,1,0,0,0,0,0,1
29,4,0,22,1,0,0,2,0,1,0,0,0,0,0,0,0
26,6,0,16,1,0,0,1,0,0,0,0,0,0,0,0,0
19,5,0,10,2,0,0,1,0,0,0,0,0,0,1,0,1
97,6,0,15,2,0,0,2,3,18,0,0,0,0,0,0,0
77,10,0,63,1,8,0,2,7,0,0,0,0,0,0,0,0
49,7,9,29,3,0,0,4,0,0,0,0,0,0,0,0,1
83,9,0,70,2,8,0,4,6,0,0,0,0,0,0,0,0
26,13,0,7,4,0,0,1,15,0,0,0,0,1,0,0,1
45,9,0,32,2,0,0,3,1,0,0,0,0,0,0,0,1
69,7,13,44,2,2,0,3,6,0,0,0,0,0,0,0,0
24,6,5,9,2,0,0,1,6,0,0,0,0,0,0,0,1
26,8,0,14,2,0,0,1,0,0,0,0,0,0,0,0,0
62,8,0,50,2,7,0,2,0,0,0,0,0,0,0,0,0
83,0,0,77,1,8,0,3,0,0,0,0,0,0,0,0,0
38,12,0,22,2,0,0,2,0,0,0,0,0,0,0,0,0
80,6,0,70,1,9,0,4,8,0,0,0,0,0,0,0,0
109,15,0,44,5,4,1,8,0,2,2,0,1,0,0,0,1
91,12,0,18,2,0,1,2,1,10,0,0,0,0,0,0,1
90,19,0,67,2,1,2,8,0,0,2,0,0,0,0,0,1
33,14,0,15,2,0,0,2,0,0,0,0,0,0,0,0,0
57,13,0,40,1,3,0,2,0,0,0,0,0,0,0,0,0
28,13,0,8,2,0,0,1,5,0,0,0,0,0,0,0,1
27,5,0,18,2,0,0,2,3,0,0,0,0,0,0,0,1
68,6,0,10,2,0,1,1,4,8,0,0,0,0,0,0,1
45,12,0,29,1,2,0,2,4,0,0,0,0,0,0,0,0
100,18,0,10,2,2,1,1,4,10,0,0,0,0,0,0,1
78,12,0,10,3,0,1,1,5,8,0,0,0,0,0,0,1
35,10,0,22,2,0,0,3,1,0,0,0,0,0,0,0,1
34,14,0,16,1,0,0,1,0,0,0,0,0,0,0,0,1
47,14,0,10,2,1,0,1,1,2,0,0,0,0,0,0,1
52,5,11,31,3,0,1,2,0,0,0,0,0,0,0,0,0
25,10,0,11,1,0,0,1,0,0,0,0,0,0,0,0,1
15,11,0,0,1,0,0,0,0,0,0,0,0,0,0,0,0
75,12,0,25,3,0,0,3,12,2,0,0,0,0,0,0,1
30,5,5,15,2,1,0,1,0,0,0,0,0,0,0,0,0
48,9,0,1,1,0,0,1,0,7,0,0,0,0,0,0,0
143,12,0,10,2,4,1,1,6,10,0,0,0,0,0,0,1
34,6,0,25,2,1,0,3,0,0,0,0,0,0,0,0,1
29,3,4,17,2,1,0,2,3,1,0,0,0,0,0,0,1
69,13,24,27,5,0,1,2,0,0,1,0,0,0,0,0,0
36,7,0,25,1,1,0,4,0,0,0,0,0,0,0,0,1
44,9,0,21,2,0,0,2,7,2,0,0,0,0,0,0,0
71,14,5,46,5,0,0,2,7,1,0,0,0,0,1,0,1
13,2,6,0,2,0,0,0,0,0,0,0,0,0,0,0,0
55,17,0,35,1,1,1,1,7,1,0,0,1,0,0,0,1
57,12,17,15,3,1,0,1,5,2,0,0,0,0,0,0,0
36,8,16,7,4,0,0,1,0,0,2,0,1,0,0,0,1
118,9,0,11,2,1,1,1,6,14,0,0,0,0,0,0,1
42,17,0,19,3,0,1,1,0,0,0,0,0,0,0,0,0
27,4,5,13,2,0,0,2,4,0,0,0,0,0,0,0,1
39,14,0,21,2,0,0,1,4,0,0,0,0,0,0,0,0
180,8,3,164,2,0,21,4,6,0,0,0,0,0,0,0,0
20,6,0,11,1,0,0,1,1,0,0,0,0,0,0,0,1
54,16,0,21,2,1,0,2,4,4,0,0,0,0,0,0,0
43,19,0,10,2,0,0,1,7,1,0,0,0,0,0,0,1
43,9,2,27,2,0,2,2,0,0,0,0,0,0,0,0,0
16,8,0,4,1,0,0,1,0,0,0,0,0,0,0,0,0
95,12,0,36,2,5,0,2,3,8,0,0,0,0,0,0,1
30,10,0,16,1,1,0,1,0,0,0,0,0,0,0,0,1
12,8,0,0,1,1,0,0,0,0,0,0,0,0,0,0,1
152,9,0,10,2,2,1,1,7,18,0,0,0,0,0,0,1
34,7,0,12,3,0,0,1,1,2,0,0,0,0,0,0,1
47,26,0,17,2,2,0,3,1,0,0,0,0,0,0,0,1
50,5,0,41,1,2,0,3,2,0,0,0,0,0,0,0,0
64,13,0,47,2,7,0,2,2,0,0,0,0,0,0,0,1
58,6,0,48,1,3,0,3,5,0,1,0,0,0,0,0,0
70,7,0,10,2,0,1,1,8,8,0,0,0,0,0,0,1
43,12,0,27,2,0,1,3,5,0,0,0,0,0,0,0,0
60,9,10,36,2,3,0,2,0,0,0,0,0,0,0,0,0
99,7,0,6,2,4,0,1,5,7,1,0,1,0,0,0,0
30,12,0,14,1,0,0,1,0,0,0,0,0,0,0,0,0
47,3,0,37,3,0,0,2,0,1,1,0,0,0,0,0,1
39,4,0,31,1,0,0,4,0,0,0,0,0,0,0,0,0
21,5,0,12,2,0,0,1,0,0,0,0,0,0,0,0,1
57,2,4,46,2,1,1,7,0,0,0,0,0,0,0,0,0
74,7,0,64,2,4,0,6,6,0,0,0,0,0,0,0,1
46,8,0,34,2,0,1,2,16,0,0,0,0,0,0,0,1
45,12,0,29,2,0,0,3,0,0,0,0,1,0,0,0,1
135,8,0,10,2,1,1,1,5,12,0,0,0,0,0,0,1
53,17,0,32,1,0,0,5,1,0,1,0,0,0,0,0,1
49,13,31,0,2,1,0,0,8,0,0,0,0,0,0,0,1
76,6,5,7,2,0,0,3,8,4,1,0,0,0,0,0,1
44,12,0,28,1,1,1,2,6,0,0,0,0,0,0,0,0
74,14,0,10,2,0,1,1,3,8,0,0,0,0,0,0,1
35,15,0,16,2,1,0,1,0,0,0,0,0,0,0,0,0
56,9,0,21,3,1,0,7,0,1,1,0,1,0,0,0,1
51,17,0,31,1,1,0,4,0,0,0,0,0,0,0,0,1
82,11,0,68,2,8,0,5,7,0,0,0,0,0,0,0,0
55,15,0,37,2,1,0,5,0,0,0,0,0,0,0,0,1
30,6,0,20,1,0,0,4,0,0,0,0,0,0,0,0,1
32,8,0,20,2,0,0,2,8,0,0,0,0,0,0,0,1
23,9,0,10,1,0,0,1,0,0,0,0,0,0,0,0,1
61,9,0,45,2,0,0,3,20,0,0,0,0,0,0,0,1
42,8,0,30,2,0,0,3,0,0,0,0,0,0,0,0,0
42,17,0,21,2,0,0,1,0,0,0,0,0,0,0,0,0
105,4,14,10,6,1,0,3,8,19,1,0,0,0,0,0,0
36,12,0,21,2,0,0,3,1,0,0,0,0,0,0,0,1
31,3,0,24,1,1,0,2,0,0,0,0,0,0,0,0,0
46,8,0,17,3,1,0,4,0,1,1,0,1,0,0,0,1
50,12,0,19,3,0,0,3,10,2,0,0,0,0,0,0,1
371,12,28,34,3,10,2,3,42,16,2,0,0,0,0,0,0
11,7,0,0,1,0,0,0,0,0,0,0,0,0,0,0,1
47,11,0,32,2,0,1,2,0,0,0,0,0,0,0,0,0
28,19,0,6,1,0,0,1,0,0,0,0,1,0,0,0,1
91,8,0,79,3,9,0,4,4,0,0,0,0,0,0,0,0
102,4,0,94,2,8,0,4,11,0,0,0,0,0,0,0,0
31,6,0,21,2,0,0,3,4,0,0,0,0,0,0,0,1
117,13,4,10,6,1,0,1,6,19,2,0,1,0,1,0,0
51,32,0,15,1,3,0,1,0,0,0,0,0,0,0,0,1
35,8,0,11,1,0,0,3,4,2,0,0,0,0,0,0,0
166,7,0,155,3,5,3,13,0,2,5,0,1,0,0,0,0
19,3,0,12,1,0,0,1,0,0,0,0,0,0,0,0,1
67,4,0,58,1,0,0,1,26,19,0,0,0,0,1,0,1
77,8,14,50,3,5,0,3,6,0,0,0,0,0,0,0,0
122,12,0,10,2,1,2,1,4,12,0,0,0,0,0,0,1
47,12,0,31,2,1,0,4,0,0,0,0,0,0,0,0,1
31,6,0,21,2,0,0,3,0,0,0,0,0,0,0,0,1
129,6,0,119,1,2,0,1,21,1,0,0,0,0,0,0,1
33,8,0,21,2,0,0,2,3,0,0,0,0,0,0,0,1
56,11,0,41,2,4,0,2,0,0,0,0,0,0,0,0,0
30,9,0,17,1,0,0,2,2,0,0,0,0,0,0,0,1
21,14,0,7,3,0,0,1,12,0,0,0,0,1,0,0,1
73,4,0,65,2,6,0,2,0,0,0,0,0,0,0,0,0
31,7,0,6,1,1,1,1,1,2,0,0,0,0,0,0,0
96,7,0,22,2,0,1,2,6,10,0,0,0,0,0,0,1
88,12,0,10,3,0,2,1,2,8,0,0,0,0,0,0,1
65,19,0,42,1,0,0,4,26,0,1,0,1,0,0,0,1
38,12,0,22,2,1,0,3,6,0,0,0,0,0,0,0,0
51,5,12,29,3,1,0,2,0,0,0,0,0,0,0,0,1
56,16,0,37,2,3,0,2,0,0,0,0,0,0,0,0,1
35,9,6,15,2,0,1,2,1,0,0,0,0,0,0,0,0
58,6,0,48,1,4,0,3,10,0,1,0,0,0,0,0,0
371,12,28,34,3,6,1,3,56,16,2,0,0,0,0,0,0
23,12,0,11,4,0,0,1,11,0,0,0,0,1,0,0,1
31,7,0,6,1,0,0,1,0,2,0,0,0,0,0,0,0
36,8,9,14,2,1,0,2,0,0,0,0,0,0,0,0,0
16,7,0,5,1,0,0,1,0,0,0,0,0,0,0,0,1
97,10,0,83,2,2,0,8,0,0,1,0,0,0,0,0,1
13,5,0,5,1,0,0,1,0,0,0,0,0,0,0,0,1
21,8,0,9,2,0,0,1,0,0,0,0,0,0,0,0,1
85,12,21,47,3,5,0,5,12,0,2,0,0,0,0,0,1
24,20,0,0,1,0,0,0,0,0,0,0,0,0,0,0,0
44,4,12,24,3,1,0,2,5,0,0,0,0,0,0,0,1
48,12,0,32,2,1,0,4,0,0,0,0,0,0,0,0,1
59,4,0,42,3,0,1,4,3,2,0,0,0,0,0,0,0
65,24,0,37,2,4,0,2,2,0,0,0,0,0,0,0,1
100,7,0,13,6,1,0,8,2,6,1,0,0,0,0,0,0
75,21,0,28,2,0,1,3,5,4,0,0,0,0,0,0,0
47,13,0,30,1,2,0,2,0,0,0,0,0,0,0,0,1
31,9,2,15,2,0,0,2,0,0,0,0,0,0,0,0,0
91,6,12,25,2,0,0,2,2,2,1,0,0,0,0,0,1
26,8,13,0,2,0,0,0,0,0,1,0,0,0,0,0,0
175,10,0,10,2,7,1,1,5,18,0,0,0,0,0,0,1
64,18,12,29,2,0,0,4,0,0,2,0,0,0,0,0,1
114,17,2,90,2,2,6,4,8,0,0,0,0,0,0,0,0
36,6,8,17,2,0,0,1,0,1,0,0,0,0,0,0,1
46,17,0,25,1,0,1,2,0,0,0,0,0,0,0,0,0
43,3,0,36,2,0,0,6,0,0,0,0,0,0,0,0,1
44,6,4,29,2,0,1,3,0,0,0,0,0,0,0,0,1
100,7,0,28,2,0,0,3,30,4,0,0,0,0,0,0,1
47,8,0,24,2,0,0,3,6,2,0,0,0,0,0,0,0
16,12,0,0,1,0,0,0,0,0,0,0,0,0,0,0,0
100,9,0,88,5,0,0,5,0,0,0,0,0,0,0,0,1
30,9,0,18,2,0,0,2,0,0,0,0,0,0,0,0,1
16,12,0,0,1,0,0,0,0,0,0,0,0,0,0,0,1
49,19,0,23,3,0,0,2,0,0,0,0,0,0,0,0,0
38,14,0,20,2,1,0,2,2,0,0,0,0,0,0,0,0
72,6,5,3,2,1,0,1,4,4,1,0,0,0,0,0,1
21,5,0,9,1,0,0,1,3,0,0,0,0,0,0,0,1
87,8,0,10,4,0,2,1,3,8,0,0,0,0,0,0,1
34,7,5,17,3,0,0,1,2,1,0,0,0,0,0,0,1
66,12,0,50,2,3,2,2,10,0,0,0,0,0,0,0,0
28,8,0,16,1,0,0,3,0,0,0,0,0,0,0,0,1
46,17,0,25,2,1,0,1,0,0,0,0,0,0,0,0,1
105,9,0,45,4,1,0,6,5,2,0,0,1,0,0,0,1
33,8,0,21,2,0,0,2,9,0,0,0,0,0,0,0,1
50,7,0,39,1,2,1,2,0,0,0,0,0,0,0,0,0
51,8,0,32,1,2,0,2,3,2,0,0,0,0,0,0,1
69,5,0,10,3,0,1,1,4,8,0,0,0,0,0,0,1
58,14,0,38,2,1,0,5,8,0,0,0,0,0,0,0,1
52,8,0,40,1,1,0,3,15,0,0,0,0,0,0,0,0
99,7,0,88,2,7,0,6,15,1,0,0,0,0,0,0,0
166,7,0,155,3,5,3,13,0,2,5,0,1,0,0,0,0
16,9,0,4,1,0,0,1,0,0,0,0,0,0,0,0,1
164,6,0,10,2,2,1,1,6,18,0,0,0,0,0,0,1
110,10,0,19,4,0,0,6,4,10,2,0,1,0,0,0,1
36,9,2,20,3,0,2,2,0,0,0,0,0,0,0,0,0
39,19,0,16,2,0,0,1,0,0,0,0,0,0,0,0,0
72,5,0,63,1,5,0,2,0,0,0,0,0,0,0,0,1
101,13,0,69,1,0,10,4,8,2,0,0,0,0,0,0,1
34,7,0,10,2,0,0,1,2,2,0,0,0,0,0,0,1
78,11,0,34,4,1,2,2,5,5,0,0,0,0,0,0,1
14,11,0,0,1,0,0,0,0,0,0,0,0,0,0,0,1
28,9,0,15,1,0,0,2,0,0,0,0,0,0,0,0,1
101,15,18,48,5,1,0,3,7,3,0,0,0,0,0,0,1
25,8,0,13,2,0,0,1,0,0,0,0,0,0,0,0,0
25,13,0,9,2,0,0,1,0,0,0,0,0,0,0,0,1
49,8,0,37,1,1,0,3,15,0,0,0,0,0,0,0,0
39,5,9,10,3,0,0,1,2,2,0,0,0,0,0,0,1
51,10,0,37,2,2,0,2,0,0,0,0,0,0,0,0,0
71,10,0,10,2,0,1,1,4,8,0,0,0,0,0,0,1
72,8,9,50,3,6,0,3,8,0,0,0,0,0,0,0,0
30,13,0,13,2,0,0,1,0,0,0,0,0,0,0,0,1
66,5,6,9,2,0,0,2,0,6,0,0,0,0,0,0,0
24,20,0,0,1,0,0,0,0,0,0,0,0,0,0,0,1
161,12,0,7,1,1,5,1,5,27,0,0,0,0,0,0,0
21,17,0,0,1,0,0,0,0,0,0,0,0,0,0,0,0
22,10,0,8,1,0,0,1,2,0,0,0,0,0,0,0,1
38,8,0,26,2,0,0,3,2,0,0,0,0,0,0,0,0
45,13,0,28,2,1,0,2,0,0,0,0,0,0,0,0,1
43,6,0,33,2,0,0,7,8,0,0,0,0,0,0,0,1
28,10,0,12,3,0,0,1,3,0,0,0,0,0,0,0,0
33,20,0,9,2,0,0,2,0,0,0,0,0,0,0,0,1
121,6,0,111,1,10,0,5,36,0,0,0,0,0,0,0,0
217,11,0,10,2,6,1,1,10,20,0,0,0,0,0,0,1
35,17,0,14,1,1,0,1,0,0,0,0,0,0,0,0,0
43,6,7,25,3,0,1,2,0,0,0,0,0,0,0,0,1
57,10,0,12,1,0,0,1,5,6,0,0,0,0,0,0,1
19,13,0,6,3,0,0,1,10,0,0,0,0,1,0,0,1
29,6,5,14,2,0,1,1,0,0,0,0,0,0,0,0,0
23,8,0,9,2,0,0,2,1,0,0,0,0,0,0,0,1
24,8,0,12,1,0,0,2,0,1,0,0,0,0,0,0,1
42,8,0,30,1,1,0,3,10,0,0,0,0,0,0,0,0
26,10,0,12,2,1,0,1,2,0,0,0,0,0,0,0,0
25,13,0,8,1,1,0,1,2,0,0,0,0,0,0,0,1
36,7,0,19,2,0,0,4,3,1,0,0,0,0,0,0,1
73,8,0,10,2,0,1,1,7,8,0,0,0,0,0,0,1
54,10,0,40,1,1,0,4,6,0,0,0,0,0,0,0,0
38,11,0,23,1,1,0,4,0,0,0,0,0,0,0,0,1
254,15,0,49,5,3,1,6,26,14,0,0,1,0,0,0,1
61,10,0,47,1,6,0,4,8,0,0,0,0,0,0,0,0
59,13,0,42,2,1,1,4,2,0,0,0,0,0,0,0,0
78,4,0,70,1,11,0,2,3,0,0,0,0,0,0,0,0
27,13,0,14,4,1,0,1,14,0,0,0,0,1,0,0,1
22,11,0,8,1,0,0,1,0,0,0,0,0,0,0,0,1
16,4,5,3,2,0,0,1,2,0,0,0,0,0,0,0,1
68,4,12,48,3,1,0,2,20,0,0,0,0,0,0,0,1
38,15,0,9,2,0,0,1,6,2,0,0,0,0,0,0,0
23,8,0,11,1,0,0,1,0,0,0,0,0,0,0,0,0
30,14,0,13,1,0,0,1,4,0,0,0,0,0,0,0,0
42,16,0,22,2,0,1,2,0,0,0,0,0,0,0,0,1
104,9,0,89,2,1,0,7,3,1,1,0,0,0,0,0,1
66,7,5,49,3,0,0,4,3,0,0,0,0,0,0,0,1
73,16,0,50,3,0,0,3,23,0,0,0,0,0,0,0,1
51,10,0,37,2,1,0,4,0,0,0,0,0,0,0,0,1
27,14,0,9,2,0,0,1,0,0,0,0,0,0,0,0,0
42,8,0,27,3,0,0,2,0,0,0,0,0,0,0,0,1
138,14,5,78,5,0,0,2,42,3,0,0,0,0,1,0,1
24,8,11,0,2,0,0,0,0,0,0,0,0,0,0,0,0
31,7,0,6,1,0,0,1,0,2,0,0,0,0,0,0,0
91,21,58,7,6,3,0,1,4,0,3,0,1,0,0,0,0
37,14,0,19,2,0,1,1,0,0,0,0,0,0,0,0,1
28,2,22,0,2,4,0,0,2,0,2,0,0,0,0,0,1
94,14,0,73,3,0,0,10,3,3,0,0,0,0,0,0,1
48,6,4,33,2,1,0,3,0,0,0,0,0,0,0,0,0
84,8,0,72,1,6,0,4,10,0,0,0,0,0,0,0,0
23,9,0,10,2,0,0,1,1,0,0,0,0,0,0,0,0
88,7,0,66,6,3,0,7,15,2,0,0,0,0,0,0,1
58,6,0,17,1,0,0,3,5,6,0,0,0,0,0,0,1
46,6,0,37,2,2,0,3,8,0,0,0,0,0,0,0,0
146,6,0,134,5,2,0,7,17,0,1,0,1,0,0,0,1
36,8,0,15,2,0,0,1,6,2,0,0,0,0,0,0,0
53,7,0,42,2,0,0,6,0,0,0,0,0,0,0,0,0
55,7,0,44,1,3,0,3,8,0,0,0,0,0,0,0,0
71,12,0,55,2,9,0,1,8,0,0,0,0,0,0,0,0
15,11,0,0,1,0,0,0,0,0,0,0,0,0,0,0,1
63,8,13,37,3,2,0,3,8,0,0,0,0,0,0,0,0
117,5,16,47,8,0,0,7,1,11,2,0,1,0,0,0,1
75,12,0,59,1,0,0,2,25,18,0,0,0,0,0,0,0
27,21,0,0,2,0,0,0,0,0,0,0,0,0,0,0,1
31,14,0,17,4,0,0,2,13,0,0,0,0,1,0,0,1
66,10,0,42,1,0,0,3,9,4,0,0,0,0,0,0,0
254,15,0,49,5,3,1,6,26,14,0,0,1,0,0,0,1
47,4,0,40,2,3,0,3,0,0,0,0,0,0,0,0,1
83,14,0,65,2,1,0,3,19,0,0,0,0,0,0,0,0
66,8,11,16,4,1,0,2,4,6,0,0,0,0,0,0,0
22,10,0,8,1,0,0,1,3,0,0,0,0,0,0,0,1
42,19,0,19,2,0,0,3,0,0,0,0,0,0,0,0,0
78,8,0,66,1,5,0,3,14,4,0,0,0,0,0,0,0
158,15,0,96,6,2,3,8,7,2,1,0,1,0,0,0,1
61,9,0,48,4,0,0,5,0,0,1,0,0,0,0,0,0
71,8,17,41,3,4,0,3,6,0,0,0,0,0,0,0,0
23,11,0,8,1,0,0,1,0,0,0,0,0,0,0,0,1
47,3,13,20,4,0,1,2,2,2,1,0,0,0,0,0,0
39,6,7,21,3,0,0,2,0,1,0,0,0,0,0,0,1
22,8,0,10,2,0,0,1,0,0,0,0,0,0,0,0,1
111,14,0,10,2,1,1,1,12,10,0,0,0,0,0,0,1
50,16,0,30,1,2,0,2,0,0,0,0,0,0,0,0,0
48,7,6,30,2,1,0,3,6,0,0,0,0,0,0,0,0
85,11,0,70,1,0,2,5,16,0,0,0,0,0,0,0,1
191,7,60,119,10,3,0,1,15,1,2,0,0,0,0,0,1
107,10,17,27,7,1,1,5,26,5,2,0,0,0,0,0,0
31,13,13,0,2,1,0,0,3,0,0,0,0,0,0,0,0
114,8,0,20,5,1,0,12,10,6,1,0,1,0,0,0,1
61,13,0,45,3,0,0,3,0,0,1,0,0,0,0,0,1
60,9,2,44,2,0,7,2,0,0,0,0,0,0,0,0,0
28,12,0,12,2,1,0,1,0,0,0,0,0,0,0,0,1
254,15,0,49,5,3,1,6,26,14,0,0,1,0,0,0,1
29,8,0,17,1,0,0,2,3,0,0,0,0,0,0,0,0
97,16,0,10,2,1,0,1,2,12,0,0,0,0,0,0,1
44,21,0,19,1,0,0,2,0,0,0,0,0,0,0,0,1
44,10,0,30,2,0,0,2,0,0,0,0,0,0,0,0,0
36,12,0,20,1,1,0,3,0,0,0,0,0,0,0,0,1
17,4,0,9,1,0,0,1,0,0,0,0,0,0,0,0,0
97,13,0,20,2,0,1,2,7,10,0,0,0,0,0,0,1
113,3,0,27,2,2,4,2,3,10,1,0,0,0,0,0,0
80,9,0,68,1,0,0,2,17,0,1,0,0,0,0,0,1
75,11,0,60,1,6,0,4,6,0,0,0,0,0,0,0,0
43,9,2,27,2,0,1,2,0,2,0,0,0,0,0,0,0
61,5,10,15,3,0,0,2,17,2,0,0,0,0,0,0,0
12,8,0,0,1,0,0,0,3,0,0,0,0,0,0,0,1
69,7,5,52,3,4,0,4,6,0,0,0,0,0,0,0,0
27,4,5,13,2,0,0,2,4,0,0,0,0,0,0,0,1
15,5,3,0,3,0,0,0,0,0,0,0,0,0,0,0,0
94,9,4,16,3,1,0,3,22,11,0,0,0,0,0,0,1
25,8,0,13,1,0,0,2,0,0,0,0,0,0,0,0,1
21,9,7,0,2,0,0,0,0,0,0,0,0,0,0,0,0
28,13,0,12,3,0,0,1,1,0,0,0,0,0,0,0,1
30,9,0,17,2,0,1,3,2,0,0,0,0,0,0,0,1
31,7,0,20,1,0,0,1,0,0,0,0,0,0,0,0,0
52,12,0,36,1,3,0,2,0,0,0,0,0,0,0,0,0
40,11,0,25,1,1,0,2,0,0,0,0,0,0,0,0,0
66,5,6,50,3,0,2,3,0,0,0,0,0,0,0,0,1
28,15,0,7,4,0,0,1,17,0,0,0,0,1,0,0,1
59,10,0,45,2,7,0,1,0,0,0,0,0,0,0,0,0
31,7,0,6,1,0,0,1,2,2,0,0,0,0,0,0,0
20,13,0,0,2,0,0,0,0,0,0,0,0,0,0,0,1
98,16,0,78,1,9,0,1,6,0,2,0,0,0,0,0,0
22,14,0,4,1,0,0,1,0,0,0,0,0,0,1,0,1
23,11,0,8,1,1,0,1,0,0,0,0,0,0,0,0,1
86,10,0,72,1,7,0,4,7,0,0,0,0,0,0,0,0
20,11,0,6,1,0,0,1,0,0,0,0,0,0,0,0,1
39,9,0,26,1,0,0,3,0,0,0,0,0,0,0,0,0
92,14,0,74,2,0,0,3,8,0,0,0,0,0,0,0,1
51,5,7,31,3,0,0,3,0,1,0,0,0,0,0,0,1
117,5,16,47,8,0,0,7,1,11,2,0,1,0,0,0,1
35,6,10,14,3,0,0,2,0,0,0,0,0,0,0,0,1
36,8,0,1,1,0,1,1,4,2,0,0,0,0,1,0,0
15,9,0,2,1,0,0,1,1,0,0,0,0,0,0,0,1
56,14,0,23,2,0,0,4,3,2,0,0,0,0,0,0,1
24,6,3,10,2,0,0,2,0,0,2,0,0,0,0,0,1
37,5,9,18,2,0,1,2,0,0,0,0,0,0,0,0,0
62,19,0,40,1,3,0,3,2,0,0,0,0,0,0,0,1
42,9,0,26,2,1,0,3,0,0,0,0,0,0,0,0,1
26,18,3,0,2,1,0,0,0,0,1,0,0,0,0,0,1
89,9,0,59,3,1,0,7,0,4,2,0,1,0,0,0,1
24,2,0,18,1,0,1,1,0,0,0,0,0,0,0,0,0
41,9,0,28,2,0,0,3,0,0,0,0,0,0,0,0,1
104,5,0,13,4,0,0,6,1,10,2,0,1,0,0,0,1
191,6,0,15,2,1,1,2,64,8,1,0,0,0,0,0,1
136,41,0,10,2,2,1,1,7,12,0,0,0,0,0,0,1
20,14,0,6,3,0,0,1,11,0,0,0,0,1,0,0,1
44,4,0,15,2,0,0,4,1,3,0,1,0,0,0,0,1
28,3,2,19,3,0,0,3,0,1,0,0,0,0,0,0,1
81,11,0,66,2,1,0,4,32,0,0,0,0,0,0,0,1
29,9,0,16,1,0,0,2,0,0,0,0,0,0,0,0,1
96,7,0,5,2,0,1,1,11,13,0,0,1,0,0,0,0
30,7,0,19,1,1,0,2,0,0,0,0,0,0,0,0,0
541,11,0,35,3,1,0,4,150,2,0,0,1,0,0,0,1
25,9,0,12,1,0,0,2,0,0,0,0,0,0,0,0,1
91,10,0,77,2,5,0,4,0,0,0,0,0,0,0,0,1
132,14,24,23,8,5,2,5,2,5,1,0,1,0,0,0,0
51,9,2,35,2,0,1,2,2,4,0,0,0,0,0,0,0
38,13,0,25,4,0,0,2,11,0,0,0,0,1,0,0,1
45,24,0,17,2,0,0,1,4,0,0,0,0,0,0,0,0
43,15,0,25,1,1,0,2,0,0,0,0,0,0,0,0,1
95,6,0,10,3,3,1,1,9,10,0,0,0,0,0,0,1
73,16,0,20,2,1,0,1,0,4,0,0,0,0,0,0,1
97,10,3,56,6,0,0,6,3,3,0,0,0,0,1,0,1
17,13,0,0,1,1,0,0,0,0,0,0,0,0,0,0,0
38,4,0,31,2,2,0,1,2,0,0,0,0,0,0,0,1
18,8,0,3,2,0,0,1,0,0,0,0,0,0,0,0,1
90,13,0,71,2,2,0,4,20,0,0,0,0,0,0,0,1
142,9,0,129,2,5,2,11,6,2,5,0,1,0,0,0,1
18,14,0,0,1,0,0,0,0,0,0,0,0,0,0,0,1
29,10,0,15,1,0,1,1,0,2,0,0,0,0,0,0,0
276,12,0,45,14,0,1,6,62,28,0,0,0,0,0,0,1
42,12,0,27,2,1,0,3,0,0,0,0,0,0,0,0,1
33,8,0,21,2,0,1,2,0,0,0,0,0,0,0,0,1
75,18,0,75,4,0,1,5,1,0,0,0,1,0,0,0,1
87,13,0,70,2,6,0,2,9,0,0,0,0,0,0,0,0
58,6,0,17,1,0,0,3,5,6,0,0,0,0,0,0,1
49,11,0,34,1,0,2,2,0,0,0,0,0,0,0,0,1
31,7,0,6,1,0,0,1,1,2,0,0,0,0,0,0,0
15,11,0,0,1,0,0,0,0,0,0,0,0,0,0,0,1
33,8,0,21,1,0,0,4,0,0,0,0,0,0,0,0,0
26,22,0,0,1,2,0,0,0,0,0,0,0,0,0,0,0
31,12,0,15,2,0,0,1,0,0,0,0,0,0,0,0,0
170,10,0,104,7,2,4,9,17,2,1,0,1,0,0,0,1
30,15,0,9,3,0,0,1,0,0,0,0,0,0,0,0,1
69,4,0,62,2,12,0,3,16,0,0,0,0,0,0,0,1
31,11,0,16,1,0,2,1,0,0,0,0,0,0,0,0,0
19,3,2,9,2,0,0,1,0,0,0,0,0,0,0,0,1
101,6,46,44,3,5,0,3,21,0,1,0,0,0,0,0,1
46,9,2,30,2,0,3,2,0,0,0,0,0,0,0,0,0
31,7,0,20,1,0,0,2,6,0,0,0,0,0,0,0,0
67,9,0,54,1,1,0,4,24,0,0,0,0,0,0,0,1
21,15,0,0,2,0,0,0,0,0,0,0,0,0,0,0,1
162,18,0,18,2,2,1,2,11,14,0,0,0,0,0,0,1
24,20,0,0,1,0,0,0,1,0,0,0,0,0,0,0,1
90,20,0,10,2,0,1,1,4,10,0,0,0,0,0,0,1
108,5,16,20,8,1,0,5,1,11,2,0,0,0,0,0,0
112,10,7,85,3,8,0,5,13,0,0,0,0,0,1,0,1
277,30,0,77,5,3,1,5,92,8,2,0,1,0,0,0,1
32,13,0,16,2,0,0,1,0,0,0,0,0,0,0,0,1
39,23,0,12,1,0,0,2,0,0,0,0,0,0,0,0,1
25,11,9,0,2,1,0,0,0,0,0,0,0,0,0,0,1
30,5,0,21,2,0,0,2,0,0,0,0,0,0,0,0,0
127,11,0,112,2,11,1,4,15,0,0,0,0,0,0,0,0
17,4,2,6,2,0,0,1,0,0,0,0,0,0,0,0,1
11,7,0,0,1,0,0,0,0,0,0,0,0,0,0,0,0
27,7,0,16,2,0,0,2,0,0,0,0,0,0,0,0,1
58,16,0,38,2,2,0,3,0,0,0,0,0,0,0,0,0
16,9,0,0,2,0,0,0,0,0,0,0,0,0,0,0,1
45,12,0,29,2,0,0,3,0,0,0,0,1,0,0,0,1
252,8,149,90,19,0,0,2,92,0,1,0,0,0,0,0,0
35,4,4,22,3,2,0,1,14,0,0,0,0,0,0,0,1
289,10,27,59,3,1,4,5,57,17,0,0,0,0,0,0,1
100,6,8,81,2,9,2,3,17,0,0,0,0,0,0,0,0
26,12,0,10,1,0,0,1,0,0,0,0,0,0,0,0,1
105,8,6,20,3,0,2,2,0,8,0,0,0,0,0,0,1
19,15,0,0,1,0,0,0,0,0,0,0,0,0,0,0,0
96,3,17,71,3,4,1,8,16,0,0,0,0,0,0,0,0
20,11,0,5,1,0,0,1,0,0,0,0,0,0,0,0,1
49,9,2,33,2,0,3,2,2,0,0,0,0,0,0,0,0
82,17,4,21,4,0,0,2,13,7,0,0,0,0,0,0,1
82,3,0,76,1,0,0,8,2,0,0,0,0,0,0,0,0
28,10,0,14,1,1,0,1,0,0,0,0,0,0,0,0,1
33,9,0,20,2,0,0,2,4,0,0,0,0,0,0,0,1
29,14,0,8,2,0,0,1,0,0,0,0,0,0,0,0,1
18,9,0,6,1,0,0,1,0,0,0,0,1,0,0,0,1
45,8,2,30,6,0,0,4,15,0,0,0,0,1,0,0,1
251,17,0,10,2,0,1,1,35,7,0,0,0,0,0,0,1
25,9,3,9,2,0,0,1,2,0,0,0,0,0,0,0,1
28,19,0,6,1,0,0,1,0,0,0,0,1,0,0,0,1
99,14,0,81,1,9,0,2,13,0,0,0,0,0,0,0,0
129,9,7,10,3,8,1,1,36,10,0,0,0,0,0,0,0
81,8,0,69,2,2,7,3,0,0,0,0,0,0,0,0,0
33,22,0,7,2,0,0,1,0,0,0,0,0,0,0,0,0
57,16,0,37,1,4,0,2,0,0,0,0,0,0,0,0,0
16,8,0,4,1,0,0,1,0,0,0,0,0,0,0,0,1
21,17,0,0,1,0,0,0,0,0,0,0,0,0,0,0,0
55,16,0,11,2,0,0,1,4,4,0,0,0,0,0,0,0
151,11,0,13,2,1,1,2,7,18,0,0,0,0,0,0,1
135,5,0,126,1,1,0,4,46,36,0,0,0,0,0,0,0
79,8,15,51,2,7,0,1,9,0,0,0,0,0,0,0,0
91,21,58,7,6,3,0,1,4,0,3,0,1,0,0,0,0
62,15,0,41,3,2,0,5,4,0,0,0,0,0,0,0,1
47,4,0,15,3,0,1,2,1,2,0,0,0,0,0,0,1
52,2,4,41,2,1,1,7,5,0,0,0,0,0,0,0,0
36,14,0,18,2,0,1,1,4,0,0,0,0,0,0,0,0
44,3,0,19,3,0,0,2,7,4,0,0,0,0,0,0,1
44,11,0,29,2,1,0,3,5,0,0,0,0,0,0,0,1
60,4,4,48,3,0,3,4,15,0,0,0,0,0,0,0,1
62,12,0,43,3,2,0,4,1,0,0,0,0,0,0,0,1
31,8,0,19,2,0,0,2,0,0,0,0,0,0,0,0,0
32,4,9,15,2,1,0,1,0,0,1,0,0,0,0,0,1
31,3,4,19,2,2,0,2,9,0,0,0,0,0,0,0,1
15,11,0,0,1,0,0,0,0,0,0,0,0,0,0,0,0
142,9,0,129,2,5,2,11,6,2,5,0,1,0,0,0,1
26,11,0,11,2,0,0,1,0,0,0,0,0,0,0,0,1
53,13,0,40,3,0,0,2,31,0,0,0,0,1,0,0,1
42,5,0,34,2,1,0,2,0,0,0,0,0,0,0,0,1
12,8,0,0,1,0,0,0,0,0,0,0,0,0,0,0,1
36,8,0,15,2,0,0,1,6,2,0,0,0,0,0,0,0
85,17,0,10,2,0,1,1,2,10,0,0,0,0,0,0,1
96,13,0,79,2,0,0,4,7,5,0,0,0,0,0,0,0
124,10,0,10,2,2,1,1,13,12,0,0,0,0,0,0,1
182,7,0,11,4,2,1,1,10,20,0,0,0,0,0,0,1
123,4,35,4,4,1,1,2,29,4,0,0,1,0,0,0,0
35,6,4,21,2,0,0,3,2,5,0,0,0,0,0,0,1
54,12,0,38,2,0,0,4,3,0,1,0,0,0,0,0,1
18,6,0,9,1,0,0,1,0,0,0,0,0,0,0,0,1
100,12,0,10,2,0,1,1,11,14,0,0,0,0,0,0,1
33,9,7,1,2,0,0,1,5,2,1,0,0,0,0,0,1
54,8,0,42,1,0,0,4,1,0,0,0,0,0,0,0,1
23,5,0,14,1,0,0,2,0,1,0,0,0,0,0,0,1
34,6,13,10,3,0,0,1,0,0,0,0,0,0,0,0,1
38,11,0,20,2,0,0,3,0,0,0,0,0,0,0,0,1
14,5,5,0,2,0,0,0,0,0,0,0,0,0,0,0,1
117,8,0,6,3,2,0,1,11,8,1,0,1,0,0,0,1
56,21,0,31,2,2,0,2,0,0,0,0,0,0,0,0,1
36,8,5,18,3,1,0,1,0,0,0,0,0,0,0,0,0
55,21,0,30,1,3,0,2,0,0,0,0,0,0,0,0,1
22,6,0,13,1,0,0,2,2,1,0,0,0,0,0,0,1
37,6,0,28,2,1,0,4,2,0,0,0,0,0,0,0,1
10,6,0,0,1,0,0,0,0,0,0,0,0,0,0,0,1
15,11,0,0,1,0,0,0,0,0,0,0,0,0,0,0,0
71,5,5,56,2,6,0,1,8,0,0,0,0,0,0,0,0
47,10,0,33,2,0,0,3,8,0,0,0,0,0,0,0,1
26,6,8,7,2,0,0,1,4,0,0,0,0,0,0,0,1
34,16,0,14,2,1,0,1,1,0,0,0,0,0,0,0,0
31,7,0,20,1,0,0,2,0,1,0,0,0,0,0,0,0
101,12,0,85,1,13,0,3,11,0,0,0,0,0,0,0,0
172,3,62,103,2,0,0,3,0,0,2,0,1,0,0,0,1
15,5,0,7,1,0,0,1,0,0,0,0,0,0,0,0,1
28,8,15,0,2,0,0,0,0,0,0,0,0,0,0,0,0
253,8,0,38,15,0,0,6,74,24,0,0,0,0,0,0,1
18,14,0,0,1,0,0,0,0,0,0,0,0,0,0,0,1
80,10,0,66,1,7,0,3,10,0,0,0,0,0,0,0,0
77,14,0,10,2,0,1,1,6,8,0,0,0,0,0,0,1
123,11,0,77,3,8,0,5,8,4,0,0,0,0,0,0,1
73,16,0,28,3,1,0,3,0,3,0,1,0,0,0,0,1
123,4,35,4,4,1,1,2,29,4,0,0,1,0,0,0,0
26,9,1,11,2,0,0,2,0,0,0,0,0,0,0,0,1
22,11,0,7,1,0,0,1,1,0,0,0,0,0,0,0,1
45,12,0,29,2,0,0,3,0,0,0,0,1,0,0,0,1
45,13,0,29,2,1,0,2,0,0,1,0,0,0,0,0,1
40,4,12,20,3,1,0,2,4,0,0,0,0,0,0,0,1
54,12,0,24,2,0,0,2,5,2,0,0,0,0,0,0,0
246,7,0,5,2,1,0,1,74,63,0,0,0,0,0,0,0
35,11,0,24,4,0,0,2,8,0,0,0,0,1,0,0,1
49,8,0,35,2,0,0,6,0,0,0,0,0,0,0,0,1
36,19,0,13,2,0,0,1,0,0,0,0,0,0,0,0,1
188,14,0,170,2,26,0,2,11,0,0,0,0,0,0,0,0
58,6,0,48,1,0,5,1,0,0,0,0,0,0,0,0,0
31,11,7,8,2,0,0,1,0,0,0,0,0,0,0,0,0
22,6,0,12,1,0,1,1,0,0,0,0,0,0,0,0,0
56,5,0,9,1,0,0,1,22,6,0,0,0,0,0,0,0
73,12,0,54,2,5,0,3,11,0,0,0,0,0,0,0,1
35,3,2,25,3,1,1,2,0,0,0,0,0,0,0,0,1
80,18,0,10,3,0,1,1,2,6,0,0,0,0,0,0,1
61,17,22,17,3,0,0,1,7,0,0,0,0,0,0,0,1
34,7,0,24,2,1,0,2,0,0,0,0,0,0,0,0,1
33,17,0,12,1,0,0,2,0,0,0,0,0,0,0,0,1
11,7,0,0,1,1,0,0,0,0,0,0,0,0,0,0,1
30,13,0,13,2,0,0,2,1,0,0,0,0,0,0,0,1
21,16,0,0,1,0,0,0,0,1,0,0,0,0,0,0,1
143,8,0,84,3,10,0,3,4,8,0,0,0,0,0,0,1
79,4,0,71,1,8,0,3,19,0,0,0,0,0,0,0,0
14,10,0,0,1,0,0,0,0,0,0,0,0,0,0,0,1
109,12,0,10,2,0,1,1,6,10,0,0,0,0,0,0,1
28,16,0,8,2,0,0,1,0,0,0,0,0,0,0,0,0
18,11,0,0,2,0,0,0,0,0,0,0,0,0,0,0,1
29,7,0,19,1,0,0,3,0,0,0,0,0,0,0,0,1
22,13,0,9,4,0,0,1,11,0,0,0,0,1,0,0,1
53,17,0,33,1,1,0,5,1,0,0,0,0,0,0,0,1
24,8,0,12,2,0,0,1,0,0,0,0,0,0,0,0,0
23,9,0,10,2,0,0,1,0,0,0,0,0,0,0,0,1
16,12,0,4,3,0,0,1,10,0,0,0,0,1,0,0,1
59,17,28,9,3,0,0,1,4,0,0,0,0,0,0,0,1
43,5,0,35,1,2,0,3,0,0,0,0,0,0,0,0,0
70,16,0,50,1,6,0,4,9,0,1,0,0,0,0,0,1
104,12,0,10,3,0,1,1,7,10,0,0,0,0,0,0,1
47,2,7,33,3,0,0,3,0,0,0,0,0,0,0,0,0
46,11,0,18,2,0,1,2,4,2,0,0,0,0,0,0,1
47,9,19,14,2,2,0,2,0,0,0,0,0,0,0,0,0
46,12,0,30,2,0,0,5,0,0,0,0,0,0,0,0,1
16,7,0,0,1,0,0,0,0,0,0,0,0,0,0,0,1
26,13,0,7,4,0,0,1,15,0,0,0,0,1,0,0,1
37,7,4,21,2,0,2,2,0,0,0,0,0,0,0,0,0
71,17,0,50,2,2,0,5,3,0,0,0,0,0,0,0,1
110,10,0,19,4,0,0,6,4,10,2,0,1,0,0,0,1
77,8,7,26,3,0,0,3,2,5,0,0,0,0,0,0,0
34,13,0,10,2,1,0,1,1,2,0,0,0,0,0,0,1
12,8,0,0,1,0,0,0,0,0,0,0,0,0,0,0,0
54,5,12,32,4,3,0,2,5,0,0,0,0,0,0,0,1
202,16,6,7,2,4,0,1,12,23,0,0,0,0,0,0,1
49,4,2,38,2,0,0,5,8,0,0,0,0,0,0,0,0
40,7,0,29,1,2,0,2,0,0,0,0,0,0,0,0,0
73,22,0,47,2,0,4,1,2,0,0,0,0,0,0,0,0
28,9,0,15,2,0,0,2,0,0,0,0,0,0,0,0,1
47,6,0,37,1,3,0,3,8,0,0,0,0,0,0,0,0
16,12,0,0,1,1,0,0,0,0,0,0,0,0,0,0,0
11,8,0,0,1,0,0,0,0,0,0,0,0,0,0,0,1
38,10,0,24,1,0,0,4,0,0,0,0,0,0,0,0,1
113,23,0,10,2,3,1,1,5,10,0,0,0,0,0,0,1
89,9,0,59,3,1,0,7,0,4,2,0,1,0,0,0,1
77,12,0,50,1,7,0,3,11,3,0,0,0,0,0,0,0
105,9,0,10,3,0,1,1,23,6,0,0,0,0,0,0,1
88,4,0,80,2,9,0,3,10,0,0,0,0,0,0,0,0
33,6,0,23,2,0,1,1,0,0,0,0,0,0,0,0,1
20,16,0,0,1,0,0,0,0,0,0,0,0,0,0,0,0
17,13,0,0,1,1,0,0,0,0,0,0,0,0,0,0,0
40,7,0,29,2,2,0,1,0,0,0,0,0,0,0,0,0
16,7,0,6,1,0,0,1,0,0,0,0,0,0,0,0,1
44,4,12,24,3,1,0,2,5,0,0,0,0,0,0,0,1
66,9,0,50,3,0,0,3,20,0,0,0,0,0,0,0,1
50,22,0,24,2,0,0,2,0,0,0,0,0,0,0,0,1
72,12,0,42,1,4,0,4,12,2,0,0,0,0,0,0,1
38,14,0,20,2,0,2,1,0,0,0,0,0,0,0,0,1
19,11,3,0,2,0,0,0,1,0,0,0,0,0,1,0,1
40,19,0,17,2,0,0,2,0,0,0,0,0,0,0,0,1
22,5,0,13,2,0,0,2,1,0,0,0,0,0,0,0,1
100,9,0,28,2,0,1,2,5,23,0,0,0,0,0,0,0
50,9,0,10,2,0,1,1,0,4,0,0,0,0,0,0,1
57,13,0,12,2,0,0,1,2,4,0,0,0,0,0,0,0
27,6,0,17,1,1,0,1,0,0,0,0,0,0,0,0,0
20,3,7,5,2,0,0,1,0,0,0,0,0,0,0,0,1
50,7,11,27,3,0,1,2,6,0,0,0,0,0,0,0,0
53,16,0,10,2,0,0,2,0,2,0,0,0,0,0,0,1
41,3,0,34,2,0,1,3,1,0,0,0,0,0,0,0,0
33,15,13,0,2,1,0,0,3,0,2,0,0,0,0,0,1
57,19,0,6,4,0,1,2,3,3,0,1,0,0,0,0,1
190,6,60,119,10,3,0,1,20,1,2,0,0,0,0,0,1
97,5,0,21,5,1,0,6,0,6,2,0,1,0,0,0,1
84,20,0,10,3,0,1,1,2,8,0,0,0,0,0,0,1
38,9,0,25,2,0,0,4,9,0,0,0,0,0,0,0,0
56,11,14,10,3,0,0,3,8,2,0,0,0,0,0,0,0
117,5,16,47,8,0,0,7,1,11,2,0,1,0,0,0,1
12,2,0,0,3,0,0,0,2,0,0,0,0,0,0,0,0
42,6,0,24,2,2,0,1,1,2,0,0,0,0,0,0,1
27,8,0,15,2,0,0,1,0,0,0,0,0,0,0,0,0
64,15,0,45,1,5,0,1,5,0,1,0,0,0,0,0,0
89,9,0,59,3,1,0,7,0,4,2,0,1,0,0,0,1
47,9,7,26,2,0,1,2,4,0,0,0,0,0,0,0,0
75,18,0,75,4,0,1,5,1,0,0,0,1,0,0,0,1
170,10,0,104,7,2,4,9,17,2,1,0,1,0,0,0,1
104,22,0,7,1,0,0,2,3,27,0,0,0,0,0,0,1
22,11,0,7,1,0,0,1,0,0,0,0,0,0,0,0,0
64,10,0,51,1,3,0,2,2,0,0,0,0,0,0,0,1
43,8,0,8,3,0,0,4,0,1,1,0,0,0,0,0,1
12,8,0,0,1,0,0,0,0,0,0,0,0,0,0,0,1
62,11,0,47,1,5,0,1,4,0,0,0,0,0,0,0,0
24,13,0,11,3,0,0,2,10,0,0,0,0,1,0,0,1
25,6,0,15,2,0,0,2,0,0,0,0,0,0,0,0,1
18,13,0,0,1,0,0,0,0,0,1,0,0,0,0,0,1
90,3,0,17,2,1,4,3,2,8,1,0,0,0,0,0,0
28,19,0,6,1,0,0,1,0,0,0,0,1,0,0,0,1
17,10,0,0,2,1,0,0,0,0,0,0,0,0,0,0,1
35,2,29,0,2,4,0,0,0,0,1,0,0,0,0,0,0
126,5,0,117,2,18,0,5,6,0,1,0,0,0,0,0,1
104,5,0,13,4,0,0,6,1,10,2,0,1,0,0,0,1
19,15,0,0,1,0,0,0,0,0,0,0,0,0,0,0,1
25,14,0,11,4,0,0,1,13,0,0,0,0,1,0,0,1
45,16,0,25,1,0,0,2,0,0,0,0,0,0,0,0,1
19,15,0,0,1,0,0,0,0,0,0,0,0,0,1,0,1
104,12,0,10,2,0,1,1,6,10,0,0,0,0,0,0,1
109,15,0,44,5,4,1,8,0,2,2,0,1,0,0,0,1
32,9,6,12,2,0,1,1,0,0,0,0,0,0,0,0,0
82,10,30,38,7,2,0,3,2,0,0,0,0,0,0,0,1
24,9,0,11,2,0,0,1,0,0,0,0,0,0,0,0,1
237,13,0,10,2,0,1,1,32,6,0,0,0,0,0,0,1
98,6,0,19,4,1,4,5,22,10,0,0,0,0,0,0,0
51,7,0,40,1,0,0,2,19,0,0,0,0,0,0,0,1
50,12,0,34,2,0,0,3,0,0,0,0,0,0,0,0,0
22,18,0,0,1,0,0,0,0,0,0,0,0,0,0,0,1
44,12,0,28,1,1,0,2,0,0,0,0,0,0,0,0,0
31,8,0,19,1,0,0,3,0,0,0,0,0,0,0,0,0
47,13,0,30,2,0,0,4,0,0,0,0,0,0,0,0,1
12,9,0,0,1,0,0,0,0,0,0,0,0,0,0,0,1
27,8,0,15,1,0,0,1,2,0,0,0,0,0,0,0,0
41,12,0,25,2,0,1,2,0,0,0,0,0,0,0,0,0
65,13,0,49,1,0,0,3,19,0,0,0,0,0,0,0,0
32,8,2,17,2,0,0,2,0,0,0,0,0,0,0,0,0
42,19,0,10,3,0,0,1,1,2,0,0,0,0,0,0,1
258,22,0,10,2,1,1,1,36,8,0,0,0,0,0,0,1
17,13,0,0,1,0,0,0,0,0,0,0,0,0,0,0,1
162,8,0,150,2,22,0,4,2,0,0,0,0,0,0,0,1
246,19,0,9,1,0,200,2,2,5,0,0,0,0,0,0,1
166,7,0,155,3,5,3,13,0,2,5,0,1,0,0,0,0
40,16,7,12,3,0,0,1,0,0,0,0,0,0,0,0,1
20,6,0,11,2,0,0,1,0,0,0,0,0,0,0,0,1
16,12,0,0,1,0,0,0,0,0,0,0,0,0,0,0,1
25,13,0,8,1,0,0,1,0,0,0,0,0,0,0,0,1
103,12,0,10,4,0,1,1,10,12,0,0,0,0,0,0,1
77,8,8,56,3,0,0,5,0,0,0,0,0,0,0,0,0
45,15,0,26,1,3,0,1,0,0,0,0,0,0,0,0,1
25,14,0,7,1,0,0,1,3,0,0,0,0,0,0,0,1
36,18,0,14,2,0,0,1,0,0,0,0,0,0,0,0,0
28,15,0,9,2,0,0,1,0,0,0,0,0,0,0,0,1
50,11,0,35,2,0,3,1,0,0,0,0,0,0,0,0,0
158,10,0,10,2,2,1,1,8,18,0,0,0,0,0,0,1
32,13,0,16,2,0,0,2,0,0,0,0,0,0,0,0,1
49,11,0,34,1,0,3,3,1,0,0,0,0,0,0,0,0
184,14,0,10,2,0,1,1,21,7,0,0,0,0,0,0,1
17,13,0,0,1,1,0,0,0,0,0,0,0,0,0,0,0
30,13,0,13,2,0,0,2,0,0,0,0,0,0,0,0,1
39,6,0,29,1,1,0,3,6,0,0,0,0,0,0,0,0
19,15,0,0,1,0,0,0,0,0,0,0,0,0,0,0,1
75,4,11,25,4,2,0,3,4,4,0,0,0,0,0,0,0
110,5,16,20,7,1,0,5,1,11,2,0,1,0,0,0,1
32,4,0,25,2,1,0,2,0,0,0,0,0,0,0,0,1
40,13,0,24,1,1,0,3,0,0,0,0,0,0,0,0,0
20,16,0,0,1,0,0,0,0,0,0,0,0,0,0,0,1
118,16,0,38,3,2,0,4,29,4,0,0,0,0,0,0,1
12,8,0,0,1,0,0,0,0,0,0,0,0,0,0,0,1
58,6,0,48,1,5,0,2,9,0,0,0,0,0,0,0,0
20,5,0,11,2,0,0,1,1,0,0,0,0,0,0,0,1
48,7,4,32,2,0,4,2,0,0,0,0,0,0,0,0,0
28,9,0,16,1,1,0,2,0,0,0,0,0,0,0,0,1
32,4,0,24,2,0,0,2,5,1,0,0,0,0,0,0,1
21,17,0,0,1,0,0,0,0,0,0,0,0,0,0,0,1
69,9,0,23,2,0,0,3,7,4,0,0,0,0,0,0,0
85,8,0,70,3,12,0,2,6,0,0,0,0,0,0,0,0
65,12,0,50,1,2,0,5,19,0,0,0,0,0,0,0,0
134,19,0,10,3,5,1,1,6,10,0,0,0,0,0,0,1
53,13,0,40,3,0,0,2,30,0,0,0,0,1,0,0,1
19,7,0,8,1,0,0,1,3,0,0,0,0,0,0,1,1
51,3,2,41,2,1,4,2,0,0,0,0,0,0,0,0,0
37,5,7,21,2,1,0,3,4,0,0,0,0,0,0,0,1
47,7,4,29,4,1,0,5,0,0,0,0,0,0,0,0,1
37,20,0,13,2,0,1,1,0,0,0,0,0,0,0,0,1
88,7,0,5,5,1,0,8,2,7,1,0,0,0,0,0,0
18,13,0,5,3,0,0,1,10,0,0,0,0,1,0,0,1
11,7,0,0,1,0,0,0,0,0,0,0,0,0,0,0,1
67,11,0,52,2,6,0,4,6,0,0,0,0,0,0,0,0
29,9,2,13,2,0,0,3,2,1,0,0,0,0,0,0,1
26,13,0,7,4,0,0,1,15,0,0,0,0,1,0,0,1
62,15,0,43,1,0,0,3,19,0,0,0,0,0,0,0,1
55,12,0,39,1,0,0,3,4,0,0,0,0,0,0,0,1
77,8,9,52,4,5,0,3,6,0,0,0,0,0,0,0,1
31,11,0,8,2,0,0,1,2,2,0,0,0,0,0,0,1
99,13,0,82,2,7,0,3,11,0,0,0,0,0,0,0,1
69,13,0,21,2,1,0,2,11,6,0,0,0,0,0,0,1
30,19,0,7,1,0,0,1,2,0,0,0,0,0,0,0,1
64,10,0,10,2,0,1,1,3,6,0,0,0,0,0,0,1
36,16,0,16,1,0,0,2,6,0,0,0,0,0,0,0,0
1666,5,2,3,17,20,7,1,545,75,0,0,1,0,0,0,1
72,2,12,54,2,0,6,1,6,0,0,0,0,0,0,0,0
106,6,0,93,2,0,10,3,6,0,0,0,0,0,0,0,0
22,5,7,5,2,0,0,1,0,0,0,0,0,0,0,0,1
52,13,0,33,3,2,0,3,0,0,0,0,0,0,0,0,1
35,10,0,21,1,1,0,3,0,0,0,0,0,0,0,0,1
33,8,0,21,2,0,1,2,0,0,0,0,0,0,0,0,1
89,9,0,59,3,1,0,7,0,4,2,0,1,0,0,0,1
74,2,0,68,3,0,4,6,6,0,0,0,0,0,0,0,0
26,13,0,7,4,0,0,1,15,0,0,0,0,1,0,0,1
59,17,0,15,2,0,0,3,2,3,1,0,0,0,0,0,1
158,15,0,96,6,2,3,8,7,2,1,0,1,0,0,0,1
86,8,20,53,3,5,0,3,6,0,0,0,0,0,0,0,0
34,8,0,22,1,0,0,2,0,0,0,0,0,0,0,0,1
80,6,0,67,3,7,0,1,2,0,0,0,0,0,0,0,1
94,10,0,81,2,14,0,2,8,0,0,0,0,0,0,0,0
33,11,8,9,2,1,0,1,1,0,0,0,0,0,0,0,1
95,7,5,20,2,2,0,4,7,10,0,0,0,0,0,0,0
59,11,7,36,2,0,0,1,4,3,0,0,0,0,0,0,0
32,8,0,21,2,0,0,2,0,0,0,0,0,0,0,0,1
21,11,0,6,1,0,0,1,0,0,0,0,0,0,0,0,1
19,15,0,0,1,0,0,0,0,0,0,0,0,0,0,0,1
98,15,0,77,3,5,0,3,0,0,0,0,0,0,0,0,1
13,9,0,0,1,0,0,0,0,0,0,0,0,0,0,0,1
82,12,0,67,3,0,0,3,15,7,0,0,0,0,0,0,0
111,6,0,98,2,0,0,14,22,0,0,0,0,0,0,0,0
31,5,0,22,2,0,0,3,0,0,0,0,0,0,0,0,1
16,3,0,9,1,0,0,1,0,0,0,0,0,0,0,0,0
13,10,0,0,1,0,0,0,0,0,0,0,0,0,1,0,1
79,19,0,56,3,3,0,6,8,0,0,0,0,0,0,0,1
91,3,8,59,2,0,2,8,22,2,0,0,0,0,0,0,0
30,8,17,0,2,2,0,0,0,0,0,0,0,0,0,0,1
31,10,0,17,2,0,0,2,4,0,0,0,0,0,0,0,1
31,19,0,9,1,0,0,1,0,0,0,0,0,0,0,0,1
18,14,0,4,3,0,0,1,11,0,0,0,0,1,0,0,1
110,11,0,84,1,8,0,5,7,2,0,0,0,0,0,0,0
158,7,7,38,5,1,4,3,34,5,3,0,0,0,0,0,1
193,18,23,1,3,3,1,3,49,23,2,0,0,0,0,0,0
26,4,0,18,2,0,0,2,0,0,0,0,0,0,0,0,1
38,6,0,28,1,1,0,3,5,0,1,0,0,0,0,0,0
46,8,0,17,3,1,0,4,0,1,1,0,1,0,0,0,1
148,9,0,28,2,0,1,2,21,30,0,0,0,0,0,0,0
47,11,0,32,3,0,0,5,1,0,3,0,0,0,0,0,0
65,9,0,52,1,1,2,4,0,0,0,0,0,0,0,0,1
73,15,0,55,2,0,0,4,18,0,1,0,0,0,0,0,1
35,31,0,0,1,3,0,0,0,0,0,0,0,0,0,0,0
67,19,0,45,3,3,1,6,0,0,0,0,0,0,0,0,1
35,6,0,22,2,2,0,2,2,0,0,0,0,0,0,0,1
84,15,0,31,2,0,0,5,12,2,0,0,0,0,0,0,1
42,4,0,28,2,0,0,3,8,2,0,0,0,0,0,0,0
23,11,0,9,1,0,0,1,5,0,0,0,0,0,0,0,1
34,7,0,23,1,1,0,2,0,0,0,0,0,0,0,0,0
55,4,0,47,2,2,0,3,0,0,0,0,0,0,0,0,0
48,12,0,33,4,0,0,5,2,0,0,0,1,0,0,0,1
72,15,0,53,1,0,0,4,17,0,1,0,0,0,0,0,1
21,3,10,4,2,0,0,1,0,0,0,0,0,0,0,0,1
49,6,7,31,3,0,1,2,1,1,0,0,0,0,0,0,0
83,15,0,10,2,0,1,1,3,10,0,0,0,0,0,0,1
36,11,0,21,1,1,0,2,0,0,0,0,0,0,0,0,0
23,13,0,6,1,0,0,1,2,0,0,0,0,0,0,0,1
18,9,0,6,1,0,0,1,0,0,0,0,1,0,0,0,1
64,20,0,40,1,1,0,6,3,1,1,0,0,0,0,0,1
49,9,0,36,1,1,0,4,2,2,0,0,0,0,0,0,0
46,8,0,17,3,1,0,4,0,1,1,0,1,0,0,0,1
234,13,11,44,7,4,1,5,10,37,0,0,0,0,0,0,1
46,9,0,33,2,1,0,2,0,0,0,0,0,0,0,0,1
31,5,5,16,2,1,0,1,0,0,0,0,0,0,0,0,0
46,7,0,35,3,0,0,2,14,2,0,0,0,0,0,0,0
33,14,0,15,1,1,0,1,0,0,1,0,0,0,0,0,0
61,12,0,45,2,1,0,6,0,0,0,0,0,0,0,0,1
14,9,0,0,1,0,0,0,0,0,0,0,0,0,1,0,1
28,16,0,8,2,0,0,1,2,0,0,0,0,0,0,0,1
36,5,0,27,2,0,0,3,0,1,0,0,0,0,0,0,1
23,14,0,9,3,0,0,2,13,0,0,0,0,1,0,0,1
60,5,18,33,2,2,0,1,23,0,2,0,0,0,0,0,1
60,8,0,48,2,0,2,4,0,0,0,0,0,0,0,0,0
116,13,9,85,3,8,0,5,12,0,0,0,0,0,0,0,1
35,16,14,0,2,0,0,0,0,0,2,0,0,0,0,0,0
802,6,85,22,23,1,2,10,91,8,0,0,0,0,0,0,1
85,12,0,35,3,0,0,4,12,2,0,0,0,0,0,0,1
16,8,0,5,1,1,0,1,1,0,0,0,0,0,1,0,0
26,13,0,7,4,0,0,1,15,0,0,0,0,1,0,0,1
244,8,0,23,14,0,0,3,74,26,1,0,0,0,0,0,1
56,9,16,26,2,2,0,4,12,0,0,0,0,0,0,0,0
44,2,7,18,2,0,0,2,8,2,0,0,0,0,0,0,0
61,7,0,13,4,0,0,5,1,2,0,0,0,0,0,0,0
32,9,8,10,2,0,0,1,0,0,0,0,0,0,0,0,0
76,9,0,10,2,0,1,1,4,8,0,0,0,0,0,0,1
35,14,0,17,1,0,0,2,0,0,0,0,0,0,0,0,0
44,12,0,25,2,1,0,3,0,0,0,0,0,0,0,0,1
33,2,27,0,3,3,0,0,0,0,0,0,0,0,0,0,1
254,15,0,49,5,3,1,6,26,14,0,0,1,0,0,0,1
32,6,0,19,3,0,0,2,0,0,0,0,0,0,0,0,1
56,10,21,20,3,1,0,2,0,0,0,0,0,0,0,0,0
29,6,4,14,2,0,0,2,0,0,1,0,0,0,0,0,1
33,11,5,12,3,0,0,1,0,0,0,0,0,0,0,0,1
26,13,0,7,4,0,0,1,15,0,0,0,0,1,0,0,1
17,13,0,0,1,0,0,0,0,0,0,0,0,0,0,0,0
56,6,0,18,3,0,0,6,3,2,0,0,0,0,0,0,1
28,7,0,15,2,0,0,2,2,0,0,0,0,0,0,0,1
122,4,4,7,7,1,0,5,8,21,1,0,0,0,0,0,0
67,10,0,15,2,0,0,2,3,4,0,0,0,0,0,0,1
21,18,0,0,1,1,0,0,4,0,1,0,0,0,0,0,1
54,17,0,33,1,0,2,2,0,0,0,0,0,0,0,0,0
46,8,0,17,3,1,0,4,0,1,1,0,1,0,0,0,1
83,13,6,59,2,6,0,4,8,0,0,0,0,0,0,0,0
14,5,0,5,1,0,0,1,1,0,0,0,0,0,0,0,1
43,32,6,0,2,2,0,0,5,0,1,0,0,0,0,0,1
45,11,0,30,1,0,0,3,0,1,0,0,0,0,0,0,0
70,6,0,58,3,5,0,3,0,0,0,0,0,0,0,0,1
14,10,0,0,1,0,0,0,0,0,0,0,0,0,0,0,0
166,7,0,155,3,5,3,13,0,2,5,0,1,0,0,0,0
29,11,4,9,2,0,0,1,1,0,0,0,0,0,0,0,1
26,15,0,1,1,0,0,1,3,2,0,0,0,0,0,0,1
29,25,0,0,1,0,0,0,0,0,0,0,0,0,0,0,0
33,11,0,18,2,0,0,2,0,0,0,0,0,0,0,0,1
26,6,0,16,2,1,0,1,0,0,0,0,0,0,0,0,0
48,9,0,36,1,1,0,3,0,0,0,0,0,0,0,0,1
67,22,0,38,2,0,0,5,0,0,0,0,0,0,0,0,1
85,14,0,67,1,8,0,5,6,0,0,0,0,0,0,0,0
974,5,7,20,18,3,9,7,174,66,0,0,0,0,0,0,1
108,6,3,92,3,8,0,3,21,0,1,0,0,0,0,0,1
31,3,4,19,2,1,0,2,0,0,0,0,0,0,0,0,1
73,7,0,62,2,0,1,3,4,0,0,0,0,0,0,0,0
28,6,0,19,2,0,0,2,0,0,0,0,0,0,0,0,1
49,9,0,36,2,0,0,5,0,0,0,0,0,0,0,0,0
48,18,0,26,2,1,0,3,2,0,0,0,0,0,0,0,0
24,9,0,12,2,1,1,1,0,0,0,0,0,0,0,0,1
43,18,0,21,2,1,0,3,4,0,0,0,0,0,0,0,0
67,6,0,57,2,1,0,6,0,0,0,0,0,0,0,0,1
174,24,0,66,3,1,0,8,23,6,0,1,0,0,0,0,1
21,17,0,0,1,0,0,0,0,0,0,0,0,0,0,0,0
92,7,0,81,1,12,1,3,10,0,0,0,0,0,0,0,0
29,11,0,14,1,0,0,1,0,0,0,0,0,0,0,0,0
68,4,12,48,3,1,0,2,23,0,0,0,0,0,0,0,1
96,6,0,18,5,1,0,10,2,4,1,0,0,0,0,0,1
115,24,0,87,1,11,0,2,0,0,0,0,0,0,0,0,0
22,8,0,10,1,0,0,2,0,0,0,0,0,0,0,0,1
115,7,0,10,4,1,3,1,5,12,0,0,0,0,0,0,1
18,9,0,6,1,0,0,1,0,0,0,0,1,0,0,0,1
36,5,9,17,2,0,1,2,0,0,0,0,0,0,0,0,0
27,9,0,15,2,1,0,1,0,0,0,0,0,0,0,0,1
101,6,0,18,5,1,0,10,2,6,1,0,0,0,0,0,1
49,6,0,12,2,0,0,1,0,6,0,0,0,0,0,0,0
105,9,0,77,2,5,0,6,4,2,0,0,0,0,0,0,1
123,25,0,95,2,8,0,4,4,0,0,0,0,0,0,0,1
49,9,0,10,2,0,1,1,0,4,0,0,0,0,0,0,1
243,13,0,10,3,0,1,1,32,8,0,0,0,0,0,0,1
82,9,0,69,2,0,1,7,6,0,0,0,0,0,0,0,0
107,8,0,37,3,5,0,8,2,4,0,0,0,0,0,0,1
83,8,22,48,3,4,0,3,6,0,0,0,0,0,0,0,0
24,8,0,13,1,1,0,2,3,0,0,0,0,0,0,0,1
32,14,0,11,3,0,0,1,0,0,0,0,0,0,0,0,1
55,7,0,44,2,0,0,5,12,0,0,0,0,0,0,0,0
8,5,0,0,1,0,0,0,0,0,0,0,0,0,0,0,0
50,5,6,34,2,0,2,2,0,0,0,0,0,0,0,0,0
33,8,0,8,3,0,0,2,2,1,0,0,0,0,0,0,1
104,5,0,13,4,0,0,6,1,10,2,0,1,0,0,0,1
22,18,0,0,1,0,0,0,0,0,0,0,0,0,0,0,0
53,6,4,35,4,0,0,4,0,1,0,0,0,0,0,0,1
56,5,0,47,1,0,0,5,0,0,0,0,0,0,0,0,0
91,21,58,7,6,3,0,1,4,0,3,0,1,0,0,0,0
95,15,0,47,2,3,0,3,1,6,0,0,0,0,0,0,1
23,3,0,14,2,0,0,2,0,0,0,0,0,0,0,0,0
47,8,0,35,1,2,0,3,4,0,0,0,0,0,0,0,0
109,16,0,10,2,0,1,1,28,6,0,0,0,0,0,0,1
51,16,0,31,1,0,0,3,9,0,0,0,0,0,0,0,1
155,10,0,10,2,2,1,1,5,18,0,0,0,0,0,0,1
37,4,32,0,1,0,0,0,18,0,0,0,0,0,0,0,1
28,12,0,12,2,0,0,1,1,0,0,0,0,0,0,0,1
69,7,0,10,2,0,1,1,4,8,0,0,0,0,0,0,1
125,14,3,47,5,0,1,2,10,13,0,0,0,0,1,0,1
29,11,0,15,2,0,0,2,0,0,0,0,0,0,0,0,0
76,9,0,7,1,0,3,2,0,6,0,0,0,0,0,0,0
41,11,0,26,2,0,1,3,3,0,0,0,0,0,0,0,1
100,12,0,84,1,13,0,3,8,0,0,0,0,0,0,0,0
31,7,0,6,1,0,0,1,2,2,0,0,0,0,0,0,0
66,12,0,50,1,2,0,5,0,0,0,0,0,0,0,0,1
50,5,40,0,2,18,0,0,0,0,0,0,0,0,0,0,1
64,13,0,47,2,4,0,2,4,0,0,0,0,0,0,0,1
32,8,19,0,2,0,0,0,0,0,0,0,0,0,0,0,0
26,13,0,7,4,0,0,1,15,0,0,0,0,1,0,0,1
40,10,5,20,3,0,0,2,10,0,0,0,0,0,0,0,0
67,23,0,10,2,0,0,1,8,4,0,0,0,0,0,0,0
50,6,27,11,7,1,0,1,0,0,2,0,0,0,0,0,0
55,17,0,35,1,1,1,1,7,1,0,0,1,0,0,0,1
27,14,0,7,4,0,0,1,16,0,0,0,0,1,0,0,1
19,4,0,8,2,0,0,2,1,0,0,0,1,0,0,0,1
26,8,0,14,1,0,0,1,0,1,0,0,0,0,0,0,1
63,4,0,55,2,4,0,3,0,0,0,0,0,0,0,0,0
33,8,0,22,2,0,0,2,0,0,0,0,0,0,0,0,0
50,9,0,37,2,2,0,3,4,0,0,0,0,0,0,0,0
26,7,0,16,2,0,0,2,2,0,0,0,0,0,0,0,1
138,11,0,28,3,0,0,3,14,6,0,0,0,0,0,0,1
115,13,23,72,4,0,0,1,10,0,0,0,0,0,0,0,1
26,14,0,8,1,0,0,1,0,0,0,0,0,0,0,0,1
20,4,0,13,2,0,0,1,1,0,0,0,0,0,0,0,1
29,7,6,11,2,0,0,2,0,0,0,0,0,0,0,0,0
79,17,0,58,1,1,0,4,23,0,1,0,0,0,0,0,0
43,8,9,19,5,0,0,2,3,0,0,0,0,0,0,0,1
28,9,0,15,1,0,0,2,1,0,0,0,0,0,0,0,1
51,4,6,16,3,0,1,2,8,2,0,0,0,0,0,0,0
133,29,0,17,2,2,1,2,6,10,0,0,0,0,0,0,1
27,14,0,7,4,0,0,1,16,0,0,0,0,1,0,0,1
48,14,0,20,3,0,0,3,0,2,1,0,0,0,0,0,1
80,10,0,66,1,4,2,4,8,0,0,0,0,0,0,0,0
139,8,0,1,1,0,13,1,28,14,0,0,0,0,1,0,0
52,18,0,31,2,1,0,2,7,0,0,0,0,0,0,0,1
74,5,8,56,2,7,0,1,9,0,0,0,0,0,0,0,0
55,18,0,33,2,0,0,3,1,0,0,0,0,0,0,0,1
37,11,0,22,1,0,0,2,0,0,0,0,0,0,0,0,1
143,13,0,10,2,2,1,1,11,16,0,0,0,0,0,0,1
20,9,0,7,1,0,0,1,1,0,0,0,0,0,0,0,1
142,13,0,57,1,1,0,4,20,8,2,0,0,0,0,0,1
117,5,16,47,8,0,0,7,1,11,2,0,1,0,0,0,1
541,11,0,35,3,1,0,4,131,2,0,0,1,0,0,0,1
30,12,0,14,2,0,1,1,0,0,0,0,0,0,0,0,0
55,23,0,28,1,2,0,3,5,0,0,0,0,0,0,0,0
24,3,5,11,2,0,0,2,7,0,0,0,0,0,0,0,1
38,12,0,22,2,0,0,2,0,0,0,0,0,0,0,0,1
23,19,0,0,1,0,0,0,0,0,0,0,0,0,0,0,0
280,10,19,58,3,1,4,5,64,17,0,0,0,0,0,0,1
45,7,16,17,3,0,0,1,7,1,0,0,0,0,0,0,1
67,11,0,52,1,2,2,4,0,0,0,0,0,0,0,0,1
127,7,0,28,2,0,0,3,11,5,0,0,0,0,0,0,1
75,13,0,10,2,1,1,1,5,8,0,0,0,0,0,0,1
47,8,0,35,2,0,1,2,17,0,0,0,0,0,0,0,1
22,18,0,0,1,0,0,0,0,0,0,0,0,0,0,0,0
172,3,62,103,2,0,0,3,0,0,2,0,1,0,0,0,1
61,6,0,51,1,4,0,3,10,0,1,0,0,0,0,0,0
68,8,0,56,1,3,0,3,12,0,0,0,0,0,0,0,0
19,14,0,5,3,0,0,1,11,0,0,0,0,1,0,0,1
51,5,9,32,3,0,0,4,2,0,0,0,0,0,0,0,0
66,5,0,57,1,4,0,4,0,0,0,0,0,0,0,0,0
26,8,0,14,1,0,0,2,0,0,0,0,0,0,0,0,0
62,4,13,40,3,2,0,4,6,0,0,0,0,0,0,0,0
16,5,0,8,2,0,0,1,0,0,0,0,0,0,0,0,1
108,9,0,45,4,1,0,6,6,2,0,0,1,0,0,0,1
51,8,0,10,2,0,1,1,0,4,0,0,0,0,1,0,1
19,15,0,0,1,0,0,0,0,0,0,0,0,0,0,0,1
16,12,0,0,1,0,0,0,1,0,0,0,0,0,0,0,1
21,17,0,0,1,1,0,0,0,0,0,0,0,0,0,0,0
81,11,0,49,2,0,0,4,4,1,0,0,0,0,0,0,1
24,16,0,4,1,0,0,1,0,0,0,0,0,0,0,0,1
172,3,62,103,2,0,0,3,0,0,2,0,1,0,0,0,1
30,10,0,13,3,0,0,1,0,0,0,0,0,0,0,0,0
33,9,0,20,2,0,0,2,0,0,0,0,0,0,0,0,1
21,5,0,12,1,0,0,1,11,0,0,0,0,0,0,0,0
41,8,0,29,2,2,0,2,0,0,0,0,0,0,0,0,0
24,13,0,11,4,0,0,1,12,0,0,0,0,1,0,0,1
51,14,29,0,6,0,0,0,2,0,1,0,0,0,0,0,1
59,9,0,46,1,5,0,4,12,0,0,0,0,0,0,0,0
467,9,0,26,22,0,5,6,39,51,1,0,1,0,0,0,1
55,9,0,10,3,0,1,1,0,4,0,0,0,0,0,0,1
25,14,0,11,4,0,0,1,12,0,0,0,0,1,0,0,1
28,19,0,6,1,0,0,1,0,0,0,0,1,0,0,0,1
42,2,9,12,4,0,1,2,0,1,0,0,0,0,0,0,0
26,7,2,12,2,0,0,1,0,0,0,0,0,0,0,0,1
79,8,6,60,3,0,5,4,7,0,0,0,0,0,0,0,0
94,5,0,13,6,1,0,8,2,5,1,0,0,0,0,0,0
34,11,0,20,1,0,0,2,2,1,0,0,0,0,0,0,1
49,7,0,10,2,0,1,1,2,4,0,0,0,0,0,0,1
56,14,0,35,3,0,0,4,0,0,0,0,0,0,0,0,1
21,9,0,9,1,0,0,1,0,0,0,0,0,0,0,0,0
56,8,7,37,3,1,0,3,1,0,0,0,0,0,0,0,1
86,5,0,78,1,10,0,3,11,0,0,0,0,0,0,0,0
65,13,0,48,2,3,0,4,2,0,0,0,0,0,0,0,1
18,8,0,7,1,0,0,1,2,0,0,0,0,0,0,0,1
83,13,0,41,2,0,0,4,3,2,0,0,0,0,0,0,1
76,5,0,10,3,0,1,1,2,10,0,0,0,0,0,0,1
59,19,0,33,2,1,0,3,0,0,0,0,0,0,0,0,1
44,13,0,27,2,0,0,2,0,0,0,0,0,0,0,0,1
36,8,0,21,4,0,0,2,0,0,0,0,0,0,0,0,1
61,7,0,13,4,0,0,5,1,2,0,0,0,0,0,0,0
105,7,0,95,2,1,2,4,13,6,1,0,0,0,0,0,1
59,13,0,39,3,0,0,5,2,0,0,0,0,0,0,0,1
69,10,0,55,2,0,4,5,6,0,0,0,0,0,0,0,1
31,7,0,6,1,0,0,1,1,2,0,0,0,0,0,0,0
28,3,3,17,2,0,0,2,0,0,0,0,0,0,0,0,1
41,12,0,17,2,0,0,2,4,2,0,0,0,0,0,0,0
18,13,0,0,3,0,0,0,14,0,0,0,0,1,0,0,1
30,9,0,17,1,0,0,2,0,0,0,0,0,0,0,0,1
38,10,0,24,2,0,0,2,2,0,0,0,0,0,0,0,1
106,14,0,92,3,0,0,2,11,0,1,0,1,1,0,0,1
108,10,0,10,3,1,1,1,4,10,0,0,0,0,0,0,1
131,6,0,10,3,6,1,1,5,10,0,0,0,0,0,0,1
24,13,0,7,1,0,0,1,2,0,0,0,0,0,0,0,1
21,9,0,8,1,0,0,1,0,0,0,0,0,0,0,0,1
16,5,0,8,1,0,0,1,3,0,0,0,0,0,0,0,1
42,8,2,27,2,1,0,5,5,0,0,0,0,0,0,0,0
100,18,0,11,2,1,1,1,4,10,0,0,0,0,0,0,1
15,11,0,0,1,0,0,0,0,0,0,0,0,0,0,0,0
40,9,2,24,2,0,2,2,0,0,0,0,0,0,0,0,0
43,8,0,16,2,0,1,1,4,2,0,0,0,0,0,0,1
52,10,0,22,2,1,1,2,0,2,0,0,0,0,0,0,0
20,6,0,8,2,0,0,1,3,0,0,0,0,0,0,0,1
19,4,0,8,2,0,0,1,0,0,0,0,0,0,0,0,1
97,12,0,40,3,0,0,5,7,6,0,0,0,0,0,0,1
18,9,0,6,1,0,0,1,0,0,0,0,1,0,0,0,1
96,12,0,17,2,1,3,2,0,8,1,0,0,0,0,0,1
68,4,12,48,3,1,0,2,23,0,0,0,0,0,0,0,1
25,9,0,12,1,0,0,2,0,0,0,0,0,0,0,0,1
42,12,0,26,1,1,1,2,6,0,0,0,0,0,0,0,0
28,13,0,11,2,0,0,1,0,0,0,0,0,0,0,0,0
74,13,0,10,2,1,1,1,4,8,0,0,0,0,0,0,1
114,7,0,24,6,1,0,12,2,6,1,0,0,0,0,0,1
26,13,0,6,3,0,0,1,0,0,0,0,0,0,0,0,1
18,6,0,8,1,0,0,1,0,1,0,0,0,0,0,0,1
31,4,0,23,1,0,0,3,0,0,0,0,0,0,0,0,0
37,4,0,29,3,0,0,3,0,0,0,0,0,0,0,0,1
22,9,0,9,2,0,0,1,0,0,0,0,0,0,0,0,1
33,9,0,20,2,0,0,2,5,0,0,0,0,0,0,0,1
46,13,0,29,2,0,1,3,8,0,0,0,0,0,0,0,0
26,4,0,18,1,0,0,2,0,0,0,0,0,0,0,0,1
78,13,0,61,2,2,0,7,0,0,0,0,0,0,0,0,0
85,3,0,10,2,0,1,1,5,10,0,0,0,0,0,0,1
27,4,5,13,2,0,0,2,4,0,0,0,0,0,0,0,1
28,9,0,16,1,0,0,3,0,0,0,0,0,0,0,0,1
23,4,0,15,1,0,0,2,7,0,0,0,0,0,0,0,0
47,7,0,36,1,2,0,3,7,0,0,0,0,0,0,0,0
38,4,0,30,1,0,0,4,0,0,0,0,0,0,0,0,0
14,8,0,0,2,0,0,0,0,0,0,0,0,0,0,0,1
50,12,0,34,2,0,0,4,0,0,0,0,0,0,0,0,1
27,15,0,12,4,0,0,1,16,0,0,0,0,1,0,0,1
158,15,0,96,6,2,3,8,7,2,1,0,1,0,0,0,1
42,6,11,20,3,3,0,1,1,0,0,0,0,0,0,0,0
97,5,0,88,1,8,1,3,26,11,0,0,0,0,0,0,0
64,13,0,47,2,0,4,4,0,0,0,0,0,0,0,0,0
12,9,0,0,1,0,0,0,0,0,0,0,0,0,1,0,1
32,4,0,24,1,4,0,2,0,0,0,0,0,0,0,0,0
32,11,0,17,2,0,0,2,0,0,1,0,0,0,0,0,0
19,15,0,0,1,0,0,0,0,0,0,0,0,0,1,0,1
68,16,0,48,1,7,0,2,14,0,0,0,0,0,0,0,0
54,10,0,40,2,2,1,3,12,0,0,0,0,0,0,0,0
30,12,0,14,1,0,0,2,0,0,0,0,0,0,0,0,0
81,20,0,10,2,1,1,1,4,8,0,0,0,0,0,0,1
38,6,0,28,1,0,0,4,10,0,1,0,0,0,0,0,1
186,10,0,172,2,6,0,3,71,29,0,0,0,0,0,0,1
79,17,0,10,2,2,1,1,5,8,0,0,0,0,0,0,1
166,7,0,155,3,5,3,13,0,2,5,0,1,0,0,0,0
23,11,0,8,2,0,0,1,0,0,0,0,0,0,0,0,1
63,11,0,10,2,0,1,1,2,6,0,0,0,0,0,0,1
33,9,0,20,2,0,0,3,0,0,0,0,0,0,0,0,1
31,10,0,17,2,0,0,2,0,0,0,0,0,0,0,0,1
21,7,0,10,1,0,0,1,0,0,0,0,0,0,0,0,1
26,11,0,11,1,0,0,1,3,0,0,0,0,0,0,0,1
129,5,0,120,1,2,0,4,42,34,0,0,0,0,0,0,0
25,13,6,0,2,1,0,0,2,0,1,0,0,0,1,0,1
67,12,0,23,2,0,0,3,10,4,0,0,0,0,0,0,0
23,13,0,6,2,0,0,1,0,0,0,0,0,0,0,0,1
29,7,0,18,1,1,0,2,4,0,0,0,0,0,0,0,1
66,17,0,17,2,0,0,2,1,6,0,0,0,0,0,0,1
52,3,5,39,3,0,0,6,1,0,2,0,0,0,0,0,1
49,15,0,34,4,0,0,2,13,0,0,0,0,1,0,0,1
48,8,0,36,1,1,0,3,15,0,0,0,0,0,0,0,0
57,12,18,19,7,0,0,3,8,0,0,0,0,1,0,0,1
133,8,0,119,2,2,0,1,22,1,0,0,0,0,0,0,1
111,6,0,34,4,4,1,8,0,5,1,0,1,0,0,0,1
64,10,0,51,2,3,0,4,3,0,0,0,0,0,0,0,1
108,11,0,93,2,2,0,5,26,20,0,0,0,0,0,0,0
115,8,4,20,9,0,0,3,10,10,0,0,1,0,0,0,1
65,8,18,34,4,0,0,4,12,1,0,0,0,0,0,0,0
56,7,0,46,3,1,0,5,1,0,0,0,0,0,0,0,1
47,9,0,21,2,0,0,1,2,2,0,0,0,0,0,0,0
70,16,0,42,2,2,0,5,0,2,1,0,0,0,0,0,1
12,8,0,0,1,0,0,0,0,0,0,0,0,0,0,0,1
22,13,0,9,4,0,0,1,11,0,0,0,0,1,0,0,1
142,16,0,10,4,0,5,1,7,12,0,0,0,0,0,0,1
66,13,0,27,2,0,0,3,0,3,0,0,0,0,0,0,0
110,5,16,20,7,1,0,5,1,11,2,0,1,0,0,0,1
28,6,17,0,2,2,0,0,0,0,0,0,0,0,0,0,1
29,10,7,7,2,0,0,1,4,0,0,0,0,0,0,0,1
25,4,0,17,2,0,0,2,0,0,0,0,0,0,0,0,1
43,14,0,25,1,0,1,2,0,0,0,0,0,0,0,0,0
77,4,0,30,3,0,2,4,14,2,1,0,0,0,0,0,1
68,13,0,16,2,0,3,1,4,4,0,0,0,0,0,0,0
43,13,0,26,2,1,0,3,2,0,0,0,0,0,0,0,0
160,8,0,22,2,0,1,2,19,4,0,0,0,0,0,0,0
35,3,3,24,3,0,0,3,9,0,0,0,0,0,0,0,1
79,11,0,15,2,0,0,3,10,12,0,0,0,0,0,0,1
116,12,0,8,2,1,4,1,10,14,0,0,0,0,0,0,0
51,8,5,33,2,2,0,3,10,0,0,0,0,0,0,0,0
63,10,0,49,1,6,0,2,0,0,0,0,0,0,0,0,0
35,7,0,24,2,0,0,2,0,0,0,0,0,0,0,0,1
186,17,0,148,2,1,1,6,74,3,1,0,0,0,0,0,1
27,16,0,7,1,0,0,1,2,0,0,0,0,0,0,0,1
46,15,0,31,4,0,0,4,12,1,0,0,0,1,0,0,1
77,8,0,65,1,6,0,5,8,0,0,0,0,0,0,0,0
49,9,4,31,3,1,0,2,0,0,0,0,0,0,0,0,0
14,10,0,0,1,0,0,0,2,0,0,0,0,0,0,0,0
43,11,0,13,2,1,0,2,1,3,0,0,0,0,0,0,0
20,6,0,11,1,0,0,2,0,0,0,0,0,0,0,0,0
24,8,0,13,1,0,0,1,0,0,0,0,0,0,0,0,1
26,9,0,11,2,0,0,1,0,0,0,0,0,0,0,0,1
288,12,0,62,14,1,0,7,62,26,0,0,0,0,0,0,1
92,19,0,69,4,0,0,5,2,0,0,0,1,0,0,0,1
29,11,0,14,1,0,0,2,0,0,0,0,0,0,0,0,1
29,13,0,12,2,0,0,1,0,0,0,0,0,0,0,0,1
60,6,0,50,1,6,0,3,5,0,0,0,0,0,0,0,0
47,2,4,23,3,0,0,2,4,2,0,0,0,0,0,0,0
48,6,0,35,3,0,2,3,0,0,0,0,0,0,0,0,0
146,10,0,10,2,2,1,1,6,18,0,0,0,0,0,0,1
50,10,0,36,1,0,4,1,0,0,0,0,0,0,0,0,0
62,17,0,12,1,0,0,1,1,6,0,0,0,0,0,0,1
23,13,0,6,1,0,0,1,0,0,0,0,0,0,0,0,1
49,8,8,28,3,0,0,3,5,1,0,0,0,0,0,0,0
59,12,0,43,1,4,0,4,8,0,0,0,0,0,0,0,0
23,7,0,13,1,0,0,3,0,0,0,0,0,0,0,0,1
37,13,0,20,2,0,0,2,0,0,0,0,0,0,0,0,0
88,15,0,10,2,0,1,1,3,10,0,0,0,0,0,0,1
28,12,0,13,2,1,0,1,0,0,0,0,0,0,0,0,1
44,22,0,18,2,3,0,1,0,0,0,0,0,0,0,0,1
36,9,0,23,2,0,1,2,3,0,0,0,0,0,0,0,0
47,9,0,34,2,2,0,1,0,0,0,0,0,0,0,0,1
46,8,0,17,3,1,0,4,0,1,1,0,1,0,0,0,1
108,11,0,93,1,10,0,5,6,0,0,0,0,0,0,0,0
25,10,0,11,1,0,1,1,7,0,0,0,0,0,0,0,0
46,25,0,17,1,1,0,2,0,0,0,0,0,0,0,0,1
49,7,6,31,3,3,0,1,5,0,0,0,0,0,0,0,0
58,10,0,7,1,0,0,1,3,7,0,0,0,0,0,0,0
100,11,0,85,2,5,6,1,16,0,0,0,0,0,0,0,0
93,4,0,85,1,11,0,2,2,0,0,0,0,0,0,0,0
26,13,0,7,4,0,0,1,15,0,0,0,0,1,0,0,1
43,4,12,23,3,1,0,2,4,0,0,0,0,0,0,0,1
30,9,8,8,2,0,0,1,0,0,0,0,0,0,0,0,0
21,17,0,0,1,1,0,0,2,0,0,0,0,0,0,0,1
34,13,0,21,4,0,0,2,10,0,0,0,0,1,0,0,1
40,12,0,24,1,1,0,3,0,0,1,0,0,0,0,0,1
27,13,0,11,2,1,0,1,1,0,0,0,0,0,0,0,1
20,16,0,0,1,0,0,0,0,0,0,0,0,0,0,0,1
97,8,0,85,1,13,0,6,16,2,1,0,0,0,0,0,0
38,12,0,22,2,0,0,4,0,0,0,0,0,0,0,0,1
36,15,0,17,2,0,0,2,0,0,0,0,0,0,0,0,0
43,9,0,31,2,3,0,1,0,0,0,0,0,0,0,0,1
32,5,0,23,2,0,1,2,0,0,0,0,0,0,0,0,1
86,10,0,10,3,1,1,1,3,8,0,0,0,0,0,0,1
66,7,0,19,3,1,0,7,2,3,0,0,0,0,0,0,1
61,7,4,45,2,0,6,2,0,0,0,0,0,0,0,0,0
52,17,0,31,1,1,0,4,1,0,0,0,0,0,0,0,1
27,23,0,0,1,1,0,0,0,0,1,0,0,0,0,0,1
80,15,0,10,2,0,1,1,4,8,0,0,0,0,0,0,1
13,9,0,0,1,0,0,0,0,0,0,0,0,0,0,0,0
57,11,9,32,4,0,0,2,1,1,1,1,0,0,0,0,1
82,10,0,68,1,9,0,2,0,0,0,0,0,0,0,0,1
43,4,0,13,3,0,0,1,4,4,0,0,0,0,0,0,0
168,15,0,10,2,3,1,1,8,20,0,0,0,0,0,0,1
144,17,0,29,3,1,1,3,14,20,0,0,0,0,0,0,1
105,11,0,15,1,0,0,5,22,8,2,0,0,0,0,0,1
28,13,0,11,1,0,0,1,0,0,0,0,0,0,0,0,0
20,7,0,9,1,0,0,1,0,0,0,0,0,0,0,0,1
103,6,4,76,2,0,2,5,7,2,1,0,0,0,0,0,1
38,15,0,16,2,0,0,3,2,0,0,0,0,0,0,0,0
15,8,0,0,2,0,0,0,0,0,0,0,0,0,0,0,1
170,10,0,104,7,2,4,9,17,2,1,0,1,0,0,0,1
145,15,0,97,2,13,0,4,4,6,0,0,0,0,0,0,1
113,7,0,82,4,0,1,8,20,2,0,0,0,0,0,0,1
76,8,0,65,2,0,0,8,0,0,0,0,0,0,0,0,1
48,12,0,32,2,0,0,3,8,0,0,0,0,0,0,0,0
41,9,7,20,2,1,0,3,1,0,1,0,0,0,0,0,1
87,8,0,75,2,5,0,4,6,0,0,0,0,0,0,0,0
36,16,0,17,1,0,0,2,0,0,0,0,0,0,1,0,1
104,13,0,14,4,0,3,1,3,8,0,0,0,0,0,0,1
24,5,4,10,2,0,0,2,0,0,0,0,1,0,0,0,1
39,14,4,16,3,0,0,1,1,1,0,0,0,0,0,0,1
45,14,0,27,2,0,1,2,0,0,0,0,0,0,0,0,0
55,4,0,13,2,0,1,1,1,5,0,0,0,0,0,0,1
24,18,0,0,2,1,0,0,0,0,0,0,0,0,0,0,0
72,6,0,20,2,1,1,3,6,6,0,0,0,0,0,0,1
38,17,0,17,2,0,0,1,1,0,0,0,0,0,0,0,1
48,15,0,29,2,0,0,2,6,1,0,0,0,0,0,0,0
55,17,0,35,1,1,1,1,7,1,0,0,1,0,0,0,1
43,8,0,32,1,0,0,4,0,0,0,0,0,0,0,0,1
33,8,0,21,2,0,0,2,9,0,0,0,0,0,0,0,1
16,12,0,0,1,0,0,0,0,0,0,0,0,0,0,0,1
117,5,16,47,8,0,0,7,1,11,2,0,1,0,0,0,1
76,6,4,61,2,7,0,5,9,0,0,0,0,0,0,0,0
46,6,3,33,2,0,0,1,21,0,0,0,0,0,0,0,1
23,19,0,0,1,1,0,0,0,0,0,0,0,0,0,0,1
48,8,0,13,1,0,1,1,15,2,0,0,0,0,0,0,0
46,9,2,30,2,0,2,2,0,0,0,0,0,0,0,0,0
21,4,12,0,2,1,0,0,2,0,0,0,0,0,0,0,1
92,10,0,10,3,0,1,1,4,10,0,0,0,0,0,0,1
15,11,0,0,1,0,0,0,0,0,0,0,0,0,0,0,0
100,6,0,19,3,0,2,11,24,4,0,0,0,0,0,0,0
43,9,0,30,1,0,1,3,7,0,0,0,0,0,0,0,0
28,15,0,7,4,0,0,1,17,0,0,0,0,1,0,0,1
75,9,0,62,1,9,0,3,6,0,0,0,0,0,0,0,0
20,16,0,0,1,0,0,0,0,0,0,0,0,0,0,0,1
98,16,7,70,2,0,5,5,10,1,0,0,0,0,0,0,0
64,14,0,46,1,6,0,4,10,0,0,0,0,0,0,0,0
44,7,0,10,3,1,0,1,0,2,0,0,0,0,0,0,1
25,12,0,9,1,1,0,1,0,0,0,0,0,0,0,0,0
47,16,0,24,4,0,0,2,0,0,1,0,0,0,0,0,1
144,15,0,17,6,0,0,2,30,15,0,0,0,0,0,0,0
38,9,0,25,2,0,0,3,0,0,0,0,0,0,0,0,1
63,19,8,26,2,1,0,2,13,0,0,0,0,0,1,0,1
24,10,0,10,1,0,0,1,0,0,0,0,0,0,0,0,0
75,14,0,10,2,1,1,1,4,8,0,0,0,0,0,0,1
154,14,0,10,2,0,1,1,5,22,0,0,0,0,0,0,1
68,10,0,54,4,0,2,2,20,0,0,0,0,0,0,0,1
23,4,0,15,1,0,0,2,7,0,0,0,0,0,0,0,0
66,7,0,55,1,6,0,2,6,0,0,0,0,0,0,0,0
31,12,0,15,2,0,0,2,0,0,0,0,0,0,0,0,1
32,15,0,13,1,0,0,2,7,0,0,0,0,0,0,0,0
21,17,0,0,1,2,0,0,0,0,0,0,0,0,0,0,0
31,8,0,10,2,0,0,1,3,2,0,0,0,0,0,0,1
75,14,0,10,2,0,1,1,4,8,0,0,0,0,0,0,1
37,10,0,23,2,1,0,2,0,0,0,0,0,0,0,0,0
42,12,4,21,3,1,0,2,3,0,0,0,0,0,0,0,1
99,6,0,15,2,0,0,2,4,18,0,0,0,0,0,0,0
56,13,0,39,2,2,0,3,0,0,0,0,0,0,0,0,0
35,21,0,10,2,0,0,1,0,0,1,0,0,0,0,0,1
117,8,0,6,3,2,0,1,11,8,1,0,1,0,0,0,1
32,14,0,14,2,0,0,1,0,0,0,0,0,0,0,0,0
24,4,0,16,1,0,0,2,7,0,0,0,0,0,0,0,0
22,2,7,9,2,0,0,1,4,0,0,0,0,0,0,0,1
77,9,0,64,2,1,0,7,2,0,0,0,0,0,0,0,1
58,13,0,41,2,0,1,3,9,2,0,0,0,0,0,0,0
16,12,0,0,1,0,0,0,0,0,0,0,0,0,0,0,1
77,6,0,67,1,4,0,5,26,0,0,0,0,0,0,0,0
51,6,10,31,4,0,1,4,2,0,0,0,0,0,0,0,0
22,7,0,11,1,0,1,1,0,0,0,0,0,0,0,0,0
92,4,0,81,3,0,1,6,18,0,1,0,0,0,0,0,1
60,11,0,46,3,2,0,7,8,0,0,0,0,0,0,0,1
23,19,0,0,1,0,0,0,0,0,0,0,0,0,0,0,0
30,14,0,16,4,0,0,2,11,0,0,0,0,1,0,0,1
75,15,0,56,1,7,0,4,12,0,0,0,0,0,0,0,0
32,6,0,19,3,0,0,2,0,0,0,0,0,0,0,0,1
9,1,0,5,1,0,0,1,0,0,0,0,0,0,0,0,0
54,3,7,39,3,0,0,3,8,0,0,0,0,0,0,0,1
26,9,0,13,1,1,0,1,0,0,0,0,0,0,0,0,1
42,14,0,24,2,2,0,1,0,0,0,0,0,0,0,0,0
149,18,0,31,2,0,0,4,12,4,0,0,0,0,0,0,1
39,20,0,15,2,0,0,1,0,0,0,0,0,0,0,0,0
85,9,0,72,2,6,0,3,3,0,0,0,0,0,0,0,1
54,2,48,0,2,4,0,0,15,0,0,0,0,0,0,0,1
80,8,0,69,1,0,0,1,3,0,0,0,0,0,1,0,1
40,9,0,9,1,0,0,1,2,2,0,0,0,0,0,0,1
38,10,0,25,2,1,0,1,0,0,0,0,0,0,0,0,1
26,13,0,7,4,0,0,1,15,0,0,0,0,1,0,0,1
37,8,0,1,1,2,0,1,0,2,0,0,0,0,0,0,0
27,7,0,16,2,0,0,1,0,0,0,0,0,0,0,0,1
41,15,0,20,2,0,1,2,0,0,0,0,0,0,0,0,1
50,13,0,33,2,2,0,1,0,0,0,0,0,0,0,0,1
91,11,0,39,1,1,2,3,0,4,0,0,0,0,0,0,0
30,13,12,0,2,0,0,0,6,0,0,0,0,0,0,0,1
33,13,15,0,2,1,0,0,3,0,0,0,0,0,0,0,1
42,10,0,28,1,2,0,3,6,0,0,0,0,0,0,0,0
32,8,7,9,3,0,0,1,1,0,0,0,0,0,0,0,1
18,6,0,8,1,0,0,1,1,0,0,0,0,0,0,0,1
22,5,0,11,2,0,0,1,1,0,0,0,0,0,0,0,1
67,5,0,10,2,0,1,1,4,8,0,0,0,0,0,0,1
29,10,0,15,1,0,0,2,5,0,0,0,0,0,0,0,1
92,7,25,19,6,1,3,5,14,4,1,0,0,0,0,0,0
87,15,0,68,2,0,0,4,7,5,0,0,0,0,0,0,0
40,7,0,29,1,1,0,4,0,0,1,0,0,0,0,0,1
47,8,5,29,2,2,0,3,9,0,0,0,0,0,0,0,0
47,13,0,34,4,0,0,2,12,0,0,0,0,1,0,0,1
69,10,0,45,1,0,0,3,9,4,0,0,0,0,0,0,0
108,9,0,45,4,1,0,6,6,2,0,0,1,0,0,0,1
28,12,0,1,1,0,1,1,2,2,0,0,0,0,0,0,0
17,13,0,0,1,0,0,0,0,0,0,0,0,0,0,0,0
80,9,0,10,2,0,1,1,4,10,0,0,0,0,0,0,1
69,8,0,10,2,0,1,1,4,8,0,0,0,0,0,0,1
23,8,0,11,1,0,0,1,0,0,0,0,0,0,0,0,0
22,8,4,5,2,0,0,1,0,1,0,0,0,0,0,0,1
32,2,0,26,1,0,3,1,0,1,0,0,0,0,0,0,0
105,9,0,45,4,1,0,6,5,2,0,0,1,0,0,0,1
28,3,0,22,1,0,0,2,0,0,0,0,0,0,0,0,0
326,13,192,116,14,9,0,4,124,1,3,0,0,0,0,0,0
81,21,0,10,2,0,1,1,3,8,0,0,0,0,0,0,1
14,10,0,0,1,0,0,0,0,0,0,0,0,0,0,0,0
25,8,0,13,2,0,0,1,0,0,0,0,0,0,0,0,0
18,7,0,8,1,0,0,1,1,0,0,0,0,0,0,0,1
42,3,0,35,1,0,0,5,0,0,0,0,0,0,0,0,1
78,18,0,10,2,1,1,1,3,8,0,0,0,0,0,0,1
74,17,0,28,3,0,3,2,10,2,0,1,0,0,0,0,1
45,13,0,29,1,1,0,4,0,0,0,0,0,0,0,0,1
19,15,0,0,1,0,0,0,0,0,1,0,0,0,0,0,1
57,6,9,38,3,0,0,4,3,0,0,0,0,0,0,0,0
20,16,0,0,1,0,0,0,0,0,0,0,0,0,0,0,1
59,3,2,49,3,1,0,8,1,0,0,0,0,0,0,0,1
36,9,2,20,2,0,1,2,0,0,0,0,0,0,0,0,0
11,7,0,0,1,0,0,0,0,0,0,0,0,0,0,0,0
33,10,0,20,2,0,0,2,0,0,0,0,0,0,0,0,1
75,23,0,47,2,1,0,4,0,0,1,0,0,0,1,0,0
47,7,0,36,1,1,0,4,4,0,0,0,0,0,0,0,1
129,11,0,38,2,0,0,4,31,8,1,0,0,0,0,0,1
111,11,0,30,3,1,0,4,8,9,0,1,0,0,0,0,1
59,5,6,43,2,2,0,4,9,0,1,0,0,0,0,0,0
18,8,0,6,1,0,0,1,2,0,0,0,0,0,0,0,1
51,12,0,32,2,3,0,2,4,0,0,0,0,0,0,0,0
97,14,0,10,2,0,2,1,4,10,0,0,0,0,0,0,1
43,4,12,23,3,1,0,2,5,0,0,0,0,0,0,0,1
28,9,0,16,2,0,0,3,0,0,0,0,0,0,0,0,1
75,9,0,10,5,0,0,1,0,9,0,0,0,0,0,0,0
67,16,0,37,2,0,0,5,5,2,0,0,0,0,0,0,1
130,7,0,119,1,2,0,1,15,1,0,0,0,0,0,0,1
39,7,4,23,3,1,0,2,0,1,0,0,0,0,0,0,1
62,6,0,52,1,8,0,1,2,0,0,0,0,0,0,0,0
18,7,0,7,1,0,0,1,5,0,0,0,0,0,0,0,1
32,11,0,18,2,0,0,2,0,0,0,0,0,0,0,0,1
117,23,0,10,2,3,1,1,5,10,0,0,0,0,0,0,1
36,8,16,7,4,0,0,1,0,0,2,0,1,0,0,0,1
32,13,14,0,2,1,0,0,3,0,0,0,0,0,0,0,1
26,14,0,12,4,0,0,1,11,0,0,0,0,1,0,0,1
98,9,0,10,3,0,1,1,10,12,0,0,0,0,0,0,1
541,11,0,35,3,1,0,4,150,2,0,0,1,0,0,0,1
14,6,0,2,2,0,0,1,1,0,0,0,0,0,0,0,1
21,7,0,10,1,0,0,1,0,0,0,0,0,0,0,0,0
65,8,2,50,3,2,0,5,5,0,0,0,0,0,0,0,0
33,10,0,19,2,0,0,2,0,0,0,0,0,0,0,0,1
32,16,0,12,1,0,0,2,0,0,0,0,0,0,0,0,1
26,14,0,8,1,0,0,1,3,0,0,0,0,0,0,0,1
291,7,0,5,2,1,0,1,90,78,0,0,0,0,0,0,0
94,6,0,85,1,0,0,3,6,14,0,0,0,0,0,0,0
21,17,0,0,1,2,0,0,0,0,1,0,0,0,0,0,1
10,7,0,0,1,0,0,0,0,0,0,0,0,0,0,0,0
17,12,0,0,1,1,0,0,0,0,0,0,0,0,0,0,1
49,10,7,22,2,0,1,2,4,0,0,0,0,0,0,0,0
100,5,4,86,8,0,0,5,15,0,0,0,1,1,0,0,1
41,5,0,32,2,0,0,3,0,0,0,0,0,0,0,0,0
96,11,0,81,2,0,0,13,0,1,0,0,0,0,0,0,1
31,7,0,6,1,1,0,1,2,2,0,0,0,0,0,0,0
44,12,0,28,1,3,0,3,4,0,0,0,0,0,0,0,1
43,8,0,31,1,3,0,2,0,0,0,0,0,0,0,0,0
25,14,0,7,1,0,0,1,2,0,0,0,0,0,1,0,1
32,7,9,12,3,0,0,2,3,0,0,0,0,0,0,0,1
31,9,0,18,2,0,0,2,0,0,0,0,0,0,0,0,1
68,8,11,16,4,1,0,2,5,6,0,0,0,0,0,0,0
46,6,0,36,1,3,0,2,7,0,0,0,0,0,0,0,0
104,7,0,20,2,8,0,2,9,12,0,0,0,0,0,0,0
11,8,0,0,1,0,0,0,0,0,0,0,0,0,0,0,1
33,9,0,20,2,0,0,2,4,0,0,0,0,0,0,0,1
76,4,13,55,3,0,1,6,7,0,0,0,0,0,0,0,1
38,7,0,24,2,1,1,3,2,0,0,0,0,0,0,0,1
105,9,0,92,7,0,1,5,15,0,0,0,1,1,0,0,1
19,8,0,7,2,1,0,1,0,0,0,0,0,0,0,0,1
48,16,0,29,2,1,0,2,0,0,0,0,0,0,0,0,1
102,7,0,91,1,10,0,4,6,0,0,0,0,0,0,0,0
17,9,0,0,1,0,0,0,0,0,0,0,0,0,0,0,1
64,11,0,38,4,2,0,3,6,2,0,0,0,0,0,0,1
36,8,0,24,2,2,0,1,3,0,0,0,0,0,0,0,0
38,12,0,20,3,2,1,1,2,0,0,0,0,0,0,0,1
44,3,0,37,1,1,0,4,5,0,0,0,0,0,0,0,0
32,25,0,3,1,0,0,1,0,0,0,0,0,0,0,0,1
32,10,0,18,2,0,0,2,0,0,1,0,0,0,0,0,1
49,21,0,24,1,1,0,4,0,0,1,0,0,0,0,0,1
44,9,0,28,3,0,0,3,3,0,0,0,0,0,0,0,1
34,11,0,19,2,0,0,2,0,0,0,0,0,0,0,0,1
75,18,0,75,4,0,1,5,1,0,0,0,1,0,0,0,1
95,8,0,10,2,0,1,1,6,10,0,0,0,0,0,0,1
32,6,0,22,2,2,0,1,0,0,0,0,0,0,0,0,0
13,9,0,0,1,0,0,0,0,0,0,0,0,0,0,0,1
107,11,3,47,5,0,1,2,10,9,0,0,0,0,1,0,1
78,5,0,10,2,0,0,1,17,10,0,0,0,0,0,0,0
18,4,0,11,2,0,0,1,0,0,0,0,0,0,0,0,1
50,7,0,39,1,1,0,5,2,0,0,0,0,0,0,0,1
23,14,4,0,2,0,0,0,0,0,0,0,0,0,0,0,1
24,10,0,7,2,0,0,1,0,0,0,0,0,0,0,0,1
46,5,6,30,2,0,0,4,5,0,0,0,0,0,0,0,0
36,8,16,7,4,0,0,1,0,0,2,0,1,0,0,0,1
39,14,0,17,4,0,0,3,11,2,1,0,0,1,0,0,1
76,12,0,10,3,0,1,1,3,8,0,0,0,0,0,0,1
117,13,4,10,6,1,0,1,6,19,2,0,1,0,1,0,0
18,12,0,6,3,0,0,1,9,0,0,0,0,1,0,0,1
55,28,0,23,2,2,0,1,4,0,0,0,0,0,0,0,1
26,13,0,7,2,0,0,1,3,1,0,0,0,0,0,0,1
32,9,0,19,2,0,0,3,2,0,0,0,0,0,0,0,0
124,17,0,43,1,0,0,4,32,2,0,0,0,0,0,0,1
82,17,0,18,2,0,1,1,5,10,0,0,0,0,0,0,0
69,8,0,10,2,0,1,1,3,8,0,0,0,0,0,0,1
91,16,0,71,2,3,0,5,1,0,3,0,0,0,0,0,1
25,12,0,7,4,0,0,1,14,0,0,0,0,1,0,0,1
54,14,0,21,2,0,0,2,4,2,0,0,0,0,0,0,1
35,13,0,22,4,0,2,1,10,0,0,0,0,1,0,0,1
27,15,0,12,3,0,0,2,12,0,0,0,0,1,0,0,1
75,4,4,62,2,7,0,4,8,0,0,0,0,0,0,0,0
106,12,0,91,2,0,1,3,10,9,0,0,0,0,0,0,0
58,11,0,44,3,0,0,3,0,0,0,0,0,0,0,0,1
68,9,0,52,3,1,0,7,0,0,0,0,0,0,0,0,0
29,10,0,16,2,0,0,1,0,0,0,0,0,0,0,0,1
42,11,0,27,1,1,0,4,6,0,0,0,0,0,0,0,0
68,8,28,27,5,0,0,3,4,1,0,0,0,0,0,0,0
13,9,0,0,1,0,0,0,0,0,0,0,0,0,0,0,0
50,7,8,30,2,1,0,5,7,0,0,0,0,0,0,0,0
42,5,3,29,2,0,0,5,4,0,0,0,0,0,0,0,1
22,10,0,8,1,0,0,1,0,0,0,0,0,0,0,0,1
21,17,0,0,1,0,0,0,0,0,0,0,0,0,0,0,0
31,12,0,19,4,0,0,2,10,0,0,0,0,1,0,0,1
36,17,0,7,1,1,0,2,0,1,0,0,0,0,0,0,1
58,12,14,27,4,2,0,1,5,1,0,0,0,0,0,0,1
51,6,8,32,3,0,0,3,1,0,1,0,0,0,0,0,1
81,10,0,67,1,10,0,2,7,0,0,0,0,0,0,0,0
78,9,0,65,1,10,0,2,0,0,0,0,0,0,0,0,0
45,7,18,15,3,0,0,1,4,1,0,0,0,0,0,0,1
134,31,96,0,8,7,0,0,28,0,1,0,0,0,0,0,0
15,8,0,4,1,0,0,1,0,0,0,0,0,0,0,0,1
100,3,0,93,1,12,0,3,6,0,0,0,0,0,0,0,0
39,4,0,15,2,0,1,1,7,4,0,0,0,0,0,0,0
26,8,0,14,2,0,0,1,0,0,0,0,0,0,0,0,0
38,16,0,18,2,0,0,2,2,0,0,0,0,0,0,0,1
72,10,10,47,3,0,4,4,8,0,0,0,0,0,0,0,0
26,13,0,6,2,0,0,1,0,0,0,0,1,0,0,0,1
32,7,8,12,2,0,0,2,0,0,0,0,0,0,0,0,1
125,19,0,10,2,4,1,1,4,10,0,0,0,0,0,0,1
93,23,0,66,2,1,0,7,0,0,0,0,0,0,0,0,1
57,16,0,21,2,0,0,2,3,4,0,0,0,0,0,0,0
24,5,0,11,3,0,0,1,0,0,0,0,0,0,0,0,1
84,7,0,34,2,0,2,3,6,6,0,0,0,0,0,0,0
75,6,0,4,4,0,0,5,0,5,2,0,1,0,0,0,0
45,30,0,11,1,0,0,2,0,0,0,0,0,0,0,0,1
47,20,0,23,1,0,1,3,0,0,0,0,0,0,0,0,1
32,9,0,1,2,0,0,1,1,1,0,0,0,0,0,0,0
38,16,0,19,2,0,1,1,0,0,0,0,0,0,0,0,1
53,15,16,17,3,0,0,3,3,0,0,0,0,0,0,0,1
8,5,0,0,1,0,0,0,0,0,0,0,0,0,1,0,1
43,15,0,25,3,1,0,2,0,0,0,0,0,0,0,0,1
34,8,7,11,3,0,0,1,0,1,0,0,0,0,0,0,1
23,19,0,0,1,1,0,0,0,0,0,0,0,0,0,0,1
22,9,0,9,1,0,0,1,0,0,0,0,0,0,0,0,1
70,14,0,52,1,5,0,4,8,0,0,0,0,0,0,0,0
10,6,0,0,1,0,0,0,0,0,0,0,0,0,0,0,1
64,8,0,52,1,3,0,4,7,0,0,0,0,0,0,0,0
17,13,0,0,1,0,0,0,0,0,0,0,0,0,0,0,0
41,19,0,16,2,1,0,2,0,1,0,0,0,0,0,0,1
17,12,0,0,3,0,0,0,13,0,0,0,0,1,0,0,1
26,9,0,11,3,0,0,1,0,0,0,0,0,0,0,0,1
27,4,5,13,2,0,0,2,4,0,0,0,0,0,0,0,1
37,4,7,21,3,0,0,3,0,0,0,0,0,0,0,0,0
156,17,0,10,2,7,1,1,19,12,0,0,0,0,0,0,1
34,12,0,18,1,0,0,2,3,0,0,0,0,0,0,0,1
36,7,12,13,3,0,0,1,0,0,0,0,0,0,0,0,0
104,13,0,87,2,11,0,2,3,0,0,0,0,0,0,0,1
12,5,0,4,1,0,0,1,0,0,0,0,0,0,0,0,1
25,12,0,7,4,0,0,1,14,0,0,0,0,1,0,0,1
12,9,0,0,1,0,0,0,0,0,0,0,0,0,0,0,0
37,7,0,8,1,0,0,1,4,2,0,0,0,0,0,0,1
21,11,0,6,1,0,0,1,3,0,0,0,0,0,0,0,1
24,4,0,16,1,0,0,2,7,0,0,0,0,0,0,0,0
54,14,0,36,2,2,0,3,4,0,0,0,0,0,0,0,0
26,21,0,0,1,0,0,0,0,0,0,0,0,0,0,0,1
23,6,0,13,1,1,0,1,10,0,0,0,0,0,0,0,0
53,8,0,11,2,1,0,1,3,4,0,0,0,0,0,0,1
23,8,0,11,1,2,0,1,0,0,0,0,0,0,0,0,1
46,12,0,30,2,0,0,3,0,0,1,0,0,0,0,0,1
39,13,0,22,1,0,0,3,0,0,0,0,0,0,0,0,1
136,9,11,111,2,13,0,4,8,0,0,0,0,0,0,0,0
14,10,0,0,1,0,0,0,0,0,0,0,0,0,0,0,1
31,13,4,9,2,0,0,1,5,0,0,0,0,0,0,0,1
32,11,0,17,2,0,0,1,0,0,0,0,0,0,0,0,0
37,9,0,24,2,0,0,2,0,0,0,0,0,0,1,0,1
38,10,0,25,1,0,0,4,0,0,0,0,0,0,0,0,1
172,3,62,103,2,0,0,3,0,0,2,0,1,0,0,0,1
38,9,11,13,3,0,1,1,1,0,0,0,0,0,0,0,1
50,12,0,31,3,0,1,2,0,0,0,0,0,0,0,0,1
191,6,0,15,2,1,1,2,76,8,1,0,0,0,0,0,1
26,11,0,12,2,0,0,2,0,0,0,0,0,0,0,0,1
65,6,0,55,2,0,0,5,6,0,1,0,0,0,0,0,1
47,8,0,35,2,0,1,2,17,0,0,0,0,0,0,0,1
32,5,12,10,4,1,0,1,0,0,0,0,0,0,0,0,0
82,6,0,10,3,0,2,1,3,8,0,0,0,0,0,0,1
42,7,0,31,2,0,0,5,13,0,0,0,0,0,0,0,0
83,11,30,34,6,1,0,3,4,0,2,0,0,0,0,0,0
64,13,0,47,1,5,0,1,2,0,0,0,0,0,0,0,1
16,5,7,0,2,0,0,0,0,0,0,0,0,0,0,0,1
27,14,0,7,4,0,0,1,16,0,0,0,0,1,0,0,1
56,4,34,14,5,1,0,2,7,0,3,0,0,0,0,0,0
35,11,0,20,2,0,0,3,4,0,0,0,0,0,0,0,1
42,13,0,25,2,0,1,3,0,0,0,0,0,0,0,0,1
17,2,0,11,1,0,1,1,0,0,0,0,0,0,0,0,0
180,9,4,7,2,2,2,1,36,24,0,0,0,0,0,0,0
117,5,16,47,8,0,0,7,1,11,2,0,1,0,0,0,1
20,9,0,7,1,0,0,1,0,0,1,0,0,0,0,0,1
87,18,0,10,2,1,2,1,5,10,0,0,0,0,0,0,1
59,5,0,51,2,6,0,3,18,0,0,0,0,0,0,0,1
24,20,0,0,1,0,0,0,0,0,0,0,0,0,1,0,1
49,10,0,35,2,0,1,3,6,0,0,0,0,0,0,0,0
33,6,0,23,2,1,0,2,0,0,0,0,0,0,0,0,0
99,7,0,6,2,4,0,1,5,7,1,0,1,0,0,0,0
18,8,0,6,1,0,0,1,0,0,0,0,0,0,0,0,1
10,6,0,0,1,0,0,0,0,0,0,0,0,0,0,0,0
39,8,0,6,1,0,0,2,4,2,0,0,0,0,0,0,1
175,41,0,40,2,5,2,4,23,2,0,0,0,0,0,0,0
121,6,0,10,3,2,1,1,6,12,0,0,0,0,0,0,1
32,8,5,14,3,1,0,1,0,0,0,0,0,0,0,0,0
31,6,0,19,3,0,0,2,0,0,0,0,0,0,0,0,1
61,10,0,48,2,1,0,7,0,0,1,0,0,0,0,0,1
45,12,0,29,2,0,0,3,0,0,0,0,1,0,0,0,1
81,7,8,58,5,0,1,3,1,0,0,0,0,0,0,0,1
41,16,0,21,1,0,0,2,0,0,0,0,0,0,0,0,0
59,22,0,20,3,0,0,3,0,2,1,0,0,0,0,0,1
39,12,0,23,1,1,1,2,4,0,0,0,0,0,0,0,0
33,8,10,11,3,0,0,1,1,0,0,0,0,0,0,0,1
15,11,0,0,1,1,0,0,0,0,0,0,0,0,0,0,0
152,8,0,10,3,6,1,1,26,18,0,0,0,0,0,0,1
82,13,0,65,2,6,0,3,10,0,0,0,0,0,0,0,0
96,7,0,32,2,1,3,4,1,5,0,0,0,0,0,0,1
31,4,0,24,2,0,0,3,0,0,1,0,0,0,0,0,0
75,6,0,43,2,2,0,3,8,4,0,0,0,0,0,0,0
172,3,62,103,2,0,0,3,0,0,2,0,1,0,0,0,1
40,15,0,19,3,0,0,1,0,0,0,0,0,0,0,0,1
88,24,0,10,2,1,1,1,6,8,0,0,0,0,0,0,1
43,11,0,28,1,0,0,4,4,0,0,0,0,0,0,0,1
16,3,0,9,1,1,0,1,0,0,0,0,0,0,0,0,1
28,19,0,6,1,0,0,1,0,0,0,0,1,0,0,0,1
100,14,10,71,4,8,0,2,10,1,0,0,0,0,0,0,1
25,8,0,13,1,0,0,2,3,0,0,0,0,0,0,0,1
78,10,0,16,2,0,1,2,4,8,0,0,0,0,0,0,1
40,13,22,0,2,4,0,0,0,0,0,0,0,0,0,0,0
33,8,9,8,3,1,0,1,0,0,0,0,0,0,0,0,0
83,8,0,71,1,4,1,5,3,0,2,0,0,0,0,0,0
91,9,9,53,6,1,1,3,0,3,2,0,0,0,0,0,0
87,6,0,77,1,11,0,3,6,0,0,0,0,0,0,0,0
40,13,0,23,1,2,0,2,0,0,0,0,0,0,0,0,0
22,16,0,0,2,0,0,0,0,0,0,0,0,0,0,0,1
44,13,26,0,2,0,0,0,5,0,0,0,0,0,0,0,1
18,14,0,4,3,0,0,1,13,0,0,0,0,1,0,0,1
66,9,0,53,2,0,5,3,0,0,0,0,0,0,0,0,0
132,14,24,23,8,5,2,5,2,5,1,0,1,0,0,0,0
39,9,2,23,2,0,1,2,0,0,0,0,0,0,0,0,1
68,4,12,48,3,1,0,2,20,0,0,0,0,0,0,0,1
79,14,0,61,1,1,0,4,19,0,0,0,0,0,0,0,1
39,19,0,13,2,2,0,1,0,0,0,0,0,0,0,0,1
74,6,18,46,3,1,0,2,21,5,1,0,0,0,0,0,1
124,10,0,110,1,19,0,2,6,0,0,0,0,0,0,0,0
76,12,0,33,5,1,0,4,0,3,1,1,0,0,0,0,1
15,11,0,0,1,0,0,0,0,0,0,0,0,0,0,0,1
57,6,5,29,3,0,1,3,6,2,0,0,0,0,0,0,0
100,15,0,49,2,3,0,4,11,4,0,0,0,0,0,0,1
57,11,0,36,2,0,0,3,1,2,0,0,0,0,0,0,1
35,8,0,10,2,0,0,2,2,2,1,0,0,0,0,0,1
92,6,0,82,1,13,0,2,9,0,0,0,0,0,0,0,0
146,6,0,10,2,0,1,1,7,20,0,0,0,0,0,0,1
46,7,0,35,1,1,0,3,6,0,0,0,0,0,0,0,0
105,7,0,94,2,6,0,4,26,0,0,0,0,0,0,0,0
35,8,0,23,1,1,0,1,0,0,0,0,0,0,0,0,1
48,13,0,31,1,2,0,4,12,0,0,0,0,0,0,0,0
27,14,0,13,4,0,0,2,11,0,0,0,0,1,0,0,1
47,9,2,31,2,0,4,2,0,0,0,0,0,0,0,0,0
15,10,0,0,1,0,0,0,0,0,0,0,0,0,1,0,1
77,19,0,54,1,0,0,2,10,2,0,0,0,0,0,0,1
12,5,0,0,1,0,0,0,0,0,0,0,0,0,0,0,1
34,18,0,13,1,2,0,1,0,0,0,0,0,0,0,0,1
27,4,5,13,2,0,0,2,4,0,0,0,0,0,0,0,1
80,9,0,68,1,0,0,2,25,0,1,0,0,0,0,0,1
175,11,0,89,1,4,0,4,31,6,3,1,0,0,0,0,1
58,11,35,7,2,4,0,1,0,0,2,0,0,0,0,0,1
27,4,5,13,2,0,0,2,4,0,0,0,0,0,0,0,1
237,7,39,54,6,1,0,4,125,2,2,0,0,0,0,0,0
33,8,18,0,3,0,0,0,0,0,0,0,0,0,0,0,1
54,21,0,30,2,3,0,2,0,0,0,0,0,0,0,0,1
62,10,0,48,2,0,0,7,10,0,0,0,0,0,0,0,1
17,7,0,6,1,0,0,1,0,0,0,0,0,0,0,0,0
41,5,0,32,2,1,0,4,0,0,0,0,0,0,0,0,1
75,21,0,51,2,5,0,1,0,0,0,0,0,0,0,0,1
117,19,91,0,17,1,0,0,1,0,2,0,0,0,0,0,0
32,8,0,20,1,1,0,3,0,1,0,0,0,0,0,0,1
363,12,28,34,3,8,6,3,50,14,2,0,0,0,0,0,0
83,5,0,74,1,7,0,4,4,0,0,0,0,0,0,0,1
77,11,0,63,2,0,0,6,4,0,0,0,0,0,0,0,1
53,18,4,1,2,3,0,1,0,2,0,0,0,0,0,0,0
30,6,4,10,4,0,0,1,1,1,0,0,0,0,0,0,1
62,12,0,35,2,0,0,3,8,2,0,0,0,0,0,0,1
117,8,0,6,3,2,0,1,11,8,1,0,1,0,0,0,1
34,15,0,15,1,0,0,2,0,0,0,0,0,0,0,0,0
75,8,13,49,3,6,0,3,8,0,0,0,0,0,0,0,0
36,9,10,12,2,1,0,2,0,0,0,0,0,0,0,0,0
39,11,0,15,2,0,0,1,6,2,0,0,0,0,0,0,0
96,9,0,10,2,0,1,1,4,12,0,0,0,0,0,0,1
89,25,0,10,2,0,1,1,6,8,0,0,0,0,0,0,1
54,23,0,6,1,0,0,1,3,2,0,0,0,0,0,0,1
27,7,0,16,2,0,0,2,1,0,0,0,0,0,0,0,0
67,6,4,52,2,7,0,4,8,0,0,0,0,0,0,0,0
45,8,0,33,2,3,0,2,8,0,0,0,0,0,0,0,0
31,7,0,6,1,1,0,1,3,2,0,0,0,0,0,0,0
31,7,0,20,1,0,0,2,0,0,0,0,0,0,0,0,1
541,11,0,35,3,1,0,4,131,2,0,0,1,0,0,0,1
35,4,4,22,3,0,0,2,6,0,0,0,0,0,0,0,0
109,10,0,10,2,1,1,1,9,10,0,0,0,0,0,0,1
41,7,0,30,2,0,0,1,2,0,0,0,0,0,0,0,1
24,8,0,12,1,1,0,2,0,0,0,0,0,0,0,0,1
27,5,5,12,2,1,0,1,0,0,0,0,0,0,0,0,0
81,27,0,51,1,8,0,3,11,0,0,0,0,0,0,0,1
158,7,7,38,5,1,4,3,40,5,3,0,0,0,0,0,1
20,9,0,7,1,0,0,1,4,0,0,0,0,0,0,0,1
13,9,0,0,1,0,0,0,4,0,0,0,0,0,0,0,1
19,15,0,0,1,1,0,0,0,0,0,0,0,0,0,0,1
23,4,0,15,1,0,0,2,7,0,0,0,0,0,0,0,0
27,13,0,10,1,0,0,2,3,0,0,0,0,0,1,0,1
28,8,0,16,2,0,0,2,0,0,0,0,0,0,0,0,1
76,6,0,10,2,0,1,1,4,10,0,0,0,0,0,0,1
36,6,0,26,2,1,0,1,0,0,0,0,0,0,0,0,1
41,14,0,23,1,0,0,3,0,0,0,0,0,0,0,0,1
47,16,0,27,4,0,0,2,0,0,0,0,0,0,0,0,1
23,7,0,12,1,1,0,1,0,0,0,0,0,0,0,0,0
98,7,7,15,4,14,0,1,6,1,0,0,0,0,0,0,0
56,12,0,37,2,0,0,1,1,6,0,0,0,0,0,0,1
49,8,0,7,3,0,0,4,1,2,0,0,0,0,0,0,0
41,13,0,24,2,1,0,2,0,0,0,0,0,0,0,0,1
97,5,0,21,5,1,0,6,0,6,2,0,1,0,0,0,1
22,8,0,10,1,0,0,2,0,0,0,0,0,0,1,0,1
154,8,0,57,14,0,0,2,37,4,0,0,0,0,0,0,0
25,15,5,0,2,0,0,0,0,0,0,0,0,0,0,0,1
27,14,0,7,4,0,0,1,16,0,0,0,0,1,0,0,1
21,9,0,9,1,0,0,1,0,0,0,0,0,0,0,0,1
37,15,0,22,4,0,0,2,13,0,0,0,0,1,0,0,1
81,3,47,27,6,5,0,4,0,0,3,0,0,0,0,0,1
256,8,0,29,14,1,0,4,62,28,0,0,0,0,0,0,1
61,12,0,46,2,1,0,6,0,0,0,0,0,0,0,0,1
26,5,0,17,2,0,0,2,0,0,0,0,0,0,0,0,1
18,5,0,7,2,0,0,1,0,0,0,0,0,0,0,0,1
20,13,0,0,2,0,0,0,0,0,0,0,0,0,0,0,1
318,10,13,61,3,5,4,7,91,19,0,0,0,0,0,0,1
97,16,0,77,1,8,0,3,3,0,0,0,0,0,0,0,1
57,8,8,36,3,0,0,3,3,1,0,0,0,0,0,0,0
200,14,0,28,2,1,1,3,83,5,0,0,0,0,0,0,0
244,5,5,12,12,0,0,2,55,25,1,0,1,0,0,0,1
11,8,0,0,1,0,0,0,0,0,0,0,0,0,1,0,1
136,41,0,10,2,2,1,1,7,12,0,0,0,0,0,0,1
64,15,0,45,2,7,0,1,0,0,0,0,0,0,0,0,0
29,7,0,18,2,0,0,3,5,0,0,0,0,0,0,0,1
129,3,0,122,1,12,0,5,8,0,0,0,0,0,0,0,0
26,15,0,4,2,0,0,1,0,0,1,0,0,0,0,0,1
117,5,16,47,8,0,0,7,1,11,2,0,1,0,0,0,1
49,4,0,41,2,0,0,4,6,0,0,0,0,0,0,0,1
97,13,22,21,7,1,3,5,14,4,2,0,0,0,0,0,0
46,4,4,33,3,1,0,4,0,0,0,0,0,0,0,0,0
30,7,0,11,2,0,0,2,0,2,1,0,0,0,0,0,1
58,9,9,35,2,3,0,2,6,0,0,0,0,0,0,0,0
11,2,0,6,1,0,0,1,2,0,0,0,0,0,0,0,1
27,7,6,7,3,1,0,1,0,1,0,0,0,0,0,0,1
75,8,0,15,2,0,0,1,4,7,0,0,0,0,0,0,0
23,19,0,0,1,0,0,0,0,0,0,0,0,0,0,0,1
100,5,4,86,8,0,0,5,15,0,0,0,1,1,0,0,1
31,7,0,6,1,0,0,1,1,2,0,0,0,0,0,0,0
102,11,16,21,2,0,0,1,62,2,1,0,0,0,0,0,0
107,10,0,10,3,2,1,1,3,10,0,0,0,0,0,0,1
39,5,6,23,2,0,0,2,0,0,0,0,0,0,0,0,1
39,6,0,29,1,0,0,3,9,0,0,0,0,0,0,0,0
20,8,0,8,1,0,0,1,0,0,0,0,0,0,0,0,0
254,15,0,49,5,3,1,6,26,14,0,0,1,0,0,0,1
125,17,0,10,2,3,1,1,6,12,0,0,0,0,0,0,1
127,18,0,10,2,5,1,1,6,10,0,0,0,0,0,0,1
103,14,0,10,2,0,1,1,6,10,0,0,0,0,0,0,1
77,8,15,49,3,5,0,3,6,0,0,0,0,0,0,0,0
46,17,0,26,2,0,0,2,0,0,0,0,0,0,0,0,1
74,13,0,10,2,1,1,1,4,8,0,0,0,0,0,0,1
91,7,0,81,2,2,2,5,16,0,0,0,0,0,0,0,0
54,5,6,38,2,1,0,4,9,0,1,0,0,0,0,0,0
39,9,0,27,2,1,0,2,0,0,0,0,0,0,0,0,1
43,6,0,33,1,1,0,3,3,0,0,0,0,0,0,0,1
26,13,0,13,4,0,0,1,12,0,0,0,0,1,0,0,1
58,6,0,34,3,2,1,3,7,2,0,0,0,0,0,0,1
83,8,0,10,2,0,1,1,4,10,0,0,0,0,0,0,1
44,10,0,30,1,2,0,2,0,0,0,0,0,0,0,0,0
31,8,0,10,2,0,0,1,2,2,0,0,0,0,0,0,1
69,10,0,55,2,4,0,1,1,0,0,0,0,0,0,0,0
23,4,0,15,1,0,0,2,7,0,0,0,0,0,0,0,0
117,13,4,10,6,1,0,1,6,19,2,0,1,0,1,0,0
34,19,0,11,2,1,0,1,0,0,0,0,0,0,0,0,1
42,3,0,35,2,0,1,3,4,1,0,0,0,0,0,0,1
127,11,3,73,5,0,0,2,43,3,0,0,0,0,1,0,1
19,7,0,8,1,0,0,1,0,0,0,0,0,0,0,0,1
32,8,0,20,2,0,0,3,4,0,0,0,0,0,0,0,0
61,17,0,41,1,2,0,3,0,0,0,0,0,0,0,0,1
20,7,0,9,1,0,0,2,0,0,1,0,0,0,0,0,1
196,14,0,154,3,2,0,16,17,10,0,1,0,0,0,0,1
61,7,22,27,4,0,0,1,5,1,0,0,0,0,0,0,1
57,8,0,43,3,0,0,5,6,0,0,0,0,0,0,0,1
51,4,20,21,5,0,0,2,0,1,2,0,0,0,0,0,0
61,7,0,4,1,0,2,2,19,3,0,0,0,0,0,0,1
90,10,0,76,1,0,0,6,23,0,1,0,0,0,0,0,1
37,8,0,25,1,2,0,2,0,0,0,0,0,0,0,0,0
34,10,0,20,1,1,0,2,0,0,0,0,0,0,0,0,1
25,12,0,9,2,0,0,1,0,0,0,0,0,0,0,0,0
50,6,15,14,3,0,0,1,3,2,0,0,0,0,0,0,0
74,10,30,30,7,1,0,3,2,0,0,0,0,0,0,0,1
34,13,0,17,2,1,0,2,0,0,0,0,0,0,0,0,1
52,8,13,26,3,1,0,3,6,0,0,0,0,0,0,0,0
29,6,6,12,2,0,0,2,1,1,0,0,0,0,0,0,1
94,9,4,76,3,10,0,2,9,0,0,0,0,0,0,0,0
16,7,4,0,2,0,0,0,0,0,0,0,0,0,0,0,0
31,15,0,12,1,2,0,1,0,0,0,0,0,0,0,0,0
25,13,0,12,4,0,0,1,10,0,0,0,0,1,0,0,1
43,19,0,20,2,0,0,2,1,0,0,0,0,0,0,0,0
12,8,0,0,1,0,0,0,0,0,0,0,0,0,0,0,1
72,7,0,61,2,4,1,4,0,0,0,0,0,0,0,0,0
67,11,0,10,2,0,1,1,3,8,0,0,0,0,0,0,1
33,11,0,18,2,0,0,2,0,0,0,0,0,0,0,0,1
21,7,0,10,2,0,0,1,1,0,0,0,0,0,0,0,1
33,17,0,12,1,0,0,1,2,0,0,0,0,0,0,0,1
77,9,0,16,4,0,0,5,0,4,2,0,1,0,0,0,1
87,13,0,71,2,0,0,8,0,0,0,0,0,0,0,0,1
49,14,0,9,2,0,0,1,3,8,0,0,0,0,0,0,0
24,20,0,0,1,0,0,0,0,0,0,0,0,0,0,0,0
34,11,0,19,2,0,0,2,0,0,0,0,0,0,0,0,0
57,9,5,39,2,0,0,4,0,0,0,0,0,0,0,0,1
20,16,0,0,1,0,0,0,0,0,0,0,0,0,0,0,0
41,14,10,12,3,0,0,1,4,0,0,0,0,0,0,0,1
47,9,0,34,2,0,0,4,0,0,0,0,0,0,0,0,1
20,16,0,0,1,0,0,0,0,0,0,0,0,0,0,0,0
27,15,0,8,1,0,0,1,0,0,0,0,0,0,0,0,0
79,6,4,21,2,0,0,2,4,2,1,0,0,0,0,0,0
210,7,0,199,14,0,1,10,22,0,0,0,0,0,0,0,1
55,17,0,34,1,0,4,2,4,0,0,0,0,0,0,0,0
32,10,0,18,2,0,0,2,0,0,0,0,0,0,0,0,1
15,11,0,0,1,1,0,0,0,0,1,0,0,0,0,0,1
56,10,0,9,2,1,1,1,3,4,0,0,0,0,1,0,1
86,9,0,74,4,12,0,3,11,0,0,0,0,0,0,0,1
40,22,0,11,2,0,0,2,4,0,0,0,0,0,0,0,1
110,14,0,10,2,1,1,1,4,12,0,0,0,0,0,0,1
99,6,0,87,2,9,0,6,22,0,0,0,0,0,0,0,0
26,6,0,17,2,2,0,2,1,0,0,0,0,0,0,0,1
49,12,0,33,1,2,0,3,6,0,0,0,0,0,0,0,0
30,13,0,13,2,0,0,1,0,0,0,0,0,0,0,0,0
65,6,8,14,2,0,0,3,0,4,0,0,0,0,0,0,1
27,4,5,13,2,0,0,2,4,0,0,0,0,0,0,0,1
52,6,0,7,1,0,0,2,15,3,0,0,0,0,0,0,1
166,15,0,96,6,2,3,8,11,2,1,0,1,0,0,0,1
158,12,0,50,2,3,0,5,20,16,0,0,0,0,0,0,1
16,5,0,8,1,0,0,1,3,0,0,0,0,0,0,0,1
146,10,0,10,3,7,1,1,6,10,0,0,0,0,0,0,1
28,9,0,15,1,0,0,2,0,0,0,0,0,0,0,0,1
35,4,26,0,2,0,0,0,0,0,0,0,0,0,0,0,0
112,9,0,28,2,1,0,4,51,3,0,0,0,0,0,0,1
93,12,3,73,2,11,0,4,12,0,0,0,0,0,0,0,0
32,6,0,19,3,0,0,2,0,0,0,0,0,0,0,0,1
96,10,0,80,2,9,0,2,0,0,0,0,0,0,0,0,0
56,10,0,16,2,5,1,1,14,2,0,0,0,0,0,0,1
20,11,0,6,2,0,0,1,0,0,0,0,0,0,0,0,1
52,18,29,0,2,2,0,0,0,0,1,0,0,0,0,0,1
35,9,0,19,3,0,0,2,0,0,0,0,0,0,0,0,1
97,12,0,10,2,1,1,1,2,10,0,0,0,0,0,0,1
44,8,0,17,2,0,0,1,0,1,0,0,0,0,0,0,1
44,4,12,24,3,1,0,2,5,0,0,0,0,0,0,0,1
51,4,0,44,6,0,0,3,1,0,0,0,0,0,0,0,1
30,19,0,7,1,0,0,1,3,0,0,0,0,0,0,0,1
39,7,0,4,1,0,0,1,0,4,0,0,0,0,0,0,1
13,10,0,0,1,0,0,0,0,0,0,0,0,0,0,0,0
46,9,0,33,1,3,0,2,2,0,0,0,0,0,0,0,1
18,4,4,5,2,0,0,1,0,0,0,0,0,0,0,0,1
56,18,0,34,2,0,0,5,0,0,0,0,0,0,0,0,1
77,12,37,11,5,1,1,1,0,2,2,0,0,0,0,0,0
254,15,0,49,5,3,1,6,26,14,0,0,1,0,0,0,1
166,7,0,155,3,5,3,13,0,2,5,0,1,0,0,0,0
85,8,0,73,1,8,0,6,18,0,0,0,0,0,0,0,0
18,5,8,0,2,0,0,0,0,0,0,0,0,0,1,0,1
31,10,0,17,2,0,0,2,0,0,0,0,0,0,0,0,1
36,11,0,21,2,0,1,1,0,0,0,0,0,0,0,0,1
236,8,0,28,3,0,0,3,29,5,0,0,0,0,0,0,1
30,10,0,16,2,0,0,2,0,0,0,0,0,0,0,0,1
43,6,0,33,1,0,0,3,10,0,0,0,0,0,0,0,0
60,12,0,44,2,0,0,2,0,0,0,0,0,0,0,0,0
79,21,21,32,4,3,0,3,0,0,2,0,0,0,0,0,0
93,15,0,10,3,0,1,1,4,10,0,0,0,0,0,0,1
94,14,0,49,3,1,0,6,2,4,1,1,0,0,0,0,1
26,8,13,0,2,0,0,0,0,0,0,0,0,0,0,0,0
53,25,0,15,2,0,0,3,1,2,0,0,0,0,0,0,1
120,30,0,86,3,1,1,4,19,0,0,0,0,0,0,0,0
39,4,0,31,1,2,0,2,4,0,0,0,0,0,0,0,0
70,10,0,56,1,5,0,6,2,0,1,0,0,0,0,0,1
91,8,0,28,2,8,2,2,17,2,0,0,0,0,0,0,1
103,20,0,10,3,1,1,1,7,10,0,0,0,0,0,0,1
33,13,0,16,1,0,0,2,0,0,0,0,0,0,0,0,1
54,15,0,35,2,1,0,5,0,0,0,0,0,0,0,0,1
23,4,0,15,1,0,0,2,7,0,0,0,0,0,0,0,0
35,18,0,10,2,0,0,1,0,0,0,0,0,0,0,0,1
28,9,0,1,3,0,0,1,0,1,1,0,0,0,0,0,0
23,4,0,15,1,0,0,2,7,0,0,0,0,0,0,0,0
57,11,0,10,2,0,1,1,3,4,0,0,0,0,0,0,1
21,17,0,0,1,1,0,0,2,0,0,0,0,0,0,0,1
36,20,0,5,1,0,0,2,0,2,0,0,0,0,0,0,1
38,8,0,26,1,0,0,5,12,0,0,0,0,0,0,0,0
24,15,0,5,1,0,0,1,0,0,0,0,0,0,0,0,1
42,8,2,27,2,1,0,5,8,0,0,0,0,0,0,0,0
161,9,0,40,5,1,1,9,15,10,1,0,0,0,0,0,0
23,14,0,6,1,0,0,1,0,0,0,0,1,0,0,0,1
31,7,0,6,1,0,1,1,3,2,0,0,0,0,0,0,0
227,17,0,10,2,1,1,1,24,8,0,0,0,0,0,0,1
467,9,0,26,22,0,5,6,39,51,1,0,1,0,0,0,1
45,13,0,28,2,2,0,2,0,0,0,0,0,0,0,0,1
51,13,0,34,2,0,0,4,8,0,0,0,0,0,0,0,0
35,4,4,22,3,2,0,1,14,0,0,0,0,0,0,0,1
37,33,0,0,1,1,0,0,4,0,1,0,0,0,0,0,1
51,11,0,20,3,0,0,2,2,3,0,1,0,0,0,0,1
55,13,0,38,2,0,1,4,6,0,0,0,0,0,0,0,0
41,13,0,24,2,0,0,2,10,0,0,0,0,0,0,0,0
23,5,10,0,2,1,0,0,4,0,0,0,0,0,0,0,1
28,15,0,7,4,0,0,1,17,0,0,0,0,1,0,0,1
91,21,58,7,6,3,0,1,4,0,3,0,1,0,0,0,0
83,9,2,67,2,0,6,2,13,4,0,0,0,0,0,0,0
59,11,17,27,4,1,0,1,2,1,0,0,0,0,0,0,1
38,9,0,25,1,0,0,2,0,2,0,0,0,0,0,0,0
79,13,0,33,2,1,1,4,12,4,0,0,0,0,0,0,1
50,13,0,33,1,0,4,2,0,0,0,0,0,0,0,0,0
32,8,0,20,1,0,0,3,2,0,0,0,0,0,0,0,1
150,6,0,10,2,9,1,1,6,10,0,0,0,0,0,0,1
75,6,0,4,4,0,0,5,0,5,2,0,1,0,0,0,0
35,13,0,18,2,0,0,3,0,0,0,0,0,0,0,0,0
43,15,0,24,2,0,0,3,0,0,1,0,0,0,0,0,1
22,3,0,16,1,0,1,2,0,0,0,0,0,0,0,0,0
88,6,0,16,5,1,0,10,8,5,1,0,0,0,0,0,1
23,6,0,13,1,0,0,1,0,0,0,0,0,0,0,0,0
16,8,0,4,1,0,0,1,0,0,0,0,0,0,0,0,1
54,7,0,43,3,3,0,1,7,0,0,0,0,0,0,0,0
46,9,2,30,2,0,2,2,1,2,0,0,0,0,0,0,0
27,8,0,14,2,0,0,2,0,0,0,0,0,0,1,0,1
53,24,0,25,2,4,0,1,0,0,0,0,0,0,0,0,0
20,8,0,8,1,0,1,1,0,0,0,0,0,0,0,0,0
378,11,111,155,17,5,2,14,95,9,4,0,1,0,0,0,0
34,4,0,26,2,0,0,3,3,0,0,0,0,0,0,0,1
345,12,28,34,3,9,6,3,46,11,2,0,0,0,0,0,0
47,26,0,17,2,2,0,3,1,0,0,0,0,0,0,0,1
117,5,16,47,8,0,0,7,1,11,2,0,1,0,0,0,1
142,9,0,129,2,5,2,11,6,2,5,0,1,0,0,0,1
77,9,0,16,4,0,0,5,0,4,2,0,1,0,0,0,1
63,10,0,41,2,1,0,6,7,2,1,0,0,0,0,0,1
28,7,0,17,1,1,0,1,0,0,0,0,0,0,0,0,0
88,24,0,10,2,1,1,1,6,8,0,0,0,0,0,0,1
16,6,0,6,1,0,0,1,3,0,0,0,0,0,0,0,0
46,8,0,24,2,0,0,3,5,2,0,0,0,0,0,0,0
13,4,0,5,1,0,0,1,0,0,0,0,0,0,0,0,0
17,13,0,0,1,0,0,0,0,0,0,0,0,0,0,0,0
35,10,0,21,2,0,0,2,0,0,0,0,0,0,0,0,0
25,5,0,16,1,0,0,3,2,0,0,0,0,0,0,0,1
24,7,0,13,1,0,0,2,0,0,0,0,0,0,0,0,1
58,16,0,39,3,1,0,5,0,0,0,0,0,0,0,0,1
20,16,0,0,1,0,0,0,0,0,0,0,0,0,0,0,1
117,5,16,47,8,0,0,7,1,11,2,0,1,0,0,0,1
36,9,0,23,1,2,0,2,4,0,0,0,0,0,0,0,0
45,8,0,34,1,2,0,3,2,0,0,0,0,0,0,0,1
22,8,0,10,2,0,0,1,0,0,0,0,0,0,0,0,1
121,14,0,103,2,13,0,2,27,0,0,0,0,0,0,0,1
29,6,0,20,2,0,0,3,0,0,0,0,0,0,0,0,0
27,4,5,13,2,0,0,2,4,0,0,0,0,0,0,0,1
9,3,0,0,2,0,0,0,0,0,0,0,0,0,0,0,0
116,17,0,10,2,2,1,1,5,10,0,0,0,0,0,0,1
55,3,0,49,2,1,1,4,8,0,0,0,0,0,0,0,1
51,14,0,33,1,0,2,3,0,0,0,0,0,0,0,0,0
60,17,0,36,3,4,0,1,2,0,0,0,0,0,0,0,1
36,8,13,10,2,0,0,2,1,0,0,0,0,0,0,0,1
68,5,4,17,5,0,0,5,1,2,0,0,0,0,0,0,0
102,17,0,10,2,0,1,1,3,12,0,0,0,0,0,0,1
93,10,0,80,3,8,0,2,10,0,2,0,1,0,0,0,1
42,12,0,26,2,0,1,2,0,0,0,0,0,0,0,0,0
17,7,0,7,1,0,0,1,2,0,0,0,0,0,0,0,1
31,7,0,6,1,1,0,1,1,2,0,0,0,0,0,0,0
27,14,0,6,3,0,0,1,0,0,0,0,0,0,0,0,1
75,6,0,10,2,0,1,1,4,10,0,0,0,0,0,0,1
25,8,0,13,1,0,0,2,1,0,0,0,0,0,0,0,1
69,4,0,62,2,0,1,4,0,0,1,0,0,0,0,0,0
15,11,0,0,1,0,0,0,0,0,0,0,0,0,0,0,0
21,17,0,0,1,0,0,0,0,0,0,0,0,0,0,0,1
71,8,12,46,3,4,0,3,6,0,0,0,0,0,0,0,0
71,12,0,55,2,5,0,2,4,0,0,0,0,0,0,0,0
29,15,10,0,2,0,0,0,0,0,1,0,0,0,0,0,1
16,12,0,0,1,0,0,0,0,0,0,0,0,0,0,0,0
69,9,0,10,2,0,1,1,3,8,0,0,0,0,0,0,1
47,6,0,37,1,3,0,3,4,0,1,0,0,0,0,0,0
101,6,0,15,2,0,0,2,4,18,0,0,0,0,0,0,0
22,4,5,9,2,1,0,1,2,0,0,0,0,0,0,0,1
115,14,0,15,3,0,1,2,27,6,0,0,0,0,0,0,1
278,22,0,10,2,0,1,1,34,7,0,0,0,0,0,0,1
41,9,2,25,2,0,2,2,0,0,0,0,0,0,0,0,0
63,20,0,11,2,1,0,1,1,6,0,0,0,0,0,0,1
26,12,0,11,2,0,0,2,0,0,0,0,0,0,0,0,1
14,3,7,0,2,0,0,0,0,0,0,0,0,0,0,0,0
28,9,0,15,1,0,0,4,4,0,0,0,0,0,0,0,0
24,5,0,16,2,0,0,2,0,0,1,0,0,0,0,0,1
61,8,0,50,4,0,0,5,0,0,1,0,0,0,0,0,0
24,6,0,14,1,1,0,1,11,0,0,0,0,0,0,0,0
33,10,0,16,3,1,0,1,0,0,1,0,0,0,0,0,1
103,18,0,81,2,6,1,3,21,0,0,0,0,0,0,0,0
38,15,0,19,2,0,0,2,0,0,0,0,0,0,0,0,0
44,10,0,30,2,1,0,4,0,0,0,0,0,0,0,0,1
21,10,0,7,1,0,0,2,0,0,0,0,0,0,0,0,0
23,13,0,3,2,0,0,1,0,0,0,0,0,0,0,0,0
17,13,0,0,1,0,0,0,0,0,0,0,0,0,0,0,0
111,10,0,94,3,10,0,3,4,0,0,0,0,0,0,0,1
60,5,0,52,2,4,0,2,8,0,0,0,0,0,0,0,0
129,6,0,10,4,0,4,1,8,12,0,0,0,0,0,0,1
59,15,0,39,2,1,0,4,1,0,0,0,0,0,1,0,1
110,23,7,73,2,0,0,1,7,55,0,0,0,0,0,0,1
38,10,0,24,2,0,0,3,8,0,0,0,0,0,0,0,0
71,13,0,55,2,6,0,3,6,0,0,0,0,0,0,0,1
159,4,7,52,12,1,0,12,6,7,0,0,1,0,0,0,1
60,15,0,15,2,0,0,3,2,3,0,0,0,0,0,0,0
58,17,0,10,2,1,1,1,0,4,0,0,0,0,0,0,1
37,5,0,26,2,0,0,2,0,2,0,0,0,0,0,0,0
212,8,0,28,3,0,0,3,22,5,0,0,0,0,0,0,1
87,19,0,10,3,0,1,1,3,8,0,0,0,0,0,0,1
45,14,0,27,2,0,0,2,0,0,0,0,0,0,0,0,0
27,2,0,21,1,0,2,1,0,0,0,0,0,0,0,0,0
75,14,4,52,2,4,0,3,0,0,0,0,0,0,0,0,0
30,7,0,13,2,0,0,1,2,2,0,0,0,0,0,0,1
90,7,0,77,6,0,0,8,0,0,0,0,1,0,0,0,1
55,17,0,34,1,0,2,2,0,0,0,0,0,0,0,0,0
66,5,0,10,2,0,1,1,4,8,0,0,0,0,0,0,1
37,21,0,12,2,1,0,1,0,0,0,0,0,0,0,0,0
133,5,0,10,2,1,1,1,6,16,0,0,0,0,0,0,1
148,9,5,129,2,16,0,2,0,0,0,0,0,0,0,0,0
28,17,0,7,2,0,0,1,1,0,0,0,0,0,0,0,1
10,7,0,0,1,0,0,0,0,0,0,0,0,0,0,0,1
58,11,0,43,4,0,2,2,0,0,0,0,0,0,0,0,1
152,7,0,6,2,6,0,1,5,17,0,0,0,0,0,0,0
19,5,4,5,2,0,0,1,0,0,0,0,0,0,0,0,0
105,5,3,92,2,0,10,5,8,0,0,0,0,0,0,0,0
60,10,0,38,2,0,0,5,3,2,0,0,0,0,0,0,1
26,13,8,0,2,0,0,0,3,0,0,0,0,0,0,0,1
47,8,0,35,2,0,1,2,17,0,0,0,0,0,0,0,1
75,11,0,60,2,3,1,7,0,0,0,0,0,0,0,0,1
48,7,7,30,2,1,0,3,0,1,0,0,0,0,0,0,1
53,14,6,28,3,1,0,3,2,1,0,0,0,0,0,0,1
245,11,0,37,8,0,1,10,10,28,1,0,1,0,0,0,1
26,9,0,13,2,1,0,2,0,0,1,0,0,0,0,0,0
57,8,16,28,3,1,0,3,6,0,0,0,0,0,0,0,0
99,7,0,6,2,4,0,1,5,7,1,0,1,0,0,0,0
22,18,0,0,1,0,0,0,0,0,0,0,0,0,0,0,0
64,16,0,44,1,4,0,2,4,0,0,0,0,0,0,0,0
31,11,0,8,2,0,0,1,2,2,0,0,0,0,0,0,1
67,23,0,10,2,0,0,1,8,4,0,0,0,0,0,0,0
34,6,0,24,1,2,0,2,3,0,0,0,0,0,0,0,0
54,12,0,38,2,3,0,2,0,0,0,0,0,0,0,0,0
169,7,9,148,3,19,1,4,6,0,0,0,0,0,0,0,0
112,7,0,102,1,1,1,3,51,0,1,0,0,0,0,0,1
25,13,0,8,1,0,0,1,0,0,0,0,0,0,0,0,1
75,8,16,46,3,5,0,3,6,0,0,0,0,0,0,0,0
94,13,50,21,8,1,0,4,0,0,0,0,1,0,0,0,1
38,8,0,26,2,0,2,1,0,0,0,0,0,0,0,0,0
39,8,0,27,2,1,0,2,0,0,0,0,0,0,0,0,0
28,7,16,0,2,0,0,0,5,0,0,0,0,0,0,0,1
27,14,0,7,4,0,0,1,16,0,0,0,0,1,0,0,1
53,11,0,38,2,4,0,4,9,0,0,0,0,0,0,0,1
68,16,0,48,1,4,0,4,4,0,0,0,0,0,0,0,0
171,5,0,39,11,2,0,3,17,19,0,0,0,0,0,0,1
27,5,0,18,2,1,0,1,0,0,0,0,0,0,0,0,1
60,7,0,49,2,0,1,4,2,2,0,0,0,0,0,0,1
83,3,0,77,1,6,0,4,9,0,0,0,0,0,0,0,1
26,13,0,7,4,0,0,1,15,0,0,0,0,1,0,0,1
36,2,10,19,3,0,0,2,0,0,0,0,0,0,0,0,0
54,17,4,28,3,0,0,3,4,3,0,0,0,0,0,0,0
34,9,2,18,2,0,1,2,0,0,0,0,0,0,0,0,0
22,9,0,10,1,0,0,1,0,0,0,0,0,0,0,0,1
100,5,4,86,8,0,0,5,15,0,0,0,1,1,0,0,1
49,3,3,35,3,3,0,2,4,0,0,0,0,0,0,0,0
73,13,0,56,1,1,0,3,13,1,2,0,0,0,0,0,1
10,7,0,0,1,0,0,0,0,0,0,0,0,0,0,0,1
65,8,0,51,3,1,0,7,0,0,0,0,0,0,0,0,1
47,7,6,29,2,2,0,3,7,0,0,0,0,0,0,0,0
62,19,0,40,1,3,0,3,2,0,0,0,0,0,0,0,1
21,8,0,10,1,1,0,1,0,0,0,0,0,0,0,0,1
28,9,0,15,1,0,0,2,1,0,0,0,0,0,0,0,1
61,5,10,15,3,0,0,2,15,2,0,0,0,0,0,0,0
103,10,10,79,2,1,3,1,13,2,0,0,0,0,0,0,1
37,8,0,23,2,1,0,2,0,0,0,0,0,0,0,0,0
76,9,13,49,2,5,0,4,16,0,0,0,0,0,0,0,0
111,13,13,72,4,0,0,6,15,2,1,0,0,0,0,0,1
62,8,2,48,2,2,0,3,0,0,0,0,0,0,0,0,1
149,10,0,135,2,15,0,2,13,0,0,0,0,0,0,0,0
45,16,0,17,2,0,0,2,2,2,0,0,0,0,0,0,1
81,20,0,25,4,0,0,3,0,3,0,1,0,0,0,0,1
51,17,0,30,2,3,0,1,0,0,0,0,0,0,0,0,1
79,6,0,69,1,7,0,4,6,0,0,0,0,0,0,0,0
132,4,6,1,3,0,0,1,69,2,0,0,0,0,0,0,1
18,2,12,0,2,0,0,0,2,0,0,0,0,0,0,0,1
204,15,0,164,3,1,1,4,34,3,0,0,0,0,0,0,1
32,8,0,20,2,0,0,2,2,0,0,0,0,0,0,0,1
80,8,0,28,2,0,1,3,8,8,0,0,0,0,0,0,1
31,16,0,8,2,0,0,1,4,0,0,0,0,0,0,0,1
28,7,0,14,3,0,0,1,0,0,0,0,0,0,0,0,1
64,13,0,47,2,1,1,5,4,0,0,0,0,0,0,0,0
275,7,0,5,2,1,0,1,90,73,0,0,0,0,0,0,0
33,10,0,13,2,0,0,1,2,2,0,0,0,0,0,0,1
146,5,16,20,7,1,0,5,1,20,2,0,1,0,0,0,0
74,10,0,60,1,7,0,2,2,0,0,0,0,0,0,0,0
194,8,60,119,11,3,0,1,19,1,2,0,0,0,0,0,1
45,12,0,29,2,0,0,3,0,0,0,0,1,0,0,0,1
65,4,0,55,3,5,0,3,2,0,0,0,0,0,0,0,1
121,14,0,10,2,4,1,1,9,10,0,0,0,0,0,0,1
150,10,0,10,2,6,1,1,21,18,0,0,0,0,0,0,1
61,10,0,30,1,3,1,2,4,2,0,0,0,0,0,0,1
62,3,17,37,3,0,0,5,4,0,0,0,0,0,0,0,0
168,7,0,114,2,11,0,3,3,8,0,0,0,0,0,0,1
19,9,0,6,1,0,0,1,3,0,0,0,0,0,0,0,1
67,26,0,38,1,3,0,4,1,0,0,0,0,0,0,0,1
77,5,0,14,2,0,0,1,11,7,0,0,0,0,0,0,0
17,4,8,0,2,0,0,0,0,0,0,0,0,0,0,0,0
56,14,0,23,2,0,0,4,3,2,0,0,0,0,0,0,1
36,6,13,13,3,0,0,3,0,0,0,0,0,0,0,0,1
44,8,2,29,2,1,0,5,8,0,0,0,0,0,0,0,0
19,9,0,6,1,0,0,1,2,0,0,0,0,0,0,0,1
34,10,0,20,1,0,0,3,0,0,0,0,0,0,0,0,0
47,12,0,28,3,0,0,4,6,0,0,0,0,0,0,0,0
36,9,10,12,2,1,0,2,0,0,0,0,0,0,0,0,0
23,8,0,11,1,0,0,1,3,0,0,0,0,0,0,0,0
46,27,0,13,3,3,0,1,0,0,0,0,0,0,0,0,1
71,18,0,47,3,2,1,4,2,0,0,0,0,0,0,0,1
77,9,0,16,4,0,0,5,0,4,2,0,1,0,0,0,1
38,10,0,24,1,0,2,3,1,0,0,0,0,0,0,0,0
91,3,0,84,1,11,0,3,6,0,0,0,0,0,0,0,0
117,8,0,6,3,2,0,1,11,8,1,0,1,0,0,0,1
89,20,0,10,2,1,1,1,2,6,0,0,0,0,0,0,1
39,9,0,23,3,1,0,3,0,0,1,0,0,0,0,0,1
56,15,0,37,2,4,0,1,0,0,0,0,0,0,0,0,0
74,20,0,10,2,0,1,1,1,6,0,0,0,0,0,0,1
19,4,0,8,2,0,0,2,1,0,0,0,1,0,0,0,1
26,18,0,0,1,0,0,0,0,0,0,0,0,0,0,0,1
56,8,2,41,2,2,0,5,10,2,0,0,0,0,0,0,0
28,10,0,14,2,0,0,2,0,0,0,0,0,0,0,0,1
82,10,0,68,2,1,0,5,25,0,0,0,0,0,0,0,1
81,7,0,70,2,0,0,7,23,0,0,0,0,0,0,0,1
24,5,5,9,2,0,0,1,0,0,0,0,0,0,0,0,0
39,13,0,26,4,0,1,2,10,0,0,0,0,1,0,0,1
135,11,0,120,2,5,9,1,20,0,0,0,0,0,0,0,0
24,12,0,8,1,0,0,1,0,0,0,0,0,0,0,0,1
17,13,0,0,1,0,0,0,0,0,0,0,0,0,0,0,1
90,11,0,14,2,2,1,2,2,8,0,0,0,0,0,0,1
47,5,0,13,1,0,1,3,0,2,0,0,0,0,0,0,1
467,9,0,26,22,0,5,6,39,51,1,0,1,0,0,0,1
22,5,0,14,1,0,0,2,0,0,0,0,0,0,0,0,1
35,2,4,21,4,0,0,2,0,1,0,0,0,0,0,0,1
35,3,6,21,3,0,0,3,0,1,0,0,0,0,0,0,1
44,9,0,23,1,3,0,3,1,2,0,0,0,0,0,0,0
146,5,16,20,7,1,0,5,1,20,2,0,1,0,0,0,0
38,16,0,19,3,0,0,2,1,0,0,0,0,0,0,0,1
89,15,0,67,2,1,0,8,0,0,1,0,0,0,0,0,1
44,8,0,19,2,0,0,4,4,2,1,0,0,0,0,0,1
60,6,0,51,2,3,0,4,2,0,0,0,0,0,0,0,1
100,15,0,23,2,0,1,2,1,11,0,0,0,0,0,0,0
55,8,8,34,2,1,0,5,16,0,0,0,0,0,0,0,0
49,9,2,33,2,0,3,2,4,0,0,0,0,0,0,0,0
86,14,10,45,4,0,0,3,10,3,0,0,0,0,1,0,1
67,11,0,19,5,0,2,2,2,3,1,0,0,0,0,0,1
252,9,3,10,3,4,0,1,36,2,0,0,0,0,0,0,1
86,14,0,68,2,1,0,1,9,6,0,0,0,0,0,0,0
23,15,0,6,4,0,0,1,13,0,0,0,0,1,0,0,1
192,6,60,119,11,3,0,1,22,1,2,0,0,0,0,0,1
87,9,0,74,1,0,0,2,43,0,0,0,0,0,0,0,1
44,12,0,28,2,0,0,2,0,0,0,0,0,0,0,0,1
31,7,0,6,1,0,0,1,3,2,0,0,0,0,0,0,0
198,3,0,106,2,14,4,3,10,8,0,0,0,0,0,0,0
45,15,0,26,2,1,0,4,0,0,0,0,0,0,0,0,1
22,3,3,9,3,0,0,1,4,1,0,0,0,0,0,0,1
39,5,0,10,1,0,0,1,9,4,0,0,0,0,0,0,0
60,8,0,48,1,5,0,1,0,0,0,0,0,0,0,0,1
107,4,28,70,2,9,0,3,7,0,0,0,0,0,0,0,0
17,7,0,6,1,0,0,1,0,0,0,0,0,0,0,0,1
28,9,0,15,2,0,0,2,0,0,0,0,0,0,0,0,1
26,10,0,13,2,1,0,1,0,0,0,0,0,0,0,0,1
68,14,0,38,1,3,0,3,7,2,1,0,0,0,0,0,0
25,10,0,11,2,0,0,1,0,0,0,0,0,0,0,0,1
23,7,0,12,1,0,0,2,0,0,0,0,0,0,0,0,0
52,8,7,32,2,0,3,3,3,0,0,0,0,0,0,0,0
117,13,4,10,6,1,0,1,6,19,2,0,1,0,1,0,0
81,6,0,71,3,5,0,4,0,0,0,0,0,0,0,0,1
35,11,0,20,1,0,0,2,0,1,0,0,0,0,0,0,0
38,12,0,23,1,0,0,3,2,0,0,0,0,0,0,0,1
69,5,0,18,2,0,2,2,2,8,0,0,0,0,0,0,1
27,8,14,0,2,2,0,0,3,0,0,0,0,0,0,0,0
48,11,0,33,2,0,0,5,9,0,0,0,0,0,0,0,0
34,2,15,12,3,0,0,1,2,0,0,0,0,0,0,0,1
38,9,2,22,2,0,1,2,0,0,0,0,0,0,0,0,0
77,15,0,10,2,0,1,1,4,8,0,0,0,0,0,0,1
28,5,0,19,1,1,0,2,0,0,0,0,0,0,0,0,1
85,9,0,27,1,0,0,3,28,2,0,0,0,0,0,0,1
108,11,0,13,2,1,1,2,3,10,0,0,0,0,0,0,1
77,9,0,16,4,0,0,5,0,4,2,0,1,0,0,0,1
64,2,3,54,2,2,0,5,6,0,0,0,0,0,0,0,0
98,8,8,77,2,7,0,3,12,0,0,0,0,0,0,0,0
59,5,0,51,2,6,0,2,2,0,0,0,0,0,0,0,1
111,4,0,104,1,13,0,3,12,6,0,0,0,0,0,0,0
52,14,0,32,2,0,0,3,4,0,1,0,0,0,0,0,1
14,10,0,0,1,0,0,0,0,0,0,0,0,0,0,0,1
32,4,0,25,2,1,0,3,0,0,0,0,0,0,0,0,1
114,10,0,100,1,16,0,3,7,0,0,0,0,0,0,0,0
41,10,0,28,2,0,0,3,0,1,0,0,0,0,0,0,1
56,17,20,14,2,1,0,1,0,1,0,0,0,0,0,0,0
77,9,0,16,4,0,0,5,0,4,2,0,1,0,0,0,1
68,14,0,50,4,0,0,1,21,0,0,0,0,0,0,0,1
70,13,0,53,2,4,0,3,1,0,0,0,0,0,0,0,0
33,8,0,21,1,0,0,1,0,0,0,0,0,0,0,0,1
146,22,0,10,5,0,4,1,6,12,0,0,0,0,0,0,1
27,3,0,20,1,0,0,5,6,0,0,0,0,0,0,0,1
49,12,0,19,2,0,0,2,5,2,0,0,0,0,0,0,0
43,17,0,22,2,0,0,2,0,0,0,0,0,0,0,0,1
49,17,0,28,2,0,0,4,1,0,0,0,0,0,0,0,1
13,9,0,0,1,0,0,0,0,0,0,0,0,0,0,0,0
33,13,0,16,1,0,0,2,1,0,0,0,0,0,0,0,1
34,8,0,22,1,2,0,1,0,0,0,0,0,0,0,0,0
41,12,0,25,2,0,0,4,0,0,0,0,0,0,0,0,0
29,13,0,12,1,0,0,1,0,0,0,0,0,0,0,0,1
70,7,0,10,2,0,1,1,6,8,0,0,0,0,0,0,1
112,13,0,95,1,13,0,4,2,0,0,0,0,0,0,0,0
29,4,0,21,1,0,0,3,12,0,0,0,0,0,0,0,0
80,6,0,10,2,0,0,1,1,11,0,0,0,0,0,0,0
82,12,0,10,2,0,1,1,4,10,0,0,0,0,0,0,1
83,8,0,10,2,0,3,1,2,6,0,0,0,0,0,0,1
45,8,19,13,3,2,0,1,3,0,0,0,0,0,0,0,0
40,9,2,24,2,0,1,2,0,0,0,0,0,0,0,0,0
16,2,0,7,2,0,0,1,0,0,0,0,0,0,0,0,1
42,6,0,32,1,0,0,3,10,0,0,0,0,0,0,0,0
22,8,0,11,2,1,0,1,0,0,0,0,0,0,0,0,1
70,17,6,42,2,2,0,3,6,0,0,0,0,0,0,0,0
24,11,0,9,2,0,0,1,1,0,0,0,0,0,0,0,1
88,17,0,11,2,0,0,1,3,12,0,0,0,0,0,0,0
15,11,0,0,1,0,0,0,1,0,0,0,0,0,0,0,1
85,8,0,73,1,11,0,2,0,0,0,0,0,0,0,0,0
28,4,15,4,2,1,0,1,0,0,0,0,0,0,0,0,0
64,16,0,44,2,0,2,3,4,0,0,0,0,0,0,0,0
109,15,0,44,5,4,1,8,0,2,2,0,1,0,0,0,1
541,11,0,35,3,1,0,4,131,2,0,0,1,0,0,0,1
65,5,0,54,3,1,0,7,0,0,0,0,0,0,0,0,1
48,14,13,16,3,0,1,1,0,0,0,0,0,0,0,0,0
30,9,8,8,2,0,0,1,0,0,0,0,0,0,0,0,0
33,7,0,15,2,0,0,1,4,2,0,0,0,0,0,0,0
262,6,0,10,3,0,1,1,34,8,0,0,0,0,0,0,1
71,17,0,50,2,5,0,2,2,0,0,0,0,0,0,0,1
37,17,0,14,2,1,0,2,0,0,0,0,0,0,0,0,0
16,12,0,0,1,1,0,0,0,0,0,0,0,0,0,0,0
133,16,5,102,3,9,0,7,13,0,0,0,0,0,0,0,1
85,11,0,33,3,4,0,4,1,3,0,1,0,0,0,0,1
88,21,0,10,2,2,1,1,5,8,0,0,0,0,0,0,1
68,20,0,12,2,0,0,1,11,6,0,0,0,0,0,0,0
54,6,13,16,3,0,0,1,6,2,0,0,0,0,0,0,0
39,6,0,29,2,0,2,2,0,0,0,0,0,0,0,0,0
15,11,0,0,1,0,0,0,0,0,0,0,0,0,0,0,1
24,5,4,10,2,0,0,2,0,0,0,0,1,0,0,0,1
74,7,0,64,1,2,0,4,2,0,0,0,0,0,0,0,1
23,6,0,11,3,0,0,1,0,0,0,0,0,0,0,0,1
108,13,0,10,2,3,1,1,14,8,0,0,0,0,0,0,1
26,21,0,0,1,0,0,0,0,0,0,0,0,0,1,0,1
158,8,0,5,3,1,0,1,22,19,0,0,0,0,0,0,0
49,12,0,33,2,2,0,3,8,0,0,0,0,0,0,0,1
115,15,0,10,2,1,1,1,2,14,0,0,0,0,0,0,1
19,4,0,8,2,0,0,2,1,0,0,0,1,0,0,0,1
31,7,0,6,1,1,0,1,3,2,0,0,0,0,0,0,0
73,4,0,10,7,2,1,4,0,2,2,0,0,0,0,0,0
46,8,0,17,3,1,0,4,0,1,1,0,1,0,0,0,1
54,5,12,32,4,3,0,2,5,0,0,0,0,0,0,0,1
31,7,0,6,1,0,0,1,1,2,0,0,0,0,0,0,0
93,9,0,80,1,11,0,3,5,0,0,0,0,0,0,0,0
67,7,0,57,1,0,0,5,24,0,0,0,0,0,0,0,0
12,6,0,0,2,0,0,0,0,0,0,0,0,0,0,0,1
80,6,0,22,2,0,0,3,16,6,0,0,0,0,0,0,1
42,10,0,16,2,0,0,1,7,2,0,0,0,0,0,0,0
42,18,0,20,2,0,1,2,0,0,0,0,0,0,0,0,0
83,12,0,10,2,3,1,1,11,8,0,0,0,0,0,0,1
33,21,0,9,1,2,0,1,3,0,0,0,0,0,0,0,1
81,14,0,32,3,0,1,3,1,4,0,0,0,0,0,0,1
72,20,0,46,2,3,0,4,3,0,0,0,0,0,0,0,1
24,4,0,16,1,0,0,2,7,0,0,0,0,0,0,0,0
20,14,0,0,3,0,0,0,16,0,0,0,0,1,0,0,1
31,7,0,6,1,0,0,1,1,2,0,0,0,0,0,0,0
186,13,46,41,9,1,0,4,2,11,4,0,0,0,0,0,0
53,11,0,38,2,1,1,4,2,0,0,0,0,0,0,0,0
20,9,0,7,1,0,0,1,0,0,0,0,0,0,0,0,1
24,4,0,16,1,0,0,2,7,0,0,0,0,0,0,0,0
31,9,0,18,1,0,0,2,0,0,0,0,0,0,0,0,0
132,22,0,24,1,1,1,4,38,8,1,0,0,0,0,0,0
46,6,0,36,1,3,0,3,4,0,1,0,0,0,0,0,0
29,9,0,16,1,0,0,2,3,1,0,0,0,0,0,0,0
32,12,0,15,4,0,0,2,13,0,0,0,0,1,0,0,1
38,7,0,27,1,0,1,2,0,0,0,0,0,0,0,0,1
139,14,0,28,2,0,0,3,9,6,0,0,0,0,0,0,1
28,19,0,6,1,0,0,1,0,0,0,0,1,0,0,0,1
51,14,0,33,2,0,0,3,2,0,0,0,0,0,0,0,0
16,12,0,0,1,0,0,0,0,0,0,0,0,0,0,0,0
74,20,0,42,2,1,0,5,0,2,1,0,0,0,0,0,1
22,6,0,12,3,0,0,1,1,0,0,0,0,0,0,0,1
117,5,16,47,8,0,0,7,1,11,2,0,1,0,0,0,1
45,15,0,23,2,3,0,2,0,0,0,0,0,0,0,0,1
125,8,0,57,8,0,0,2,25,4,0,0,0,0,0,0,0
53,4,4,40,3,4,0,3,0,0,0,0,0,0,0,0,0
61,12,19,25,3,4,0,3,10,0,1,0,0,0,0,0,1
36,12,0,20,2,0,0,2,0,0,0,0,0,0,0,0,1
42,9,8,20,3,0,0,2,1,0,0,0,0,0,0,0,0
10,6,0,0,1,0,0,0,1,0,0,0,0,0,0,0,1
31,9,0,18,2,0,0,2,0,0,0,0,0,0,0,0,1
79,7,0,68,2,0,1,3,4,0,0,0,0,0,0,0,0
27,4,5,13,2,0,0,2,4,0,0,0,0,0,0,0,1
277,30,0,77,5,3,1,5,92,8,2,0,1,0,0,0,1
31,10,0,17,1,0,2,1,4,0,0,0,0,0,0,0,0
87,12,0,17,3,0,1,2,3,6,0,0,0,0,0,0,1
51,8,0,39,1,2,0,3,10,0,0,0,0,0,0,0,0
58,5,7,15,2,0,0,2,16,2,0,0,0,0,0,0,0
29,2,11,11,3,0,0,1,1,0,0,0,0,0,0,0,1
56,16,0,23,2,1,0,2,4,4,0,0,0,0,0,0,0
28,15,0,7,4,0,0,1,17,0,0,0,0,1,0,0,1
18,14,0,0,1,0,0,0,0,0,0,0,0,0,0,0,1
23,7,0,12,1,0,0,2,0,0,0,0,0,0,0,0,1
15,10,0,0,1,0,0,0,0,0,0,0,0,0,0,0,0
117,5,16,47,8,0,0,7,1,11,2,0,1,0,0,0,1
27,4,5,13,2,0,0,2,4,0,0,0,0,0,0,0,1
27,8,0,15,1,0,0,1,0,0,0,0,0,0,0,0,0
13,9,0,0,1,0,0,0,2,0,0,0,0,0,1,0,1
45,13,0,28,2,0,3,1,4,0,0,0,0,0,0,0,0
77,15,0,58,1,0,6,3,2,0,0,0,0,0,0,0,0
56,6,0,15,3,0,0,1,1,6,0,0,0,0,0,0,1
122,3,0,113,2,6,0,7,1,0,0,0,0,0,0,0,0
75,23,0,10,2,0,1,1,2,6,0,0,0,0,0,0,1
42,16,0,22,2,0,0,2,3,0,0,0,0,0,0,0,1
130,3,5,118,2,19,0,3,1,0,0,0,0,0,0,0,0
30,8,0,15,2,0,0,3,0,0,0,0,0,0,0,0,1
70,9,0,29,4,0,0,4,0,1,1,0,0,0,0,0,0
36,17,0,13,3,0,0,2,0,0,0,0,0,0,0,0,1
89,14,0,71,1,8,0,4,8,0,0,0,0,0,0,0,0
22,9,0,9,1,0,0,1,0,0,0,0,0,0,0,0,1
59,9,5,40,3,1,0,5,0,0,1,0,0,0,0,0,1
46,10,5,26,3,0,0,5,0,0,0,0,0,0,0,0,1
47,7,0,36,1,2,0,3,8,0,1,0,0,0,0,0,0
28,9,0,15,1,0,0,3,0,0,0,0,0,0,0,0,1
27,6,9,8,2,0,0,1,2,0,0,0,0,0,0,0,1
39,11,6,18,3,0,0,2,0,0,0,0,0,0,0,0,1
77,6,0,67,1,4,2,6,4,0,0,0,0,0,0,0,0
110,10,0,10,2,6,1,1,20,10,0,0,0,0,0,0,1
40,15,0,17,2,0,0,2,0,2,0,0,0,0,0,0,1
115,8,0,32,7,1,0,12,2,6,1,0,0,0,0,0,1
26,5,0,17,2,0,0,3,0,0,0,0,0,0,0,0,1
42,8,0,30,2,1,0,2,0,0,0,0,0,0,0,0,0
35,6,13,11,3,0,0,1,0,0,0,0,0,0,0,0,1
82,26,0,52,2,2,0,7,0,0,0,0,0,0,0,0,1
39,15,0,20,2,0,0,3,0,0,0,0,0,0,0,0,1
45,13,0,1,1,0,1,1,4,4,0,0,0,0,0,0,0
46,8,0,35,2,0,1,3,3,1,0,0,0,0,1,0,1
53,12,0,37,1,3,0,2,2,0,0,0,0,0,0,0,0
35,9,0,22,2,0,0,2,0,0,0,0,0,0,0,0,1
23,19,0,0,1,0,0,0,0,0,0,0,0,0,0,0,0
50,8,0,38,1,0,0,4,1,0,0,0,0,0,0,0,1
55,10,0,41,1,4,0,2,3,0,0,0,0,0,0,0,1
29,6,0,19,1,0,0,1,0,0,0,0,0,0,0,0,0
200,7,0,65,2,0,0,6,96,1,0,0,0,0,0,0,0
55,11,0,37,3,0,0,5,1,0,0,0,0,0,0,0,1
53,16,0,30,3,1,0,4,0,0,0,0,0,0,0,0,1
28,4,0,1,1,1,0,1,0,2,0,0,0,0,1,0,1
37,12,0,21,1,0,0,1,8,0,0,0,0,0,0,0,1
61,24,0,30,3,2,0,2,0,0,0,0,0,0,0,0,1
63,18,0,39,3,3,0,2,0,0,0,0,0,0,0,0,1
92,19,0,69,4,0,0,5,2,0,0,0,1,0,0,0,1
69,7,0,59,1,3,0,5,0,0,0,0,0,0,0,0,0
27,4,5,13,2,0,0,2,4,0,0,0,0,0,0,0,1
104,10,0,57,8,1,0,5,5,3,0,0,0,0,0,0,1
58,12,0,42,2,0,4,2,0,2,0,0,0,0,0,0,0
27,6,0,18,2,0,0,2,0,0,0,0,0,0,0,0,1
27,17,0,5,1,1,0,1,0,0,0,0,0,0,0,0,1
94,10,0,81,2,14,0,2,6,0,0,0,0,0,0,0,0
19,7,0,9,1,0,0,1,3,0,0,0,0,0,0,0,1
39,8,0,27,1,1,0,3,5,0,0,0,0,0,0,0,0
103,13,0,86,1,11,0,3,3,0,0,0,0,0,0,0,1
69,8,19,37,3,3,0,3,6,0,0,0,0,0,0,0,0
127,10,0,114,1,0,1,2,34,0,1,0,0,0,0,0,1
27,8,0,15,1,0,0,3,2,0,0,0,0,0,0,0,1
15,12,0,0,1,0,0,0,0,0,0,0,0,0,0,0,0
206,5,0,10,2,1,1,1,29,7,0,0,0,0,0,0,1
53,5,0,44,1,4,0,3,0,0,0,0,0,0,0,0,0
12,5,0,0,2,0,0,0,0,0,0,0,0,0,0,0,0
27,10,0,13,1,0,0,1,0,0,0,0,0,0,0,0,1
20,16,0,0,1,0,0,0,0,0,0,0,0,0,0,0,0
137,16,0,21,2,1,6,2,4,7,2,0,0,0,0,0,1
277,30,0,77,5,3,1,5,92,8,2,0,1,0,0,0,1
36,12,0,21,2,0,1,2,0,0,0,0,0,0,0,0,1
31,7,2,17,3,0,0,2,0,0,0,0,0,0,0,0,1
45,21,0,20,2,0,0,2,5,0,0,0,0,0,0,0,0
12,3,0,6,1,0,0,1,2,0,0,0,0,0,0,0,1
32,10,0,18,2,1,0,2,0,0,0,0,0,0,0,0,1
117,8,0,6,3,2,0,1,11,8,1,0,1,0,0,0,1
170,10,0,104,7,2,4,9,17,2,1,0,1,0,0,0,1
53,18,0,28,2,0,0,3,0,0,1,0,0,0,0,0,1
64,6,0,54,1,4,0,3,12,0,1,0,0,0,0,0,0
17,13,0,0,1,0,0,0,0,0,0,0,0,0,0,0,1
71,15,0,40,1,4,0,3,7,2,0,0,0,0,0,0,0
123,4,35,4,4,1,1,2,29,4,0,0,1,0,0,0,0
45,8,0,33,2,0,2,2,9,0,0,0,0,0,0,0,0
18,9,5,0,2,0,0,0,9,0,1,0,0,0,0,0,1
52,8,0,40,2,1,1,4,2,0,0,0,0,0,0,0,0
28,8,15,0,2,0,0,0,0,0,0,0,0,0,0,0,0
19,7,0,8,1,0,0,1,0,0,0,0,0,0,0,0,0
24,15,0,5,1,0,0,1,0,0,0,0,0,0,0,0,1
76,4,2,65,3,0,2,6,16,0,0,0,0,0,0,0,1
46,13,0,29,2,1,0,3,4,0,0,0,0,0,0,0,0
51,6,0,10,3,2,0,1,1,2,0,0,0,0,0,0,1
48,9,2,32,2,0,2,2,0,0,0,0,0,0,0,0,0
269,9,0,256,1,7,0,6,83,74,0,0,0,0,0,0,0
36,6,0,26,1,2,0,1,0,0,0,0,0,0,0,0,1
115,20,0,28,3,0,0,3,25,4,0,0,0,0,0,0,1
130,7,0,10,3,5,1,1,7,10,0,0,0,0,0,0,1
81,8,7,10,3,0,1,1,2,10,0,0,0,0,0,0,1
200,16,0,14,2,0,1,2,68,8,1,0,0,0,0,0,1
47,14,0,29,2,2,0,2,2,0,0,0,0,0,0,0,0
77,15,0,10,2,0,1,1,4,8,0,0,0,0,0,0,1
37,3,5,25,3,0,0,3,1,0,0,0,0,0,0,0,1
75,12,0,10,3,0,1,1,2,8,0,0,0,0,0,0,1
31,8,5,13,3,1,0,1,0,0,0,0,0,0,0,0,0
63,14,0,45,2,0,2,4,0,0,0,0,0,0,0,0,1
16,6,0,7,1,0,0,1,0,0,0,0,0,0,0,0,1
52,9,2,36,2,0,2,2,0,0,0,0,0,0,0,0,0
18,11,0,0,2,1,0,0,0,0,0,0,0,0,0,0,0
61,14,5,37,2,1,1,4,0,0,0,0,0,0,0,0,1
36,8,0,25,1,0,0,2,0,0,0,0,0,0,0,0,1
53,7,0,42,1,4,1,2,0,0,0,0,0,0,0,0,0
106,11,0,10,3,2,1,1,4,10,0,0,0,0,0,0,1
39,14,0,21,1,0,1,2,0,0,0,0,0,0,0,0,0
215,22,0,10,2,2,1,1,27,7,0,0,0,0,0,0,1
120,8,0,13,2,9,0,1,7,8,0,0,0,0,0,0,0
46,8,0,34,2,0,2,2,9,0,0,0,0,0,0,0,0
59,13,0,42,2,0,0,7,1,0,0,0,0,0,0,0,1
22,9,0,9,2,0,0,1,0,0,0,0,0,0,0,0,1
14,7,0,4,1,0,0,1,0,0,0,0,0,0,0,0,1
48,18,0,27,2,1,2,3,0,0,0,0,0,0,0,0,1
72,12,0,10,2,1,1,1,3,8,0,0,0,0,0,0,1
56,9,2,40,2,0,3,2,0,2,0,0,0,0,0,0,1
76,15,0,57,1,2,0,6,19,0,0,0,0,0,0,0,0
71,19,0,48,1,1,0,4,0,0,0,0,0,0,0,0,0
76,9,0,64,2,7,0,3,5,0,0,0,0,0,0,0,1
39,6,0,23,1,0,0,5,3,2,0,0,0,0,0,0,0
30,9,0,17,1,2,0,1,3,0,0,0,0,0,0,0,0
121,9,0,10,2,0,1,1,4,16,0,0,0,0,0,0,1
48,8,0,36,2,1,0,3,0,1,0,0,0,0,0,0,0
69,5,0,18,2,0,2,2,2,8,0,0,0,0,0,0,1
63,16,0,43,1,8,0,1,0,0,0,0,0,0,0,0,0
49,6,0,36,2,3,0,2,0,0,0,0,0,0,0,0,1
21,8,2,7,2,0,0,1,0,1,0,0,0,0,0,0,1
245,11,0,37,8,0,1,10,10,28,1,0,1,0,0,0,1
26,7,4,10,2,0,0,1,2,1,0,0,0,0,0,0,0
15,11,0,0,1,0,0,0,1,0,0,0,0,0,0,0,1
172,3,62,103,2,0,0,3,0,0,2,0,1,0,0,0,1
34,9,0,21,2,0,0,2,6,0,0,0,0,0,0,0,1
45,10,0,25,2,0,0,2,0,2,0,0,0,0,0,0,0
108,27,0,74,3,0,1,6,3,4,0,0,0,0,0,0,1
100,18,0,18,2,0,1,2,3,10,0,0,0,0,0,0,1
61,6,0,51,1,4,0,3,5,0,1,0,0,0,0,0,0
44,4,12,24,3,1,0,2,5,0,0,0,0,0,0,0,1
95,7,5,20,2,2,0,4,7,10,0,0,0,0,0,0,0
26,10,0,12,1,0,0,2,0,0,0,0,0,0,0,0,0
20,16,0,0,1,0,0,0,0,0,0,0,0,0,0,0,0
76,7,4,60,2,5,0,4,8,0,0,0,0,0,0,0,0
41,5,0,32,1,2,0,3,8,0,0,0,0,0,0,0,0
28,19,0,6,1,0,0,1,0,0,0,0,1,0,0,0,1
68,19,0,45,1,0,0,3,22,0,0,0,0,0,0,0,1
31,7,0,6,1,0,0,1,3,2,0,0,0,0,0,0,0
27,9,0,14,1,0,0,2,3,1,0,0,0,0,0,0,0
60,5,5,45,2,6,0,1,8,0,0,0,0,0,0,0,0
27,13,0,10,1,0,0,2,4,0,0,0,0,0,0,0,1
25,13,0,1,1,0,0,1,4,2,0,0,0,0,0,0,0
116,11,0,42,1,0,2,3,2,10,0,0,0,0,0,0,0
37,13,0,24,3,0,0,3,11,0,0,0,0,1,0,0,1
82,5,0,73,3,1,3,6,9,0,0,0,0,0,0,0,0
35,6,7,17,3,0,0,2,0,1,0,0,0,0,0,0,1
28,4,0,11,2,0,0,1,3,2,0,0,0,0,0,0,1
28,15,0,13,3,0,0,2,13,0,0,0,0,1,0,0,1
29,18,0,7,1,0,0,3,0,0,0,0,0,0,0,0,0
82,10,0,19,2,1,3,2,1,4,0,0,0,0,0,0,1
166,7,0,155,3,5,3,13,0,2,5,0,1,0,0,0,0
47,6,0,37,2,0,0,4,11,0,0,0,0,0,0,0,0
39,26,0,6,2,1,0,1,0,0,0,0,0,0,0,0,1
90,13,0,73,2,10,0,2,5,0,0,0,0,0,0,0,0
27,5,0,18,2,0,0,2,3,0,0,0,0,0,0,0,1
22,7,4,6,2,0,0,1,0,0,0,0,0,0,0,0,1
94,5,0,85,2,11,0,1,12,0,0,0,0,0,0,0,0
49,13,0,32,2,0,2,3,7,0,0,0,0,0,0,0,0
22,11,0,7,2,0,0,1,1,0,0,0,0,0,0,0,0
15,11,0,0,1,0,0,0,0,0,0,0,0,0,0,0,1
53,8,2,38,3,1,0,4,1,0,0,0,0,0,0,0,0
79,8,5,61,3,7,0,2,8,0,0,0,0,0,0,0,0
102,13,0,89,3,0,0,6,49,0,0,0,0,1,0,0,1
157,7,0,9,1,1,1,2,25,6,0,0,0,0,0,0,1
25,12,0,7,4,0,0,1,14,0,0,0,0,1,0,0,1
34,6,0,6,1,0,0,1,3,2,0,0,0,0,0,0,1
40,9,2,24,2,0,2,2,0,0,0,0,0,0,0,0,0
146,6,0,134,5,2,0,7,17,0,1,0,1,0,0,0,1
119,8,0,107,1,15,0,2,7,0,0,0,0,0,0,0,0
34,10,20,0,2,0,0,0,2,0,0,0,0,0,0,0,1
28,3,14,6,3,0,0,1,4,0,0,0,0,0,0,0,1
188,12,5,14,3,2,1,2,87,4,1,0,0,0,0,0,0
94,8,0,83,2,8,0,3,3,0,0,0,0,0,0,0,1
23,10,0,9,1,0,0,1,0,0,0,0,0,0,0,0,1
56,9,0,21,3,1,0,7,0,1,1,0,1,0,0,0,1
49,3,42,0,5,4,0,0,0,0,2,0,0,0,0,0,1
42,8,0,30,2,0,0,3,0,0,0,0,0,0,0,0,0
80,2,0,74,1,8,0,4,4,0,0,0,0,0,0,0,0
97,11,0,82,1,10,0,2,8,0,0,0,0,0,0,0,0
63,4,2,52,3,0,1,4,2,0,0,0,0,0,0,0,1
260,16,0,16,14,0,0,2,62,37,0,0,0,0,0,0,1
115,8,4,20,9,0,0,3,10,10,0,0,1,0,0,0,1
14,14,0,0,3,0,0,0,11,0,0,0,0,1,0,0,1
206,5,0,126,8,2,1,7,50,3,2,0,0,0,0,0,1
68,5,0,38,2,0,1,3,1,2,0,0,0,0,0,0,1
119,14,0,10,2,2,1,1,7,12,0,0,0,0,0,0,1
113,7,54,47,3,5,0,4,23,0,1,0,0,0,0,0,1
30,4,0,22,2,0,1,1,0,0,0,0,0,0,0,0,0
67,6,0,10,2,1,1,1,4,8,0,0,0,0,0,0,1
60,14,0,42,1,4,0,3,7,0,0,0,0,0,0,0,0
19,4,0,11,1,0,0,2,0,0,0,0,0,0,0,0,0
135,7,58,62,10,4,2,2,35,2,1,0,0,0,0,0,0
36,7,4,20,2,0,2,2,0,0,0,0,0,0,0,0,0
11,2,4,0,2,0,0,0,0,0,0,0,0,0,0,0,0
182,9,0,76,4,4,1,6,45,5,2,0,0,0,0,0,0
87,24,4,54,5,1,0,3,13,1,0,0,0,0,0,0,1
107,15,12,75,2,1,2,1,6,3,0,0,0,0,0,0,1
37,8,0,26,2,2,0,2,2,0,0,0,0,0,0,0,1
197,8,8,1,2,2,1,1,26,2,0,0,0,0,0,0,1
92,9,0,80,3,2,0,8,0,0,1,0,1,0,0,0,1
39,9,0,27,2,1,0,2,3,0,0,0,0,0,0,0,1
33,3,9,16,2,0,0,2,0,0,0,0,0,0,0,0,1
300,21,120,68,14,1,2,4,86,9,4,0,0,0,0,0,0
27,9,0,15,2,0,0,2,0,0,0,0,0,0,0,0,1
70,5,0,10,2,0,1,1,3,8,0,0,0,0,0,0,1
31,7,0,6,1,0,0,1,2,2,0,0,0,0,0,0,0
94,16,0,75,2,0,0,6,17,0,0,0,0,0,0,0,1
23,6,0,13,1,1,0,1,10,0,0,0,0,0,0,0,0
24,6,0,14,2,0,1,1,0,0,0,0,0,0,0,0,0
60,15,0,29,2,2,0,2,4,2,0,0,0,0,0,0,0
76,7,0,65,1,9,0,4,8,0,0,0,0,0,0,0,0
50,7,0,39,2,1,0,6,8,0,0,0,0,0,0,0,0
146,6,0,134,5,2,0,7,17,0,1,0,1,0,0,0,1
43,12,0,28,1,1,0,3,4,0,0,0,0,0,0,0,1
26,11,0,11,2,0,0,1,0,0,0,0,0,0,0,0,1
143,10,0,129,1,20,0,5,15,0,0,0,0,0,0,0,0
33,16,0,13,2,2,0,1,0,0,0,0,0,0,0,0,0
42,9,0,29,1,0,1,3,7,0,0,0,0,0,0,0,0
80,20,0,56,2,5,0,3,4,0,0,0,0,0,0,0,0
61,9,0,21,2,0,0,3,10,4,0,0,0,0,0,0,1
25,9,0,13,1,0,0,2,4,0,0,0,0,0,0,0,0
21,12,0,9,4,0,0,1,10,0,0,0,0,1,0,0,1
50,10,0,36,1,2,0,5,8,0,0,0,0,0,0,0,1
19,7,0,8,1,0,0,1,0,0,0,0,0,0,0,0,0
93,15,0,10,3,0,1,1,4,10,0,0,0,0,0,0,1
77,16,0,10,2,0,1,1,2,6,0,0,0,0,0,0,1
50,20,0,27,2,0,0,3,0,0,0,0,0,0,0,0,1
22,12,0,10,4,0,0,1,11,0,0,0,0,1,0,0,1
27,13,0,10,2,0,0,1,0,0,0,0,0,0,0,0,0
33,11,0,18,2,1,0,1,0,0,0,0,0,0,0,0,1
74,4,7,58,4,0,0,5,4,4,0,0,0,0,0,0,1
53,13,0,36,2,0,0,6,0,0,0,0,0,0,0,0,1
78,14,0,60,1,7,0,5,9,0,0,0,0,0,0,0,0
64,10,0,50,2,1,0,7,0,0,0,0,0,0,0,0,1
75,14,0,10,2,1,1,1,4,8,0,0,0,0,0,0,1
61,14,0,32,4,1,0,4,4,2,0,0,0,0,0,0,1
70,8,0,10,2,0,1,1,3,8,0,0,0,0,0,0,1
63,8,0,51,2,0,3,3,6,0,0,0,0,0,0,0,0
18,11,0,0,2,0,0,0,0,0,0,0,0,0,0,0,1
78,6,0,34,2,0,1,4,6,6,0,0,0,0,0,0,1
14,5,0,6,1,0,0,1,0,0,0,0,0,0,0,0,1
52,13,0,35,2,2,0,3,3,0,0,0,0,0,0,0,0
52,7,0,42,2,0,1,5,0,0,0,0,0,0,0,0,1
27,13,0,7,2,0,0,1,3,1,0,0,0,0,0,0,1
14,10,0,0,1,0,0,0,0,0,0,0,0,0,0,0,0
27,5,16,0,2,0,0,0,1,0,0,0,0,0,0,0,1
48,13,0,14,1,1,0,1,1,2,0,0,0,0,0,0,1
13,3,0,7,1,0,0,1,1,0,0,0,0,0,0,1,1
30,12,0,14,1,0,0,1,0,0,0,0,0,0,0,0,1
80,19,0,10,2,0,1,1,4,8,0,0,0,0,0,0,1
52,5,6,10,2,0,0,3,0,2,0,0,0,0,0,0,1
26,8,0,14,2,0,1,1,0,0,0,0,0,0,0,0,1
84,3,0,77,1,11,0,2,11,1,0,0,0,0,0,0,0
67,10,4,12,2,0,0,3,0,4,1,0,0,0,0,0,1
35,6,0,26,2,1,0,3,0,0,0,0,0,0,0,0,1
21,2,15,0,3,0,0,0,0,0,0,0,0,0,0,0,0
20,16,0,0,1,0,0,0,0,0,0,0,0,0,0,0,1
165,15,0,17,3,0,6,2,18,16,0,0,0,0,0,0,0
27,2,0,21,1,1,0,2,0,0,0,0,0,0,0,0,0
25,12,0,9,2,0,0,1,0,0,0,0,0,0,0,0,0
43,39,0,0,1,3,0,0,0,0,0,0,0,0,0,0,1
80,11,0,65,1,0,0,10,21,0,0,0,0,0,0,0,0
120,18,0,10,3,3,1,1,4,10,0,0,0,0,0,0,1
29,6,8,10,3,1,0,1,1,0,0,0,0,0,0,0,1
76,7,0,17,2,0,1,2,3,8,0,0,0,0,0,0,1
24,12,0,12,4,0,0,1,12,0,0,0,0,1,0,0,1
46,9,0,33,3,0,0,2,10,0,0,0,0,0,0,0,1
33,4,0,26,1,0,0,2,2,2,0,0,0,0,0,0,0
68,7,0,57,1,6,0,3,5,0,0,0,0,0,0,0,0
50,21,0,25,2,0,1,2,0,0,0,0,0,0,0,0,0
41,23,0,10,2,1,0,1,1,2,0,0,0,0,0,0,0
248,6,0,105,3,4,4,8,48,8,3,0,0,0,0,0,1
37,9,0,24,1,2,0,1,6,0,0,0,0,0,0,0,0
59,8,5,39,3,0,0,4,3,0,0,0,0,0,0,0,1
19,7,0,8,1,0,0,1,0,0,0,0,0,0,0,0,0
78,8,9,56,2,7,0,4,8,0,0,0,0,0,0,0,0
16,6,0,7,1,0,0,1,2,0,0,0,0,0,0,0,1
22,6,4,7,2,0,0,2,0,0,1,0,0,0,0,0,1
277,30,0,77,5,3,1,5,92,8,2,0,1,0,0,0,1
27,16,0,8,1,0,0,1,3,0,0,0,0,0,0,0,1
73,4,0,65,1,7,0,3,12,0,0,0,0,0,0,0,0
113,6,0,36,3,0,3,6,0,8,1,0,0,0,0,0,1
117,5,16,47,8,0,0,7,1,11,2,0,1,0,0,0,1
44,4,5,31,2,0,0,3,3,0,0,0,0,0,0,0,1
29,13,0,16,4,0,0,2,12,0,0,0,0,1,0,0,1
21,10,0,7,1,0,0,1,0,0,0,0,0,0,0,0,0
25,5,0,13,3,0,0,2,0,0,0,0,0,0,0,0,1
76,10,0,62,2,7,0,3,4,0,0,0,0,0,0,0,0
77,11,0,10,3,0,1,1,4,8,0,0,0,0,0,0,1
37,13,19,0,2,3,0,0,7,0,0,0,0,0,0,0,1
36,11,0,25,4,0,0,2,10,0,0,0,0,1,0,0,1
45,19,0,22,2,1,0,2,0,0,0,0,0,0,0,0,0
38,6,0,28,1,0,0,4,9,0,1,0,0,0,0,0,1
34,5,0,16,3,0,0,2,6,1,0,0,0,0,0,0,1
46,8,5,28,3,0,0,3,0,1,0,0,0,0,0,0,1
32,5,0,23,1,1,0,3,1,0,0,0,0,0,0,0,0
81,11,0,29,4,0,0,3,12,4,0,0,0,0,0,0,1
83,22,0,10,2,1,1,1,4,8,0,0,0,0,0,0,1
20,8,0,8,1,0,0,1,2,0,0,0,0,0,0,0,1
28,7,4,12,2,0,0,1,0,1,0,0,0,0,0,0,0
61,15,0,42,2,1,0,4,4,0,0,0,0,0,0,0,1
58,5,7,15,2,0,0,2,15,2,0,0,0,0,0,0,0
48,9,2,32,2,0,2,2,0,2,0,0,0,0,0,0,1
89,9,0,21,5,1,0,12,1,2,1,0,1,0,0,0,1
113,7,0,10,2,6,0,1,17,14,0,0,0,0,0,0,1
75,18,0,53,1,4,0,2,0,0,0,0,0,0,0,0,0
314,12,97,44,12,2,1,2,111,5,2,0,0,0,0,0,0
33,15,0,12,3,0,0,1,0,0,0,0,0,0,0,0,0
55,14,0,35,3,2,0,2,2,0,0,0,0,0,0,0,1
61,4,0,53,2,4,2,1,7,0,0,0,0,0,0,0,0
118,5,4,5,6,1,0,5,8,21,1,0,0,0,0,0,0
62,12,0,46,2,0,2,3,0,0,0,0,0,0,0,0,0
41,18,0,20,2,1,0,2,0,0,0,0,0,0,0,0,1
22,18,0,0,1,0,0,0,0,0,0,0,0,0,0,0,1
88,13,0,71,2,4,1,4,7,0,0,0,0,0,0,0,0
113,7,0,25,2,0,1,2,28,4,0,0,0,0,0,0,0
49,4,0,42,2,6,0,2,3,0,0,0,0,0,0,0,1
100,5,4,86,8,0,0,5,15,0,0,0,1,1,0,0,1
25,8,0,13,1,0,0,2,1,0,0,0,0,0,0,0,1
13,9,0,0,1,0,0,0,3,0,0,0,0,0,0,0,1
36,12,0,20,1,2,0,1,0,0,0,0,0,0,0,0,0
32,6,0,22,2,0,0,2,1,1,0,0,0,0,0,0,1
26,9,0,13,2,0,0,1,0,0,0,0,0,0,0,0,1
73,6,0,63,1,9,0,2,9,0,0,0,0,0,0,0,0
23,3,6,9,2,0,0,1,0,1,0,0,0,0,0,0,1
15,11,0,0,1,0,0,0,0,0,0,0,0,0,0,0,0
62,15,0,43,2,0,0,6,0,0,0,0,0,0,1,0,1
37,8,0,17,2,1,0,1,3,2,0,0,0,0,0,0,1
142,9,0,129,2,5,2,11,6,2,5,0,1,0,0,0,1
53,16,0,25,2,0,0,2,4,2,0,0,0,0,0,0,0
102,6,11,77,4,0,0,7,19,0,0,0,0,0,0,0,1
32,9,0,19,1,2,0,1,6,0,0,0,0,0,0,0,0
27,11,0,11,2,0,0,2,0,0,0,0,0,0,0,0,1
79,19,0,17,3,0,1,2,1,6,0,0,0,0,0,0,1
61,4,0,53,2,0,3,3,0,0,0,0,0,0,0,0,1
35,12,0,20,2,1,0,1,0,0,0,0,0,0,0,0,0
40,7,0,29,1,0,0,1,0,0,0,0,0,0,0,0,0
14,10,0,0,1,0,0,0,3,0,0,0,0,0,0,0,1
31,7,0,6,1,0,0,1,2,2,0,0,0,0,0,0,0
34,7,0,24,2,0,0,3,0,0,0,0,0,0,0,0,1
22,9,0,9,1,0,0,1,3,0,0,0,0,0,0,0,1
31,7,0,6,1,0,0,1,2,2,0,0,0,0,0,0,0
24,4,0,16,1,0,1,1,0,0,0,0,0,0,0,0,1
63,13,0,10,2,3,0,3,5,1,0,0,0,0,0,0,0
48,12,0,33,4,0,0,5,2,0,0,0,1,0,0,0,1
27,4,5,13,2,0,0,2,4,0,0,0,0,0,0,0,1
149,10,0,135,11,0,0,1,64,0,2,0,0,0,0,0,0
75,8,0,63,1,1,0,3,29,0,0,0,0,0,0,0,0
48,8,2,33,2,3,0,5,5,0,0,0,0,0,0,0,0
28,3,0,22,1,1,0,2,2,0,0,0,0,0,0,0,1
70,9,0,10,2,0,1,1,4,8,0,0,0,0,0,0,1
159,4,7,52,12,1,0,12,6,7,0,0,1,0,0,0,1
13,13,0,0,3,0,0,0,10,0,0,0,0,1,0,0,1
18,13,0,0,3,0,0,0,14,0,0,0,0,1,0,0,1
21,17,0,0,1,0,0,0,0,0,0,0,0,0,0,0,0
54,11,0,40,3,1,2,2,0,0,1,0,0,0,0,0,1
110,2,4,99,2,8,1,6,8,0,0,0,0,0,0,0,0
62,21,0,13,4,0,0,2,0,3,1,1,0,0,0,0,1
31,14,0,17,4,0,0,2,11,0,0,0,0,1,0,0,1
82,7,0,71,1,9,0,4,8,0,0,0,0,0,0,0,0
110,5,16,20,7,1,0,5,1,11,2,0,1,0,0,0,1
262,16,105,35,13,2,1,3,91,5,3,0,0,0,0,0,0
87,14,0,10,2,1,2,1,9,10,0,0,0,0,0,0,1
61,4,5,17,3,0,2,1,11,4,0,0,0,0,0,0,0
132,10,0,10,5,0,4,1,4,12,0,0,0,0,0,0,1
132,14,24,23,8,5,2,5,2,5,1,0,1,0,0,0,0
40,12,0,10,2,0,0,1,2,2,1,0,0,0,0,0,1
29,13,0,16,4,0,0,1,10,0,0,0,0,1,0,0,1
27,12,0,10,1,0,0,2,0,0,0,0,0,0,1,0,1
34,5,0,25,1,0,0,4,0,0,0,0,0,0,0,0,0
32,7,0,21,1,1,0,2,0,0,0,0,0,0,0,0,0
109,15,0,44,5,4,1,8,0,2,2,0,1,0,0,0,1
56,11,0,42,1,0,0,5,3,5,0,0,0,0,0,0,0
71,7,0,10,3,0,1,1,4,8,0,0,0,0,0,0,1
139,6,0,126,2,0,14,3,6,0,0,0,0,0,0,0,0
33,9,0,20,2,0,0,2,1,0,0,0,0,0,0,0,1
114,8,0,20,5,1,0,12,10,6,1,0,1,0,0,0,1
45,11,0,23,4,0,3,2,0,0,0,0,0,0,0,0,0
114,7,0,24,6,1,0,12,2,6,1,0,0,0,0,0,1
115,14,0,15,3,0,1,2,20,6,0,0,0,0,0,0,1
38,12,0,22,3,0,0,2,1,0,1,0,0,0,0,0,1
46,13,0,8,1,0,0,1,2,2,0,0,0,0,0,0,1
13,9,0,0,1,0,0,0,0,0,0,0,0,0,0,0,0
81,4,0,10,2,0,1,1,6,10,0,0,0,0,0,0,1
99,13,0,39,1,4,0,3,3,8,0,0,0,0,0,0,1
28,8,0,16,1,0,0,2,0,0,0,0,0,0,0,0,1
48,12,0,33,4,0,0,5,2,0,0,0,1,0,0,0,1
64,9,0,51,2,0,3,2,5,1,0,0,0,0,0,0,0
59,21,0,14,1,1,0,1,0,2,0,0,0,0,0,0,1
12,8,0,0,1,0,0,0,0,0,0,0,0,0,0,0,0
16,12,0,0,1,0,0,0,0,0,0,0,0,0,0,0,0
182,4,0,18,1,2,2,5,34,28,0,0,0,0,0,0,0
18,7,5,0,2,0,0,0,1,0,0,0,0,0,0,0,1
55,15,0,31,2,5,0,6,3,0,0,0,0,0,0,0,1
29,10,0,15,2,0,0,1,0,0,0,0,0,0,0,0,0
96,12,0,80,1,8,2,3,26,0,0,0,0,0,0,0,0
29,10,0,15,2,0,0,2,0,0,0,0,0,0,0,0,1
44,8,2,29,3,0,0,4,2,0,0,0,0,0,0,0,0
192,8,60,119,10,3,0,1,24,1,2,0,0,0,0,0,1
24,20,0,0,1,0,0,0,0,0,0,0,0,0,0,0,1
69,19,0,46,4,1,0,4,0,0,0,0,0,0,0,0,1
31,10,0,17,2,0,0,2,4,0,0,0,0,0,0,0,1
52,4,0,44,2,0,0,3,0,0,0,0,0,0,0,0,0
63,9,11,38,2,2,0,3,0,0,0,0,0,0,0,0,1
23,4,0,15,1,0,0,2,7,0,0,0,0,0,0,0,0
34,4,0,26,2,0,2,1,2,0,0,0,0,0,0,0,0
75,6,0,4,4,0,0,5,0,5,2,0,1,0,0,0,0
48,11,0,33,2,0,1,3,0,0,0,0,0,0,0,0,0
64,5,4,50,3,0,1,4,26,0,0,0,0,0,0,0,1
92,16,0,70,2,2,0,5,16,0,0,0,0,0,0,0,1
104,16,0,10,3,0,1,1,6,10,0,0,0,0,0,0,1
61,6,0,8,3,0,0,5,5,4,1,0,0,0,0,0,0
82,5,4,53,6,1,1,3,0,3,2,0,0,0,0,0,0
50,9,2,34,2,0,2,2,0,0,0,0,0,0,0,0,0
42,6,0,6,3,0,0,2,0,3,0,1,0,0,0,0,1
117,8,0,6,3,2,0,1,11,8,1,0,1,0,0,0,1
119,7,0,10,2,3,1,1,8,12,0,0,0,0,0,0,1
27,6,0,17,1,0,0,2,0,0,0,0,0,0,0,0,1
74,6,0,65,1,8,0,3,0,0,0,0,0,0,0,0,1
21,6,0,11,1,0,0,1,1,0,0,0,0,0,0,0,1
24,7,13,0,3,1,0,0,0,0,1,0,0,0,0,0,1
193,7,60,119,11,3,0,1,17,1,2,0,0,0,0,0,1
76,8,0,10,2,0,1,1,3,8,0,0,0,0,0,0,1
107,12,0,92,5,0,0,3,18,12,0,0,0,1,0,0,0
24,17,0,3,1,0,0,1,0,0,0,0,0,0,0,0,0
69,6,0,10,2,0,1,1,5,8,0,0,0,0,0,0,1
43,9,0,28,3,0,2,1,4,0,0,0,0,0,0,0,1
34,13,0,21,4,0,0,2,11,0,0,0,0,1,0,0,1
23,7,5,6,2,0,0,1,0,0,0,0,0,0,0,0,1
71,21,0,46,2,0,5,2,0,0,0,0,0,0,0,0,0
81,19,0,58,1,6,0,4,12,0,0,0,0,0,0,0,0
39,7,0,21,2,1,0,2,3,2,0,0,0,0,0,0,1
51,6,0,42,2,1,0,3,0,0,0,0,0,0,0,0,1
19,15,0,0,1,1,0,0,0,0,0,0,0,0,0,0,0
46,8,0,16,1,2,0,3,10,1,0,0,0,0,0,0,0
29,4,0,21,1,0,0,3,11,0,0,0,0,0,0,0,0
50,9,2,34,2,0,2,2,0,2,0,0,0,0,0,0,0
79,7,4,63,2,0,11,2,0,0,0,0,0,0,0,0,0
26,15,0,8,2,0,0,1,0,0,0,0,0,0,0,0,1
78,2,0,72,1,11,0,2,6,0,0,0,0,0,0,0,0
119,10,16,79,2,1,3,5,10,2,0,0,0,0,0,0,1
54,18,0,9,2,0,0,1,5,4,0,0,0,0,0,0,0
541,11,0,35,3,1,0,4,131,2,0,0,1,0,0,0,1
77,14,0,56,3,1,0,5,0,0,0,0,0,0,0,0,1
55,9,2,39,2,0,3,2,6,3,0,0,0,0,0,0,0
88,10,0,74,1,9,0,4,10,0,0,0,0,0,0,0,0
89,7,0,4,2,1,3,2,5,7,0,0,0,0,0,0,1
23,7,0,11,2,0,0,1,0,0,0,0,0,0,1,0,1
25,8,0,13,1,0,0,2,0,0,0,0,0,0,0,0,0
66,8,0,54,3,1,0,8,8,0,0,0,0,0,0,0,1
44,4,12,24,3,1,0,2,5,0,0,0,0,0,0,0,1
26,13,0,6,2,0,0,1,0,0,0,0,1,0,0,0,1
35,15,0,17,1,0,0,2,0,0,0,0,0,0,0,0,1
53,11,0,15,3,0,0,2,11,5,0,0,0,0,0,0,1
39,9,0,26,2,2,0,1,0,0,0,0,0,0,0,0,0
30,9,2,14,2,0,1,2,0,0,0,0,0,0,0,0,0
38,10,0,24,1,2,0,1,0,0,0,0,0,0,0,0,1
39,4,0,28,2,0,0,4,4,0,0,0,0,0,0,0,1
64,9,0,51,1,1,0,2,10,5,3,0,0,0,0,0,1
73,10,0,60,2,6,0,3,5,0,0,0,0,0,0,0,1
27,9,0,15,1,0,0,2,3,1,0,0,0,0,0,0,0
26,6,16,0,2,0,0,0,0,0,1,0,0,0,0,0,1
100,16,76,0,5,4,0,0,4,0,1,0,0,0,0,0,1
166,7,0,155,3,5,3,13,0,2,5,0,1,0,0,0,0
41,9,2,25,2,0,3,2,0,0,0,0,0,0,0,0,0
97,18,0,10,2,0,1,1,4,12,0,0,0,0,0,0,1
124,5,0,10,2,5,1,1,7,10,0,0,0,0,0,0,1
53,16,0,33,2,2,0,2,0,0,0,0,0,0,0,0,0
541,11,0,35,3,1,0,4,131,2,0,0,1,0,0,0,1
47,15,0,28,2,1,0,3,0,0,0,0,0,0,0,0,1
21,10,6,0,2,0,0,0,0,0,0,0,0,0,0,0,0
38,7,0,27,1,2,0,2,0,0,0,0,0,0,0,0,0
21,8,0,9,1,0,0,1,3,0,0,0,0,0,0,0,1
32,7,0,21,1,0,0,1,0,0,0,0,0,0,0,0,0
25,8,0,13,1,0,0,2,1,0,0,0,0,0,0,0,1
32,6,12,10,3,0,0,1,2,0,1,0,0,0,0,0,1
13,9,0,0,1,0,0,0,0,0,0,0,0,0,0,0,1
20,16,0,0,1,0,0,0,1,0,0,0,0,0,0,0,1
31,11,0,16,1,0,0,1,0,0,0,0,0,0,0,0,1
33,4,0,25,1,0,0,3,7,0,0,0,0,0,0,0,0
19,5,0,11,1,0,0,2,3,0,0,0,0,0,0,0,1
42,5,4,28,3,0,0,3,0,1,0,0,0,0,0,0,1
31,9,2,15,2,0,1,1,0,0,0,0,0,0,0,0,0
100,6,0,15,2,0,0,2,4,18,0,0,0,0,0,0,0
52,5,10,32,3,0,0,4,1,0,0,0,0,0,0,0,0
33,8,0,21,2,0,0,2,3,0,0,0,0,0,0,0,1
18,7,0,8,1,0,0,1,5,0,0,0,0,0,0,0,1
26,6,0,16,1,0,0,2,0,0,0,0,0,0,0,0,0
52,17,18,12,2,1,0,1,0,1,0,0,0,0,0,0,0
59,4,11,39,4,0,0,5,3,0,0,0,0,0,0,0,0
25,4,0,18,1,0,0,2,0,1,0,0,0,0,0,0,0
378,11,111,155,17,5,2,14,95,9,4,0,1,0,0,0,0
115,10,0,101,3,11,0,4,10,0,0,0,0,0,0,0,1
209,12,0,133,6,1,2,9,39,5,1,0,0,1,0,0,1
159,11,0,10,3,4,1,1,5,18,0,0,0,0,0,0,1
44,6,0,21,2,0,0,2,2,2,0,0,0,0,0,0,1
36,5,9,17,2,0,1,2,0,0,0,0,0,0,0,0,0
214,8,0,10,1,0,0,2,118,1,0,0,0,0,0,0,1
116,12,0,28,2,1,0,3,8,4,0,0,0,0,0,0,1
25,11,9,0,2,0,0,0,0,0,1,0,0,0,0,0,1
23,7,0,12,1,1,0,1,0,0,0,0,0,0,0,0,0
57,4,0,49,2,4,0,5,3,0,0,0,0,0,0,0,1
32,6,0,22,2,1,0,2,0,0,0,0,0,0,0,0,0
83,2,0,77,1,10,0,4,4,0,0,0,0,0,0,0,0
29,11,0,15,2,0,0,2,0,0,0,0,0,0,0,0,1
69,6,0,59,1,4,0,3,10,0,1,0,0,0,0,0,0
91,6,4,76,2,1,1,5,6,0,1,0,0,0,0,0,1
9,6,0,0,1,0,0,0,0,0,0,0,0,0,1,0,1
73,5,0,61,2,0,0,9,0,0,0,0,0,0,0,0,1
25,2,10,9,3,0,0,1,1,0,0,0,0,0,0,0,1
44,26,0,11,2,1,0,1,0,0,0,0,0,0,0,0,1
36,13,0,19,2,0,0,3,0,0,1,0,0,0,0,0,1
27,8,0,12,2,0,0,3,0,0,0,0,0,0,0,0,1
244,5,5,12,12,0,0,2,55,25,1,0,1,0,0,0,1
36,8,0,24,2,0,0,3,0,0,0,0,0,0,0,0,1
14,10,0,0,1,1,0,0,0,0,0,0,0,0,0,0,0
62,15,0,43,1,0,0,3,20,0,0,0,0,0,0,0,1
13,9,0,0,1,0,0,0,4,0,0,0,0,0,0,0,1
126,10,0,10,2,0,1,1,5,16,0,0,0,0,0,0,1
28,9,0,14,2,0,0,2,0,0,0,0,0,0,1,0,1
44,6,0,34,2,2,0,2,0,0,0,0,0,0,0,0,0
52,8,0,40,1,4,0,4,6,0,0,0,0,0,0,0,0
95,13,22,21,7,1,2,5,23,4,2,0,0,0,0,0,0
345,12,28,34,3,9,2,3,48,11,2,0,0,0,0,0,0
25,7,0,12,3,0,0,1,0,0,0,0,0,0,0,0,1
69,11,0,13,2,2,3,1,1,2,0,0,0,0,0,0,1
81,18,0,10,2,1,1,1,2,8,0,0,0,0,0,0,1
102,14,4,79,2,3,1,1,4,2,0,0,0,0,0,0,1
20,16,0,0,1,0,0,0,0,1,0,0,0,0,0,0,1
36,11,0,21,2,0,1,2,0,0,0,0,0,0,0,0,1
91,11,0,14,2,1,1,2,6,8,0,0,0,0,0,0,1
79,6,4,21,2,0,0,2,3,2,1,0,0,0,0,0,1
72,5,54,6,12,0,0,1,2,0,4,0,1,0,0,0,1
17,13,0,0,1,0,0,0,0,0,0,0,0,0,0,0,0
18,13,0,0,3,0,0,0,14,0,0,0,0,1,0,0,1
38,12,0,23,1,1,0,3,3,0,0,0,0,0,0,0,0
58,16,0,10,3,0,2,1,0,2,0,0,0,0,0,0,1
25,21,0,0,1,0,0,0,0,0,0,0,0,0,0,0,0
52,11,0,38,1,3,0,3,3,0,0,0,0,0,0,0,1
25,6,0,15,1,0,0,3,0,0,0,0,0,0,0,0,1
38,8,0,10,2,0,0,1,11,2,0,0,0,0,0,0,0
16,12,0,0,1,0,0,0,0,0,0,0,0,0,0,0,0
50,8,0,38,2,3,0,2,6,0,0,0,0,0,0,0,0
38,13,0,25,4,0,0,2,12,0,0,0,0,1,0,0,1
48,9,2,32,2,0,2,2,4,0,0,0,0,0,0,0,0
50,11,0,35,2,4,0,2,0,0,0,0,0,0,0,0,0
38,8,0,19,2,0,1,1,4,2,0,0,0,0,0,0,0
53,5,0,41,3,3,0,5,9,0,0,0,0,0,0,0,1
99,4,8,9,2,2,0,1,19,7,0,0,0,0,0,0,1
170,16,0,148,3,2,0,10,48,0,2,0,1,0,0,0,0
363,7,0,5,2,1,0,1,118,102,0,0,0,0,0,0,0
12,8,0,0,1,0,0,0,0,0,0,0,0,0,0,0,0
28,6,0,18,1,0,0,2,0,0,0,0,0,0,0,0,1
45,8,2,30,2,1,0,5,6,0,0,0,0,0,0,0,0
76,15,0,57,1,0,1,6,0,0,0,0,0,0,0,0,1
31,10,0,14,3,0,0,2,0,0,0,0,0,0,0,0,0
30,14,0,16,4,0,0,2,11,0,0,0,0,1,0,0,1
43,4,12,23,3,1,0,2,5,0,0,0,0,0,0,0,1
29,7,0,18,1,1,0,2,0,0,0,0,0,0,0,0,0
45,14,0,27,2,1,0,3,0,0,0,0,0,0,0,0,1
118,15,0,99,1,11,0,4,7,0,0,0,0,0,0,0,0
57,17,0,19,2,2,0,1,1,4,0,0,0,0,0,0,1
41,5,0,16,3,0,2,2,4,1,0,0,0,0,0,0,1
26,6,0,16,1,0,0,3,0,0,0,0,0,0,0,0,1
510,10,24,65,4,1,8,16,48,10,0,0,0,0,0,0,1
17,5,0,6,2,0,0,1,0,0,0,0,0,0,0,0,1
42,6,0,32,1,0,0,2,0,0,0,0,0,0,0,0,0
48,12,0,33,4,0,0,5,2,0,0,0,1,0,0,0,1
51,9,0,36,3,2,0,3,0,0,1,0,0,0,0,0,1
18,9,0,6,2,0,0,1,0,0,0,0,0,0,0,0,1
15,9,0,0,2,0,0,0,0,0,0,0,0,0,0,0,0
28,8,0,15,2,0,0,2,0,0,0,0,0,0,1,0,1
32,4,2,20,3,0,0,3,0,0,1,0,0,0,0,0,1
23,19,0,0,1,0,0,0,0,0,0,0,0,0,0,0,1
62,24,0,35,3,1,0,4,0,0,0,0,0,0,0,0,1
102,17,0,10,2,2,1,1,3,8,0,0,0,0,0,0,1
129,6,0,10,2,3,0,1,6,14,0,0,0,0,0,0,1
47,3,10,30,4,0,0,3,0,0,0,0,0,0,0,0,1
67,8,0,55,2,4,0,2,5,0,0,0,0,0,0,0,0
55,13,0,38,1,3,0,2,0,0,0,0,0,0,0,0,0
159,4,7,52,12,1,0,12,6,7,0,0,1,0,0,0,1
14,10,0,0,1,0,0,0,0,0,0,0,0,0,0,0,0
60,12,0,44,1,4,0,3,6,0,0,0,0,0,0,0,1
40,12,0,24,1,0,0,4,0,0,1,0,0,0,0,0,1
37,9,0,24,2,0,0,2,5,0,0,0,0,0,0,0,0
51,2,7,37,3,3,0,2,5,0,0,0,0,0,0,0,0
49,13,0,32,2,1,0,4,3,0,1,0,0,0,0,0,1
36,20,0,7,1,6,0,1,3,0,0,0,0,0,0,0,1
77,9,0,16,4,0,0,5,0,4,2,0,1,0,0,0,1
32,3,8,16,3,0,0,2,8,0,0,0,0,0,0,0,0
29,16,0,10,1,1,0,1,1,0,0,0,0,0,1,0,1
70,8,0,59,1,7,0,3,5,0,0,0,0,0,0,0,1
77,5,5,62,2,11,0,1,8,0,0,0,0,0,0,0,0
50,18,0,28,2,0,0,3,0,0,0,0,0,0,0,0,1
88,6,0,38,2,4,0,3,17,2,0,0,0,0,0,0,0
39,8,0,24,3,2,0,2,3,0,0,0,0,0,0,0,1
23,14,0,6,1,0,0,1,0,0,0,0,1,0,0,0,1
107,14,0,10,2,0,1,1,25,6,0,0,0,0,0,0,1
52,8,8,31,3,1,0,3,8,1,0,0,0,0,0,0,0
44,9,0,31,2,0,0,3,0,0,1,0,0,0,0,0,1
115,8,4,20,9,0,0,3,10,10,0,0,1,0,0,0,1
84,13,22,21,7,1,2,5,11,4,2,0,0,0,0,0,0
28,6,17,0,2,0,0,0,0,0,0,0,0,0,0,0,1
171,9,0,35,4,3,1,7,9,10,1,0,0,0,0,0,0
71,12,0,56,2,5,0,4,6,0,0,0,0,0,0,0,1
20,16,0,0,1,0,0,0,0,0,0,0,0,0,0,0,0
130,8,0,115,2,20,0,2,0,0,0,0,0,0,0,0,1
104,5,0,13,4,0,0,6,1,10,2,0,1,0,0,0,1
88,8,24,51,3,4,0,3,6,0,0,0,0,0,0,0,0
109,10,0,10,2,4,1,1,4,8,0,0,0,0,0,0,1
76,19,0,10,2,0,2,1,3,6,0,0,0,0,0,0,1
114,14,3,91,5,1,3,3,10,1,0,0,0,0,1,0,1
96,7,0,5,2,0,1,1,11,13,0,0,1,0,0,0,0
132,10,0,10,5,0,4,1,4,12,0,0,0,0,0,0,1
67,15,0,48,2,3,0,4,5,0,0,0,0,0,0,0,1
109,6,0,71,2,4,0,5,3,6,0,0,0,0,0,0,1
33,5,0,22,3,1,0,3,0,0,0,0,0,0,0,0,1
31,4,0,20,2,0,0,4,0,0,0,0,0,0,0,0,1
40,2,14,20,3,1,0,2,2,0,0,0,0,0,0,0,1
27,4,5,13,2,0,0,2,4,0,0,0,0,0,0,0,1
23,19,0,0,1,0,0,0,0,0,0,0,0,0,0,0,1
40,5,5,25,3,1,0,4,3,0,0,0,0,0,0,0,0
47,8,0,35,2,0,1,2,17,0,0,0,0,0,0,0,1
24,20,0,0,1,0,0,0,0,0,0,0,0,0,0,0,0
66,9,0,53,2,4,0,3,3,0,0,0,0,0,0,0,1
86,9,0,73,1,8,0,2,0,0,0,0,0,0,0,0,0
11,7,0,0,1,0,0,0,0,0,0,0,0,0,0,0,1
41,9,10,17,2,0,0,2,0,0,0,0,0,0,0,0,0
27,9,0,14,1,0,0,2,3,1,0,0,0,0,0,0,0
16,12,0,0,1,0,0,0,0,0,0,0,0,0,1,0,1
31,9,0,18,2,0,0,3,2,0,0,0,0,0,0,0,1
39,15,0,17,3,0,0,2,1,0,0,0,0,0,0,0,0
74,8,0,10,3,0,1,1,5,8,0,0,0,0,0,0,1
23,4,0,15,1,0,0,2,7,0,0,0,0,0,0,0,0
23,8,2,6,3,0,0,1,0,1,0,0,0,0,0,0,1
87,13,0,10,2,1,1,1,3,8,0,0,0,0,0,0,1
154,9,0,29,2,1,0,3,18,6,0,0,0,0,0,0,1
20,8,0,8,1,0,0,1,0,0,0,0,0,0,0,0,0
104,6,0,10,3,1,1,1,7,12,0,0,0,0,0,0,1
15,12,0,0,1,0,0,0,0,0,0,0,0,0,0,0,1
52,6,0,43,2,1,0,5,3,0,0,0,0,0,0,0,1
40,12,0,11,3,0,0,2,0,2,1,0,0,0,0,0,1
41,9,8,19,3,0,0,2,1,0,0,0,0,0,0,0,0
131,28,6,62,3,2,0,7,29,2,2,0,0,0,0,0,1
39,13,0,19,3,1,0,2,0,0,0,0,0,0,0,0,1
28,8,0,14,3,1,0,1,0,0,0,0,0,0,0,0,1
48,20,0,23,2,0,0,3,0,0,1,0,0,0,1,0,0
75,5,5,60,2,8,0,1,8,0,0,0,0,0,0,0,0
42,20,0,19,2,0,0,2,5,0,0,0,0,0,0,0,1
31,7,0,6,1,0,0,1,2,2,0,0,0,0,0,0,0
95,11,0,10,2,0,1,1,5,10,0,0,0,0,0,0,1
36,4,0,9,3,0,0,2,0,1,0,0,0,0,0,0,0
41,6,0,31,2,0,3,2,1,0,0,0,0,0,0,0,1
30,2,0,24,1,3,0,2,7,0,0,0,0,0,0,0,1
58,7,0,10,2,0,1,1,6,6,0,0,0,0,0,0,1
71,6,0,61,1,5,0,3,18,0,1,0,0,0,0,0,0
32,8,19,0,2,0,0,0,0,0,0,0,0,0,0,0,0
40,7,0,30,2,0,0,4,0,0,0,0,0,0,0,0,1
26,8,0,14,1,0,0,1,0,0,0,0,0,0,0,0,0
17,12,0,0,3,0,0,0,13,0,0,0,0,1,0,0,1
87,4,8,20,4,1,0,4,7,7,1,1,0,0,0,0,1
65,5,0,4,4,0,0,2,7,8,0,0,0,0,0,0,1
49,9,2,33,2,0,3,2,0,0,0,0,0,0,0,0,0
25,14,0,6,4,0,0,1,16,0,0,0,0,1,0,0,1
158,7,7,38,5,1,4,3,46,5,3,0,0,0,0,0,1
31,4,2,18,3,0,0,3,0,0,0,0,0,0,0,0,1
58,17,0,38,2,3,0,2,2,0,0,0,0,0,0,0,1
32,6,2,19,2,1,0,1,0,0,0,0,0,0,0,0,0
55,17,0,35,1,1,1,1,7,1,0,0,1,0,0,0,1
77,10,5,50,3,0,0,7,0,2,0,0,0,0,0,0,1
43,4,12,23,3,1,0,2,5,0,0,0,0,0,0,0,1
65,10,0,51,1,1,2,4,0,0,0,0,0,0,0,0,1
61,16,0,41,2,3,0,1,0,0,0,0,0,0,0,0,0
54,6,4,33,4,0,0,2,5,3,0,0,0,0,0,0,1
29,8,16,0,2,2,0,0,5,0,0,0,0,0,0,0,0
85,6,0,10,2,1,1,1,3,10,0,0,0,0,0,0,1
244,5,5,12,12,0,0,2,55,25,1,0,1,0,0,0,1
23,7,11,0,2,0,0,0,0,0,0,0,0,0,0,0,0
66,6,0,56,1,5,0,3,6,0,1,0,0,0,0,0,0
26,13,0,13,4,0,0,1,10,0,0,0,0,1,0,0,1
67,15,0,52,6,0,1,2,31,0,0,0,0,1,0,0,1
87,13,0,71,2,9,0,3,3,0,0,0,0,0,0,0,1
33,15,0,15,2,0,0,2,0,0,0,0,0,0,0,0,1
19,9,5,0,2,0,0,0,0,0,0,0,0,0,0,0,1
45,3,0,35,3,1,0,4,0,0,0,0,0,0,0,0,0
55,8,0,43,1,4,0,4,8,0,0,0,0,0,0,0,0
27,4,5,13,2,0,0,2,4,0,0,0,0,0,0,0,1
52,6,0,42,2,3,0,2,0,0,0,0,0,0,0,0,0
160,24,16,116,5,1,0,7,31,0,1,0,0,0,0,0,1
53,3,3,42,3,0,2,3,1,1,0,0,0,0,0,0,1
231,17,0,10,2,0,1,1,26,9,0,0,0,0,0,0,1
16,12,0,0,1,0,0,0,0,0,0,0,0,0,0,0,1
46,9,4,28,3,1,0,3,6,0,1,0,0,0,0,0,1
53,20,0,29,1,2,0,3,0,0,0,0,0,0,0,0,0
22,18,0,0,1,2,0,0,0,0,1,0,0,0,0,0,1
24,3,5,9,3,0,0,1,0,0,0,0,0,0,0,0,1
44,12,0,29,1,0,0,4,0,0,0,0,0,0,0,0,1
102,13,0,10,2,0,1,1,7,12,0,0,0,0,0,0,1
105,9,0,45,4,1,0,6,5,2,0,0,1,0,0,0,1
30,10,3,13,3,2,0,1,0,0,0,0,0,0,0,0,1
19,12,0,4,1,0,0,1,0,0,0,0,0,0,0,0,1
70,20,0,47,2,3,0,4,6,0,0,0,0,0,0,0,1
17,6,7,0,2,1,0,0,0,0,0,0,0,0,0,0,1
60,12,0,33,1,2,0,3,2,2,0,0,0,0,0,0,1
16,9,0,3,1,0,0,1,1,0,0,0,0,0,0,0,1
273,3,0,12,1,0,4,3,38,46,2,0,0,0,0,0,0
22,6,0,13,2,0,0,2,2,0,0,0,0,0,0,0,1
82,6,0,72,1,7,0,3,8,0,0,0,0,0,0,0,0
11,1,0,7,1,0,0,1,0,0,0,0,0,0,0,0,1
33,9,0,20,2,0,0,2,3,0,0,0,0,0,0,0,1
94,9,0,81,1,9,1,5,7,0,0,0,0,0,0,0,0
22,9,0,10,1,0,0,1,0,0,0,0,0,0,0,0,1
22,3,3,11,3,0,0,1,0,0,0,0,0,0,0,0,1
24,10,0,10,1,0,0,1,2,0,0,0,0,0,0,0,1
30,8,17,0,2,0,0,0,4,0,0,0,0,0,0,0,0
40,18,0,18,2,0,1,1,0,0,0,0,0,0,0,0,0
42,6,15,16,2,1,0,1,0,0,0,0,0,0,0,0,1
25,11,0,11,2,0,0,2,0,0,0,0,0,0,0,0,1
541,11,0,35,3,1,0,4,142,2,0,0,1,0,0,0,1
24,4,0,16,1,0,1,2,5,0,0,0,0,0,0,0,0
25,12,0,7,4,0,0,1,14,0,0,0,0,1,0,0,1
95,12,0,56,2,0,0,5,7,4,0,0,0,0,0,0,0
36,8,16,7,4,0,0,1,0,0,2,0,1,0,0,0,1
41,4,12,21,3,1,0,2,5,0,0,0,0,0,0,0,1
19,14,0,5,3,0,0,1,13,0,0,0,0,1,0,0,1
24,14,0,7,1,0,0,1,1,0,0,0,0,0,0,0,1
49,6,0,39,2,0,0,5,7,0,0,0,0,0,0,0,1
68,4,12,48,3,1,0,2,20,0,0,0,0,0,0,0,1
19,15,0,0,1,0,0,0,0,0,0,0,0,0,0,0,0
56,10,0,42,1,0,5,1,0,0,0,0,0,0,0,0,0
74,9,0,61,2,5,0,1,1,0,0,0,0,0,0,0,0
150,10,0,10,2,1,1,1,8,18,0,0,0,0,0,0,1
29,13,0,16,4,0,0,2,13,0,0,0,0,1,0,0,1
136,11,0,10,4,0,4,1,11,12,0,0,0,0,0,0,1
29,6,5,13,3,0,0,1,0,0,1,0,0,0,0,0,0
29,14,0,15,5,2,0,1,14,0,0,0,0,1,0,0,1
58,3,10,41,3,3,0,2,0,0,0,0,0,0,0,0,0
10,6,0,0,1,0,0,0,0,0,0,0,0,0,0,0,1
202,17,18,13,3,0,2,1,6,26,0,0,0,0,0,0,1
35,9,0,22,1,1,0,2,0,0,0,0,0,0,0,0,0
59,12,0,41,2,1,0,5,0,0,0,0,0,0,0,0,1
125,15,0,106,1,16,0,3,6,0,0,0,0,0,0,0,0
30,15,0,11,2,0,0,1,0,0,0,0,0,0,0,0,1
33,5,7,17,3,0,0,2,2,0,0,0,0,0,0,0,1
67,6,0,57,1,4,0,3,10,0,1,0,0,0,0,0,0
22,12,0,6,1,1,0,1,0,0,0,0,0,0,0,0,0
104,5,0,13,4,0,0,6,1,10,2,0,1,0,0,0,1
31,13,0,14,2,0,0,1,0,0,0,0,0,0,0,0,1
43,3,6,30,4,0,0,3,6,0,0,0,0,0,0,0,1
46,8,0,34,2,0,1,2,16,0,0,0,0,0,0,0,1
21,18,0,0,1,0,0,0,0,0,0,0,0,0,0,0,1
19,16,0,0,1,0,0,0,0,0,0,0,0,0,0,0,0
87,10,0,73,1,9,0,4,10,0,1,0,0,0,0,0,0
117,8,0,6,3,2,0,1,11,8,1,0,1,0,0,0,1
62,6,5,46,2,8,0,2,9,0,0,0,0,0,0,0,0
55,17,0,35,1,1,1,1,7,1,0,0,1,0,0,0,1
26,22,0,0,1,2,0,0,0,0,1,0,0,0,0,0,1
24,3,5,8,3,0,0,1,0,0,0,0,0,0,0,0,1
50,8,0,38,2,2,0,4,6,0,0,0,0,0,0,0,0
159,4,7,52,12,1,0,12,6,7,0,0,1,0,0,0,1
100,16,0,80,1,12,0,2,3,0,0,0,0,0,0,0,0
50,2,0,41,2,6,0,1,1,0,0,0,0,0,0,0,1
64,16,0,44,1,3,0,3,5,0,0,0,0,0,0,0,0
27,15,0,12,4,0,0,2,13,0,0,0,0,1,0,0,1
91,21,58,7,6,3,0,1,4,0,3,0,1,0,0,0,0
91,13,0,74,2,8,0,2,3,0,0,0,0,0,0,0,1
35,11,6,14,3,0,0,2,0,0,0,0,0,0,0,0,1
105,9,0,92,7,0,1,5,15,0,0,0,1,1,0,0,1
29,12,0,17,4,0,0,2,10,0,0,0,0,1,0,0,1
45,20,0,21,1,1,0,2,0,0,1,0,0,0,0,0,1
53,3,2,43,4,0,5,2,0,0,0,0,0,0,0,0,0
19,5,0,8,2,0,0,1,2,0,0,0,0,0,0,0,1
29,5,0,21,1,1,0,2,0,0,0,0,0,0,0,0,0
48,21,0,24,1,0,0,3,0,0,0,0,0,0,0,0,0
27,9,0,4,1,0,0,2,0,2,0,0,0,0,0,0,1
34,23,0,8,1,0,0,1,2,0,0,0,0,0,0,0,1
26,7,4,10,2,0,0,1,0,1,0,0,0,0,0,0,1
68,4,12,48,3,1,0,2,20,0,0,0,0,0,0,0,1
42,9,2,26,2,0,3,2,0,0,0,0,0,0,0,0,0
29,5,0,20,2,0,0,2,6,0,0,0,0,0,0,0,0
77,14,8,14,3,0,0,1,0,6,0,0,0,0,0,0,0
69,5,0,59,2,1,0,7,4,0,0,0,0,0,1,0,0
58,9,0,45,2,1,5,1,0,0,0,0,0,0,0,0,0
34,7,0,21,2,0,1,2,0,0,0,0,0,0,1,0,1
71,25,0,42,2,2,0,2,5,0,1,0,0,0,0,0,1
25,8,0,13,1,0,0,2,0,0,0,0,0,0,0,0,1
50,10,0,35,2,0,0,3,0,1,0,0,0,0,0,0,0
32,11,0,18,1,1,0,2,0,0,1,0,0,0,0,0,1
27,4,5,13,2,0,0,2,4,0,0,0,0,0,0,0,1
170,16,0,148,3,2,0,10,48,0,2,0,1,0,0,0,0
43,14,0,25,2,0,0,3,0,0,0,0,0,0,0,0,0
122,7,4,4,6,1,0,5,8,20,1,0,0,0,0,0,0
28,9,0,15,2,0,0,2,1,0,0,0,0,0,0,0,1
46,14,14,14,3,0,0,2,3,0,0,0,0,0,1,0,1
61,17,0,40,1,1,2,2,0,2,0,0,0,0,0,0,0
29,15,0,7,2,0,0,2,1,0,0,0,0,0,0,0,1
38,18,0,16,2,0,0,2,9,0,0,0,0,0,0,0,0
13,9,0,0,1,0,0,0,0,0,0,0,0,0,0,0,0
51,9,0,39,2,0,0,3,10,0,0,0,0,0,0,0,0
24,20,0,0,1,0,0,0,0,0,0,0,0,0,0,0,0
22,14,0,3,4,0,0,1,15,0,0,0,0,1,0,0,1
32,3,0,26,2,0,0,4,0,0,0,0,0,0,0,0,1
63,6,0,10,2,0,1,1,3,6,0,0,0,0,0,0,1
97,5,0,21,5,1,0,6,0,6,2,0,1,0,0,0,1
24,12,0,8,1,0,0,1,0,0,0,0,0,0,0,0,1
24,4,0,16,2,0,0,2,2,0,0,0,0,0,0,0,0
62,8,0,51,2,0,0,3,0,0,0,0,0,0,0,0,1
50,9,0,37,1,3,0,2,0,0,0,0,0,0,0,0,1
31,9,0,18,2,0,0,1,0,0,0,0,0,0,0,0,1
31,7,0,20,2,0,0,2,0,0,0,0,0,0,0,0,1
241,9,0,60,2,2,1,5,87,10,1,0,0,0,0,0,1
72,9,0,60,2,0,2,3,0,0,0,0,0,0,0,0,1
75,7,0,65,1,4,0,3,2,0,0,0,0,0,0,0,1
43,4,11,23,3,0,0,2,16,0,0,0,0,0,0,0,0
109,13,0,10,2,2,1,1,15,10,0,0,0,0,0,0,1
85,12,0,10,2,0,1,1,3,10,0,0,0,0,0,0,1
28,14,0,10,1,1,0,1,0,0,0,0,0,0,0,0,1
166,15,0,96,6,2,3,8,11,2,1,0,1,0,0,0,1
44,6,9,12,3,0,0,1,7,2,0,0,0,0,0,0,0
18,9,0,5,1,0,0,1,0,0,0,0,0,0,0,0,1
263,5,0,24,16,1,0,3,62,29,0,1,0,0,0,0,1
40,6,0,30,1,1,0,3,8,0,1,0,0,0,0,0,0
14,11,0,0,1,0,0,0,0,0,0,0,0,0,0,0,1
104,12,0,10,4,0,1,1,10,12,0,0,0,0,0,0,1
55,8,0,43,2,0,0,6,0,0,1,0,0,0,0,0,0
262,14,0,10,2,0,1,1,29,8,0,0,0,0,0,0,1
47,12,0,31,2,1,0,2,0,0,1,0,0,0,0,0,1
108,5,0,89,1,8,0,6,4,2,0,0,0,0,0,0,0
30,7,0,19,1,0,0,1,0,0,0,0,0,0,0,0,0
40,6,7,22,2,4,0,2,1,0,0,0,0,0,0,0,0
13,10,0,0,1,0,0,0,0,0,0,0,0,0,0,0,0
87,13,0,19,3,0,0,4,7,6,0,0,0,0,0,0,0
48,15,0,11,2,1,0,1,0,2,0,0,0,0,0,0,1
69,8,17,39,3,3,0,3,6,0,0,0,0,0,0,0,0
37,9,0,24,1,0,0,3,3,0,0,0,0,0,0,0,0
25,8,0,13,1,0,0,2,1,0,0,0,0,0,0,0,1
19,15,0,0,1,0,0,0,0,0,0,0,0,0,0,0,1
70,8,15,12,5,0,0,1,2,6,0,0,0,0,0,0,0
104,10,0,15,4,0,3,2,4,10,0,0,0,0,0,0,1
79,5,0,71,1,2,0,5,12,0,2,0,0,0,0,0,1
37,9,0,24,2,0,0,3,12,0,0,0,0,0,0,0,1
103,9,5,35,3,2,0,3,13,6,0,0,0,0,0,0,0
54,18,0,17,2,2,0,1,2,1,0,0,0,0,0,0,0
47,5,0,35,2,0,0,6,0,0,0,0,0,0,0,0,1
15,11,0,0,1,0,0,0,0,0,0,0,0,0,0,0,1
73,4,0,64,1,0,0,1,26,21,0,0,0,0,1,0,1
26,11,0,11,2,0,0,1,0,0,0,0,0,0,0,0,1
24,20,0,0,1,0,0,0,0,0,0,0,0,0,0,0,0
33,14,0,15,2,0,0,2,0,0,0,0,0,0,0,0,0
74,5,0,10,2,0,1,1,4,10,0,0,0,0,0,0,1
33,7,0,22,1,2,0,2,0,0,0,0,0,0,0,0,0
23,19,0,0,1,1,0,0,0,0,0,0,0,0,0,0,1
58,9,5,39,3,0,0,4,0,0,0,0,0,0,0,0,0
35,13,0,18,2,0,0,1,0,0,0,0,0,0,0,0,1
44,9,0,29,3,0,2,3,0,0,0,0,0,0,0,0,1
42,6,0,30,3,1,0,4,0,0,0,0,0,0,0,0,1
32,13,14,0,2,0,0,0,6,0,0,0,0,0,0,0,1
29,9,0,1,1,0,1,1,6,2,0,0,0,0,0,0,0
87,3,0,81,1,9,0,4,11,0,0,0,0,0,0,0,1
108,9,0,45,4,1,0,6,6,2,0,0,1,0,0,0,1
18,8,0,7,1,0,0,1,3,0,0,0,0,0,0,0,1
68,14,0,17,2,0,2,1,14,4,0,0,0,0,0,0,0
47,6,0,17,3,0,0,6,0,1,1,0,0,0,0,0,1
82,3,0,75,1,9,0,3,6,0,0,0,0,0,0,0,0
33,14,0,19,4,0,0,2,11,0,0,0,0,1,0,0,1
18,14,0,0,1,0,0,0,0,0,0,0,0,0,0,0,0
193,27,0,160,3,6,3,11,20,9,0,0,0,0,0,0,1
70,10,0,23,5,0,0,6,0,1,2,0,0,0,0,0,0
31,15,0,16,4,0,0,2,12,0,0,0,0,1,0,0,1
48,5,2,17,2,1,0,1,4,4,0,0,0,0,0,0,0
63,8,0,51,1,6,0,1,1,0,0,0,0,0,0,0,1
39,7,0,28,1,3,0,2,0,0,0,0,0,0,0,0,0
65,3,3,54,3,0,1,3,1,0,0,0,0,0,0,0,0
23,4,0,15,1,0,0,2,7,0,0,0,0,0,0,0,0
40,6,0,30,2,0,0,4,0,0,0,0,0,0,0,0,1
23,14,0,3,4,0,0,1,16,0,0,0,0,1,0,0,1
15,11,0,0,1,0,0,0,0,0,0,0,0,0,0,0,0
44,3,7,29,2,0,1,2,8,0,0,0,0,0,0,0,0
90,7,0,77,6,0,0,8,0,0,0,0,1,0,0,0,1
68,4,0,61,1,1,0,4,21,0,0,0,0,0,0,0,1
49,20,9,15,3,1,0,1,0,0,0,0,0,0,0,0,0
46,8,0,17,3,1,0,4,0,1,1,0,1,0,0,0,1
26,8,0,14,3,0,0,1,0,0,0,0,0,0,0,0,0
28,9,2,12,2,0,0,2,0,0,0,0,0,0,0,0,0
57,19,0,31,3,4,0,1,4,0,0,0,0,0,0,0,0
34,3,5,18,3,0,0,3,5,0,0,0,0,0,0,0,0
31,12,0,16,2,0,0,2,1,0,1,0,0,0,0,0,1
26,13,0,7,4,0,0,1,15,0,0,0,0,1,0,0,1
46,9,2,30,2,0,2,2,0,0,0,0,0,0,0,0,0
77,11,0,62,1,2,0,4,24,0,1,0,0,0,0,0,1
34,10,0,21,2,0,0,3,0,0,0,0,0,0,0,0,1
46,9,0,21,1,0,1,3,2,2,0,0,0,0,0,0,1
14,10,0,0,1,0,0,0,0,0,0,0,0,0,0,0,0
16,12,0,0,1,0,0,0,0,0,0,0,0,0,0,0,1
96,2,4,85,2,11,1,7,5,0,0,0,0,0,0,0,0
27,7,6,9,2,0,0,2,2,0,0,0,0,0,0,0,0
40,14,0,14,2,0,0,1,2,2,0,0,0,0,0,0,1
19,10,0,5,1,0,0,1,0,0,0,0,0,0,0,0,1
48,20,0,24,2,0,0,2,0,0,0,0,0,0,0,0,0
135,8,0,57,11,0,0,2,35,4,0,0,0,0,0,0,0
42,9,0,29,1,0,3,2,0,0,0,0,0,0,0,0,0
51,8,0,39,2,0,2,3,0,0,0,0,0,0,0,0,0
11,3,0,5,1,0,0,1,3,0,0,0,0,0,0,0,1
64,12,0,48,1,3,0,3,6,0,0,0,0,0,0,0,1
24,6,0,14,1,0,0,1,0,0,0,0,0,0,0,0,0
22,15,0,7,3,0,0,1,13,0,0,0,0,1,0,0,1
33,13,0,20,4,0,0,2,10,0,0,0,0,1,0,0,1
149,15,0,38,3,0,0,4,8,6,0,0,0,0,0,0,1
40,9,10,16,2,1,0,2,0,1,0,0,0,0,0,0,0
31,7,0,6,1,0,0,1,2,2,0,0,0,0,0,0,0
17,14,0,0,1,1,0,0,0,0,0,0,0,0,1,0,1
32,5,0,23,1,0,0,3,0,0,0,0,0,0,0,0,0
43,11,0,9,1,0,0,1,2,2,0,0,0,0,0,0,1
121,7,0,40,3,0,2,3,8,11,0,0,0,0,0,0,1
57,8,0,45,1,4,0,5,7,0,0,0,0,0,0,0,0
20,6,9,0,2,0,0,0,0,0,0,0,0,0,0,0,0
39,10,0,25,2,1,0,3,0,0,1,0,0,0,0,0,0
120,11,0,102,2,10,0,4,14,0,0,0,0,0,0,0,0
22,4,8,6,2,0,0,1,0,0,0,0,0,0,0,0,1
26,13,0,7,4,0,0,1,15,0,0,0,0,1,0,0,1
78,12,0,46,2,2,1,6,0,2,2,0,0,0,0,0,1
81,16,0,10,5,1,0,4,0,4,2,0,0,0,1,0,0
37,7,11,14,2,0,0,2,0,0,0,0,0,0,0,0,0
43,9,0,30,2,0,0,3,0,0,0,0,0,0,0,0,1
24,14,0,10,4,0,0,1,11,0,1,0,0,1,0,0,1
88,11,0,10,3,0,2,1,4,8,0,0,0,0,0,0,1
58,22,0,29,3,2,0,1,0,0,1,0,0,0,0,0,1
87,5,0,28,3,0,0,3,0,6,0,0,0,0,0,0,1
35,11,0,18,3,0,0,1,0,0,0,0,0,0,0,0,1
38,12,0,23,2,0,0,1,0,0,0,0,0,0,0,0,0
32,15,0,11,3,0,0,1,1,0,0,0,0,0,0,0,1
20,8,0,8,1,1,0,1,0,0,0,0,0,0,0,0,0
42,12,23,0,5,0,0,0,0,0,0,0,0,0,0,0,1
93,10,0,80,3,8,0,2,10,0,2,0,1,0,0,0,1
113,7,54,47,3,5,0,4,26,0,1,0,0,0,0,0,1
27,8,14,0,2,2,0,0,0,0,0,0,0,0,0,0,0
104,5,0,13,4,0,0,6,1,10,2,0,1,0,0,0,1
52,8,0,11,2,1,0,1,2,4,0,0,0,0,0,0,1
123,11,0,10,2,6,1,1,22,10,0,0,0,0,0,0,1
9,6,0,0,1,0,0,0,0,0,0,0,0,0,1,0,1
19,9,0,6,1,0,0,1,0,0,0,0,0,0,0,0,1
22,4,0,15,1,0,0,2,0,1,0,0,0,0,0,0,0
33,24,0,5,1,0,0,1,4,0,0,0,0,0,0,0,0
15,11,0,0,1,0,0,0,0,0,0,0,0,0,0,0,1
39,7,15,13,3,2,0,1,4,0,0,0,0,0,0,0,1
54,12,0,38,1,1,0,4,0,0,0,0,0,0,0,0,0
47,12,0,31,2,0,2,1,0,0,0,0,0,0,0,0,0
12,8,0,0,1,1,0,0,0,0,0,0,0,0,0,0,0
55,17,0,35,1,1,1,1,7,1,0,0,1,0,0,0,1
161,6,0,10,3,6,1,1,6,18,0,0,0,0,0,0,1
100,16,0,80,2,1,0,8,14,0,0,0,0,0,0,0,1
26,10,0,13,2,0,0,2,2,0,0,0,0,0,0,0,1
55,9,9,32,2,2,0,2,0,0,0,0,0,0,0,0,0
35,8,0,23,1,1,0,2,0,0,0,0,0,0,0,0,0
29,14,0,15,4,0,0,1,11,0,0,0,0,1,0,0,1
35,11,0,20,1,0,0,3,0,0,0,0,0,0,0,0,1
33,9,2,17,2,0,1,2,0,0,0,0,0,0,0,0,0
32,11,0,10,2,0,0,1,1,2,0,0,0,0,0,0,1
35,8,0,23,2,0,0,2,0,0,0,0,0,0,0,0,1
61,11,5,40,2,2,0,5,8,0,0,0,0,0,0,0,0
23,4,0,15,1,0,0,2,7,0,0,0,0,0,0,0,0
79,10,0,39,1,0,1,2,2,10,0,0,0,0,0,0,0
16,12,0,0,1,0,0,0,0,0,0,0,0,0,0,0,0
56,9,0,44,1,4,0,3,9,0,0,0,0,0,0,0,0
29,5,4,16,2,0,0,2,0,0,0,0,0,0,0,0,1
31,8,0,19,1,0,0,2,0,0,0,0,0,0,0,0,0
84,11,0,69,2,0,0,4,23,0,0,0,0,0,0,0,1
33,8,2,18,3,2,0,1,0,0,0,0,0,0,0,0,0
44,11,0,29,1,1,2,2,0,0,0,0,0,0,0,0,1
110,10,0,19,4,0,0,6,4,10,2,0,1,0,0,0,1
54,21,0,30,2,2,0,2,0,0,0,0,0,0,0,0,1
23,11,0,8,1,0,0,1,2,0,0,0,0,0,0,0,1
53,9,0,41,2,2,0,3,1,0,0,0,0,0,0,0,1
31,8,18,0,2,2,0,0,0,0,0,0,0,0,0,0,1
85,3,5,73,2,6,0,1,15,0,1,0,0,0,0,0,0
117,8,0,6,3,2,0,1,11,8,1,0,1,0,0,0,1
78,8,10,55,2,3,0,5,7,0,0,0,0,0,0,0,0
46,8,0,34,1,1,0,3,12,0,0,0,0,0,0,0,0
99,9,5,57,6,0,0,6,11,3,0,0,0,0,1,0,1
69,12,0,53,1,0,0,4,22,0,0,0,0,0,0,0,1
98,9,0,10,3,0,1,1,10,12,0,0,0,0,0,0,1
103,9,0,90,2,9,0,4,9,0,0,0,0,0,0,0,0
46,10,0,32,2,0,1,3,0,0,0,0,0,0,0,0,0
132,6,0,31,4,0,0,4,25,18,0,0,0,0,0,0,1
54,9,0,41,1,4,0,2,6,0,0,0,0,0,0,0,0
76,14,0,10,2,0,1,1,4,8,0,0,0,0,0,0,1
72,6,3,58,3,1,0,6,29,0,0,0,0,0,0,0,1
12,8,0,0,1,0,0,0,0,0,0,0,0,0,0,0,0
254,15,0,49,5,3,1,6,26,14,0,0,1,0,0,0,1
50,4,0,42,2,0,2,3,0,0,0,0,0,0,0,0,0
59,11,0,44,2,0,6,2,0,0,0,0,0,0,0,0,1
15,10,0,0,1,1,0,0,0,0,0,0,0,0,1,0,1
49,29,0,17,2,2,0,2,4,0,0,0,0,0,0,0,1
103,5,0,10,2,3,1,1,3,8,0,0,0,0,0,0,1
77,9,0,16,4,0,0,5,0,4,2,0,1,0,0,0,1
117,5,16,47,8,0,0,7,1,11,2,0,1,0,0,0,1
42,15,0,23,1,1,0,2,0,0,0,0,0,0,0,0,0
39,18,0,17,2,1,0,2,0,0,0,0,0,0,0,0,1
71,8,0,10,2,0,1,1,5,8,0,0,0,0,0,0,1
38,9,0,25,2,0,0,3,0,0,0,0,0,0,0,0,1
270,18,0,10,2,0,3,1,12,47,0,0,0,0,0,0,1
89,9,0,59,3,1,0,7,0,4,2,0,1,0,0,0,1
17,13,0,0,1,0,0,0,0,0,0,0,0,0,0,0,0
25,5,0,9,2,0,0,1,3,2,0,0,0,0,0,0,1
11,7,0,0,1,0,0,0,0,0,0,0,0,0,0,0,0
156,24,0,128,2,2,0,6,55,6,0,0,0,0,0,0,0
67,11,0,52,1,0,0,4,24,0,0,0,0,0,0,0,1
132,20,0,108,10,1,0,3,18,1,2,0,0,0,0,0,0
28,14,0,11,1,1,0,2,2,0,0,0,0,0,0,0,1
37,11,0,22,1,0,1,2,0,0,0,0,0,0,0,0,0
15,11,0,0,1,0,0,0,0,0,0,0,0,0,0,0,0
52,7,0,41,1,4,0,2,4,0,0,0,0,0,0,0,0
17,11,0,0,2,0,0,0,0,0,0,0,0,0,0,0,1
16,6,0,7,1,0,0,2,2,0,0,0,0,0,0,0,1
16,12,0,0,1,0,0,0,0,0,0,0,0,0,0,0,0
20,16,0,0,1,0,0,0,0,1,0,0,0,0,0,0,1
27,4,5,13,2,0,0,2,4,0,0,0,0,0,0,0,1
24,13,0,7,1,0,0,1,1,0,0,0,0,0,0,0,1
14,10,0,0,1,0,0,0,0,0,0,0,0,0,0,0,0
37,20,0,13,2,0,0,1,0,0,0,0,0,0,0,0,0
181,12,0,10,2,1,1,1,19,7,0,0,0,0,0,0,1
150,3,0,141,4,1,1,7,37,2,3,0,0,0,0,0,0
18,12,0,0,2,0,0,0,0,0,0,0,0,0,0,0,0
90,8,5,47,5,0,1,2,5,5,0,0,0,0,1,0,1
29,6,0,20,2,0,0,2,0,0,0,0,0,0,0,0,0
14,10,0,0,1,0,0,0,2,0,0,0,0,0,0,0,1
20,13,0,3,1,0,0,1,0,0,0,0,0,0,0,0,1
82,24,0,10,2,1,1,1,4,8,0,0,0,0,0,0,1
13,10,0,0,1,0,0,0,0,0,1,0,0,0,0,0,0
19,4,10,0,2,0,0,0,0,0,0,0,0,0,0,0,0
50,14,0,32,2,0,0,4,2,0,0,0,0,0,0,0,0
24,4,0,16,1,0,0,2,7,0,0,0,0,0,0,0,0
82,8,16,53,3,7,0,3,7,0,0,0,0,0,0,0,1
21,7,0,11,2,0,0,1,0,0,0,0,0,0,0,0,1
27,5,0,9,2,0,0,1,3,2,0,0,0,0,0,0,1
39,11,0,24,1,0,0,2,0,0,0,0,0,0,0,0,1
31,7,0,6,1,0,0,1,0,2,0,0,0,0,0,0,0
27,4,5,13,2,0,0,2,4,0,0,0,0,0,0,0,1
68,4,12,48,3,1,0,2,20,0,0,0,0,0,0,0,1
54,14,0,27,4,0,0,3,11,2,1,0,0,1,0,0,1
33,2,9,17,4,1,0,2,0,0,0,0,0,0,0,0,1
82,21,0,57,1,6,0,4,8,0,0,0,0,0,0,0,0
78,4,0,70,2,0,1,7,28,0,0,0,0,0,0,0,1
16,12,0,0,1,0,0,0,0,0,0,0,0,0,0,0,1
48,9,2,32,2,0,3,2,4,0,0,0,0,0,0,0,0
30,5,0,21,2,0,0,2,2,0,0,0,0,0,0,0,0
138,19,8,102,3,9,0,7,12,0,0,0,0,0,0,0,1
41,15,0,22,1,0,0,4,0,0,0,0,0,0,0,0,1
158,15,0,96,6,2,3,8,7,2,1,0,1,0,0,0,1
15,11,0,0,1,0,0,0,0,0,0,0,0,0,0,0,0
30,9,0,17,2,1,0,2,0,0,0,0,0,0,0,0,1
44,8,0,32,1,0,0,3,5,0,0,0,0,0,0,0,0
23,13,0,5,3,0,0,1,18,0,0,0,0,1,0,0,1
98,4,8,9,2,0,1,1,25,7,0,0,0,0,0,0,1
89,9,0,59,3,1,0,7,0,4,2,0,1,0,0,0,1
21,6,0,11,2,0,0,1,0,0,0,0,0,0,0,0,1
62,21,0,37,2,3,0,3,6,0,0,0,0,0,0,0,0
33,8,0,13,1,0,1,1,1,2,0,0,0,0,0,0,0
84,15,0,65,2,1,0,4,18,0,0,0,0,0,0,0,1
32,14,0,15,1,1,0,2,0,0,0,0,0,0,0,0,1
75,6,0,4,4,0,0,5,0,5,2,0,1,0,0,0,0
37,12,0,21,1,2,0,1,0,0,0,0,0,0,0,0,0
132,10,0,10,5,0,4,1,4,12,0,0,0,0,0,0,1
18,14,0,0,1,2,0,0,0,0,0,0,0,0,0,0,0
9,5,0,0,1,0,0,0,0,0,0,0,0,0,0,0,0
14,10,0,0,1,0,0,0,0,0,0,0,0,0,0,0,0
27,14,0,7,4,0,0,1,16,0,0,0,0,1,0,0,1
18,13,0,5,3,0,0,1,11,0,0,0,0,1,0,0,1
19,13,0,6,3,0,0,1,10,0,0,0,0,1,0,0,1
32,3,14,10,3,0,0,1,0,0,0,0,0,0,0,0,0
38,12,0,11,2,0,0,1,0,2,0,0,0,0,0,0,1
20,12,0,8,3,0,0,1,9,0,0,0,0,1,0,0,1
76,13,0,10,2,0,1,1,5,8,0,0,0,0,0,0,1
117,13,4,10,6,1,0,1,6,19,2,0,1,0,1,0,0
44,8,6,25,3,1,1,2,0,0,0,0,0,0,0,0,1
17,7,0,6,1,0,0,1,0,0,0,0,0,0,0,0,1
121,19,6,15,6,12,0,1,20,1,0,0,0,0,0,0,0
79,3,0,73,2,9,0,3,2,0,0,0,0,0,0,0,0
85,8,0,73,1,1,8,3,8,0,0,0,0,0,0,0,0
41,7,0,4,1,0,0,1,0,4,0,0,0,0,0,0,1
19,15,0,0,1,1,0,0,0,0,0,0,0,0,0,0,0
337,12,27,34,3,9,6,3,54,7,2,0,0,0,0,0,0
33,9,6,13,2,0,1,1,0,0,0,0,0,0,0,0,0
69,7,0,10,2,0,1,1,4,8,0,0,0,0,0,0,1
34,12,0,17,4,0,0,1,19,0,0,0,0,1,0,0,1
33,6,9,13,2,0,0,1,0,0,0,0,0,0,0,0,1
49,25,0,21,1,0,0,3,0,0,0,0,0,0,0,0,1
61,7,0,13,4,0,0,5,1,2,0,0,0,0,0,0,0
48,21,0,10,2,0,0,1,1,2,0,0,0,0,0,0,1
86,11,0,71,1,7,2,2,1,0,0,0,0,0,0,0,0
25,8,0,14,2,0,0,2,0,0,0,0,0,0,0,0,1
94,9,0,81,1,12,0,3,6,0,0,0,0,0,0,0,0
27,23,0,0,1,0,0,0,0,0,0,0,0,0,0,0,0
111,6,0,34,4,4,1,8,0,5,1,0,1,0,0,0,1
76,15,0,10,2,1,1,1,4,8,0,0,0,0,0,0,1
68,17,0,47,1,0,0,3,19,1,0,0,0,0,0,0,0
76,9,2,60,2,0,6,2,0,0,0,0,0,0,0,0,0
86,12,70,0,10,1,0,0,0,0,2,0,0,0,0,0,0
22,6,11,0,3,0,0,0,3,0,0,0,0,0,0,0,1
65,4,0,22,1,0,0,4,0,7,0,0,0,0,0,0,0
26,11,0,12,1,0,0,1,0,0,1,0,0,0,0,0,1
22,7,0,11,1,0,2,1,0,0,0,0,0,0,0,0,0
52,5,5,15,3,0,0,1,6,5,0,0,0,0,0,0,1
25,3,2,16,2,0,0,2,0,1,0,0,0,0,0,0,1
72,5,54,6,12,0,0,1,2,0,4,0,1,0,0,0,1
110,10,0,19,4,0,0,6,4,10,2,0,1,0,0,0,1
41,11,0,23,2,0,0,2,0,0,0,0,0,0,0,0,1
23,14,0,6,1,0,0,1,0,0,0,0,1,0,0,0,1
39,13,0,19,3,0,0,2,0,0,0,0,0,0,0,0,1
38,13,0,22,1,0,0,2,4,0,0,0,0,0,0,0,1
223,17,0,10,2,2,1,1,29,8,0,0,0,0,0,0,1
16,5,0,5,2,1,0,1,0,0,0,0,0,0,0,0,1
71,5,0,20,2,1,1,3,3,6,0,0,0,0,0,0,1
63,2,53,0,10,0,0,0,0,0,2,0,0,0,0,0,1
30,8,17,0,2,0,0,0,0,0,0,0,0,0,0,0,0
33,9,7,1,2,0,0,1,5,2,1,0,0,0,0,0,1
68,7,4,17,3,0,3,1,1,5,0,0,0,0,0,0,0
74,12,0,10,3,0,1,1,2,6,0,0,0,0,0,0,1
13,9,0,0,1,0,0,0,0,0,0,0,0,0,0,0,0
32,12,0,1,1,0,1,1,4,2,0,0,0,0,0,0,0
62,20,0,38,2,0,0,4,4,0,0,0,0,0,0,0,1
32,9,0,19,2,1,0,1,0,0,0,0,0,0,0,0,0
40,17,0,16,3,0,0,1,0,0,0,0,0,0,0,0,1
60,12,43,0,7,1,0,0,0,0,2,0,0,0,0,0,1
83,6,0,74,2,9,0,2,1,0,0,0,0,0,0,0,1
18,14,0,0,1,1,0,0,1,0,0,0,0,0,0,0,1
97,10,0,69,3,8,0,5,24,2,0,0,0,0,0,0,1
32,8,19,0,2,1,0,0,0,0,0,0,0,0,0,0,1
25,14,0,11,4,0,0,1,13,0,0,0,0,1,0,0,1
93,10,0,80,3,8,0,2,10,0,2,0,1,0,0,0,1
34,11,0,19,1,0,0,2,0,0,0,0,0,0,0,0,1
31,6,0,21,1,0,0,4,0,0,0,0,0,0,0,0,1
104,5,0,13,4,0,0,6,1,10,2,0,1,0,0,0,1
13,6,0,0,1,0,0,0,0,0,0,0,0,0,0,0,1
73,13,0,10,2,1,1,1,2,6,0,0,0,0,0,0,1
66,12,0,50,2,4,0,3,6,0,0,0,0,0,0,0,0
106,4,4,20,6,1,0,12,2,5,1,0,0,0,0,0,1
149,3,0,142,1,2,0,4,59,39,0,0,0,0,0,0,0
29,10,11,4,3,0,0,1,0,0,0,0,0,0,0,0,0
92,13,0,11,3,5,0,1,10,4,1,0,0,0,0,0,0
28,13,0,11,2,0,0,1,1,0,0,0,0,0,0,0,0
39,13,0,22,2,0,0,3,1,0,0,0,0,0,0,0,0
16,12,0,0,1,0,0,0,0,0,0,0,0,0,0,0,0
58,5,7,15,2,0,0,2,14,2,0,0,0,0,0,0,0
44,5,35,0,4,2,0,0,0,0,0,0,0,0,0,0,1
16,12,0,0,1,0,0,0,0,0,0,0,0,0,0,0,1
37,11,0,22,1,0,0,2,0,0,0,0,0,0,0,0,1
27,13,0,10,1,0,0,1,1,0,0,0,0,0,0,0,1
27,3,0,20,1,1,0,2,0,0,0,0,0,0,0,0,0
12,12,0,0,3,0,0,0,9,0,0,0,0,1,0,0,1
244,5,5,12,12,0,0,2,55,25,1,0,1,0,0,0,1
21,7,7,0,3,0,0,0,0,0,1,0,0,0,0,0,0
19,10,2,0,3,0,0,0,0,0,0,0,0,0,0,0,0
40,5,6,24,2,0,0,2,0,0,0,0,0,0,0,0,1
100,7,0,86,2,0,4,11,15,0,0,0,0,0,0,0,1
78,17,0,10,2,1,1,1,4,8,0,0,0,0,0,0,1
93,10,0,10,2,0,1,1,4,10,0,0,0,0,0,0,1
48,12,0,32,1,4,0,2,4,0,0,0,0,0,0,0,0
76,15,0,57,1,9,1,1,9,0,0,0,0,0,0,0,0
42,14,0,28,4,0,0,2,19,0,0,0,0,1,0,0,1
106,14,0,92,3,0,0,2,11,0,1,0,1,1,0,0,1
23,4,0,15,1,0,0,2,7,0,0,0,0,0,0,0,0
14,7,0,3,1,0,0,1,0,0,0,0,0,0,0,0,1
28,16,0,8,2,0,0,1,0,0,0,0,0,0,0,0,1
26,10,0,12,1,0,0,1,0,0,0,0,0,0,0,0,1
43,7,0,32,2,2,0,4,4,0,0,0,0,0,0,0,0
14,10,0,0,1,0,0,0,0,0,0,0,0,0,0,0,0
25,6,0,15,1,0,0,1,0,0,0,0,0,0,0,0,0
56,9,0,43,1,5,0,4,9,0,0,0,0,0,0,0,0
89,10,0,75,3,6,0,7,9,0,0,0,0,0,0,0,0
264,18,0,27,14,0,0,4,62,28,1,0,0,0,0,0,1
68,8,12,43,2,2,0,5,16,0,0,0,0,0,0,0,0
33,9,0,20,2,0,0,2,2,0,0,0,0,0,0,0,1
41,12,0,25,1,1,0,2,0,0,0,0,0,0,0,0,1
101,9,0,88,2,10,0,3,10,0,0,0,0,0,0,0,0
35,11,0,18,2,0,0,2,0,0,0,0,0,0,0,0,1
19,15,0,0,1,0,0,0,0,0,0,0,0,0,0,0,0
45,5,0,10,2,0,1,1,3,4,0,0,0,0,0,0,1
15,7,0,4,1,0,0,1,0,0,0,0,0,0,0,0,1
95,17,0,10,3,0,2,1,4,8,0,0,0,0,0,0,1
91,27,0,61,2,9,0,2,0,0,0,0,0,0,0,0,1
54,6,0,44,2,0,0,4,0,0,1,0,0,0,0,0,0
36,4,7,20,2,2,0,1,0,0,0,0,0,0,0,0,1
409,11,111,186,17,5,2,14,114,9,4,0,1,0,0,0,0
38,10,0,24,2,0,0,2,0,0,0,0,0,0,0,0,1
25,8,0,13,1,0,0,3,0,0,0,0,0,0,0,0,0
53,7,0,42,1,0,3,3,7,0,0,0,0,0,0,0,0
33,9,0,20,2,0,0,2,3,0,0,0,0,0,0,0,1
12,5,0,0,2,0,0,0,0,0,0,0,0,0,0,0,1
66,5,0,10,2,0,1,1,3,6,0,0,0,0,0,0,1
30,6,0,20,1,0,0,4,0,0,0,0,0,0,0,0,1
26,5,5,11,3,0,0,1,0,0,0,0,0,0,0,0,1
19,15,0,0,1,0,0,0,0,0,0,0,0,0,0,0,0
76,7,0,65,2,0,0,3,4,0,0,0,0,0,0,0,0
33,7,0,22,1,2,0,1,0,0,0,0,0,0,0,0,0
58,17,0,38,2,1,0,3,0,0,0,0,0,0,0,0,1
31,7,0,6,1,0,0,1,3,2,0,0,0,0,0,0,0
177,10,4,24,3,2,1,2,45,20,0,0,0,0,0,0,1
52,3,2,40,3,1,0,5,0,0,0,0,0,0,0,0,1
18,7,0,8,1,1,0,1,2,0,0,0,0,0,0,0,1
79,17,0,58,1,6,0,3,7,0,0,0,0,0,0,0,1
43,6,33,0,3,2,0,0,0,0,0,0,0,0,0,0,0
92,4,0,84,1,12,0,3,6,0,0,0,0,0,0,0,0
171,17,0,10,2,9,1,1,22,12,0,0,0,0,0,0,1
93,9,0,80,1,8,0,2,7,0,0,0,0,0,0,0,0
47,9,0,22,2,1,0,2,0,2,0,0,0,0,0,0,0
49,13,0,36,4,0,0,2,15,0,0,0,0,1,0,0,1
41,10,0,27,1,1,2,1,0,0,0,0,0,0,0,0,0
102,18,0,10,2,4,1,1,5,8,0,0,0,0,0,0,1
58,5,7,15,2,0,0,2,16,2,0,0,0,0,0,0,0
71,10,0,10,2,0,1,1,4,8,0,0,0,0,0,0,1
71,9,0,10,2,0,1,1,4,8,0,0,0,0,0,0,1
38,17,0,17,2,0,0,1,0,0,0,0,0,0,0,0,0
28,13,10,0,2,0,0,0,3,0,0,0,0,0,0,0,1
77,7,0,10,2,0,1,1,5,10,0,0,0,0,0,0,1
17,14,0,0,1,1,0,0,0,0,0,0,0,0,0,0,0
73,10,0,59,1,5,0,2,8,0,0,0,0,0,0,0,0
33,8,0,21,2,0,0,2,3,0,0,0,0,0,0,0,1
21,7,4,6,2,0,0,1,0,0,0,0,0,0,0,0,1
27,19,0,4,1,0,0,1,0,0,0,0,0,0,0,0,1
74,6,0,16,2,1,3,2,3,8,0,0,0,0,0,0,1
51,17,0,30,1,0,2,2,0,2,0,0,0,0,0,0,0
60,8,0,48,1,0,4,3,11,0,0,0,0,0,0,0,0
25,2,4,15,2,0,0,2,1,0,0,0,0,0,0,0,1
24,11,0,9,2,0,0,1,0,0,0,0,0,0,0,0,0
48,5,0,39,1,0,0,6,11,0,0,0,0,0,0,0,1
541,11,0,35,3,1,0,4,131,2,0,0,1,0,0,0,1
51,18,0,29,3,0,0,4,3,0,0,0,0,0,0,0,0
36,12,0,13,2,0,0,1,3,2,0,0,0,0,0,0,0
101,13,0,10,2,0,1,1,6,12,0,0,0,0,0,0,1
72,11,0,55,4,4,0,3,0,0,0,0,0,0,0,0,1
57,12,0,42,3,0,0,5,2,0,0,0,0,0,0,0,1
17,13,0,0,1,0,0,0,0,0,0,0,0,0,0,0,1
39,7,0,28,2,0,0,2,1,0,0,0,0,0,0,0,1
99,4,8,9,2,1,1,1,30,8,0,0,0,0,0,0,1
16,12,0,0,1,0,0,0,0,0,0,0,0,0,0,0,0
61,20,0,34,2,3,0,3,0,0,2,0,0,0,0,0,1
32,12,0,17,1,0,0,2,0,0,0,0,0,0,0,0,0
99,29,0,17,2,1,1,2,3,8,0,0,0,0,0,0,1
41,4,0,33,1,0,0,4,0,0,0,0,0,0,0,0,0
64,4,0,53,2,7,0,5,8,0,0,0,0,0,0,0,1
77,7,0,66,1,8,0,1,10,0,0,0,0,0,0,0,0
31,12,0,19,5,0,0,1,9,0,0,0,0,1,0,0,1
22,11,0,7,1,0,0,1,2,0,0,0,0,0,0,0,1
69,10,0,55,2,5,0,5,15,0,0,0,0,0,0,0,0
345,12,28,34,3,8,4,3,39,11,2,0,0,0,0,0,0
132,14,24,23,8,5,2,5,2,5,1,0,1,0,0,0,0
34,9,2,18,2,0,1,2,0,0,0,0,0,0,0,0,1
23,13,0,10,4,0,0,1,10,0,0,0,0,1,0,0,1
69,16,0,49,2,0,0,2,0,0,1,0,0,0,0,0,1
12,4,0,4,1,0,0,1,3,0,0,0,0,0,0,0,0
26,5,0,18,1,1,0,3,0,0,0,0,0,0,0,0,1
59,16,0,39,2,1,0,3,0,0,0,0,0,0,0,0,1
74,7,0,64,1,3,0,4,3,0,0,0,0,0,0,0,1
38,4,0,30,1,0,0,4,0,0,0,0,0,0,0,0,0
51,9,4,33,3,0,0,3,0,1,0,0,0,0,0,0,1
25,8,0,13,1,0,0,2,0,0,0,0,0,0,0,0,1
23,7,0,12,2,0,0,2,0,0,0,0,0,0,0,0,1
22,5,12,0,2,1,0,0,1,0,0,0,0,0,0,0,1
30,9,0,17,1,0,0,2,1,0,0,0,0,0,0,0,1
142,14,0,124,1,16,0,6,8,0,0,0,0,0,0,0,0
37,9,0,24,1,2,0,2,7,0,0,0,0,0,0,0,0
103,18,0,81,4,0,0,6,1,0,2,0,0,0,0,0,0
28,13,0,11,2,0,0,1,0,0,0,0,0,0,0,0,1
76,8,13,50,3,5,0,3,6,0,0,0,0,0,0,0,0
26,11,0,11,2,0,0,1,1,0,0,0,0,0,0,0,1
26,4,5,12,2,0,0,2,3,0,0,0,0,0,0,0,1
77,7,25,19,6,1,2,5,11,4,1,0,0,0,0,0,0
28,11,0,1,1,0,1,1,3,2,0,0,0,0,0,0,0
27,6,6,10,3,0,0,1,0,0,0,0,0,0,0,0,0
29,13,11,0,2,0,0,0,3,0,0,0,0,0,0,0,1
78,10,0,64,2,0,0,5,20,0,0,0,0,0,0,0,1
18,6,0,8,1,0,0,1,3,0,0,0,0,0,0,0,1
75,15,0,53,3,5,0,3,2,0,0,0,0,0,0,0,1
26,14,0,8,1,0,0,1,0,0,0,0,0,0,0,0,1
75,9,2,59,2,0,8,2,0,0,0,0,0,0,0,0,0
59,7,0,17,2,0,2,1,12,4,0,0,0,0,0,0,0
60,12,0,44,2,4,0,3,5,0,0,0,0,0,0,0,0
64,19,0,42,1,4,0,1,0,0,0,0,0,0,0,0,0
60,21,0,32,3,1,0,4,0,0,0,0,0,0,0,0,1
111,3,0,104,1,15,0,3,6,0,0,0,0,0,0,0,0
45,14,0,27,2,1,0,1,9,1,0,0,0,0,0,0,0
42,17,0,21,3,0,0,2,0,0,1,0,0,0,0,0,1
65,10,0,51,2,0,0,3,22,0,0,0,0,0,0,0,1
51,10,0,38,2,2,0,3,2,0,0,0,0,0,0,0,1
34,12,0,18,1,1,0,1,1,0,0,0,0,0,0,0,1
35,31,0,0,1,0,0,0,0,0,0,0,0,0,0,0,1
114,8,0,20,5,1,0,12,10,6,1,0,1,0,0,0,1
93,10,0,80,3,8,0,2,10,0,2,0,1,0,0,0,1
36,9,0,24,1,0,0,3,0,0,0,0,0,0,0,0,1
128,10,3,110,4,1,0,9,20,1,2,0,0,0,0,0,1
541,11,0,35,3,1,0,4,131,2,0,0,1,0,0,0,1
20,12,0,8,3,0,0,2,11,0,0,0,0,1,0,0,1
34,12,4,10,3,0,0,1,0,0,0,0,0,0,0,0,1
156,9,0,143,1,23,0,3,16,0,1,0,0,0,0,0,0
33,17,0,12,2,0,0,1,0,0,1,0,0,0,0,0,1
45,5,0,9,2,0,0,1,16,7,0,0,0,0,0,0,1
44,10,0,30,2,1,1,3,0,0,0,0,0,0,0,0,1
124,15,0,105,1,0,0,7,18,0,1,0,0,0,0,0,1
28,11,12,0,2,0,0,0,0,0,0,0,0,0,0,0,1
52,6,0,42,1,4,0,3,7,0,1,0,0,0,0,0,0
79,6,0,10,3,6,0,1,1,2,0,0,0,0,0,0,1
45,4,0,11,2,0,1,2,0,4,0,0,0,0,0,0,0
36,12,8,11,2,0,0,2,4,0,0,0,0,0,0,0,0
125,3,0,81,4,1,0,8,12,2,0,0,0,0,0,0,1
20,16,0,0,1,1,0,0,0,0,0,0,0,0,0,0,1
31,7,0,6,1,0,0,1,1,2,0,0,0,0,0,0,0
146,5,16,20,7,1,0,5,1,20,2,0,1,0,0,0,0
34,12,0,19,1,2,0,2,0,0,0,0,0,0,0,0,1
117,5,16,47,8,0,0,7,1,11,2,0,1,0,0,0,1
47,12,0,27,2,0,1,3,0,2,0,0,0,0,0,0,1
25,7,0,15,2,0,0,1,0,0,0,0,0,0,0,0,1
35,4,4,22,3,2,0,1,14,0,0,0,0,0,0,0,1
89,9,0,76,1,10,0,4,9,0,0,0,0,0,0,0,0
66,3,7,23,3,0,0,2,6,6,0,0,0,0,0,0,0
44,12,0,28,1,0,1,3,7,0,0,0,0,0,0,0,0
37,15,0,18,1,1,0,2,0,0,0,0,0,0,0,0,0
27,13,0,10,2,0,0,1,0,0,0,0,0,0,0,0,0
63,19,0,40,1,1,0,2,4,0,0,0,0,0,0,0,1
88,5,8,70,3,4,0,2,18,0,0,0,0,0,0,0,0
24,5,4,10,2,0,0,2,0,0,0,0,1,0,0,0,1
72,20,9,38,3,2,0,3,0,0,0,0,0,0,0,0,1
24,10,0,7,2,0,0,1,5,0,0,0,0,0,0,0,1
15,11,0,0,1,0,0,0,0,0,0,0,0,0,0,0,0
9,6,0,0,1,0,0,0,0,0,0,0,0,0,1,0,1
22,10,0,8,1,0,0,1,3,0,0,0,0,0,0,0,0
71,9,0,58,1,5,0,5,0,0,0,0,0,0,0,0,0
46,10,0,32,2,0,0,3,3,0,0,0,0,0,0,0,1
16,12,0,0,1,0,0,0,0,0,0,0,0,0,0,0,0
25,8,0,13,1,0,0,2,3,0,0,0,0,0,0,0,1
45,9,7,25,2,1,0,1,3,0,0,0,0,0,0,0,1
12,9,0,0,1,0,0,0,0,0,0,0,0,0,1,0,1
117,8,0,6,3,2,0,1,11,8,1,0,1,0,0,0,1
40,6,2,27,3,0,0,4,0,0,0,0,0,0,0,0,1
246,5,0,127,8,2,1,7,34,22,2,0,0,0,0,0,1
85,9,0,10,2,2,0,1,0,6,0,0,0,0,0,0,1
20,16,0,0,1,0,0,0,0,0,0,0,0,0,0,0,0
26,13,0,7,4,0,0,1,15,0,0,0,0,1,0,0,1
65,11,0,50,1,2,0,5,3,0,0,0,0,0,0,0,1
151,8,0,10,2,3,1,1,4,12,0,0,0,0,0,0,1
72,13,0,55,6,1,0,3,0,0,3,0,0,0,0,0,1
30,8,0,18,1,0,0,2,8,0,1,0,0,0,0,0,1
50,4,0,42,1,3,0,3,0,0,0,0,0,0,0,0,1
89,8,0,10,4,1,2,1,4,8,0,0,0,0,0,0,1
26,13,0,9,1,0,0,1,2,0,0,0,0,0,0,0,1
70,17,0,45,2,1,0,5,0,1,0,0,0,0,0,0,1
71,6,0,62,2,6,0,5,2,0,0,0,0,0,0,0,1
11,8,0,0,1,0,0,0,0,0,0,0,0,0,0,0,1
57,17,8,27,2,0,0,1,0,2,0,0,0,0,0,0,0
21,17,0,0,1,0,0,0,0,0,0,0,0,0,0,0,0
26,8,0,14,1,0,0,3,0,0,0,0,0,0,0,0,0
52,11,0,10,2,1,1,1,0,4,0,0,0,0,0,0,1
41,8,0,29,1,3,0,2,0,0,0,0,0,0,0,0,1
19,3,12,0,2,0,0,0,4,0,0,0,0,0,0,0,1
23,14,0,6,1,0,0,1,0,0,0,0,1,0,0,0,1
48,8,0,16,2,1,0,1,0,2,0,0,0,0,0,0,1
10,6,0,0,1,0,0,0,0,0,0,0,1,0,0,0,0
12,8,0,0,1,0,0,0,0,0,0,0,1,0,0,0,0
11,7,0,0,1,0,0,0,0,0,0,0,1,0,0,0,0
13,9,0,0,1,0,0,0,0,0,0,0,1,0,0,0,0
12,8,0,0,1,0,0,0,0,0,0,0,1,0,0,0,0
11,7,0,0,1,0,0,0,0,0,0,0,1,0,0,0,0
10,6,0,0,1,0,0,0,0,0,0,0,1,0,0,0,0
10,6,0,0,1,0,0,0,0,0,0,0,1,0,0,0,0
8,4,0,0,1,0,0,0,0,0,0,0,1,0,0,0,0
12,8,0,0,1,0,0,0,0,0,0,0,1,0,0,0,0
11,7,0,0,1,0,0,0,0,0,0,0,1,0,0,0,0
10,6,0,0,1,0,0,0,0,0,0,0,1,0,0,0,0
12,8,0,0,1,0,0,0,0,0,0,0,1,0,0,0,0
9,3,0,0,2,0,0,0,0,0,0,0,1,0,0,0,0
13,9,0,0,1,0,0,0,0,0,0,0,1,0,0,0,0
12,8,0,0,1,0,0,0,0,0,0,0,1,0,0,0,0
17,13,0,0,1,0,0,0,0,0,0,0,1,0,0,0,0
9,5,0,0,1,0,0,0,0,0,0,0,1,0,0,0,0
14,10,0,0,1,0,0,0,0,0,0,0,1,0,0,0,0
13,9,0,0,1,0,0,0,0,0,0,0,1,0,0,0,0
9,5,0,0,1,0,0,0,0,0,0,0,1,0,0,0,0
7,3,0,0,1,0,0,0,0,0,0,0,1,0,0,0,0
10,6,0,0,1,0,0,0,0,0,0,0,1,0,0,0,0
14,10,0,0,1,0,0,0,0,0,0,0,1,0,0,0,0
7,3,0,0,1,0,0,0,0,0,0,0,1,0,0,0,0
7,3,0,0,1,0,0,0,0,0,0,0,1,0,0,0,0
11,7,0,0,1,0,0,0,0,0,0,0,1,0,0,0,0
13,9,0,0,1,0,0,0,0,0,0,0,1,0,0,0,0
11,7,0,0,1,0,0,0,0,0,0,0,1,0,0,0,0
10,6,0,0,1,0,0,0,0,0,0,0,1,0,0,0,0
17,13,0,0,1,0,0,0,0,0,0,0,1,0,0,0,0
13,9,0,0,1,0,0,0,0,0,0,0,1,0,0,0,0
8,4,0,0,1,0,0,0,0,0,0,0,1,0,0,0,0
11,7,0,0,1,0,0,0,0,0,0,0,1,0,0,0,0
